category,stroller,seat_brand,seat_model,type,has_link,has_image
(uncategorized),Baby Jogger City Mini 2,Cybex,Aton G,ADAPTER,false,false
(uncategorized),Baby Jogger City Mini 2,Nuna,PIPA urbn,ADAPTER,true,true
(uncategorized),Baby Jogger City Mini 2,Britax,Willow S,ADAPTER,true,true
(uncategorized),Baby Jogger City Mini 2,Britax,B-Safe Gen2 FlexFit,ADAPTER,true,true
(uncategorized),Baby Jogger City Mini 2,Maxi-Cosi,Peri 180,ADAPTER,false,false
(uncategorized),Baby Jogger City Mini 2,Britax,Willow SC,ADAPTER,true,true
(uncategorized),Baby Jogger City Mini 2,Maxi-Cosi,Ambra,ADAPTER,true,true
(uncategorized),Baby Jogger City Mini 2,Maxi-Cosi,Coral XP,ADAPTER,false,false
(uncategorized),Baby Jogger City Mini 2,Cybex,Aton G2,ADAPTER,true,true
(uncategorized),Baby Jogger City Mini 2,Nuna,PIPA Aire,ADAPTER,true,true
(uncategorized),Baby Jogger City Mini 2,Cybex,Cloud G Pro Comfort Extend,ADAPTER,true,true
(uncategorized),Baby Jogger City Mini 2,Maxi-Cosi,Mico Pro,ADAPTER,false,false
(uncategorized),Baby Jogger City Mini 2,Britax,Cypress S,ADAPTER,true,true
(uncategorized),Baby Jogger City Mini 2,Cybex,Aton G2 Swivel,ADAPTER,true,true
(uncategorized),Baby Jogger City Mini 2,Clek,Liing,ADAPTER,false,false
(uncategorized),Baby Jogger City Mini 2,Clek,Liingo,ADAPTER,false,false
(uncategorized),Baby Jogger City Mini 2,Britax,B-Safe 35 Elite,ADAPTER,true,true
(uncategorized),Baby Jogger City Mini 2,Nuna,PIPA RX,ADAPTER,true,true
(uncategorized),Baby Jogger City Mini 2,Maxi-Cosi,Mico Luxe,ADAPTER,false,false
(uncategorized),Baby Jogger City Mini 2,Cybex,Cloud T,ADAPTER,false,false
(uncategorized),Baby Jogger City Mini 2,Britax,B-Safe Gen2,ADAPTER,true,true
(uncategorized),Baby Jogger City Mini 2,Nuna,PIPA Aire rx,ADAPTER,true,true
(uncategorized),Baby Jogger City Mini 2,Britax,B-Safe 35,ADAPTER,true,true
Compact / Mid-Size,Baby Jogger City Mini Air,Clek,Liingo,ADAPTER,true,true
Compact / Mid-Size,Baby Jogger City Mini Air,Maxi-Cosi,Mico Luxe,ADAPTER,true,true
Compact / Mid-Size,Baby Jogger City Mini Air,Maxi-Cosi,Peri 180,ADAPTER,true,true
Compact / Mid-Size,Baby Jogger City Mini Air,Cybex,Cloud G Pro Comfort Extend,ADAPTER,true,true
Compact / Mid-Size,Baby Jogger City Mini Air,Maxi-Cosi,Ambra,ADAPTER,true,true
Compact / Mid-Size,Baby Jogger City Mini Air,Cybex,Cloud T,ADAPTER,true,true
Compact / Mid-Size,Baby Jogger City Mini Air,Nuna,PIPA Aire rx,ADAPTER,true,true
Compact / Mid-Size,Baby Jogger City Mini Air,Nuna,PIPA Aire,ADAPTER,true,true
Compact / Mid-Size,Baby Jogger City Mini Air,Cybex,Aton G2,ADAPTER,true,true
Compact / Mid-Size,Baby Jogger City Mini Air,Maxi-Cosi,Mico Pro,ADAPTER,true,true
Compact / Mid-Size,Baby Jogger City Mini Air,Nuna,PIPA RX,ADAPTER,true,true
Compact / Mid-Size,Baby Jogger City Mini Air,Clek,Liing,ADAPTER,true,true
Compact / Mid-Size,Baby Jogger City Mini Air,Nuna,PIPA urbn,ADAPTER,true,true
Compact / Mid-Size,Baby Jogger City Mini Air,Cybex,Aton G,ADAPTER,true,true
Compact / Mid-Size,Baby Jogger City Mini Air,Cybex,Aton G2 Swivel,ADAPTER,true,true
Compact / Mid-Size,Baby Jogger City Mini Air,Maxi-Cosi,Coral XP,ADAPTER,true,true
(uncategorized),Baby Jogger City Mini Double,Cybex,Aton G2 Swivel,ADAPTER,true,true
(uncategorized),Baby Jogger City Mini Double,Maxi-Cosi,Peri 180,ADAPTER,true,true
(uncategorized),Baby Jogger City Mini Double,Britax,Willow S,ADAPTER,true,true
(uncategorized),Baby Jogger City Mini Double,Britax,Willow SC,ADAPTER,true,true
(uncategorized),Baby Jogger City Mini Double,Maxi-Cosi,Coral XP,ADAPTER,true,true
(uncategorized),Baby Jogger City Mini Double,Nuna,PIPA RX,ADAPTER,true,true
(uncategorized),Baby Jogger City Mini Double,Cybex,Aton G,ADAPTER,true,true
(uncategorized),Baby Jogger City Mini Double,Britax,B-Safe 35,ADAPTER,true,true
(uncategorized),Baby Jogger City Mini Double,Clek,Liing,ADAPTER,true,true
(uncategorized),Baby Jogger City Mini Double,Britax,B-Safe 35 Elite,ADAPTER,true,true
(uncategorized),Baby Jogger City Mini Double,Britax,Cypress S,ADAPTER,true,true
(uncategorized),Baby Jogger City Mini Double,Cybex,Cloud Q,ADAPTER,true,true
(uncategorized),Baby Jogger City Mini Double,Maxi-Cosi,Mico Pro,ADAPTER,true,true
(uncategorized),Baby Jogger City Mini Double,Nuna,PIPA Aire rx,ADAPTER,true,true
(uncategorized),Baby Jogger City Mini Double,Maxi-Cosi,Ambra,ADAPTER,true,true
(uncategorized),Baby Jogger City Mini Double,Nuna,PIPA Aire,ADAPTER,true,true
(uncategorized),Baby Jogger City Mini Double,Maxi-Cosi,Mico XP,ADAPTER,true,true
(uncategorized),Baby Jogger City Mini Double,Cybex,Aton G2,ADAPTER,true,true
(uncategorized),Baby Jogger City Mini Double,Cybex,Aton M,ADAPTER,true,true
(uncategorized),Baby Jogger City Mini Double,Cybex,Cloud T,ADAPTER,true,true
(uncategorized),Baby Jogger City Mini Double,Cybex,Aton 2,ADAPTER,true,true
(uncategorized),Baby Jogger City Mini Double,Nuna,Pipa,ADAPTER,true,true
(uncategorized),Baby Jogger City Mini Double,Maxi-Cosi,Mico Luxe,ADAPTER,true,true
(uncategorized),Baby Jogger City Mini Double,Nuna,PIPA urbn,ADAPTER,true,true
(uncategorized),Baby Jogger City Mini Double,Clek,Liingo,ADAPTER,true,true
(uncategorized),Baby Jogger City Mini Double,Cybex,Cloud G Pro Comfort Extend,ADAPTER,true,true
(uncategorized),Baby Jogger City Mini Double,Nuna,Pipa Lite,ADAPTER,true,true
(uncategorized),Baby Jogger City Mini Double,Britax,B-Safe Gen2 FlexFit,ADAPTER,true,true
(uncategorized),Baby Jogger City Mini Double,Maxi-Cosi,Mico 30,ADAPTER,true,true
(uncategorized),Baby Jogger City Mini Double,Britax,B-Safe Gen2,ADAPTER,true,true
(uncategorized),Baby Jogger City Mini GT2,Graco,SnugRide Lite LX,ADAPTER,true,true
(uncategorized),Baby Jogger City Mini GT2,Maxi-Cosi,Ambra,ADAPTER,true,true
(uncategorized),Baby Jogger City Mini GT2,Britax,B-Safe 35 Elite,ADAPTER,true,true
(uncategorized),Baby Jogger City Mini GT2,Graco,GoMax,ADAPTER,true,true
(uncategorized),Baby Jogger City Mini GT2,Nuna,PIPA urbn,ADAPTER,true,true
(uncategorized),Baby Jogger City Mini GT2,Graco,SnugRide SnugFit,ADAPTER,true,true
(uncategorized),Baby Jogger City Mini GT2,Cybex,Aton G,ADAPTER,false,false
(uncategorized),Baby Jogger City Mini GT2,Graco,SnugRide SnugFit LX,ADAPTER,true,true
(uncategorized),Baby Jogger City Mini GT2,Nuna,PIPA RX,ADAPTER,true,true
(uncategorized),Baby Jogger City Mini GT2,Graco,SnugRide SnugFit DLX,ADAPTER,true,true
(uncategorized),Baby Jogger City Mini GT2,Maxi-Cosi,Mico Luxe,ADAPTER,false,false
(uncategorized),Baby Jogger City Mini GT2,Maxi-Cosi,Coral XP,ADAPTER,false,false
(uncategorized),Baby Jogger City Mini GT2,Maxi-Cosi,Peri 180,ADAPTER,false,false
(uncategorized),Baby Jogger City Mini GT2,Maxi-Cosi,Mico Pro,ADAPTER,false,false
(uncategorized),Baby Jogger City Mini GT2,Nuna,PIPA Aire rx,ADAPTER,true,true
(uncategorized),Baby Jogger City Mini GT2,Cybex,Cloud T,ADAPTER,false,false
Double,Baby Jogger City Mini GT2 Double,Britax,B-Safe 35 Elite,ADAPTER,true,true
Double,Baby Jogger City Mini GT2 Double,Graco,SnugRide Lite LX,ADAPTER,true,true
Double,Baby Jogger City Mini GT2 Double,Graco,GoMax,ADAPTER,true,true
Double,Baby Jogger City Mini GT2 Double,Graco,SnugRide SnugFit DLX,ADAPTER,true,true
Double,Baby Jogger City Mini GT2 Double,Maxi-Cosi,Peri 180,ADAPTER,true,true
Double,Baby Jogger City Mini GT2 Double,Maxi-Cosi,Mico Pro,ADAPTER,true,true
Double,Baby Jogger City Mini GT2 Double,Cybex,Cloud G Pro Comfort Extend,ADAPTER,true,true
Double,Baby Jogger City Mini GT2 Double,Cybex,Aton G2 Swivel,ADAPTER,true,true
Double,Baby Jogger City Mini GT2 Double,Nuna,PIPA urbn,ADAPTER,true,true
Double,Baby Jogger City Mini GT2 Double,Clek,Liing,ADAPTER,true,true
Double,Baby Jogger City Mini GT2 Double,Graco,SnugRide SnugFit LX,ADAPTER,true,true
Double,Baby Jogger City Mini GT2 Double,Nuna,PIPA Aire rx,ADAPTER,true,true
Double,Baby Jogger City Mini GT2 Double,Cybex,Aton G2,ADAPTER,true,true
Double,Baby Jogger City Mini GT2 Double,Maxi-Cosi,Ambra,ADAPTER,true,true
Double,Baby Jogger City Mini GT2 Double,Maxi-Cosi,Coral XP,ADAPTER,true,true
Double,Baby Jogger City Mini GT2 Double,Cybex,Cloud T,ADAPTER,true,true
Double,Baby Jogger City Mini GT2 Double,Nuna,PIPA Aire,ADAPTER,true,true
Double,Baby Jogger City Mini GT2 Double,Clek,Liingo,ADAPTER,true,true
Double,Baby Jogger City Mini GT2 Double,Maxi-Cosi,Mico Luxe,ADAPTER,true,true
Double,Baby Jogger City Mini GT2 Double,Graco,SnugRide SnugFit,ADAPTER,true,true
Double,Baby Jogger City Mini GT2 Double,Cybex,Aton G,ADAPTER,true,true
Double,Baby Jogger City Mini GT2 Double,Nuna,PIPA RX,ADAPTER,true,true
Jogging / All-Terrain,Baby Jogger City Mini GT3,Maxi-Cosi,Ambra,ADAPTER,true,true
Jogging / All-Terrain,Baby Jogger City Mini GT3,Cybex,Cloud G Pro Comfort Extend,ADAPTER,true,true
Jogging / All-Terrain,Baby Jogger City Mini GT3,Cybex,Aton M,ADAPTER,true,true
Jogging / All-Terrain,Baby Jogger City Mini GT3,Clek,Liingo,ADAPTER,true,true
Jogging / All-Terrain,Baby Jogger City Mini GT3,Cybex,Aton G2 Swivel,ADAPTER,true,true
Jogging / All-Terrain,Baby Jogger City Mini GT3,Cybex,Aton G2,ADAPTER,true,true
Jogging / All-Terrain,Baby Jogger City Mini GT3,Nuna,PIPA urbn,ADAPTER,true,true
Jogging / All-Terrain,Baby Jogger City Mini GT3,Maxi-Cosi,Mico Pro,ADAPTER,true,true
Jogging / All-Terrain,Baby Jogger City Mini GT3,Maxi-Cosi,Mico 30,ADAPTER,true,true
Jogging / All-Terrain,Baby Jogger City Mini GT3,Nuna,Pipa,ADAPTER,true,true
Jogging / All-Terrain,Baby Jogger City Mini GT3,Maxi-Cosi,Mico XP,ADAPTER,true,true
Jogging / All-Terrain,Baby Jogger City Mini GT3,Cybex,Cloud Q,ADAPTER,true,true
Jogging / All-Terrain,Baby Jogger City Mini GT3,Cybex,Aton 2,ADAPTER,true,true
Jogging / All-Terrain,Baby Jogger City Mini GT3,Clek,Liing,ADAPTER,true,true
Jogging / All-Terrain,Baby Jogger City Mini GT3,Maxi-Cosi,Peri 180,ADAPTER,true,true
Jogging / All-Terrain,Baby Jogger City Mini GT3,Nuna,PIPA RX,ADAPTER,true,true
Jogging / All-Terrain,Baby Jogger City Mini GT3,Maxi-Cosi,Mico Luxe,ADAPTER,true,true
Jogging / All-Terrain,Baby Jogger City Mini GT3,Nuna,PIPA Aire,ADAPTER,true,true
Jogging / All-Terrain,Baby Jogger City Mini GT3,Maxi-Cosi,Coral XP,ADAPTER,true,true
Jogging / All-Terrain,Baby Jogger City Mini GT3,Nuna,PIPA Aire rx,ADAPTER,true,true
Jogging / All-Terrain,Baby Jogger City Mini GT3,Cybex,Cloud T,ADAPTER,true,true
Jogging / All-Terrain,Baby Jogger City Mini GT3,Cybex,Aton G,ADAPTER,true,true
Jogging / All-Terrain,Baby Jogger City Mini GT3,Nuna,Pipa Lite,ADAPTER,true,true
Single-to-Double,Baby Jogger City Select 2,Peg Perego,Primo Viaggio Nido,ADAPTER,true,true
Single-to-Double,Baby Jogger City Select 2,Britax,Cypress S,ADAPTER,true,true
Single-to-Double,Baby Jogger City Select 2,Graco,SnugRide SnugFit,ADAPTER,true,true
Single-to-Double,Baby Jogger City Select 2,Britax,B-Safe 35 Elite,ADAPTER,true,true
Single-to-Double,Baby Jogger City Select 2,Britax,B-Safe 35,ADAPTER,true,true
Single-to-Double,Baby Jogger City Select 2,Britax,B-Safe Gen2,ADAPTER,true,true
Single-to-Double,Baby Jogger City Select 2,Britax,B-Safe Gen2 FlexFit,ADAPTER,true,true
Single-to-Double,Baby Jogger City Select 2,Britax,Willow S,ADAPTER,true,true
Single-to-Double,Baby Jogger City Select 2,Britax,Willow SC,ADAPTER,true,true
Single-to-Double,Baby Jogger City Select 2,Chicco,KeyFit 30 ClearTex,ADAPTER,true,true
Single-to-Double,Baby Jogger City Select 2,Clek,Liingo,ADAPTER,true,true
Single-to-Double,Baby Jogger City Select 2,Cybex,Aton G2 Swivel,ADAPTER,true,true
Single-to-Double,Baby Jogger City Select 2,Chicco,KeyFit 30,ADAPTER,true,true
Single-to-Double,Baby Jogger City Select 2,Cybex,Aton G2,ADAPTER,true,true
Single-to-Double,Baby Jogger City Select 2,Cybex,Cloud G Pro Comfort Extend,ADAPTER,true,true
Single-to-Double,Baby Jogger City Select 2,Chicco,KeyFit Max Zip ClearTex,ADAPTER,true,true
Single-to-Double,Baby Jogger City Select 2,Peg Perego,Primo Viaggio 4-35,ADAPTER,true,true
Single-to-Double,Baby Jogger City Select 2,Graco,GoMax,ADAPTER,true,true
Single-to-Double,Baby Jogger City Select 2,Maxi-Cosi,Mico Pro,ADAPTER,true,true
Single-to-Double,Baby Jogger City Select 2,Maxi-Cosi,Peri 180,ADAPTER,true,true
Single-to-Double,Baby Jogger City Select 2,Maxi-Cosi,Mico Luxe,ADAPTER,true,true
Single-to-Double,Baby Jogger City Select 2,Maxi-Cosi,Coral XP,ADAPTER,true,true
Single-to-Double,Baby Jogger City Select 2,Nuna,PIPA Aire rx,ADAPTER,true,true
Single-to-Double,Baby Jogger City Select 2,Clek,Liing,ADAPTER,true,true
Single-to-Double,Baby Jogger City Select 2,Nuna,PIPA Aire,ADAPTER,true,true
Single-to-Double,Baby Jogger City Select 2,Nuna,PIPA RX,ADAPTER,true,true
Single-to-Double,Baby Jogger City Select 2,Nuna,PIPA urbn,ADAPTER,true,true
Single-to-Double,Baby Jogger City Select 2,Graco,SnugRide Lite LX,ADAPTER,true,true
Single-to-Double,Baby Jogger City Select 2,Graco,SnugRide SnugFit LX,ADAPTER,true,true
Single-to-Double,Baby Jogger City Select 2,Graco,SnugRide SnugFit DLX,ADAPTER,true,true
Single-to-Double,Baby Jogger City Select 2,Maxi-Cosi,Ambra,ADAPTER,true,true
Single-to-Double,Baby Jogger City Select 2,Chicco,KeyFit Max ClearTex,ADAPTER,true,true
Single-to-Double,Baby Jogger City Select 2,Cybex,Aton G,ADAPTER,true,true
Single-to-Double,Baby Jogger City Select 2,Chicco,Fit2,ADAPTER,true,true
Single-to-Double,Baby Jogger City Select 2,Chicco,KeyFit Max Zip ClearLux,ADAPTER,true,true
Single-to-Double,Baby Jogger City Select 2,Chicco,KeyFit 35,ADAPTER,true,true
Single-to-Double,Baby Jogger City Select 2,Peg Perego,Primo Viaggio Lounge,ADAPTER,true,true
Single-to-Double,Baby Jogger City Select 2,Cybex,Cloud T,ADAPTER,true,true
(uncategorized),Baby Jogger City Sights,Cybex,Aton G2,ADAPTER,true,true
(uncategorized),Baby Jogger City Sights,Maxi-Cosi,Mico Luxe,ADAPTER,false,false
(uncategorized),Baby Jogger City Sights,Cybex,Cloud G Pro Comfort Extend,ADAPTER,true,true
(uncategorized),Baby Jogger City Sights,Maxi-Cosi,Ambra,ADAPTER,true,true
(uncategorized),Baby Jogger City Sights,Nuna,PIPA Aire rx,ADAPTER,true,true
(uncategorized),Baby Jogger City Sights,Maxi-Cosi,Peri 180,ADAPTER,false,false
(uncategorized),Baby Jogger City Sights,Cybex,Aton G,ADAPTER,false,false
(uncategorized),Baby Jogger City Sights,Nuna,PIPA RX,ADAPTER,true,true
(uncategorized),Baby Jogger City Sights,Maxi-Cosi,Coral XP,ADAPTER,false,false
(uncategorized),Baby Jogger City Sights,Cybex,Aton G2 Swivel,ADAPTER,true,true
(uncategorized),Baby Jogger City Sights,Cybex,Cloud T,ADAPTER,false,false
(uncategorized),Baby Jogger City Sights,Nuna,PIPA Aire,ADAPTER,true,true
(uncategorized),Baby Jogger City Sights,Maxi-Cosi,Mico Pro,ADAPTER,false,false
(uncategorized),Baby Jogger City Sights,Nuna,PIPA urbn,ADAPTER,true,true
Travel,Baby Jogger City Tour 2,Graco,SnugRide SnugFit DLX,ADAPTER,true,true
Travel,Baby Jogger City Tour 2,Graco,SnugRide Lite LX,ADAPTER,true,true
Travel,Baby Jogger City Tour 2,Baby Trend,EZ-Lift Pro,ADAPTER,true,true
Travel,Baby Jogger City Tour 2,Baby Jogger,City GO 2,ADAPTER,true,true
Travel,Baby Jogger City Tour 2,Graco,SnugRide SnugFit LX,ADAPTER,true,true
Travel,Baby Jogger City Tour 2,Graco,GoMax,ADAPTER,true,true
Travel,Baby Jogger City Tour 2,Graco,SnugRide SnugFit,ADAPTER,true,true
Double,Baby Jogger City Tour 2 Double,Maxi-Cosi,Coral XP,ADAPTER,false,false
Double,Baby Jogger City Tour 2 Double,Maxi-Cosi,Mico Luxe,ADAPTER,false,false
Double,Baby Jogger City Tour 2 Double,Nuna,PIPA urbn,ADAPTER,true,true
Double,Baby Jogger City Tour 2 Double,Maxi-Cosi,Mico Pro,ADAPTER,false,false
Double,Baby Jogger City Tour 2 Double,Nuna,PIPA RX,ADAPTER,true,true
Double,Baby Jogger City Tour 2 Double,Nuna,PIPA Aire rx,ADAPTER,true,true
Double,Baby Jogger City Tour 2 Double,Cybex,Cloud T,ADAPTER,false,false
Double,Baby Jogger City Tour 2 Double,Cybex,Aton G,ADAPTER,false,false
Double,Baby Jogger City Tour 2 Double,Maxi-Cosi,Peri 180,ADAPTER,false,false
(uncategorized),Baby Jogger Summit X3,Britax,B-Safe 35 Elite,ADAPTER,true,true
Double,Baby Jogger Summit X3 Double,Graco,SnugRide Lite LX,ADAPTER,true,true
Double,Baby Jogger Summit X3 Double,Graco,SnugRide SnugFit LX,ADAPTER,true,true
Double,Baby Jogger Summit X3 Double,Britax,B-Safe 35 Elite,ADAPTER,true,true
Double,Baby Jogger Summit X3 Double,Graco,SnugRide SnugFit DLX,ADAPTER,true,true
Double,Baby Jogger Summit X3 Double,Graco,SnugRide SnugFit,ADAPTER,true,true
Double,Baby Jogger Summit X3 Double,Graco,GoMax,ADAPTER,true,true
(uncategorized),Baby Jogger Summit X3 Single Jogging,Baby Trend,EZ-Lift Pro,ADAPTER,true,true
(uncategorized),Baby Jogger Summit X3 Single Jogging,Graco,GoMax,ADAPTER,true,true
(uncategorized),Baby Jogger Summit X3 Single Jogging,Graco,SnugRide Lite LX,ADAPTER,true,true
(uncategorized),Baby Jogger Summit X3 Single Jogging,Graco,SnugRide SnugFit DLX,ADAPTER,true,true
(uncategorized),Baby Jogger Summit X3 Single Jogging,Britax,B-Safe 35 Elite,ADAPTER,true,true
(uncategorized),Baby Jogger Summit X3 Single Jogging,Graco,SnugRide SnugFit LX,ADAPTER,true,true
(uncategorized),Baby Jogger Summit X3 Single Jogging,Graco,SnugRide SnugFit,ADAPTER,true,true
(uncategorized),Baby Jogger Summit X3 Single Jogging,Baby Jogger,City GO 2,ADAPTER,true,true
(uncategorized),BOB Alterrain Pro,Britax,B-Safe 35 Elite,ADAPTER,true,true
(uncategorized),BOB Alterrain Pro,UPPAbaby,Aria,ADAPTER,true,true
(uncategorized),BOB Alterrain Pro,Nuna,PIPA Aire rx,ADAPTER,false,false
(uncategorized),BOB Alterrain Pro,Nuna,PIPA Aire,ADAPTER,false,false
(uncategorized),BOB Alterrain Pro,Britax,Willow S,ADAPTER,true,true
(uncategorized),BOB Alterrain Pro,UPPAbaby,Aria V2,ADAPTER,true,true
(uncategorized),BOB Alterrain Pro,UPPAbaby,Mesa V3,ADAPTER,true,true
(uncategorized),BOB Alterrain Pro,UPPAbaby,Mesa Max,ADAPTER,true,true
(uncategorized),BOB Alterrain Pro,Britax,Cypress S,ADAPTER,true,true
(uncategorized),BOB Alterrain Pro,Nuna,PIPA urbn,ADAPTER,false,false
(uncategorized),BOB Alterrain Pro,Nuna,PIPA RX,ADAPTER,false,false
(uncategorized),BOB Rambler,Britax,Cypress S,ADAPTER,true,true
(uncategorized),BOB Rambler,Cybex,Aton G,ADAPTER,false,false
(uncategorized),BOB Rambler,Nuna,PIPA RX,ADAPTER,false,false
(uncategorized),BOB Rambler,Nuna,PIPA Aire rx,ADAPTER,false,false
(uncategorized),BOB Rambler,Britax,Willow S,ADAPTER,true,true
(uncategorized),BOB Rambler,Nuna,PIPA urbn,ADAPTER,false,false
(uncategorized),BOB Renegade Wagon,Nuna,PIPA Aire rx,ADAPTER,false,false
(uncategorized),BOB Renegade Wagon,Nuna,PIPA RX,ADAPTER,false,false
(uncategorized),BOB Renegade Wagon,Britax,Cypress S,ADAPTER,true,true
(uncategorized),BOB Renegade Wagon,Cybex,Aton G,ADAPTER,false,false
(uncategorized),BOB Renegade Wagon,Nuna,PIPA urbn,ADAPTER,false,false
(uncategorized),BOB Renegade Wagon,Britax,Willow S,ADAPTER,true,true
Jogging / All-Terrain,BOB Revolution Flex 3.0,Graco,SnugRide Lite LX,ADAPTER,true,true
Jogging / All-Terrain,BOB Revolution Flex 3.0,Britax,B-Safe 35,ADAPTER,true,true
Jogging / All-Terrain,BOB Revolution Flex 3.0,Britax,B-Safe Gen2,ADAPTER,true,true
Jogging / All-Terrain,BOB Revolution Flex 3.0,Britax,B-Safe Gen2 FlexFit,ADAPTER,true,true
Jogging / All-Terrain,BOB Revolution Flex 3.0,Britax,Willow SC,ADAPTER,true,true
Jogging / All-Terrain,BOB Revolution Flex 3.0,Britax,B-Safe 35 Elite,ADAPTER,true,true
Jogging / All-Terrain,BOB Revolution Flex 3.0,Peg Perego,Primo Viaggio Lounge,ADAPTER,true,true
Jogging / All-Terrain,BOB Revolution Flex 3.0,Peg Perego,Primo Viaggio 4-35,ADAPTER,true,true
Jogging / All-Terrain,BOB Revolution Flex 3.0,Maxi-Cosi,Ambra,ADAPTER,true,true
Jogging / All-Terrain,BOB Revolution Flex 3.0,UPPAbaby,Aria V2,ADAPTER,true,true
Jogging / All-Terrain,BOB Revolution Flex 3.0,Cybex,Aton G2,ADAPTER,true,true
Jogging / All-Terrain,BOB Revolution Flex 3.0,UPPAbaby,Mesa V3,ADAPTER,true,true
Jogging / All-Terrain,BOB Revolution Flex 3.0,Nuna,PIPA Aire,ADAPTER,true,true
Jogging / All-Terrain,BOB Revolution Flex 3.0,Chicco,KeyFit Max Zip ClearLux,ADAPTER,true,true
Jogging / All-Terrain,BOB Revolution Flex 3.0,Nuna,PIPA urbn,ADAPTER,true,true
Jogging / All-Terrain,BOB Revolution Flex 3.0,Clek,Liing,ADAPTER,true,true
Jogging / All-Terrain,BOB Revolution Flex 3.0,Chicco,KeyFit 30,ADAPTER,true,true
Jogging / All-Terrain,BOB Revolution Flex 3.0,Chicco,KeyFit Max ClearTex,ADAPTER,true,true
Jogging / All-Terrain,BOB Revolution Flex 3.0,Clek,Liingo,ADAPTER,true,true
Jogging / All-Terrain,BOB Revolution Flex 3.0,Nuna,PIPA RX,ADAPTER,true,true
Jogging / All-Terrain,BOB Revolution Flex 3.0,Cybex,Aton G,ADAPTER,true,true
Jogging / All-Terrain,BOB Revolution Flex 3.0,Chicco,Fit2,ADAPTER,true,true
Jogging / All-Terrain,BOB Revolution Flex 3.0,Chicco,KeyFit 30 ClearTex,ADAPTER,true,true
Jogging / All-Terrain,BOB Revolution Flex 3.0,Chicco,KeyFit 35,ADAPTER,true,true
Jogging / All-Terrain,BOB Revolution Flex 3.0,Cybex,Cloud T,ADAPTER,true,true
Jogging / All-Terrain,BOB Revolution Flex 3.0,Maxi-Cosi,Mico Luxe,ADAPTER,true,true
Jogging / All-Terrain,BOB Revolution Flex 3.0,Cybex,Cloud G Pro Comfort Extend,ADAPTER,true,true
Jogging / All-Terrain,BOB Revolution Flex 3.0,Nuna,PIPA Aire rx,ADAPTER,true,true
Jogging / All-Terrain,BOB Revolution Flex 3.0,Maxi-Cosi,Mico Pro,ADAPTER,true,true
Jogging / All-Terrain,BOB Revolution Flex 3.0,Britax,Willow S,ADAPTER,true,true
Jogging / All-Terrain,BOB Revolution Flex 3.0,Graco,GoMax,ADAPTER,true,true
Jogging / All-Terrain,BOB Revolution Flex 3.0,Britax,Cypress S,ADAPTER,true,true
Jogging / All-Terrain,BOB Revolution Flex 3.0,Maxi-Cosi,Peri 180,ADAPTER,true,true
Jogging / All-Terrain,BOB Revolution Flex 3.0,Graco,SnugRide SnugFit,ADAPTER,true,true
Jogging / All-Terrain,BOB Revolution Flex 3.0,Cybex,Aton G2 Swivel,ADAPTER,true,true
Jogging / All-Terrain,BOB Revolution Flex 3.0,Graco,SnugRide SnugFit DLX,ADAPTER,true,true
Jogging / All-Terrain,BOB Revolution Flex 3.0,Graco,SnugRide SnugFit LX,ADAPTER,true,true
Jogging / All-Terrain,BOB Revolution Flex 3.0,Peg Perego,Primo Viaggio Nido,ADAPTER,true,true
Jogging / All-Terrain,BOB Revolution Flex 3.0,Maxi-Cosi,Coral XP,ADAPTER,true,true
Jogging / All-Terrain,BOB Revolution Flex 3.0,Chicco,KeyFit Max Zip ClearTex,ADAPTER,true,true
Double,BOB Revolution Flex 3.0 Duallie,Chicco,KeyFit 30,ADAPTER,true,true
Double,BOB Revolution Flex 3.0 Duallie,Britax,B-Safe Gen2 FlexFit,ADAPTER,true,true
Double,BOB Revolution Flex 3.0 Duallie,Britax,B-Safe 35 Elite,ADAPTER,true,true
Double,BOB Revolution Flex 3.0 Duallie,Chicco,KeyFit Max Zip ClearTex,ADAPTER,true,true
Double,BOB Revolution Flex 3.0 Duallie,UPPAbaby,Aria V2,ADAPTER,false,false
Double,BOB Revolution Flex 3.0 Duallie,Britax,Willow S,ADAPTER,true,true
Double,BOB Revolution Flex 3.0 Duallie,Nuna,PIPA RX,ADAPTER,false,false
Double,BOB Revolution Flex 3.0 Duallie,Nuna,PIPA Aire rx,ADAPTER,false,false
Double,BOB Revolution Flex 3.0 Duallie,Graco,SnugRide Lite LX,ADAPTER,true,true
Double,BOB Revolution Flex 3.0 Duallie,Britax,Willow SC,ADAPTER,true,true
Double,BOB Revolution Flex 3.0 Duallie,Chicco,KeyFit 30 ClearTex,ADAPTER,true,true
Double,BOB Revolution Flex 3.0 Duallie,Graco,SnugRide SnugFit,ADAPTER,true,true
Double,BOB Revolution Flex 3.0 Duallie,Chicco,KeyFit Max Zip ClearLux,ADAPTER,true,true
Double,BOB Revolution Flex 3.0 Duallie,Graco,GoMax,ADAPTER,true,true
Double,BOB Revolution Flex 3.0 Duallie,Graco,SnugRide SnugFit DLX,ADAPTER,true,true
Double,BOB Revolution Flex 3.0 Duallie,Britax,Cypress S,ADAPTER,true,true
Double,BOB Revolution Flex 3.0 Duallie,UPPAbaby,Mesa V3,ADAPTER,false,false
Double,BOB Revolution Flex 3.0 Duallie,Britax,B-Safe Gen2,ADAPTER,true,true
Double,BOB Revolution Flex 3.0 Duallie,Graco,SnugRide SnugFit LX,ADAPTER,true,true
Double,BOB Revolution Flex 3.0 Duallie,Nuna,PIPA Aire,ADAPTER,false,false
Double,BOB Revolution Flex 3.0 Duallie,Britax,B-Safe 35,ADAPTER,true,true
Double,BOB Revolution Flex 3.0 Duallie,Cybex,Aton G,ADAPTER,false,false
Double,BOB Revolution Flex 3.0 Duallie,Chicco,Fit2,ADAPTER,true,true
Double,BOB Revolution Flex 3.0 Duallie,Chicco,KeyFit 35,ADAPTER,true,true
Double,BOB Revolution Flex 3.0 Duallie,Chicco,KeyFit Max ClearTex,ADAPTER,true,true
Double,BOB Revolution Flex 3.0 Duallie,Nuna,PIPA urbn,ADAPTER,false,false
Jogging / All-Terrain,BOB Wayfinder,Maxi-Cosi,Mico Pro,ADAPTER,true,true
Jogging / All-Terrain,BOB Wayfinder,Maxi-Cosi,Ambra,ADAPTER,true,true
Jogging / All-Terrain,BOB Wayfinder,Britax,Willow S,ADAPTER,true,true
Jogging / All-Terrain,BOB Wayfinder,Cybex,Cloud G Pro Comfort Extend,ADAPTER,true,true
Jogging / All-Terrain,BOB Wayfinder,Britax,Willow SC,ADAPTER,true,true
Jogging / All-Terrain,BOB Wayfinder,Britax,Cypress S,ADAPTER,true,true
Jogging / All-Terrain,BOB Wayfinder,Cybex,Aton G2,ADAPTER,true,true
Jogging / All-Terrain,BOB Wayfinder,Maxi-Cosi,Coral XP,ADAPTER,true,true
Jogging / All-Terrain,BOB Wayfinder,Clek,Liing,ADAPTER,true,true
Jogging / All-Terrain,BOB Wayfinder,Clek,Liingo,ADAPTER,true,true
Jogging / All-Terrain,BOB Wayfinder,Cybex,Cloud T,ADAPTER,true,true
Jogging / All-Terrain,BOB Wayfinder,Maxi-Cosi,Peri 180,ADAPTER,true,true
Jogging / All-Terrain,BOB Wayfinder,Nuna,PIPA urbn,ADAPTER,true,true
Jogging / All-Terrain,BOB Wayfinder,Cybex,Aton G,ADAPTER,true,true
Jogging / All-Terrain,BOB Wayfinder,Nuna,PIPA RX,ADAPTER,true,true
Jogging / All-Terrain,BOB Wayfinder,Nuna,PIPA Aire,ADAPTER,true,true
Jogging / All-Terrain,BOB Wayfinder,Nuna,PIPA Aire rx,ADAPTER,true,true
Jogging / All-Terrain,BOB Wayfinder,Cybex,Aton G2 Swivel,ADAPTER,true,true
Jogging / All-Terrain,BOB Wayfinder,Maxi-Cosi,Mico Luxe,ADAPTER,true,true
Double,Bombi Bēbee Twin V2,Britax,Willow SC,ADAPTER,false,false
Double,Bombi Bēbee Twin V2,Graco,SnugRide SnugFit,ADAPTER,false,false
Double,Bombi Bēbee Twin V2,UPPAbaby,Mesa V3,ADAPTER,false,false
Double,Bombi Bēbee Twin V2,UPPAbaby,Mesa Max,ADAPTER,false,false
Double,Bombi Bēbee Twin V2,Graco,SnugRide Lite LX,ADAPTER,false,false
Double,Bombi Bēbee Twin V2,Britax,Willow S,ADAPTER,false,false
Double,Bombi Bēbee Twin V2,Chicco,KeyFit 35,ADAPTER,false,false
Double,Bombi Bēbee Twin V2,Nuna,PIPA Aire rx,ADAPTER,true,true
Double,Bombi Bēbee Twin V2,Chicco,KeyFit 30 ClearTex,ADAPTER,false,false
Double,Bombi Bēbee Twin V2,Chicco,KeyFit 30,ADAPTER,false,false
Double,Bombi Bēbee Twin V2,Britax,B-Safe 35,ADAPTER,false,false
Double,Bombi Bēbee Twin V2,Britax,B-Safe 35 Elite,ADAPTER,false,false
Double,Bombi Bēbee Twin V2,Britax,B-Safe Gen2,ADAPTER,false,false
Double,Bombi Bēbee Twin V2,Britax,B-Safe Gen2 FlexFit,ADAPTER,false,false
Double,Bombi Bēbee Twin V2,Britax,Cypress S,ADAPTER,false,false
Double,Bombi Bēbee Twin V2,Chicco,Fit2,ADAPTER,false,false
Double,Bombi Bēbee Twin V2,UPPAbaby,Aria V2,ADAPTER,false,false
Double,Bombi Bēbee Twin V2,Graco,SnugRide SnugFit LX,ADAPTER,false,false
Double,Bombi Bēbee Twin V2,Nuna,PIPA urbn,ADAPTER,true,true
Double,Bombi Bēbee Twin V2,Graco,SnugRide SnugFit DLX,ADAPTER,false,false
Double,Bombi Bēbee Twin V2,UPPAbaby,Aria,ADAPTER,false,false
Double,Bombi Bēbee Twin V2,Nuna,PIPA RX,ADAPTER,true,true
Double,Bombi Bēbee Twin V2,Chicco,KeyFit Max Zip ClearTex,ADAPTER,false,false
Double,Bombi Bēbee Twin V2,Graco,GoMax,ADAPTER,false,false
Double,Bombi Bēbee Twin V2,Chicco,KeyFit Max Zip ClearLux,ADAPTER,false,false
Double,Bombi Bēbee Twin V2,Chicco,KeyFit Max ClearTex,ADAPTER,false,false
Double,Bombi Bēbee Twin V2,Nuna,PIPA Aire,ADAPTER,true,true
Travel,Bombi Bēbee V3,Nuna,PIPA RX,ADAPTER,true,true
Travel,Bombi Bēbee V3,Nuna,PIPA Aire rx,ADAPTER,true,true
Travel,Bombi Bēbee V3,Graco,SnugRide Lite LX,ADAPTER,true,true
Travel,Bombi Bēbee V3,Graco,SnugRide SnugFit,ADAPTER,true,true
Travel,Bombi Bēbee V3,Graco,SnugRide SnugFit DLX,ADAPTER,true,true
Travel,Bombi Bēbee V3,Graco,SnugRide SnugFit LX,ADAPTER,true,true
Travel,Bombi Bēbee V3,Cybex,Aton G2,ADAPTER,true,true
Travel,Bombi Bēbee V3,Chicco,KeyFit Max Zip ClearLux,ADAPTER,true,true
Travel,Bombi Bēbee V3,Graco,GoMax,ADAPTER,true,true
Travel,Bombi Bēbee V3,UPPAbaby,Aria V2,ADAPTER,true,true
Travel,Bombi Bēbee V3,Britax,B-Safe 35,ADAPTER,false,false
Travel,Bombi Bēbee V3,Britax,B-Safe 35 Elite,ADAPTER,false,false
Travel,Bombi Bēbee V3,Britax,B-Safe Gen2,ADAPTER,false,false
Travel,Bombi Bēbee V3,Britax,B-Safe Gen2 FlexFit,ADAPTER,false,false
Travel,Bombi Bēbee V3,Britax,Cypress S,ADAPTER,false,false
Travel,Bombi Bēbee V3,Cybex,Cloud G Pro Comfort Extend,ADAPTER,true,true
Travel,Bombi Bēbee V3,Cybex,Cloud T,ADAPTER,true,true
Travel,Bombi Bēbee V3,Clek,Liingo,ADAPTER,true,true
Travel,Bombi Bēbee V3,Bugaboo,Turtle Air,ADAPTER,true,true
Travel,Bombi Bēbee V3,Bugaboo,Turtle Air by Nuna,ADAPTER,true,true
Travel,Bombi Bēbee V3,Bugaboo,Turtle One,ADAPTER,true,true
Travel,Bombi Bēbee V3,Bugaboo,Turtle Air Shield by Nuna,ADAPTER,true,true
Travel,Bombi Bēbee V3,Cybex,Aton G,ADAPTER,true,true
Travel,Bombi Bēbee V3,Clek,Liing,ADAPTER,true,true
Travel,Bombi Bēbee V3,Britax,Willow S,ADAPTER,true,true
Travel,Bombi Bēbee V3,Britax,Willow SC,ADAPTER,true,true
Travel,Bombi Bēbee V3,Cybex,Aton G2 Swivel,ADAPTER,true,true
Travel,Bombi Bēbee V3,Evenflo,LiteMax NXT,ADAPTER,true,true
Travel,Bombi Bēbee V3,Maxi-Cosi,Peri 180,ADAPTER,true,true
Travel,Bombi Bēbee V3,Maxi-Cosi,Mico Luxe,ADAPTER,true,true
Travel,Bombi Bēbee V3,Chicco,KeyFit Max ClearTex,ADAPTER,true,true
Travel,Bombi Bēbee V3,Evenflo,Revolve180 LiteMax NXT Rotational,ADAPTER,true,true
Travel,Bombi Bēbee V3,Nuna,PIPA Aire,ADAPTER,true,true
Travel,Bombi Bēbee V3,Chicco,Fit2,ADAPTER,true,true
Travel,Bombi Bēbee V3,Chicco,KeyFit Max Zip ClearTex,ADAPTER,true,true
Travel,Bombi Bēbee V3,Joie,Infant Seat Series,ADAPTER,true,true
Travel,Bombi Bēbee V3,Maxi-Cosi,Mico Pro,ADAPTER,true,true
Travel,Bombi Bēbee V3,Chicco,KeyFit 30 ClearTex,ADAPTER,true,true
Travel,Bombi Bēbee V3,Maxi-Cosi,Coral XP,ADAPTER,true,true
Travel,Bombi Bēbee V3,Joie,Rue,ADAPTER,true,true
Travel,Bombi Bēbee V3,Maxi-Cosi,Ambra,ADAPTER,true,true
Travel,Bombi Bēbee V3,Joie,Mint Latch,ADAPTER,true,true
Travel,Bombi Bēbee V3,Nuna,PIPA urbn,ADAPTER,true,true
Travel,Bombi Bēbee V3,UPPAbaby,Mesa V3,ADAPTER,true,true
Travel,Bombi Bēbee V3,UPPAbaby,Mesa Max,ADAPTER,true,true
Travel,Bombi Bēbee V3,UPPAbaby,Aria,ADAPTER,true,true
Travel,Bombi Bēbee V3,Chicco,KeyFit 35,ADAPTER,true,true
Travel,Bombi Bēbee V3,Chicco,KeyFit 30,ADAPTER,false,false
Travel,Britax Juniper On-The-Go,Cybex,Aton G2,ADAPTER,true,true
Travel,Britax Juniper On-The-Go,Cybex,Aton 2,ADAPTER,true,true
Travel,Britax Juniper On-The-Go,Cybex,Cloud Q,ADAPTER,true,true
Travel,Britax Juniper On-The-Go,Clek,Liing,ADAPTER,true,true
Travel,Britax Juniper On-The-Go,Clek,Liingo,ADAPTER,true,true
Travel,Britax Juniper On-The-Go,Cybex,Cloud G Pro Comfort Extend,ADAPTER,true,true
Travel,Britax Juniper On-The-Go,Maxi-Cosi,Mico XP,ADAPTER,true,true
Travel,Britax Juniper On-The-Go,Nuna,Pipa,ADAPTER,true,true
Travel,Britax Juniper On-The-Go,Maxi-Cosi,Ambra,ADAPTER,true,true
Travel,Britax Juniper On-The-Go,Maxi-Cosi,Mico Luxe,ADAPTER,true,true
Travel,Britax Juniper On-The-Go,Maxi-Cosi,Mico 30,ADAPTER,true,true
Travel,Britax Juniper On-The-Go,Nuna,Pipa Lite,ADAPTER,true,true
Travel,Britax Juniper On-The-Go,Maxi-Cosi,Mico Pro,ADAPTER,true,true
Travel,Britax Juniper On-The-Go,Nuna,PIPA Aire rx,ADAPTER,true,true
Travel,Britax Juniper On-The-Go,Nuna,PIPA urbn,ADAPTER,true,true
Travel,Britax Juniper On-The-Go,Cybex,Aton G,ADAPTER,true,true
Travel,Britax Juniper On-The-Go,Maxi-Cosi,Coral XP,ADAPTER,true,true
Travel,Britax Juniper On-The-Go,Cybex,Aton G2 Swivel,ADAPTER,true,true
Travel,Britax Juniper On-The-Go,Maxi-Cosi,Peri 180,ADAPTER,true,true
Travel,Britax Juniper On-The-Go,Cybex,Cloud T,ADAPTER,true,true
Travel,Britax Juniper On-The-Go,Nuna,PIPA RX,ADAPTER,true,true
Travel,Britax Juniper On-The-Go,Cybex,Aton M,ADAPTER,true,true
Travel,Britax Juniper On-The-Go,Nuna,PIPA Aire,ADAPTER,true,true
(uncategorized),Bugaboo Ant,Clek,Liing,ADAPTER,false,false
(uncategorized),Bugaboo Ant,Nuna,PIPA Aire rx,ADAPTER,false,false
(uncategorized),Bugaboo Ant,Nuna,PIPA Aire,ADAPTER,false,false
(uncategorized),Bugaboo Ant,Nuna,PIPA urbn,ADAPTER,false,false
(uncategorized),Bugaboo Ant,Nuna,PIPA RX,ADAPTER,false,false
(uncategorized),Bugaboo Ant,Maxi-Cosi,Mico Pro,ADAPTER,false,false
(uncategorized),Bugaboo Ant,Maxi-Cosi,Peri 180,ADAPTER,false,false
(uncategorized),Bugaboo Ant,Maxi-Cosi,Coral XP,ADAPTER,false,false
(uncategorized),Bugaboo Ant,Maxi-Cosi,Mico Luxe,ADAPTER,false,false
(uncategorized),Bugaboo Ant,Clek,Liingo,ADAPTER,false,false
(uncategorized),Bugaboo Butterfly,Cybex,Aton G,ADAPTER,true,true
(uncategorized),Bugaboo Butterfly,Nuna,PIPA RX,ADAPTER,true,true
(uncategorized),Bugaboo Butterfly,Maxi-Cosi,Mico Pro,ADAPTER,true,true
(uncategorized),Bugaboo Butterfly,Maxi-Cosi,Coral XP,ADAPTER,true,true
(uncategorized),Bugaboo Butterfly,Nuna,PIPA Aire rx,ADAPTER,true,true
(uncategorized),Bugaboo Butterfly,Bugaboo,Turtle One,ADAPTER,true,true
(uncategorized),Bugaboo Butterfly,Nuna,PIPA urbn,ADAPTER,true,true
(uncategorized),Bugaboo Butterfly,Maxi-Cosi,Peri 180,ADAPTER,true,true
(uncategorized),Bugaboo Butterfly,Cybex,Cloud T,ADAPTER,true,true
(uncategorized),Bugaboo Butterfly,Maxi-Cosi,Mico Luxe,ADAPTER,true,true
(uncategorized),Bugaboo Butterfly,Bugaboo,Turtle Air,ADAPTER,true,true
(uncategorized),Bugaboo Butterfly,Nuna,PIPA Aire,ADAPTER,true,true
(uncategorized),Bugaboo Butterfly,Clek,Liing,ADAPTER,true,true
(uncategorized),Bugaboo Butterfly,Clek,Liingo,ADAPTER,true,true
Travel,Bugaboo Butterfly 2,Nuna,PIPA Aire rx,ADAPTER,true,true
Travel,Bugaboo Butterfly 2,Clek,Liing,ADAPTER,true,true
Travel,Bugaboo Butterfly 2,Bugaboo,Turtle Air Shield by Nuna,ADAPTER,true,true
Travel,Bugaboo Butterfly 2,Bugaboo,Turtle Air,ADAPTER,true,true
Travel,Bugaboo Butterfly 2,Bugaboo,Turtle Air by Nuna,DIRECT,true,true
Travel,Bugaboo Butterfly 2,Maxi-Cosi,Mico Pro,ADAPTER,true,true
Travel,Bugaboo Butterfly 2,Nuna,PIPA urbn,ADAPTER,true,true
Travel,Bugaboo Butterfly 2,Maxi-Cosi,Mico Luxe,ADAPTER,true,true
Travel,Bugaboo Butterfly 2,Bugaboo,Turtle One,ADAPTER,true,true
Travel,Bugaboo Butterfly 2,Maxi-Cosi,Coral XP,ADAPTER,true,true
Travel,Bugaboo Butterfly 2,Nuna,PIPA Aire,ADAPTER,true,true
Travel,Bugaboo Butterfly 2,Maxi-Cosi,Peri 180,ADAPTER,true,true
Travel,Bugaboo Butterfly 2,Nuna,PIPA RX,ADAPTER,true,true
(uncategorized),Bugaboo Donkey 5 Mono Single-to-Double,Nuna,PIPA urbn,ADAPTER,false,false
(uncategorized),Bugaboo Donkey 5 Mono Single-to-Double,Nuna,PIPA Aire rx,ADAPTER,false,false
(uncategorized),Bugaboo Donkey 5 Mono Single-to-Double,Nuna,PIPA RX,ADAPTER,false,false
(uncategorized),Bugaboo Donkey 5 Mono Single-to-Double,Nuna,PIPA Aire,ADAPTER,false,false
Single-to-Double,Bugaboo Donkey 6,Clek,Liingo,ADAPTER,true,true
Single-to-Double,Bugaboo Donkey 6,Bugaboo,Turtle One,ADAPTER,false,false
Single-to-Double,Bugaboo Donkey 6,Cybex,Cloud T,ADAPTER,true,true
Single-to-Double,Bugaboo Donkey 6,Cybex,Cloud G Pro Comfort Extend,ADAPTER,true,true
Single-to-Double,Bugaboo Donkey 6,Cybex,Aton G,ADAPTER,true,true
Single-to-Double,Bugaboo Donkey 6,Cybex,Aton G2 Swivel,ADAPTER,true,true
Single-to-Double,Bugaboo Donkey 6,Maxi-Cosi,Mico Pro,ADAPTER,true,true
Single-to-Double,Bugaboo Donkey 6,Cybex,Aton G2,ADAPTER,true,true
Single-to-Double,Bugaboo Donkey 6,Nuna,PIPA Aire,ADAPTER,true,true
Single-to-Double,Bugaboo Donkey 6,Nuna,PIPA urbn,ADAPTER,true,true
Single-to-Double,Bugaboo Donkey 6,Nuna,PIPA Aire rx,ADAPTER,true,true
Single-to-Double,Bugaboo Donkey 6,Maxi-Cosi,Coral XP,ADAPTER,true,true
Single-to-Double,Bugaboo Donkey 6,Bugaboo,Turtle Air,ADAPTER,false,false
Single-to-Double,Bugaboo Donkey 6,Maxi-Cosi,Ambra,ADAPTER,true,true
Single-to-Double,Bugaboo Donkey 6,Nuna,PIPA RX,ADAPTER,true,true
Single-to-Double,Bugaboo Donkey 6,Maxi-Cosi,Peri 180,ADAPTER,true,true
Single-to-Double,Bugaboo Donkey 6,Clek,Liing,ADAPTER,true,true
Single-to-Double,Bugaboo Donkey 6,Maxi-Cosi,Mico Luxe,ADAPTER,true,true
(uncategorized),Bugaboo Dragonfly,Nuna,PIPA Aire,ADAPTER,true,true
(uncategorized),Bugaboo Dragonfly,Cybex,Cloud T,ADAPTER,false,false
(uncategorized),Bugaboo Dragonfly,Clek,Liing,LIMITED,false,false
(uncategorized),Bugaboo Dragonfly,Nuna,PIPA Aire rx,ADAPTER,false,false
(uncategorized),Bugaboo Dragonfly,Bugaboo,Turtle Air,ADAPTER,false,false
(uncategorized),Bugaboo Dragonfly,Bugaboo,Turtle One,ADAPTER,false,false
(uncategorized),Bugaboo Dragonfly,Cybex,Cloud G Pro Comfort Extend,ADAPTER,true,true
(uncategorized),Bugaboo Dragonfly,Maxi-Cosi,Ambra,ADAPTER,true,true
(uncategorized),Bugaboo Dragonfly,Nuna,PIPA RX,ADAPTER,false,false
(uncategorized),Bugaboo Dragonfly,Cybex,Aton G,ADAPTER,false,false
(uncategorized),Bugaboo Dragonfly,Cybex,Aton G2 Swivel,ADAPTER,true,true
(uncategorized),Bugaboo Dragonfly,Nuna,PIPA urbn,ADAPTER,true,true
(uncategorized),Bugaboo Dragonfly,Maxi-Cosi,Mico Luxe,ADAPTER,true,true
(uncategorized),Bugaboo Dragonfly,Maxi-Cosi,Peri 180,ADAPTER,true,true
(uncategorized),Bugaboo Dragonfly,Cybex,Aton G2,ADAPTER,true,true
(uncategorized),Bugaboo Dragonfly,Clek,Liingo,LIMITED,false,false
(uncategorized),Bugaboo Dragonfly,Maxi-Cosi,Coral XP,ADAPTER,true,true
(uncategorized),Bugaboo Dragonfly,Maxi-Cosi,Mico Pro,ADAPTER,true,true
Compact / Mid-Size,Bugaboo Dragonfly Plus,Clek,Liingo,ADAPTER,true,true
Compact / Mid-Size,Bugaboo Dragonfly Plus,Nuna,PIPA urbn,ADAPTER,true,true
Compact / Mid-Size,Bugaboo Dragonfly Plus,Cybex,Cloud G Pro Comfort Extend,ADAPTER,true,true
Compact / Mid-Size,Bugaboo Dragonfly Plus,Nuna,PIPA Aire rx,ADAPTER,true,true
Compact / Mid-Size,Bugaboo Dragonfly Plus,Maxi-Cosi,Mico Luxe,ADAPTER,true,true
Compact / Mid-Size,Bugaboo Dragonfly Plus,Cybex,Aton G2 Swivel,ADAPTER,true,true
Compact / Mid-Size,Bugaboo Dragonfly Plus,Maxi-Cosi,Ambra,ADAPTER,true,true
Compact / Mid-Size,Bugaboo Dragonfly Plus,Maxi-Cosi,Peri 180,ADAPTER,true,true
Compact / Mid-Size,Bugaboo Dragonfly Plus,Cybex,Aton G2,ADAPTER,true,true
Compact / Mid-Size,Bugaboo Dragonfly Plus,Cybex,Cloud T,ADAPTER,true,true
Compact / Mid-Size,Bugaboo Dragonfly Plus,Clek,Liing,ADAPTER,true,true
Compact / Mid-Size,Bugaboo Dragonfly Plus,Maxi-Cosi,Coral XP,ADAPTER,true,true
Compact / Mid-Size,Bugaboo Dragonfly Plus,Nuna,PIPA Aire,ADAPTER,true,true
Compact / Mid-Size,Bugaboo Dragonfly Plus,Maxi-Cosi,Mico Pro,ADAPTER,true,true
Compact / Mid-Size,Bugaboo Dragonfly Plus,Cybex,Aton G,ADAPTER,true,true
Compact / Mid-Size,Bugaboo Dragonfly Plus,Nuna,PIPA RX,ADAPTER,true,true
Full-Size,Bugaboo Fox 5,Maxi-Cosi,Mico Pro,ADAPTER,true,true
Full-Size,Bugaboo Fox 5,Maxi-Cosi,Coral XP,ADAPTER,true,true
Full-Size,Bugaboo Fox 5,Cybex,Aton G2 Swivel,ADAPTER,true,true
Full-Size,Bugaboo Fox 5,Bugaboo,Turtle Air,ADAPTER,false,false
Full-Size,Bugaboo Fox 5,Nuna,PIPA urbn,ADAPTER,true,true
Full-Size,Bugaboo Fox 5,Cybex,Aton G,ADAPTER,true,true
Full-Size,Bugaboo Fox 5,Bugaboo,Turtle One,ADAPTER,false,false
Full-Size,Bugaboo Fox 5,Maxi-Cosi,Mico Luxe,ADAPTER,true,true
Full-Size,Bugaboo Fox 5,Cybex,Cloud T,ADAPTER,true,true
Full-Size,Bugaboo Fox 5,Clek,Liingo,ADAPTER,true,true
Full-Size,Bugaboo Fox 5,Nuna,PIPA Aire rx,ADAPTER,true,true
Full-Size,Bugaboo Fox 5,Clek,Liing,ADAPTER,true,true
Full-Size,Bugaboo Fox 5,Cybex,Cloud G Pro Comfort Extend,ADAPTER,true,true
Full-Size,Bugaboo Fox 5,Cybex,Aton G2,ADAPTER,true,true
Full-Size,Bugaboo Fox 5,Nuna,PIPA RX,ADAPTER,true,true
Full-Size,Bugaboo Fox 5,Maxi-Cosi,Ambra,ADAPTER,true,true
Full-Size,Bugaboo Fox 5,Nuna,PIPA Aire,ADAPTER,true,true
Full-Size,Bugaboo Fox 5,Maxi-Cosi,Peri 180,ADAPTER,true,true
Single-to-Double,Bugaboo Kangaroo,Nuna,PIPA Aire rx,ADAPTER,false,false
Single-to-Double,Bugaboo Kangaroo,Maxi-Cosi,Mico Luxe,ADAPTER,false,false
Single-to-Double,Bugaboo Kangaroo,Bugaboo,Turtle Air,ADAPTER,false,false
Single-to-Double,Bugaboo Kangaroo,Nuna,PIPA urbn,ADAPTER,false,false
Single-to-Double,Bugaboo Kangaroo,Maxi-Cosi,Mico Pro,ADAPTER,false,false
Single-to-Double,Bugaboo Kangaroo,Maxi-Cosi,Peri 180,ADAPTER,false,false
Single-to-Double,Bugaboo Kangaroo,Nuna,PIPA RX,ADAPTER,false,false
Single-to-Double,Bugaboo Kangaroo,Maxi-Cosi,Coral XP,ADAPTER,false,false
Single-to-Double,Bugaboo Kangaroo,Bugaboo,Turtle One,ADAPTER,false,false
Full-Size,Bumbleride Era,Chicco,KeyFit 30,ADAPTER,false,false
Full-Size,Bumbleride Era,Cybex,Aton G2,ADAPTER,true,true
Full-Size,Bumbleride Era,Cybex,Cloud G Pro Comfort Extend,ADAPTER,true,true
Full-Size,Bumbleride Era,Chicco,KeyFit 30 ClearTex,ADAPTER,false,false
Full-Size,Bumbleride Era,Maxi-Cosi,Mico Pro,ADAPTER,true,true
Full-Size,Bumbleride Era,Clek,Liingo,ADAPTER,true,true
Full-Size,Bumbleride Era,Nuna,PIPA RX,ADAPTER,true,true
Full-Size,Bumbleride Era,Chicco,KeyFit 35,ADAPTER,false,false
Full-Size,Bumbleride Era,Chicco,KeyFit Max ClearTex,ADAPTER,false,false
Full-Size,Bumbleride Era,Chicco,KeyFit Max Zip ClearLux,ADAPTER,false,false
Full-Size,Bumbleride Era,Chicco,KeyFit Max Zip ClearTex,ADAPTER,false,false
Full-Size,Bumbleride Era,Nuna,PIPA Aire rx,ADAPTER,true,true
Full-Size,Bumbleride Era,Cybex,Aton G2 Swivel,ADAPTER,true,true
Full-Size,Bumbleride Era,Maxi-Cosi,Peri 180,ADAPTER,true,true
Full-Size,Bumbleride Era,Nuna,PIPA Aire,ADAPTER,true,true
Full-Size,Bumbleride Era,Nuna,PIPA urbn,ADAPTER,true,true
Full-Size,Bumbleride Era,Cybex,Cloud T,ADAPTER,true,true
Full-Size,Bumbleride Era,Maxi-Cosi,Coral XP,ADAPTER,true,true
Full-Size,Bumbleride Era,Clek,Liing,ADAPTER,true,true
Full-Size,Bumbleride Era,Graco,GoMax,ADAPTER,false,false
Full-Size,Bumbleride Era,Graco,SnugRide Lite LX,ADAPTER,false,false
Full-Size,Bumbleride Era,Graco,SnugRide SnugFit,ADAPTER,false,false
Full-Size,Bumbleride Era,Graco,SnugRide SnugFit DLX,ADAPTER,false,false
Full-Size,Bumbleride Era,Graco,SnugRide SnugFit LX,ADAPTER,false,false
Full-Size,Bumbleride Era,Maxi-Cosi,Ambra,ADAPTER,true,true
Full-Size,Bumbleride Era,Chicco,Fit2,ADAPTER,false,false
Full-Size,Bumbleride Era,Cybex,Aton G,ADAPTER,true,true
Full-Size,Bumbleride Era,Maxi-Cosi,Mico Luxe,ADAPTER,true,true
(uncategorized),Bumbleride Indie,Nuna,PIPA Aire,ADAPTER,true,true
(uncategorized),Bumbleride Indie,Graco,SnugRide SnugFit LX,ADAPTER,false,false
(uncategorized),Bumbleride Indie,Chicco,KeyFit Max Zip ClearTex,ADAPTER,false,false
(uncategorized),Bumbleride Indie,Chicco,KeyFit Max Zip ClearLux,ADAPTER,false,false
(uncategorized),Bumbleride Indie,Chicco,KeyFit Max ClearTex,ADAPTER,false,false
(uncategorized),Bumbleride Indie,Chicco,KeyFit 35,ADAPTER,false,false
(uncategorized),Bumbleride Indie,Chicco,KeyFit 30 ClearTex,ADAPTER,false,false
(uncategorized),Bumbleride Indie,Graco,SnugRide SnugFit DLX,ADAPTER,false,false
(uncategorized),Bumbleride Indie,Maxi-Cosi,Mico Pro,ADAPTER,true,true
(uncategorized),Bumbleride Indie,Graco,SnugRide SnugFit,ADAPTER,false,false
(uncategorized),Bumbleride Indie,Chicco,KeyFit 30,ADAPTER,false,false
(uncategorized),Bumbleride Indie,Chicco,Fit2,ADAPTER,false,false
(uncategorized),Bumbleride Indie,Graco,SnugRide Lite LX,ADAPTER,false,false
(uncategorized),Bumbleride Indie,Graco,GoMax,ADAPTER,false,false
(uncategorized),Bumbleride Indie,Maxi-Cosi,Ambra,ADAPTER,true,true
(uncategorized),Bumbleride Indie,Cybex,Aton G2,ADAPTER,true,true
(uncategorized),Bumbleride Indie,Cybex,Cloud G Pro Comfort Extend,ADAPTER,true,true
(uncategorized),Bumbleride Indie,Maxi-Cosi,Mico Luxe,ADAPTER,true,true
(uncategorized),Bumbleride Indie,Cybex,Aton G,ADAPTER,true,true
(uncategorized),Bumbleride Indie,Nuna,PIPA RX,ADAPTER,true,true
(uncategorized),Bumbleride Indie,Cybex,Aton G2 Swivel,ADAPTER,true,true
(uncategorized),Bumbleride Indie,Nuna,PIPA Aire rx,ADAPTER,true,true
(uncategorized),Bumbleride Indie,Maxi-Cosi,Coral XP,ADAPTER,true,true
(uncategorized),Bumbleride Indie,Maxi-Cosi,Peri 180,ADAPTER,true,true
(uncategorized),Bumbleride Indie,Nuna,PIPA urbn,ADAPTER,true,true
(uncategorized),Bumbleride Indie,Cybex,Cloud T,ADAPTER,true,true
(uncategorized),Bumbleride Indie,Clek,Liing,ADAPTER,true,true
(uncategorized),Bumbleride Indie,Clek,Liingo,ADAPTER,true,true
Double,Bumbleride Indie Twin,Cybex,Aton G,ADAPTER,true,true
Double,Bumbleride Indie Twin,Maxi-Cosi,Mico Luxe,ADAPTER,true,true
Double,Bumbleride Indie Twin,Maxi-Cosi,Mico Pro,ADAPTER,true,true
Double,Bumbleride Indie Twin,Maxi-Cosi,Coral XP,ADAPTER,true,true
Double,Bumbleride Indie Twin,Clek,Liingo,ADAPTER,true,true
Double,Bumbleride Indie Twin,Cybex,Aton G2,ADAPTER,true,true
Double,Bumbleride Indie Twin,Cybex,Cloud G Pro Comfort Extend,ADAPTER,true,true
Double,Bumbleride Indie Twin,Cybex,Aton G2 Swivel,ADAPTER,true,true
Double,Bumbleride Indie Twin,Cybex,Cloud T,ADAPTER,true,true
Double,Bumbleride Indie Twin,Maxi-Cosi,Peri 180,ADAPTER,true,true
Double,Bumbleride Indie Twin,Clek,Liing,ADAPTER,true,true
Double,Bumbleride Indie Twin,Nuna,PIPA Aire,ADAPTER,false,false
Double,Bumbleride Indie Twin,Maxi-Cosi,Ambra,ADAPTER,true,true
Double,Bumbleride Indie Twin,Nuna,PIPA Aire rx,ADAPTER,false,false
Double,Bumbleride Indie Twin,Graco,SnugRide SnugFit DLX,ADAPTER,false,false
Double,Bumbleride Indie Twin,Graco,SnugRide SnugFit,ADAPTER,false,false
Double,Bumbleride Indie Twin,Graco,SnugRide Lite LX,ADAPTER,false,false
Double,Bumbleride Indie Twin,Graco,GoMax,ADAPTER,false,false
Double,Bumbleride Indie Twin,Nuna,PIPA RX,ADAPTER,false,false
Double,Bumbleride Indie Twin,Nuna,PIPA urbn,ADAPTER,false,false
Double,Bumbleride Indie Twin,Chicco,Fit2,ADAPTER,false,false
Double,Bumbleride Indie Twin,Chicco,KeyFit 30,ADAPTER,false,false
Double,Bumbleride Indie Twin,Chicco,KeyFit 30 ClearTex,ADAPTER,false,false
Double,Bumbleride Indie Twin,Graco,SnugRide SnugFit LX,ADAPTER,false,false
Double,Bumbleride Indie Twin,Chicco,KeyFit 35,ADAPTER,false,false
Double,Bumbleride Indie Twin,Chicco,KeyFit Max ClearTex,ADAPTER,false,false
Double,Bumbleride Indie Twin,Chicco,KeyFit Max Zip ClearLux,ADAPTER,false,false
Double,Bumbleride Indie Twin,Chicco,KeyFit Max Zip ClearTex,ADAPTER,false,false
Jogging / All-Terrain,Bumbleride Speed,Cybex,Aton G2 Swivel,ADAPTER,true,true
Jogging / All-Terrain,Bumbleride Speed,Chicco,KeyFit Max ClearTex,ADAPTER,false,false
Jogging / All-Terrain,Bumbleride Speed,Chicco,Fit2,ADAPTER,false,false
Jogging / All-Terrain,Bumbleride Speed,Maxi-Cosi,Mico Pro,ADAPTER,true,true
Jogging / All-Terrain,Bumbleride Speed,Chicco,KeyFit 30,ADAPTER,false,false
Jogging / All-Terrain,Bumbleride Speed,Cybex,Cloud G Pro Comfort Extend,ADAPTER,true,true
Jogging / All-Terrain,Bumbleride Speed,Maxi-Cosi,Peri 180,ADAPTER,true,true
Jogging / All-Terrain,Bumbleride Speed,Chicco,KeyFit 35,ADAPTER,false,false
Jogging / All-Terrain,Bumbleride Speed,Maxi-Cosi,Coral XP,ADAPTER,true,true
Jogging / All-Terrain,Bumbleride Speed,Graco,SnugRide SnugFit,ADAPTER,false,false
Jogging / All-Terrain,Bumbleride Speed,Nuna,PIPA RX,ADAPTER,true,true
Jogging / All-Terrain,Bumbleride Speed,Cybex,Aton G,ADAPTER,true,true
Jogging / All-Terrain,Bumbleride Speed,Maxi-Cosi,Mico Luxe,ADAPTER,true,true
Jogging / All-Terrain,Bumbleride Speed,Graco,SnugRide SnugFit LX,ADAPTER,false,false
Jogging / All-Terrain,Bumbleride Speed,Graco,GoMax,ADAPTER,false,false
Jogging / All-Terrain,Bumbleride Speed,Graco,SnugRide Lite LX,ADAPTER,false,false
Jogging / All-Terrain,Bumbleride Speed,Cybex,Aton G2,ADAPTER,true,true
Jogging / All-Terrain,Bumbleride Speed,Graco,SnugRide SnugFit DLX,ADAPTER,false,false
Jogging / All-Terrain,Bumbleride Speed,Maxi-Cosi,Ambra,ADAPTER,true,true
Jogging / All-Terrain,Bumbleride Speed,Clek,Liingo,ADAPTER,true,true
Jogging / All-Terrain,Bumbleride Speed,Chicco,KeyFit Max Zip ClearTex,ADAPTER,false,false
Jogging / All-Terrain,Bumbleride Speed,Chicco,KeyFit Max Zip ClearLux,ADAPTER,false,false
Jogging / All-Terrain,Bumbleride Speed,Chicco,KeyFit 30 ClearTex,ADAPTER,false,false
Jogging / All-Terrain,Bumbleride Speed,Clek,Liing,ADAPTER,true,true
Jogging / All-Terrain,Bumbleride Speed,Cybex,Cloud T,ADAPTER,true,true
Jogging / All-Terrain,Bumbleride Speed,Nuna,PIPA urbn,ADAPTER,true,true
Jogging / All-Terrain,Bumbleride Speed,Nuna,PIPA Aire,ADAPTER,true,true
Jogging / All-Terrain,Bumbleride Speed,Nuna,PIPA Aire rx,ADAPTER,true,true
Jogging / All-Terrain,Cybex AVI,Clek,Liingo,ADAPTER,true,true
Jogging / All-Terrain,Cybex AVI,Cybex,Cloud T,ADAPTER,true,true
Jogging / All-Terrain,Cybex AVI,Cybex,Aton G2 Swivel,ADAPTER,true,true
Jogging / All-Terrain,Cybex AVI,Nuna,PIPA Aire rx,ADAPTER,true,true
Jogging / All-Terrain,Cybex AVI,Nuna,PIPA Aire,ADAPTER,true,true
Jogging / All-Terrain,Cybex AVI,Cybex,Cloud G Pro Comfort Extend,ADAPTER,true,true
Jogging / All-Terrain,Cybex AVI,Cybex,Aton G2,ADAPTER,true,true
Jogging / All-Terrain,Cybex AVI,Maxi-Cosi,Mico Luxe,ADAPTER,true,true
Jogging / All-Terrain,Cybex AVI,Maxi-Cosi,Mico Pro,ADAPTER,true,true
Jogging / All-Terrain,Cybex AVI,Cybex,Aton G,ADAPTER,true,true
Jogging / All-Terrain,Cybex AVI,Maxi-Cosi,Coral XP,ADAPTER,true,true
Jogging / All-Terrain,Cybex AVI,Clek,Liing,ADAPTER,true,true
Jogging / All-Terrain,Cybex AVI,Maxi-Cosi,Peri 180,ADAPTER,true,true
Jogging / All-Terrain,Cybex AVI,Nuna,PIPA RX,ADAPTER,true,true
Jogging / All-Terrain,Cybex AVI,Maxi-Cosi,Ambra,ADAPTER,true,true
Jogging / All-Terrain,Cybex AVI,Nuna,PIPA urbn,ADAPTER,true,true
Full-Size,Cybex Balios S Lux,Maxi-Cosi,Ambra,ADAPTER,true,true
Full-Size,Cybex Balios S Lux,Maxi-Cosi,Mico Pro,ADAPTER,true,true
Full-Size,Cybex Balios S Lux,Clek,Liing,ADAPTER,true,true
Full-Size,Cybex Balios S Lux,Maxi-Cosi,Coral XP,ADAPTER,true,true
Full-Size,Cybex Balios S Lux,Cybex,Cloud G Pro Comfort Extend,ADAPTER,true,true
Full-Size,Cybex Balios S Lux,Cybex,Aton G2,ADAPTER,true,true
Full-Size,Cybex Balios S Lux,Nuna,PIPA urbn,ADAPTER,true,true
Full-Size,Cybex Balios S Lux,Cybex,Cloud T,ADAPTER,true,true
Full-Size,Cybex Balios S Lux,Clek,Liingo,ADAPTER,true,true
Full-Size,Cybex Balios S Lux,Nuna,PIPA Aire rx,ADAPTER,true,true
Full-Size,Cybex Balios S Lux,Maxi-Cosi,Mico Luxe,ADAPTER,true,true
Full-Size,Cybex Balios S Lux,Nuna,PIPA Aire,ADAPTER,true,true
Full-Size,Cybex Balios S Lux,Maxi-Cosi,Peri 180,ADAPTER,true,true
Full-Size,Cybex Balios S Lux,Bugaboo,Turtle Air Shield by Nuna,ADAPTER,true,true
Full-Size,Cybex Balios S Lux,Nuna,PIPA RX,ADAPTER,true,true
Full-Size,Cybex Balios S Lux,Cybex,Aton G,ADAPTER,true,true
Full-Size,Cybex Balios S Lux,Cybex,Aton G2 Swivel,ADAPTER,true,true
(uncategorized),Cybex Beezy,Nuna,PIPA Aire rx,ADAPTER,false,false
(uncategorized),Cybex Beezy,Maxi-Cosi,Mico Luxe,ADAPTER,false,false
(uncategorized),Cybex Beezy,Maxi-Cosi,Peri 180,ADAPTER,false,false
(uncategorized),Cybex Beezy,Nuna,PIPA urbn,ADAPTER,false,false
(uncategorized),Cybex Beezy,Maxi-Cosi,Mico Pro,ADAPTER,false,false
(uncategorized),Cybex Beezy,Nuna,PIPA RX,ADAPTER,false,false
(uncategorized),Cybex Beezy,Maxi-Cosi,Coral XP,ADAPTER,false,false
Travel,Cybex Coya,Nuna,PIPA urbn,ADAPTER,true,true
Travel,Cybex Coya,Cybex,Aton G2 Swivel,ADAPTER,true,true
Travel,Cybex Coya,Cybex,Aton G2,ADAPTER,true,true
Travel,Cybex Coya,Maxi-Cosi,Peri 180,ADAPTER,true,true
Travel,Cybex Coya,Maxi-Cosi,Mico Pro,ADAPTER,true,true
Travel,Cybex Coya,Cybex,Cloud G Pro Comfort Extend,ADAPTER,true,true
Travel,Cybex Coya,Maxi-Cosi,Ambra,ADAPTER,true,true
Travel,Cybex Coya,Nuna,PIPA RX,ADAPTER,true,true
Travel,Cybex Coya,Maxi-Cosi,Coral XP,ADAPTER,true,true
Travel,Cybex Coya,Clek,Liingo,ADAPTER,true,true
Travel,Cybex Coya,Nuna,PIPA Aire,ADAPTER,true,true
Travel,Cybex Coya,Clek,Liing,ADAPTER,true,true
Travel,Cybex Coya,Nuna,PIPA Aire rx,ADAPTER,true,true
Travel,Cybex Coya,Maxi-Cosi,Mico Luxe,ADAPTER,true,true
Travel,Cybex Coya,Cybex,Cloud T,ADAPTER,true,true
Travel,Cybex Coya,Cybex,Aton G,ADAPTER,true,true
(uncategorized),Cybex Eezy S Twist,Maxi-Cosi,Mico Pro,ADAPTER,false,false
(uncategorized),Cybex Eezy S Twist,Nuna,PIPA Aire rx,ADAPTER,false,false
(uncategorized),Cybex Eezy S Twist,Maxi-Cosi,Coral XP,ADAPTER,false,false
(uncategorized),Cybex Eezy S Twist,Maxi-Cosi,Peri 180,ADAPTER,false,false
(uncategorized),Cybex Eezy S Twist,Nuna,PIPA urbn,ADAPTER,false,false
(uncategorized),Cybex Eezy S Twist,Maxi-Cosi,Mico Luxe,ADAPTER,false,false
(uncategorized),Cybex Eezy S Twist,Nuna,PIPA RX,ADAPTER,false,false
(uncategorized),Cybex Eezy S Twist 2,Nuna,PIPA Aire rx,ADAPTER,false,false
(uncategorized),Cybex Eezy S Twist 2,Maxi-Cosi,Peri 180,ADAPTER,false,false
(uncategorized),Cybex Eezy S Twist 2,Maxi-Cosi,Mico Luxe,ADAPTER,false,false
(uncategorized),Cybex Eezy S Twist 2,Maxi-Cosi,Coral XP,ADAPTER,false,false
(uncategorized),Cybex Eezy S Twist 2,Nuna,PIPA RX,ADAPTER,false,false
(uncategorized),Cybex Eezy S Twist 2,Nuna,PIPA urbn,ADAPTER,false,false
(uncategorized),Cybex Eezy S Twist 2,Maxi-Cosi,Mico Pro,ADAPTER,false,false
Single-to-Double,Cybex e-Gazelle S,Peg Perego,Primo Viaggio Nido,ADAPTER,true,true
Single-to-Double,Cybex e-Gazelle S,Nuna,PIPA Aire rx,ADAPTER,true,true
Single-to-Double,Cybex e-Gazelle S,Chicco,KeyFit 30 ClearTex,ADAPTER,true,true
Single-to-Double,Cybex e-Gazelle S,Clek,Liing,ADAPTER,true,true
Single-to-Double,Cybex e-Gazelle S,Maxi-Cosi,Peri 180,ADAPTER,true,true
Single-to-Double,Cybex e-Gazelle S,Cybex,Aton G2 Swivel,ADAPTER,true,true
Single-to-Double,Cybex e-Gazelle S,Graco,SnugRide SnugFit DLX,ADAPTER,true,true
Single-to-Double,Cybex e-Gazelle S,Cybex,Cloud G Pro Comfort Extend,ADAPTER,true,true
Single-to-Double,Cybex e-Gazelle S,Graco,SnugRide SnugFit,ADAPTER,true,true
Single-to-Double,Cybex e-Gazelle S,Britax,B-Safe Gen2 FlexFit,ADAPTER,true,true
Single-to-Double,Cybex e-Gazelle S,Cybex,Cloud T,ADAPTER,true,true
Single-to-Double,Cybex e-Gazelle S,Cybex,Aton G,ADAPTER,true,true
Single-to-Double,Cybex e-Gazelle S,Nuna,PIPA Aire,ADAPTER,true,true
Single-to-Double,Cybex e-Gazelle S,Chicco,KeyFit 35,ADAPTER,true,true
Single-to-Double,Cybex e-Gazelle S,Chicco,Fit2,ADAPTER,true,true
Single-to-Double,Cybex e-Gazelle S,Cybex,Aton G2,ADAPTER,true,true
Single-to-Double,Cybex e-Gazelle S,Chicco,KeyFit 30,ADAPTER,true,true
Single-to-Double,Cybex e-Gazelle S,Peg Perego,Primo Viaggio 4-35,ADAPTER,true,true
Single-to-Double,Cybex e-Gazelle S,Maxi-Cosi,Mico Luxe,ADAPTER,true,true
Single-to-Double,Cybex e-Gazelle S,Maxi-Cosi,Coral XP,ADAPTER,true,true
Single-to-Double,Cybex e-Gazelle S,Nuna,PIPA RX,ADAPTER,true,true
Single-to-Double,Cybex e-Gazelle S,Clek,Liingo,ADAPTER,true,true
Single-to-Double,Cybex e-Gazelle S,Chicco,KeyFit Max ClearTex,ADAPTER,true,true
Single-to-Double,Cybex e-Gazelle S,Peg Perego,Primo Viaggio Lounge,ADAPTER,true,true
Single-to-Double,Cybex e-Gazelle S,Britax,Willow S,ADAPTER,true,true
Single-to-Double,Cybex e-Gazelle S,Graco,SnugRide SnugFit LX,ADAPTER,true,true
Single-to-Double,Cybex e-Gazelle S,Britax,Willow SC,ADAPTER,true,true
Single-to-Double,Cybex e-Gazelle S,Chicco,KeyFit Max Zip ClearLux,ADAPTER,true,true
Single-to-Double,Cybex e-Gazelle S,Chicco,KeyFit Max Zip ClearTex,ADAPTER,true,true
Single-to-Double,Cybex e-Gazelle S,Graco,GoMax,ADAPTER,true,true
Single-to-Double,Cybex e-Gazelle S,Maxi-Cosi,Ambra,ADAPTER,true,true
Single-to-Double,Cybex e-Gazelle S,Britax,B-Safe 35,ADAPTER,true,true
Single-to-Double,Cybex e-Gazelle S,Britax,B-Safe Gen2,ADAPTER,true,true
Single-to-Double,Cybex e-Gazelle S,Britax,Cypress S,ADAPTER,true,true
Single-to-Double,Cybex e-Gazelle S,Britax,B-Safe 35 Elite,ADAPTER,true,true
Single-to-Double,Cybex e-Gazelle S,Nuna,PIPA urbn,ADAPTER,true,true
Single-to-Double,Cybex e-Gazelle S,Maxi-Cosi,Mico Pro,ADAPTER,true,true
Single-to-Double,Cybex e-Gazelle S,Graco,SnugRide Lite LX,ADAPTER,true,true
(uncategorized),Cybex Eos,Nuna,PIPA urbn,ADAPTER,false,false
(uncategorized),Cybex Eos,Maxi-Cosi,Coral XP,ADAPTER,false,false
(uncategorized),Cybex Eos,Maxi-Cosi,Peri 180,ADAPTER,false,false
(uncategorized),Cybex Eos,Maxi-Cosi,Mico Pro,ADAPTER,false,false
(uncategorized),Cybex Eos,Maxi-Cosi,Mico Luxe,ADAPTER,false,false
(uncategorized),Cybex Eos,Nuna,PIPA Aire rx,ADAPTER,false,false
(uncategorized),Cybex Eos,Nuna,PIPA RX,ADAPTER,false,false
Full-Size,Cybex e-Priam,Cybex,Aton G2 Swivel,ADAPTER,true,true
Full-Size,Cybex e-Priam,Cybex,Aton G,ADAPTER,true,true
Full-Size,Cybex e-Priam,Clek,Liingo,ADAPTER,true,true
Full-Size,Cybex e-Priam,Maxi-Cosi,Peri 180,ADAPTER,true,true
Full-Size,Cybex e-Priam,Cybex,Aton G2,ADAPTER,true,true
Full-Size,Cybex e-Priam,Maxi-Cosi,Coral XP,ADAPTER,true,true
Full-Size,Cybex e-Priam,Clek,Liing,ADAPTER,true,true
Full-Size,Cybex e-Priam,Nuna,PIPA Aire rx,ADAPTER,true,true
Full-Size,Cybex e-Priam,Cybex,Cloud G Pro Comfort Extend,ADAPTER,true,true
Full-Size,Cybex e-Priam,Nuna,PIPA RX,ADAPTER,true,true
Full-Size,Cybex e-Priam,Maxi-Cosi,Mico Pro,ADAPTER,true,true
Full-Size,Cybex e-Priam,Nuna,PIPA urbn,ADAPTER,true,true
Full-Size,Cybex e-Priam,Nuna,PIPA Aire,ADAPTER,true,true
Full-Size,Cybex e-Priam,Maxi-Cosi,Mico Luxe,ADAPTER,true,true
Full-Size,Cybex e-Priam,Cybex,Cloud T,ADAPTER,true,true
Full-Size,Cybex e-Priam,Maxi-Cosi,Ambra,ADAPTER,true,true
Single-to-Double,Cybex Gazelle S,Maxi-Cosi,Mico Luxe,ADAPTER,true,true
Single-to-Double,Cybex Gazelle S,Chicco,KeyFit 30 ClearTex,ADAPTER,true,true
Single-to-Double,Cybex Gazelle S,Chicco,KeyFit 35,ADAPTER,true,true
Single-to-Double,Cybex Gazelle S,Chicco,Fit2,ADAPTER,true,true
Single-to-Double,Cybex Gazelle S,Chicco,KeyFit 30,ADAPTER,true,true
Single-to-Double,Cybex Gazelle S,Peg Perego,Primo Viaggio 4-35,ADAPTER,true,true
Single-to-Double,Cybex Gazelle S,Britax,Willow S,ADAPTER,true,true
Single-to-Double,Cybex Gazelle S,Britax,Willow SC,ADAPTER,true,true
Single-to-Double,Cybex Gazelle S,Britax,Cypress S,ADAPTER,true,true
Single-to-Double,Cybex Gazelle S,Britax,B-Safe 35 Elite,ADAPTER,true,true
Single-to-Double,Cybex Gazelle S,Nuna,PIPA Aire,ADAPTER,true,true
Single-to-Double,Cybex Gazelle S,Clek,Liing,ADAPTER,true,true
Single-to-Double,Cybex Gazelle S,Clek,Liingo,ADAPTER,true,true
Single-to-Double,Cybex Gazelle S,Nuna,PIPA urbn,ADAPTER,true,true
Single-to-Double,Cybex Gazelle S,Nuna,PIPA RX,ADAPTER,true,true
Single-to-Double,Cybex Gazelle S,Cybex,Aton G2 Swivel,ADAPTER,true,true
Single-to-Double,Cybex Gazelle S,Cybex,Cloud T,ADAPTER,true,true
Single-to-Double,Cybex Gazelle S,Britax,B-Safe 35,ADAPTER,true,true
Single-to-Double,Cybex Gazelle S,Britax,B-Safe Gen2,ADAPTER,true,true
Single-to-Double,Cybex Gazelle S,Britax,B-Safe Gen2 FlexFit,ADAPTER,true,true
Single-to-Double,Cybex Gazelle S,Nuna,PIPA Aire rx,ADAPTER,true,true
Single-to-Double,Cybex Gazelle S,Maxi-Cosi,Mico Pro,ADAPTER,true,true
Single-to-Double,Cybex Gazelle S,Maxi-Cosi,Ambra,ADAPTER,true,true
Single-to-Double,Cybex Gazelle S,Cybex,Cloud G Pro Comfort Extend,ADAPTER,true,true
Single-to-Double,Cybex Gazelle S,Cybex,Aton G2,ADAPTER,true,true
Single-to-Double,Cybex Gazelle S,Peg Perego,Primo Viaggio Nido,ADAPTER,true,true
Single-to-Double,Cybex Gazelle S,Peg Perego,Primo Viaggio Lounge,ADAPTER,true,true
Single-to-Double,Cybex Gazelle S,Graco,SnugRide SnugFit LX,ADAPTER,true,true
Single-to-Double,Cybex Gazelle S,Graco,SnugRide SnugFit,ADAPTER,true,true
Single-to-Double,Cybex Gazelle S,Graco,SnugRide SnugFit DLX,ADAPTER,true,true
Single-to-Double,Cybex Gazelle S,Graco,SnugRide Lite LX,ADAPTER,true,true
Single-to-Double,Cybex Gazelle S,Graco,GoMax,ADAPTER,true,true
Single-to-Double,Cybex Gazelle S,Chicco,KeyFit Max Zip ClearTex,ADAPTER,true,true
Single-to-Double,Cybex Gazelle S,Chicco,KeyFit Max Zip ClearLux,ADAPTER,true,true
Single-to-Double,Cybex Gazelle S,Chicco,KeyFit Max ClearTex,ADAPTER,true,true
Single-to-Double,Cybex Gazelle S,Maxi-Cosi,Peri 180,ADAPTER,true,true
Single-to-Double,Cybex Gazelle S,Maxi-Cosi,Coral XP,ADAPTER,true,true
Travel,Cybex LIBELLE Ultra Travel,Maxi-Cosi,Mico Pro,ADAPTER,true,true
Travel,Cybex LIBELLE Ultra Travel,Nuna,PIPA urbn,ADAPTER,true,true
Travel,Cybex LIBELLE Ultra Travel,Nuna,PIPA RX,ADAPTER,true,true
Travel,Cybex LIBELLE Ultra Travel,Maxi-Cosi,Coral XP,ADAPTER,true,true
Travel,Cybex LIBELLE Ultra Travel,Cybex,Cloud T,ADAPTER,true,true
Travel,Cybex LIBELLE Ultra Travel,Maxi-Cosi,Peri 180,ADAPTER,true,true
Travel,Cybex LIBELLE Ultra Travel,Cybex,Aton G2 Swivel,ADAPTER,true,true
Travel,Cybex LIBELLE Ultra Travel,Cybex,Cloud G Pro Comfort Extend,ADAPTER,true,true
Travel,Cybex LIBELLE Ultra Travel,Nuna,PIPA Aire,ADAPTER,true,true
Travel,Cybex LIBELLE Ultra Travel,Cybex,Aton G,ADAPTER,true,true
Travel,Cybex LIBELLE Ultra Travel,Cybex,Aton G2,ADAPTER,true,true
Travel,Cybex LIBELLE Ultra Travel,Maxi-Cosi,Ambra,ADAPTER,true,true
Travel,Cybex LIBELLE Ultra Travel,Clek,Liing,ADAPTER,true,true
Travel,Cybex LIBELLE Ultra Travel,Clek,Liingo,ADAPTER,true,true
Travel,Cybex LIBELLE Ultra Travel,Maxi-Cosi,Mico Luxe,ADAPTER,true,true
Travel,Cybex LIBELLE Ultra Travel,Nuna,PIPA Aire rx,ADAPTER,true,true
(uncategorized),Cybex Melio,Maxi-Cosi,Mico Pro,ADAPTER,false,false
(uncategorized),Cybex Melio,Nuna,PIPA urbn,ADAPTER,false,false
(uncategorized),Cybex Melio,Maxi-Cosi,Coral XP,ADAPTER,false,false
(uncategorized),Cybex Melio,Maxi-Cosi,Peri 180,ADAPTER,false,false
(uncategorized),Cybex Melio,Maxi-Cosi,Mico Luxe,ADAPTER,false,false
(uncategorized),Cybex Melio,Nuna,PIPA Aire rx,ADAPTER,false,false
(uncategorized),Cybex Melio,Nuna,PIPA RX,ADAPTER,false,false
(uncategorized),Cybex Mios,Cybex,Aton G,ADAPTER,true,true
(uncategorized),Cybex Mios,Nuna,PIPA RX,ADAPTER,true,true
(uncategorized),Cybex Mios,Maxi-Cosi,Coral XP,ADAPTER,true,true
(uncategorized),Cybex Mios,Maxi-Cosi,Peri 180,ADAPTER,true,true
(uncategorized),Cybex Mios,Maxi-Cosi,Mico Luxe,ADAPTER,true,true
(uncategorized),Cybex Mios,Nuna,PIPA urbn,ADAPTER,true,true
(uncategorized),Cybex Mios,Nuna,PIPA Aire,ADAPTER,true,true
(uncategorized),Cybex Mios,Nuna,PIPA Aire rx,ADAPTER,true,true
(uncategorized),Cybex Mios,Maxi-Cosi,Ambra,ADAPTER,true,true
(uncategorized),Cybex Mios,Cybex,Cloud T,ADAPTER,true,true
(uncategorized),Cybex Mios,Cybex,Cloud G Pro Comfort Extend,ADAPTER,true,true
(uncategorized),Cybex Mios,Maxi-Cosi,Mico Pro,ADAPTER,true,true
(uncategorized),Cybex Mios,Cybex,Aton G2,ADAPTER,true,true
(uncategorized),Cybex Mios,Clek,Liing,ADAPTER,true,true
(uncategorized),Cybex Mios,Clek,Liingo,ADAPTER,true,true
Full-Size,Cybex Priam,Nuna,PIPA Aire,ADAPTER,true,true
Full-Size,Cybex Priam,Clek,Liingo,ADAPTER,true,true
Full-Size,Cybex Priam,Nuna,PIPA Aire rx,ADAPTER,true,true
Full-Size,Cybex Priam,Cybex,Cloud T,ADAPTER,true,true
Full-Size,Cybex Priam,Maxi-Cosi,Mico Pro,ADAPTER,true,true
Full-Size,Cybex Priam,Maxi-Cosi,Mico Luxe,ADAPTER,true,true
Full-Size,Cybex Priam,Cybex,Aton G2,ADAPTER,true,true
Full-Size,Cybex Priam,Clek,Liing,ADAPTER,true,true
Full-Size,Cybex Priam,Nuna,PIPA RX,ADAPTER,true,true
Full-Size,Cybex Priam,Maxi-Cosi,Coral XP,ADAPTER,true,true
Full-Size,Cybex Priam,Cybex,Aton G,ADAPTER,true,true
Full-Size,Cybex Priam,Cybex,Cloud G Pro Comfort Extend,ADAPTER,true,true
Full-Size,Cybex Priam,Maxi-Cosi,Ambra,ADAPTER,true,true
Full-Size,Cybex Priam,Cybex,Aton G2 Swivel,ADAPTER,true,true
Full-Size,Cybex Priam,Maxi-Cosi,Peri 180,ADAPTER,true,true
Full-Size,Cybex Priam,Nuna,PIPA urbn,ADAPTER,true,true
Full-Size,DFY R1,Maxi-Cosi,Mico Luxe,ADAPTER,true,true
Full-Size,DFY R1,Cybex,Aton G,ADAPTER,true,true
Full-Size,DFY R1,Nuna,PIPA Aire rx,ADAPTER,true,true
Full-Size,DFY R1,Cybex,Cloud T,ADAPTER,true,true
Full-Size,DFY R1,Nuna,PIPA urbn,ADAPTER,true,true
Full-Size,DFY R1,Nuna,PIPA RX,ADAPTER,true,true
Full-Size,DFY R1,Clek,Liing,ADAPTER,true,true
(uncategorized),Egg Egg,Nuna,PIPA Aire rx,ADAPTER,false,false
(uncategorized),Egg Egg,Nuna,PIPA urbn,ADAPTER,false,false
(uncategorized),Egg Egg,Nuna,PIPA RX,ADAPTER,false,false
(uncategorized),Egg Egg,Maxi-Cosi,Mico Luxe,ADAPTER,false,false
(uncategorized),Egg Egg,Maxi-Cosi,Mico Pro,ADAPTER,false,false
(uncategorized),Ergobaby Metro 3,Maxi-Cosi,Peri 180,ADAPTER,true,true
(uncategorized),Ergobaby Metro 3,Cybex,Aton G,ADAPTER,true,true
(uncategorized),Ergobaby Metro 3,Clek,Liingo,ADAPTER,true,true
(uncategorized),Ergobaby Metro 3,Nuna,PIPA Aire,ADAPTER,true,true
(uncategorized),Ergobaby Metro 3,Maxi-Cosi,Mico Pro,ADAPTER,true,true
(uncategorized),Ergobaby Metro 3,Maxi-Cosi,Mico Luxe,ADAPTER,true,true
(uncategorized),Ergobaby Metro 3,Cybex,Cloud G Pro Comfort Extend,ADAPTER,true,true
(uncategorized),Ergobaby Metro 3,Cybex,Cloud T,ADAPTER,true,true
(uncategorized),Ergobaby Metro 3,Nuna,PIPA RX,ADAPTER,true,true
(uncategorized),Ergobaby Metro 3,Clek,Liing,ADAPTER,true,true
(uncategorized),Ergobaby Metro 3,Nuna,PIPA urbn,ADAPTER,true,true
(uncategorized),Ergobaby Metro 3,Cybex,Aton G2 Swivel,ADAPTER,true,true
(uncategorized),Ergobaby Metro 3,Maxi-Cosi,Ambra,ADAPTER,true,true
(uncategorized),Ergobaby Metro 3,Maxi-Cosi,Coral XP,ADAPTER,true,true
(uncategorized),Ergobaby Metro 3,Cybex,Aton G2,ADAPTER,true,true
(uncategorized),Ergobaby Metro 3,Nuna,PIPA Aire rx,ADAPTER,true,true
(uncategorized),Ergobaby Metro 3 Compact,Nuna,PIPA RX,ADAPTER,false,false
(uncategorized),Ergobaby Metro 3 Compact,Nuna,PIPA Aire rx,ADAPTER,false,false
(uncategorized),Ergobaby Metro 3 Compact,Nuna,PIPA urbn,ADAPTER,false,false
(uncategorized),Ergobaby Metro 3 Compact,Nuna,PIPA Aire,ADAPTER,false,false
Travel,Ergobaby Metro 3 Deluxe Baby,Nuna,PIPA Aire rx,ADAPTER,false,false
Travel,Ergobaby Metro 3 Deluxe Baby,Nuna,PIPA Aire,ADAPTER,false,false
Travel,Ergobaby Metro 3 Deluxe Baby,Nuna,PIPA urbn,ADAPTER,false,false
Travel,Ergobaby Metro 3 Deluxe Baby,Nuna,PIPA RX,ADAPTER,false,false
Travel,Ergobaby Metro 3 Travel,Nuna,PIPA Aire rx,ADAPTER,false,false
Travel,Ergobaby Metro 3 Travel,Nuna,PIPA Aire,ADAPTER,false,false
Travel,Ergobaby Metro 3 Travel,Nuna,PIPA RX,ADAPTER,false,false
Travel,Ergobaby Metro 3 Travel,Nuna,PIPA urbn,ADAPTER,false,false
(uncategorized),Ergobaby Metro+ Deluxe,Nuna,PIPA Aire rx,ADAPTER,false,false
(uncategorized),Ergobaby Metro+ Deluxe,Nuna,PIPA urbn,ADAPTER,false,false
(uncategorized),Ergobaby Metro+ Deluxe,Nuna,PIPA RX,ADAPTER,false,false
(uncategorized),Ergobaby Metro+ Deluxe,Nuna,PIPA Aire,ADAPTER,false,false
Travel,Ergobaby Metro+ Deluxe Baby,Nuna,PIPA Aire,ADAPTER,false,false
Travel,Ergobaby Metro+ Deluxe Baby,Nuna,PIPA RX,ADAPTER,false,false
Travel,Ergobaby Metro+ Deluxe Baby,Nuna,PIPA urbn,ADAPTER,false,false
Travel,Ergobaby Metro+ Deluxe Baby,Nuna,PIPA Aire rx,ADAPTER,false,false
Wagon,Evenflo Pivot Xplore,Chicco,KeyFit 30 ClearTex,ADAPTER,true,true
Wagon,Evenflo Pivot Xplore,Chicco,KeyFit Max Zip ClearTex,ADAPTER,true,true
Wagon,Evenflo Pivot Xplore,Chicco,KeyFit Max ClearTex,ADAPTER,true,true
Wagon,Evenflo Pivot Xplore,Chicco,KeyFit Max Zip ClearLux,ADAPTER,true,true
Wagon,Evenflo Pivot Xplore,Chicco,KeyFit 30,ADAPTER,true,true
Wagon,Evenflo Pivot Xplore,Chicco,Fit2,ADAPTER,true,true
Wagon,Evenflo Pivot Xplore,Chicco,KeyFit 35,ADAPTER,true,true
Jogging / All-Terrain,Guava Family Roam,Cybex,Cloud T,ADAPTER,true,true
Jogging / All-Terrain,Guava Family Roam,UPPAbaby,Aria V2,ADAPTER,true,true
Jogging / All-Terrain,Guava Family Roam,Britax,B-Safe 35 Elite,ADAPTER,true,true
Jogging / All-Terrain,Guava Family Roam,Nuna,PIPA Aire rx,ADAPTER,true,true
Jogging / All-Terrain,Guava Family Roam,Nuna,PIPA Aire,ADAPTER,true,true
Jogging / All-Terrain,Guava Family Roam,UPPAbaby,Mesa Max,ADAPTER,true,true
Jogging / All-Terrain,Guava Family Roam,UPPAbaby,Mesa V3,ADAPTER,true,true
Jogging / All-Terrain,Guava Family Roam,Cybex,Aton G2,ADAPTER,true,true
Jogging / All-Terrain,Guava Family Roam,Britax,B-Safe Gen2 FlexFit,ADAPTER,true,true
Jogging / All-Terrain,Guava Family Roam,Nuna,PIPA RX,ADAPTER,true,true
Jogging / All-Terrain,Guava Family Roam,Britax,B-Safe 35,ADAPTER,true,true
Jogging / All-Terrain,Guava Family Roam,Britax,B-Safe Gen2,ADAPTER,true,true
Jogging / All-Terrain,Guava Family Roam,Cybex,Cloud G Pro Comfort Extend,ADAPTER,true,true
Jogging / All-Terrain,Guava Family Roam,UPPAbaby,Aria,ADAPTER,true,true
Jogging / All-Terrain,Guava Family Roam,Cybex,Aton G,ADAPTER,true,true
Jogging / All-Terrain,Guava Family Roam,Cybex,Aton G2 Swivel,ADAPTER,true,true
Jogging / All-Terrain,Guava Family Roam,Nuna,PIPA urbn,ADAPTER,true,true
(uncategorized),Guava Family Roam Jogging,Nuna,PIPA RX,ADAPTER,false,false
(uncategorized),Guava Family Roam Jogging,Nuna,PIPA Aire rx,ADAPTER,false,false
(uncategorized),Guava Family Roam Jogging,Nuna,PIPA Aire,ADAPTER,false,false
(uncategorized),Guava Family Roam Jogging,Nuna,PIPA urbn,ADAPTER,false,false
Travel,Inglesina Quid³,Nuna,PIPA Aire,ADAPTER,true,true
Travel,Inglesina Quid³,Maxi-Cosi,Peri 180,ADAPTER,true,true
Travel,Inglesina Quid³,Nuna,PIPA urbn,ADAPTER,true,true
Travel,Inglesina Quid³,Maxi-Cosi,Mico Luxe,ADAPTER,true,true
Travel,Inglesina Quid³,Clek,Liing,ADAPTER,true,true
Travel,Inglesina Quid³,Cybex,Aton G,ADAPTER,true,true
Travel,Inglesina Quid³,Clek,Liingo,ADAPTER,true,true
Travel,Inglesina Quid³,Nuna,PIPA Aire rx,ADAPTER,true,true
Travel,Inglesina Quid³,Cybex,Cloud T,ADAPTER,true,true
Travel,Joolz Aer+,Nuna,PIPA RX,ADAPTER,false,false
Travel,Joolz Aer+,Bugaboo,Turtle Air by Nuna,ADAPTER,true,true
Travel,Joolz Aer+,Nuna,PIPA Aire rx,ADAPTER,false,false
Travel,Joolz Aer+,Cybex,Cloud T,ADAPTER,true,true
Travel,Joolz Aer+,Bugaboo,Turtle Air,ADAPTER,true,true
Travel,Joolz Aer+,Maxi-Cosi,Mico Luxe,ADAPTER,false,false
Travel,Joolz Aer+,Nuna,PIPA urbn,ADAPTER,true,true
Travel,Joolz Aer+,Cybex,Aton G,ADAPTER,false,false
Travel,Joolz Aer+,Maxi-Cosi,Mico Pro,ADAPTER,false,false
Travel,Joolz Aer+,Clek,Liing,ADAPTER,true,true
Travel,Joolz Aer2,Cybex,Aton G2 Swivel,ADAPTER,true,true
Travel,Joolz Aer2,Clek,Liingo,ADAPTER,true,true
Travel,Joolz Aer2,Nuna,PIPA RX,ADAPTER,true,true
Travel,Joolz Aer2,Cybex,Aton G,ADAPTER,true,true
Travel,Joolz Aer2,Cybex,Aton G2,ADAPTER,true,true
Travel,Joolz Aer2,Maxi-Cosi,Peri 180,ADAPTER,true,true
Travel,Joolz Aer2,Maxi-Cosi,Mico Pro,ADAPTER,true,true
Travel,Joolz Aer2,Maxi-Cosi,Ambra,ADAPTER,true,true
Travel,Joolz Aer2,Maxi-Cosi,Coral XP,ADAPTER,true,true
Travel,Joolz Aer2,Nuna,PIPA Aire rx,ADAPTER,true,true
Travel,Joolz Aer2,Maxi-Cosi,Mico Luxe,ADAPTER,true,true
Travel,Joolz Aer2,Nuna,PIPA Aire,ADAPTER,true,true
Travel,Joolz Aer2,Bugaboo,Turtle Air,ADAPTER,true,true
Travel,Joolz Aer2,Nuna,PIPA urbn,ADAPTER,true,true
Travel,Joolz Aer2,Clek,Liing,ADAPTER,true,true
Travel,Joolz Aer2,Cybex,Cloud T,ADAPTER,true,true
Travel,Joolz Aer2,Bugaboo,Turtle Air by Nuna,ADAPTER,true,true
Full-Size,Joolz Day,Maxi-Cosi,Mico Luxe,ADAPTER,false,false
Full-Size,Joolz Day,Nuna,PIPA RX,ADAPTER,false,false
Full-Size,Joolz Day,Cybex,Aton G,ADAPTER,false,false
Full-Size,Joolz Day,Maxi-Cosi,Mico Pro,ADAPTER,false,false
Full-Size,Joolz Day,Nuna,PIPA urbn,ADAPTER,false,false
Full-Size,Joolz Day,Nuna,PIPA Aire rx,ADAPTER,false,false
Travel,Joolz Dot Ultra Travel,Nuna,PIPA Aire,ADAPTER,false,false
Travel,Joolz Dot Ultra Travel,Nuna,PIPA Aire rx,ADAPTER,false,false
Travel,Joolz Dot Ultra Travel,Nuna,PIPA RX,ADAPTER,false,false
Travel,Joolz Dot Ultra Travel,Nuna,PIPA urbn,ADAPTER,false,false
(uncategorized),Joolz Geo,Nuna,PIPA RX,ADAPTER,false,false
(uncategorized),Joolz Geo,Cybex,Aton G,ADAPTER,false,false
(uncategorized),Joolz Geo,Nuna,PIPA Aire,ADAPTER,false,false
(uncategorized),Joolz Geo,Nuna,PIPA Aire rx,ADAPTER,false,false
(uncategorized),Joolz Geo,Maxi-Cosi,Mico Pro,ADAPTER,false,false
(uncategorized),Joolz Geo,Nuna,PIPA urbn,ADAPTER,false,false
(uncategorized),Joolz Geo,Maxi-Cosi,Mico Luxe,ADAPTER,false,false
Compact / Mid-Size,Joolz Hub2,Maxi-Cosi,Peri 180,ADAPTER,true,true
Compact / Mid-Size,Joolz Hub2,Nuna,PIPA Aire,ADAPTER,false,false
Compact / Mid-Size,Joolz Hub2,Nuna,PIPA urbn,ADAPTER,false,false
Compact / Mid-Size,Joolz Hub2,Clek,Liingo,ADAPTER,true,true
Compact / Mid-Size,Joolz Hub2,Cybex,Cloud T,ADAPTER,true,true
Compact / Mid-Size,Joolz Hub2,Maxi-Cosi,Ambra,ADAPTER,true,true
Compact / Mid-Size,Joolz Hub2,Cybex,Aton G2 Swivel,ADAPTER,true,true
Compact / Mid-Size,Joolz Hub2,Clek,Liing,ADAPTER,true,true
Compact / Mid-Size,Joolz Hub2,Nuna,PIPA Aire rx,ADAPTER,false,false
Compact / Mid-Size,Joolz Hub2,Nuna,PIPA RX,ADAPTER,false,false
Compact / Mid-Size,Joolz Hub2,Maxi-Cosi,Coral XP,ADAPTER,true,true
Compact / Mid-Size,Joolz Hub2,Cybex,Cloud G Pro Comfort Extend,ADAPTER,true,true
Compact / Mid-Size,Joolz Hub2,Cybex,Aton G2,ADAPTER,true,true
Compact / Mid-Size,Joolz Hub2,Maxi-Cosi,Mico Pro,ADAPTER,true,true
Compact / Mid-Size,Joolz Hub2,Maxi-Cosi,Mico Luxe,ADAPTER,true,true
Compact / Mid-Size,Joolz Hub2,Cybex,Aton G,ADAPTER,true,true
(uncategorized),Joovy Caboose S,Maxi-Cosi,Mico Pro,ADAPTER,false,false
(uncategorized),Joovy Caboose S,Maxi-Cosi,Mico Luxe,ADAPTER,false,false
(uncategorized),Joovy Caboose S,Nuna,PIPA Aire rx,ADAPTER,false,false
(uncategorized),Joovy Caboose S,Nuna,PIPA RX,ADAPTER,false,false
(uncategorized),Joovy Caboose S,Britax,B-Safe 35 Elite,ADAPTER,false,false
(uncategorized),Joovy Caboose S,Nuna,PIPA Aire,ADAPTER,false,false
(uncategorized),Joovy Caboose S,Nuna,PIPA urbn,ADAPTER,false,false
(uncategorized),Joovy Caboose S,Maxi-Cosi,Coral XP,ADAPTER,false,false
(uncategorized),Joovy Caboose S,Maxi-Cosi,Peri 180,ADAPTER,false,false
(uncategorized),Joovy Caboose Ultralight Graphite,Nuna,PIPA Aire,ADAPTER,false,false
(uncategorized),Joovy Caboose Ultralight Graphite,Britax,B-Safe 35 Elite,ADAPTER,false,false
(uncategorized),Joovy Caboose Ultralight Graphite,UPPAbaby,Mesa Max,ADAPTER,false,false
(uncategorized),Joovy Caboose Ultralight Graphite,UPPAbaby,Mesa V3,ADAPTER,false,false
(uncategorized),Joovy Caboose Ultralight Graphite,UPPAbaby,Aria V2,ADAPTER,false,false
(uncategorized),Joovy Caboose Ultralight Graphite,Maxi-Cosi,Mico Pro,ADAPTER,false,false
(uncategorized),Joovy Caboose Ultralight Graphite,Maxi-Cosi,Peri 180,ADAPTER,false,false
(uncategorized),Joovy Caboose Ultralight Graphite,Maxi-Cosi,Coral XP,ADAPTER,false,false
(uncategorized),Joovy Caboose Ultralight Graphite,Maxi-Cosi,Mico Luxe,ADAPTER,false,false
(uncategorized),Joovy Caboose Ultralight Graphite,Nuna,PIPA RX,ADAPTER,false,false
(uncategorized),Joovy Caboose Ultralight Graphite,Nuna,PIPA urbn,ADAPTER,false,false
(uncategorized),Joovy Caboose Ultralight Graphite,Nuna,PIPA Aire rx,ADAPTER,false,false
(uncategorized),Joovy Qool,Nuna,PIPA Aire rx,ADAPTER,false,false
(uncategorized),Joovy Qool,Britax,B-Safe 35 Elite,ADAPTER,false,false
(uncategorized),Joovy Qool,Maxi-Cosi,Mico Luxe,ADAPTER,false,false
(uncategorized),Joovy Qool,Maxi-Cosi,Peri 180,ADAPTER,false,false
(uncategorized),Joovy Qool,Maxi-Cosi,Coral XP,ADAPTER,false,false
(uncategorized),Joovy Qool,Maxi-Cosi,Mico Pro,ADAPTER,false,false
(uncategorized),Joovy Qool,Nuna,PIPA RX,ADAPTER,false,false
(uncategorized),Joovy Qool,Nuna,PIPA urbn,ADAPTER,false,false
(uncategorized),Joovy Qool,Nuna,PIPA Aire,ADAPTER,false,false
(uncategorized),Joovy Twin Roo+,Maxi-Cosi,Mico Luxe,ADAPTER,false,false
(uncategorized),Joovy Twin Roo+,Maxi-Cosi,Mico Pro,ADAPTER,false,false
(uncategorized),Joovy Twin Roo+,Maxi-Cosi,Peri 180,ADAPTER,false,false
(uncategorized),Joovy Twin Roo+,Maxi-Cosi,Coral XP,ADAPTER,false,false
(uncategorized),Joovy Twin Roo+,UPPAbaby,Aria V2,ADAPTER,false,false
(uncategorized),Joovy Twin Roo+,UPPAbaby,Mesa V3,ADAPTER,false,false
(uncategorized),Joovy Twin Roo+,UPPAbaby,Mesa Max,ADAPTER,false,false
(uncategorized),Joovy Twin Roo+,Britax,B-Safe 35 Elite,ADAPTER,false,false
Wagon,Larktale Caravan Coupe Quad,Nuna,PIPA Aire rx,ADAPTER,false,false
Wagon,Larktale Caravan Coupe Quad,Chicco,Fit2,ADAPTER,false,false
Wagon,Larktale Caravan Coupe Quad,Nuna,PIPA RX,ADAPTER,false,false
Wagon,Larktale Caravan Coupe Quad,Chicco,KeyFit Max Zip ClearTex,ADAPTER,false,false
Wagon,Larktale Caravan Coupe Quad,Chicco,KeyFit Max Zip ClearLux,ADAPTER,false,false
Wagon,Larktale Caravan Coupe Quad,Chicco,KeyFit Max ClearTex,ADAPTER,false,false
Wagon,Larktale Caravan Coupe Quad,Chicco,KeyFit 35,ADAPTER,false,false
Wagon,Larktale Caravan Coupe Quad,Chicco,KeyFit 30 ClearTex,ADAPTER,false,false
Wagon,Larktale Caravan Coupe Quad,Chicco,KeyFit 30,ADAPTER,false,false
Wagon,Larktale Caravan Coupe Quad,Nuna,PIPA urbn,ADAPTER,false,false
Wagon,Larktale Caravan Coupe Quad,Nuna,PIPA Aire,ADAPTER,false,false
Wagon,Larktale Caravan Coupe V2,Chicco,KeyFit 30 ClearTex,ADAPTER,false,false
Wagon,Larktale Caravan Coupe V2,Chicco,KeyFit 30,ADAPTER,false,false
Wagon,Larktale Caravan Coupe V2,Chicco,Fit2,ADAPTER,false,false
Wagon,Larktale Caravan Coupe V2,Nuna,PIPA urbn,ADAPTER,false,false
Wagon,Larktale Caravan Coupe V2,Nuna,PIPA Aire,ADAPTER,false,false
Wagon,Larktale Caravan Coupe V2,Nuna,PIPA Aire rx,ADAPTER,false,false
Wagon,Larktale Caravan Coupe V2,Nuna,PIPA RX,ADAPTER,false,false
Wagon,Larktale Caravan Coupe V2,Chicco,KeyFit Max Zip ClearLux,ADAPTER,false,false
Wagon,Larktale Caravan Coupe V2,Chicco,KeyFit Max Zip ClearTex,ADAPTER,false,false
Wagon,Larktale Caravan Coupe V2,Chicco,KeyFit Max ClearTex,ADAPTER,false,false
Wagon,Larktale Caravan Coupe V2,Chicco,KeyFit 35,ADAPTER,false,false
Wagon,Larktale Caravan Quad,Chicco,Fit2,ADAPTER,false,false
Wagon,Larktale Caravan Quad,Nuna,PIPA urbn,ADAPTER,false,false
Wagon,Larktale Caravan Quad,Nuna,PIPA Aire rx,ADAPTER,false,false
Wagon,Larktale Caravan Quad,Chicco,KeyFit 35,ADAPTER,false,false
Wagon,Larktale Caravan Quad,Chicco,KeyFit Max ClearTex,ADAPTER,false,false
Wagon,Larktale Caravan Quad,Chicco,KeyFit Max Zip ClearLux,ADAPTER,false,false
Wagon,Larktale Caravan Quad,Chicco,KeyFit 30 ClearTex,ADAPTER,false,false
Wagon,Larktale Caravan Quad,Chicco,KeyFit 30,ADAPTER,false,false
Wagon,Larktale Caravan Quad,Nuna,PIPA Aire,ADAPTER,false,false
Wagon,Larktale Caravan Quad,Chicco,KeyFit Max Zip ClearTex,ADAPTER,false,false
Wagon,Larktale Caravan Quad,Nuna,PIPA RX,ADAPTER,false,false
(uncategorized),Maxi-Cosi Lila,Britax,B-Safe 35 Elite,ADAPTER,false,false
(uncategorized),Maxi-Cosi Tayla,Britax,B-Safe 35 Elite,ADAPTER,false,false
Full-Size,Maxi-Cosi Tayla Max Modular,Britax,B-Safe 35 Elite,ADAPTER,false,false
Compact / Mid-Size,Mima Creo,Maxi-Cosi,Ambra,ADAPTER,true,true
Compact / Mid-Size,Mima Creo,Maxi-Cosi,Peri 180,ADAPTER,true,true
Compact / Mid-Size,Mima Creo,Nuna,PIPA Aire,ADAPTER,true,true
Compact / Mid-Size,Mima Creo,Nuna,PIPA urbn,ADAPTER,true,true
Compact / Mid-Size,Mima Creo,Maxi-Cosi,Coral XP,ADAPTER,true,true
Compact / Mid-Size,Mima Creo,Clek,Liingo,ADAPTER,true,true
Compact / Mid-Size,Mima Creo,Cybex,Aton G,ADAPTER,true,true
Compact / Mid-Size,Mima Creo,Cybex,Aton G2 Swivel,ADAPTER,true,true
Compact / Mid-Size,Mima Creo,Cybex,Cloud G Pro Comfort Extend,ADAPTER,true,true
Compact / Mid-Size,Mima Creo,Cybex,Aton G2,ADAPTER,true,true
Compact / Mid-Size,Mima Creo,Cybex,Cloud T,ADAPTER,true,true
Compact / Mid-Size,Mima Creo,Maxi-Cosi,Mico Pro,ADAPTER,true,true
Compact / Mid-Size,Mima Creo,Clek,Liing,ADAPTER,true,true
Compact / Mid-Size,Mima Creo,Nuna,PIPA Aire rx,ADAPTER,true,true
Compact / Mid-Size,Mima Creo,Maxi-Cosi,Mico Luxe,ADAPTER,true,true
Compact / Mid-Size,Mima Creo,Nuna,PIPA RX,ADAPTER,true,true
Travel,Mima Miro,Nuna,PIPA urbn,ADAPTER,false,false
Travel,Mima Miro,Cybex,Aton G,ADAPTER,true,true
Travel,Mima Miro,Cybex,Cloud T,ADAPTER,true,true
Travel,Mima Miro,Maxi-Cosi,Peri 180,ADAPTER,true,true
Travel,Mima Miro,Cybex,Aton G2 Swivel,ADAPTER,true,true
Travel,Mima Miro,Nuna,PIPA RX,ADAPTER,false,false
Travel,Mima Miro,Maxi-Cosi,Ambra,ADAPTER,true,true
Travel,Mima Miro,Cybex,Cloud G Pro Comfort Extend,ADAPTER,true,true
Travel,Mima Miro,Cybex,Aton G2,ADAPTER,true,true
Travel,Mima Miro,Nuna,PIPA Aire rx,ADAPTER,false,false
Travel,Mima Miro,Nuna,PIPA Aire,ADAPTER,false,false
Travel,Mima Miro,Maxi-Cosi,Mico Luxe,ADAPTER,true,true
Travel,Mima Miro,Maxi-Cosi,Mico Pro,ADAPTER,true,true
Travel,Mima Miro,Maxi-Cosi,Coral XP,ADAPTER,true,true
Full-Size,Mima Xari,Nuna,PIPA Aire,ADAPTER,true,true
Full-Size,Mima Xari,Maxi-Cosi,Mico Luxe,ADAPTER,true,true
Full-Size,Mima Xari,Nuna,PIPA RX,ADAPTER,true,true
Full-Size,Mima Xari,Nuna,PIPA urbn,ADAPTER,true,true
Full-Size,Mima Xari,Clek,Liing,ADAPTER,true,true
Full-Size,Mima Xari,Clek,Liingo,ADAPTER,true,true
Full-Size,Mima Xari,Maxi-Cosi,Mico Pro,ADAPTER,true,true
Full-Size,Mima Xari,Cybex,Cloud T,ADAPTER,true,true
Full-Size,Mima Xari,Nuna,PIPA Aire rx,ADAPTER,true,true
Full-Size,Mima Xari,Cybex,Aton G2 Swivel,ADAPTER,true,true
Full-Size,Mima Xari,Cybex,Aton G2,ADAPTER,true,true
Full-Size,Mima Xari,Cybex,Aton G,ADAPTER,true,true
Full-Size,Mima Xari,Maxi-Cosi,Ambra,ADAPTER,true,true
Full-Size,Mima Xari,Cybex,Cloud G Pro Comfort Extend,ADAPTER,true,true
Full-Size,Mima Xari,Maxi-Cosi,Peri 180,ADAPTER,true,true
Full-Size,Mima Xari,Maxi-Cosi,Coral XP,ADAPTER,true,true
(uncategorized),Mima Xari Max,Nuna,PIPA RX,ADAPTER,false,false
(uncategorized),Mima Xari Max,Nuna,PIPA Aire rx,ADAPTER,false,false
(uncategorized),Mima Xari Max,Nuna,PIPA urbn,ADAPTER,false,false
(uncategorized),Mima Xari Max,Nuna,PIPA Aire,ADAPTER,false,false
(uncategorized),Mima Xari Sport,Nuna,PIPA Aire,ADAPTER,false,false
(uncategorized),Mima Xari Sport,UPPAbaby,Aria V2,ADAPTER,false,false
(uncategorized),Mima Xari Sport,Nuna,PIPA RX,ADAPTER,false,false
(uncategorized),Mima Xari Sport,Nuna,PIPA urbn,ADAPTER,false,false
(uncategorized),Mima Xari Sport,Nuna,PIPA Aire rx,ADAPTER,false,false
(uncategorized),Mima Xari Sport,UPPAbaby,Mesa Max,ADAPTER,false,false
(uncategorized),Mima Xari Sport,UPPAbaby,Mesa V3,ADAPTER,false,false
(uncategorized),Mima Zigi,Nuna,PIPA urbn,ADAPTER,false,false
(uncategorized),Mima Zigi,Maxi-Cosi,Mico Luxe,LIMITED,false,false
(uncategorized),Mima Zigi,Maxi-Cosi,Mico Pro,LIMITED,false,false
(uncategorized),Mima Zigi,Nuna,PIPA Aire,ADAPTER,false,false
(uncategorized),Mima Zigi,Nuna,PIPA RX,LIMITED,false,false
(uncategorized),Mima Zigi,Nuna,PIPA Aire rx,LIMITED,false,false
Full-Size,Mockingbird Single,Maxi-Cosi,Coral XP,ADAPTER,true,true
Full-Size,Mockingbird Single,Nuna,PIPA RX,ADAPTER,true,true
Full-Size,Mockingbird Single,Baby Jogger,City GO 2,ADAPTER,true,true
Full-Size,Mockingbird Single,Maxi-Cosi,Mico Pro,ADAPTER,true,true
Full-Size,Mockingbird Single,Clek,Liing,ADAPTER,true,true
Full-Size,Mockingbird Single,Joie,Rue,ADAPTER,false,false
Full-Size,Mockingbird Single,UPPAbaby,Mesa V3,ADAPTER,true,true
Full-Size,Mockingbird Single,Cybex,Cloud T,ADAPTER,true,true
Full-Size,Mockingbird Single,Maxi-Cosi,Peri 180,ADAPTER,true,true
Full-Size,Mockingbird Single,UPPAbaby,Aria,ADAPTER,true,true
Full-Size,Mockingbird Single,UPPAbaby,Mesa Max,ADAPTER,true,true
Full-Size,Mockingbird Single,UPPAbaby,Aria V2,ADAPTER,true,true
Full-Size,Mockingbird Single,Britax,Willow S,ADAPTER,true,true
Full-Size,Mockingbird Single,Nuna,PIPA Aire rx,ADAPTER,true,true
Full-Size,Mockingbird Single,Cybex,Aton G,ADAPTER,true,true
Full-Size,Mockingbird Single,Maxi-Cosi,Mico Luxe,ADAPTER,true,true
Full-Size,Mockingbird Single,Nuna,PIPA Aire,ADAPTER,true,true
Full-Size,Mockingbird Single,Clek,Liingo,ADAPTER,true,true
Full-Size,Mockingbird Single,Nuna,PIPA urbn,ADAPTER,true,true
Full-Size,Mockingbird Single,Joie,Infant Seat Series,ADAPTER,false,false
Full-Size,Mockingbird Single,Joie,Mint Latch,ADAPTER,false,false
Full-Size,Mockingbird Single,Graco,GoMax,ADAPTER,false,false
Full-Size,Mockingbird Single,Graco,SnugRide Lite LX,ADAPTER,false,false
Full-Size,Mockingbird Single,Graco,SnugRide SnugFit,ADAPTER,false,false
Full-Size,Mockingbird Single,Graco,SnugRide SnugFit DLX,ADAPTER,false,false
Full-Size,Mockingbird Single,Graco,SnugRide SnugFit LX,ADAPTER,false,false
Full-Size,Mockingbird Single,Chicco,Fit2,ADAPTER,false,false
Full-Size,Mockingbird Single,Chicco,KeyFit 30,ADAPTER,false,false
Full-Size,Mockingbird Single,Chicco,KeyFit 30 ClearTex,ADAPTER,false,false
Full-Size,Mockingbird Single,Chicco,KeyFit 35,ADAPTER,false,false
Full-Size,Mockingbird Single,Chicco,KeyFit Max ClearTex,ADAPTER,false,false
Full-Size,Mockingbird Single,Chicco,KeyFit Max Zip ClearLux,ADAPTER,false,false
Full-Size,Mockingbird Single,Chicco,KeyFit Max Zip ClearTex,ADAPTER,false,false
(uncategorized),Mockingbird Single 3.0,Maxi-Cosi,Coral XP,ADAPTER,true,true
(uncategorized),Mockingbird Single 3.0,Baby Jogger,City GO 2,ADAPTER,true,true
(uncategorized),Mockingbird Single 3.0,Clek,Liing,ADAPTER,true,true
(uncategorized),Mockingbird Single 3.0,Joie,Rue,ADAPTER,false,false
(uncategorized),Mockingbird Single 3.0,Maxi-Cosi,Mico Pro,ADAPTER,true,true
(uncategorized),Mockingbird Single 3.0,UPPAbaby,Mesa V3,ADAPTER,true,true
(uncategorized),Mockingbird Single 3.0,Chicco,KeyFit 30 ClearTex,ADAPTER,false,false
(uncategorized),Mockingbird Single 3.0,Nuna,PIPA RX,ADAPTER,true,true
(uncategorized),Mockingbird Single 3.0,Chicco,KeyFit 35,ADAPTER,false,false
(uncategorized),Mockingbird Single 3.0,Cybex,Cloud T,ADAPTER,true,true
(uncategorized),Mockingbird Single 3.0,Joie,Mint Latch,ADAPTER,false,false
(uncategorized),Mockingbird Single 3.0,Joie,Infant Seat Series,ADAPTER,false,false
(uncategorized),Mockingbird Single 3.0,Chicco,KeyFit Max Zip ClearTex,ADAPTER,false,false
(uncategorized),Mockingbird Single 3.0,Chicco,KeyFit Max Zip ClearLux,ADAPTER,false,false
(uncategorized),Mockingbird Single 3.0,Chicco,KeyFit Max ClearTex,ADAPTER,false,false
(uncategorized),Mockingbird Single 3.0,Cybex,Aton G,ADAPTER,true,true
(uncategorized),Mockingbird Single 3.0,Nuna,PIPA urbn,ADAPTER,true,true
(uncategorized),Mockingbird Single 3.0,Clek,Liingo,ADAPTER,true,true
(uncategorized),Mockingbird Single 3.0,Graco,GoMax,ADAPTER,false,false
(uncategorized),Mockingbird Single 3.0,Graco,SnugRide Lite LX,ADAPTER,false,false
(uncategorized),Mockingbird Single 3.0,Graco,SnugRide SnugFit,ADAPTER,false,false
(uncategorized),Mockingbird Single 3.0,UPPAbaby,Aria,ADAPTER,true,true
(uncategorized),Mockingbird Single 3.0,Graco,SnugRide SnugFit DLX,ADAPTER,false,false
(uncategorized),Mockingbird Single 3.0,Graco,SnugRide SnugFit LX,ADAPTER,false,false
(uncategorized),Mockingbird Single 3.0,Chicco,Fit2,ADAPTER,false,false
(uncategorized),Mockingbird Single 3.0,Chicco,KeyFit 30,ADAPTER,false,false
(uncategorized),Mockingbird Single 3.0,Britax,Willow S,ADAPTER,true,true
(uncategorized),Mockingbird Single 3.0,UPPAbaby,Aria V2,ADAPTER,true,true
(uncategorized),Mockingbird Single 3.0,Nuna,PIPA Aire,ADAPTER,true,true
(uncategorized),Mockingbird Single 3.0,UPPAbaby,Mesa Max,ADAPTER,true,true
(uncategorized),Mockingbird Single 3.0,Maxi-Cosi,Mico Luxe,ADAPTER,true,true
(uncategorized),Mockingbird Single 3.0,Nuna,PIPA Aire rx,ADAPTER,true,true
(uncategorized),Mockingbird Single 3.0,Maxi-Cosi,Peri 180,ADAPTER,true,true
Single-to-Double,Mockingbird Single-to-Double,Chicco,KeyFit Max Zip ClearLux,ADAPTER,true,true
Single-to-Double,Mockingbird Single-to-Double,Graco,GoMax,ADAPTER,true,true
Single-to-Double,Mockingbird Single-to-Double,Nuna,PIPA Aire,ADAPTER,true,true
Single-to-Double,Mockingbird Single-to-Double,Nuna,PIPA urbn,ADAPTER,true,true
Single-to-Double,Mockingbird Single-to-Double,Maxi-Cosi,Coral XP,ADAPTER,true,true
Single-to-Double,Mockingbird Single-to-Double,Graco,SnugRide Lite LX,ADAPTER,true,true
Single-to-Double,Mockingbird Single-to-Double,Graco,SnugRide SnugFit,ADAPTER,true,true
Single-to-Double,Mockingbird Single-to-Double,Chicco,KeyFit Max ClearTex,ADAPTER,true,true
Single-to-Double,Mockingbird Single-to-Double,Chicco,KeyFit Max Zip ClearTex,ADAPTER,true,true
Single-to-Double,Mockingbird Single-to-Double,Chicco,Fit2,ADAPTER,true,true
Single-to-Double,Mockingbird Single-to-Double,Chicco,KeyFit 30,ADAPTER,true,true
Single-to-Double,Mockingbird Single-to-Double,Chicco,KeyFit 30 ClearTex,ADAPTER,true,true
Single-to-Double,Mockingbird Single-to-Double,Chicco,KeyFit 35,ADAPTER,true,true
Single-to-Double,Mockingbird Single-to-Double,Graco,SnugRide SnugFit LX,ADAPTER,false,false
Single-to-Double,Mockingbird Single-to-Double,Graco,SnugRide SnugFit DLX,ADAPTER,true,true
Single-to-Double,Mockingbird Single-to-Double,Maxi-Cosi,Mico Luxe,ADAPTER,true,true
Single-to-Double,Mockingbird Single-to-Double,Cybex,Cloud T,ADAPTER,true,true
Single-to-Double,Mockingbird Single-to-Double,Clek,Liing,ADAPTER,true,true
Single-to-Double,Mockingbird Single-to-Double,UPPAbaby,Mesa V3,ADAPTER,true,true
Single-to-Double,Mockingbird Single-to-Double,Joie,Mint Latch,ADAPTER,false,false
Single-to-Double,Mockingbird Single-to-Double,Joie,Infant Seat Series,ADAPTER,false,false
Single-to-Double,Mockingbird Single-to-Double,Nuna,PIPA Aire rx,ADAPTER,true,true
Single-to-Double,Mockingbird Single-to-Double,Britax,Willow S,ADAPTER,true,true
Single-to-Double,Mockingbird Single-to-Double,UPPAbaby,Aria,ADAPTER,true,true
Single-to-Double,Mockingbird Single-to-Double,Maxi-Cosi,Peri 180,ADAPTER,true,true
Single-to-Double,Mockingbird Single-to-Double,Joie,Rue,ADAPTER,false,false
Single-to-Double,Mockingbird Single-to-Double,Maxi-Cosi,Mico Pro,ADAPTER,true,true
Single-to-Double,Mockingbird Single-to-Double,Baby Jogger,City GO 2,ADAPTER,true,true
Single-to-Double,Mockingbird Single-to-Double,Nuna,PIPA RX,ADAPTER,true,true
Single-to-Double,Mockingbird Single-to-Double,UPPAbaby,Mesa Max,ADAPTER,true,true
Single-to-Double,Mockingbird Single-to-Double,UPPAbaby,Aria V2,ADAPTER,true,true
Single-to-Double,Mockingbird Single-to-Double,Cybex,Aton G,ADAPTER,true,true
Single-to-Double,Mockingbird Single-to-Double,Cybex,Aton G2 Swivel,ADAPTER,true,true
Single-to-Double,Mockingbird Single-to-Double,Cybex,Aton G2,ADAPTER,true,true
Single-to-Double,Mockingbird Single-to-Double,Clek,Liingo,ADAPTER,true,true
Single-to-Double,Mockingbird Single-to-Double,Cybex,Cloud G Pro Comfort Extend,ADAPTER,true,true
Single-to-Double,Momcozy ChangeGo Baby,Nuna,PIPA RX,ADAPTER,true,true
Single-to-Double,Momcozy ChangeGo Baby,Nuna,PIPA urbn,ADAPTER,true,true
Single-to-Double,Momcozy ChangeGo Baby,Maxi-Cosi,Ambra,ADAPTER,true,true
Single-to-Double,Momcozy ChangeGo Baby,Maxi-Cosi,Mico Pro,ADAPTER,true,true
Single-to-Double,Momcozy ChangeGo Baby,Cybex,Aton G2,ADAPTER,true,true
Single-to-Double,Momcozy ChangeGo Baby,Joie,Mint Latch,ADAPTER,true,true
Single-to-Double,Momcozy ChangeGo Baby,Clek,Liingo,ADAPTER,true,true
Single-to-Double,Momcozy ChangeGo Baby,Clek,Liing,ADAPTER,true,true
Single-to-Double,Momcozy ChangeGo Baby,Cybex,Cloud G Pro Comfort Extend,ADAPTER,true,true
Single-to-Double,Momcozy ChangeGo Baby,Nuna,PIPA Aire,ADAPTER,true,true
Single-to-Double,Momcozy ChangeGo Baby,Maxi-Cosi,Coral XP,ADAPTER,true,true
Single-to-Double,Momcozy ChangeGo Baby,Cybex,Cloud T,ADAPTER,true,true
Single-to-Double,Momcozy ChangeGo Baby,Nuna,PIPA Aire rx,ADAPTER,true,true
Single-to-Double,Momcozy ChangeGo Baby,Cybex,Aton G,ADAPTER,true,true
Single-to-Double,Momcozy ChangeGo Baby,Maxi-Cosi,Peri 180,ADAPTER,true,true
Single-to-Double,Momcozy ChangeGo Baby,Maxi-Cosi,Mico Luxe,ADAPTER,true,true
Compact / Mid-Size,Mompush Meteor 2,Nuna,PIPA urbn,ADAPTER,false,false
Compact / Mid-Size,Mompush Meteor 2,Nuna,PIPA RX,ADAPTER,false,false
Compact / Mid-Size,Mompush Meteor 2,Nuna,PIPA Aire,ADAPTER,false,false
Compact / Mid-Size,Mompush Meteor 2,Nuna,PIPA Aire rx,ADAPTER,false,false
Full-Size,Mompush Ultimate 2 Seat,Nuna,PIPA urbn,ADAPTER,false,false
Full-Size,Mompush Ultimate 2 Seat,Nuna,PIPA RX,ADAPTER,false,false
Full-Size,Mompush Ultimate 2 Seat,Nuna,PIPA Aire,ADAPTER,false,false
Full-Size,Mompush Ultimate 2 Seat,Nuna,PIPA Aire rx,ADAPTER,false,false
Travel,Mompush Velo Travel,Nuna,PIPA Aire rx,ADAPTER,false,false
Travel,Mompush Velo Travel,Nuna,PIPA urbn,ADAPTER,false,false
Travel,Mompush Velo Travel,Nuna,PIPA RX,ADAPTER,false,false
Travel,Mompush Velo Travel,Nuna,PIPA Aire,ADAPTER,false,false
Full-Size,Mompush Wiz,Clek,Liing,ADAPTER,true,true
Full-Size,Mompush Wiz,Maxi-Cosi,Mico Pro,ADAPTER,true,true
Full-Size,Mompush Wiz,Chicco,KeyFit Max Zip ClearTex,ADAPTER,true,true
Full-Size,Mompush Wiz,Maxi-Cosi,Mico Luxe,ADAPTER,true,true
Full-Size,Mompush Wiz,Maxi-Cosi,Ambra,ADAPTER,true,true
Full-Size,Mompush Wiz,Clek,Liingo,ADAPTER,true,true
Full-Size,Mompush Wiz,Chicco,KeyFit 30,ADAPTER,true,true
Full-Size,Mompush Wiz,Chicco,KeyFit Max Zip ClearLux,ADAPTER,true,true
Full-Size,Mompush Wiz,Cybex,Aton G,ADAPTER,true,true
Full-Size,Mompush Wiz,Cybex,Cloud G Pro Comfort Extend,ADAPTER,true,true
Full-Size,Mompush Wiz,Nuna,PIPA urbn,ADAPTER,true,true
Full-Size,Mompush Wiz,Cybex,Aton G2,ADAPTER,true,true
Full-Size,Mompush Wiz,Chicco,KeyFit 30 ClearTex,ADAPTER,true,true
Full-Size,Mompush Wiz,Cybex,Cloud T,ADAPTER,true,true
Full-Size,Mompush Wiz,Chicco,KeyFit 35,ADAPTER,true,true
Full-Size,Mompush Wiz,Chicco,Fit2,ADAPTER,true,true
Full-Size,Mompush Wiz,Maxi-Cosi,Coral XP,ADAPTER,true,true
Full-Size,Mompush Wiz,Chicco,KeyFit Max ClearTex,ADAPTER,true,true
Full-Size,Mompush Wiz,Nuna,PIPA Aire,ADAPTER,true,true
Full-Size,Mompush Wiz,Nuna,PIPA RX,ADAPTER,true,true
Full-Size,Mompush Wiz,Nuna,PIPA Aire rx,ADAPTER,true,true
Full-Size,Mompush Wiz,Maxi-Cosi,Peri 180,ADAPTER,true,true
Full-Size,Mompush Wiz,Cybex,Aton G2 Swivel,ADAPTER,true,true
Full-Size,Orbit Baby G5,Maxi-Cosi,Peri 180,ADAPTER,true,true
Full-Size,Orbit Baby G5,Cybex,Cloud T,ADAPTER,true,true
Full-Size,Orbit Baby G5,Cybex,Cloud G Pro Comfort Extend,ADAPTER,true,true
Full-Size,Orbit Baby G5,Cybex,Aton G2,ADAPTER,true,true
Full-Size,Orbit Baby G5,Cybex,Aton G2 Swivel,ADAPTER,true,true
Full-Size,Orbit Baby G5,Cybex,Aton G,ADAPTER,true,true
Full-Size,Orbit Baby G5,Clek,Liing,ADAPTER,true,true
Full-Size,Orbit Baby G5,Maxi-Cosi,Mico Luxe,ADAPTER,true,true
Full-Size,Orbit Baby G5,Maxi-Cosi,Mico Pro,ADAPTER,true,true
Full-Size,Orbit Baby G5,Maxi-Cosi,Ambra,ADAPTER,true,true
Full-Size,Orbit Baby G5,Nuna,PIPA Aire,ADAPTER,false,false
Full-Size,Orbit Baby G5,Nuna,PIPA Aire rx,ADAPTER,false,false
Full-Size,Orbit Baby G5,Nuna,PIPA RX,ADAPTER,false,false
Full-Size,Orbit Baby G5,Nuna,PIPA urbn,ADAPTER,false,false
Full-Size,Orbit Baby G5,Clek,Liingo,ADAPTER,true,true
Full-Size,Orbit Baby G5,Maxi-Cosi,Coral XP,ADAPTER,true,true
Travel,Orbit Baby M+,Nuna,PIPA RX,ADAPTER,false,false
Travel,Orbit Baby M+,Cybex,Aton G2 Swivel,ADAPTER,true,true
Travel,Orbit Baby M+,Cybex,Aton G,ADAPTER,true,true
Travel,Orbit Baby M+,Maxi-Cosi,Ambra,ADAPTER,true,true
Travel,Orbit Baby M+,Nuna,PIPA Aire rx,ADAPTER,false,false
Travel,Orbit Baby M+,Clek,Liingo,ADAPTER,true,true
Travel,Orbit Baby M+,Nuna,PIPA Aire,ADAPTER,false,false
Travel,Orbit Baby M+,Cybex,Aton G2,ADAPTER,true,true
Travel,Orbit Baby M+,Maxi-Cosi,Mico Pro,ADAPTER,true,true
Travel,Orbit Baby M+,Nuna,PIPA urbn,ADAPTER,false,false
Travel,Orbit Baby M+,Maxi-Cosi,Mico Luxe,ADAPTER,true,true
Travel,Orbit Baby M+,Cybex,Cloud G Pro Comfort Extend,ADAPTER,true,true
Travel,Orbit Baby M+,Cybex,Cloud T,ADAPTER,true,true
Travel,Orbit Baby M+,Maxi-Cosi,Coral XP,ADAPTER,true,true
Travel,Orbit Baby M+,Clek,Liing,ADAPTER,true,true
Travel,Orbit Baby M+,Maxi-Cosi,Peri 180,ADAPTER,true,true
Compact / Mid-Size,Peg Perego City Loop,Nuna,PIPA Aire,ADAPTER,false,false
Compact / Mid-Size,Peg Perego City Loop,Nuna,PIPA urbn,ADAPTER,false,false
Compact / Mid-Size,Peg Perego City Loop,Nuna,PIPA RX,ADAPTER,false,false
Compact / Mid-Size,Peg Perego City Loop,Nuna,PIPA Aire rx,ADAPTER,false,false
(uncategorized),Peg Perego Selfie,Nuna,PIPA urbn,ADAPTER,false,false
(uncategorized),Peg Perego Selfie,Nuna,PIPA RX,ADAPTER,false,false
(uncategorized),Peg Perego Selfie,Nuna,PIPA Aire rx,ADAPTER,false,false
Single-to-Double,Peg Perego YPSI,Nuna,PIPA RX,ADAPTER,false,false
Single-to-Double,Peg Perego YPSI,Nuna,PIPA Aire rx,ADAPTER,false,false
Single-to-Double,Peg Perego YPSI,Nuna,PIPA urbn,ADAPTER,false,false
(uncategorized),Peg Perego Z4,Nuna,PIPA Aire rx,ADAPTER,false,false
(uncategorized),Peg Perego Z4,Nuna,PIPA RX,ADAPTER,false,false
(uncategorized),Peg Perego Z4,Nuna,PIPA urbn,ADAPTER,false,false
Compact / Mid-Size,Silver Cross Breez,Maxi-Cosi,Coral XP,ADAPTER,true,true
Compact / Mid-Size,Silver Cross Breez,Cybex,Aton G,ADAPTER,true,true
Compact / Mid-Size,Silver Cross Breez,Nuna,PIPA urbn,ADAPTER,true,true
Compact / Mid-Size,Silver Cross Breez,Cybex,Cloud G Pro Comfort Extend,ADAPTER,true,true
Compact / Mid-Size,Silver Cross Breez,Maxi-Cosi,Mico Pro,ADAPTER,true,true
Compact / Mid-Size,Silver Cross Breez,Clek,Liingo,ADAPTER,true,true
Compact / Mid-Size,Silver Cross Breez,Cybex,Aton G2 Swivel,ADAPTER,true,true
Compact / Mid-Size,Silver Cross Breez,Clek,Liing,ADAPTER,true,true
Compact / Mid-Size,Silver Cross Breez,Nuna,PIPA Aire,ADAPTER,true,true
Compact / Mid-Size,Silver Cross Breez,Maxi-Cosi,Ambra,ADAPTER,true,true
Compact / Mid-Size,Silver Cross Breez,Cybex,Aton G2,ADAPTER,true,true
Compact / Mid-Size,Silver Cross Breez,Nuna,PIPA Aire rx,ADAPTER,true,true
Compact / Mid-Size,Silver Cross Breez,Maxi-Cosi,Mico Luxe,ADAPTER,true,true
Compact / Mid-Size,Silver Cross Breez,Nuna,PIPA RX,ADAPTER,true,true
Compact / Mid-Size,Silver Cross Breez,Maxi-Cosi,Peri 180,ADAPTER,true,true
Compact / Mid-Size,Silver Cross Breez,Cybex,Cloud T,ADAPTER,true,true
(uncategorized),Silver Cross Comet,Maxi-Cosi,Peri 180,ADAPTER,false,false
(uncategorized),Silver Cross Comet,Nuna,PIPA Aire,ADAPTER,false,false
(uncategorized),Silver Cross Comet,Maxi-Cosi,Mico Pro,ADAPTER,false,false
(uncategorized),Silver Cross Comet,Cybex,Aton G,ADAPTER,false,false
(uncategorized),Silver Cross Comet,Nuna,PIPA Aire rx,ADAPTER,false,false
(uncategorized),Silver Cross Comet,Cybex,Cloud T,ADAPTER,false,false
(uncategorized),Silver Cross Comet,Nuna,PIPA urbn,ADAPTER,false,false
(uncategorized),Silver Cross Comet,Maxi-Cosi,Coral XP,ADAPTER,false,false
(uncategorized),Silver Cross Comet,Maxi-Cosi,Mico Luxe,ADAPTER,false,false
(uncategorized),Silver Cross Comet,Nuna,PIPA RX,ADAPTER,false,false
Full-Size,Silver Cross Cove 2,Nuna,PIPA RX,ADAPTER,false,false
Full-Size,Silver Cross Cove 2,Nuna,PIPA urbn,ADAPTER,false,false
Full-Size,Silver Cross Cove 2,Nuna,PIPA Aire rx,ADAPTER,false,false
Full-Size,Silver Cross Cove 2,Nuna,PIPA Aire,ADAPTER,false,false
Full-Size,Silver Cross Cove 2,Clek,Liing,ADAPTER,true,true
Full-Size,Silver Cross Cove 2,Cybex,Aton G,ADAPTER,true,true
(uncategorized),Silver Cross Dune,Nuna,PIPA RX,ADAPTER,true,true
(uncategorized),Silver Cross Dune,Nuna,PIPA Aire,ADAPTER,false,false
(uncategorized),Silver Cross Dune,Maxi-Cosi,Mico Luxe,ADAPTER,false,false
(uncategorized),Silver Cross Dune,Clek,Liingo,ADAPTER,false,false
(uncategorized),Silver Cross Dune,Clek,Liing,ADAPTER,false,false
(uncategorized),Silver Cross Dune,Nuna,PIPA Aire rx,ADAPTER,false,false
(uncategorized),Silver Cross Dune,Nuna,PIPA urbn,ADAPTER,false,false
(uncategorized),Silver Cross Dune,Maxi-Cosi,Peri 180,ADAPTER,false,false
(uncategorized),Silver Cross Dune,Maxi-Cosi,Mico Pro,ADAPTER,false,false
(uncategorized),Silver Cross Dune,Maxi-Cosi,Coral XP,ADAPTER,false,false
(uncategorized),Silver Cross Dune 2,Nuna,PIPA Aire,ADAPTER,false,false
(uncategorized),Silver Cross Dune 2,Cybex,Cloud T,ADAPTER,false,false
(uncategorized),Silver Cross Dune 2,Nuna,PIPA RX,ADAPTER,false,false
(uncategorized),Silver Cross Dune 2,Maxi-Cosi,Mico Pro,ADAPTER,false,false
(uncategorized),Silver Cross Dune 2,Maxi-Cosi,Mico Luxe,ADAPTER,false,false
(uncategorized),Silver Cross Dune 2,Maxi-Cosi,Coral XP,ADAPTER,false,false
(uncategorized),Silver Cross Dune 2,Cybex,Aton G,ADAPTER,false,false
(uncategorized),Silver Cross Dune 2,Maxi-Cosi,Peri 180,ADAPTER,false,false
(uncategorized),Silver Cross Dune 2,Nuna,PIPA urbn,ADAPTER,false,false
(uncategorized),Silver Cross Dune 2,Nuna,PIPA Aire rx,ADAPTER,false,false
(uncategorized),Silver Cross Jet 5,Maxi-Cosi,Mico Pro,ADAPTER,false,false
(uncategorized),Silver Cross Jet 5,Cybex,Cloud T,ADAPTER,false,false
(uncategorized),Silver Cross Jet 5,Maxi-Cosi,Peri 180,ADAPTER,false,false
(uncategorized),Silver Cross Jet 5,Nuna,PIPA RX,ADAPTER,false,false
(uncategorized),Silver Cross Jet 5,Clek,Liing,ADAPTER,true,true
(uncategorized),Silver Cross Jet 5,Cybex,Aton G,ADAPTER,false,false
(uncategorized),Silver Cross Jet 5,Maxi-Cosi,Coral XP,ADAPTER,false,false
(uncategorized),Silver Cross Jet 5,Nuna,PIPA Aire,ADAPTER,false,false
(uncategorized),Silver Cross Jet 5,Nuna,PIPA urbn,ADAPTER,false,false
(uncategorized),Silver Cross Jet 5,Maxi-Cosi,Mico Luxe,ADAPTER,false,false
(uncategorized),Silver Cross Jet 5,Nuna,PIPA Aire rx,ADAPTER,false,false
Double,Silver Cross Jet Double,Nuna,PIPA urbn,ADAPTER,false,false
Double,Silver Cross Jet Double,Nuna,PIPA Aire,ADAPTER,false,false
Double,Silver Cross Jet Double,Clek,Liing,ADAPTER,true,true
Double,Silver Cross Jet Double,Nuna,PIPA Aire rx,ADAPTER,false,false
Double,Silver Cross Jet Double,Maxi-Cosi,Mico Pro,ADAPTER,false,false
Double,Silver Cross Jet Double,Maxi-Cosi,Peri 180,ADAPTER,false,false
Double,Silver Cross Jet Double,Maxi-Cosi,Coral XP,ADAPTER,false,false
Double,Silver Cross Jet Double,Maxi-Cosi,Mico Luxe,ADAPTER,false,false
Double,Silver Cross Jet Double,Cybex,Aton G,ADAPTER,true,true
Double,Silver Cross Jet Double,Nuna,PIPA RX,ADAPTER,false,false
Travel,Silver Cross Nia Travel,Maxi-Cosi,Peri 180,ADAPTER,true,true
Travel,Silver Cross Nia Travel,Clek,Liing,ADAPTER,true,true
Travel,Silver Cross Nia Travel,Nuna,PIPA urbn,ADAPTER,true,true
Travel,Silver Cross Nia Travel,Cybex,Cloud G Pro Comfort Extend,ADAPTER,true,true
Travel,Silver Cross Nia Travel,Cybex,Cloud T,ADAPTER,true,true
Travel,Silver Cross Nia Travel,Maxi-Cosi,Mico Luxe,ADAPTER,true,true
Travel,Silver Cross Nia Travel,Nuna,PIPA Aire rx,ADAPTER,true,true
Travel,Silver Cross Nia Travel,Maxi-Cosi,Mico Pro,ADAPTER,true,true
Travel,Silver Cross Nia Travel,Nuna,PIPA RX,ADAPTER,true,true
Travel,Silver Cross Nia Travel,Maxi-Cosi,Coral XP,ADAPTER,true,true
Travel,Silver Cross Nia Travel,Maxi-Cosi,Ambra,ADAPTER,true,true
Travel,Silver Cross Nia Travel,Nuna,PIPA Aire,ADAPTER,true,true
Travel,Silver Cross Nia Travel,Cybex,Aton G,ADAPTER,true,true
Travel,Silver Cross Nia Travel,Clek,Liingo,ADAPTER,true,true
Travel,Silver Cross Nia Travel,Cybex,Aton G2,ADAPTER,true,true
Travel,Silver Cross Nia Travel,Cybex,Aton G2 Swivel,ADAPTER,true,true
(uncategorized),Silver Cross Reef,Nuna,PIPA Aire,ADAPTER,false,false
(uncategorized),Silver Cross Reef,Clek,Liingo,ADAPTER,false,false
(uncategorized),Silver Cross Reef,Nuna,PIPA RX,ADAPTER,true,true
(uncategorized),Silver Cross Reef,Maxi-Cosi,Peri 180,ADAPTER,false,false
(uncategorized),Silver Cross Reef,Nuna,PIPA Aire rx,ADAPTER,false,false
(uncategorized),Silver Cross Reef,Nuna,PIPA urbn,ADAPTER,false,false
(uncategorized),Silver Cross Reef,Maxi-Cosi,Mico Luxe,ADAPTER,false,false
(uncategorized),Silver Cross Reef,Maxi-Cosi,Coral XP,ADAPTER,false,false
(uncategorized),Silver Cross Reef,Maxi-Cosi,Mico Pro,ADAPTER,false,false
(uncategorized),Silver Cross Reef,Clek,Liing,ADAPTER,false,false
Full-Size,Silver Cross Reef 2,Maxi-Cosi,Peri 180,ADAPTER,false,false
Full-Size,Silver Cross Reef 2,Cybex,Cloud T,ADAPTER,false,false
Full-Size,Silver Cross Reef 2,Nuna,PIPA urbn,ADAPTER,false,false
Full-Size,Silver Cross Reef 2,Maxi-Cosi,Mico Pro,ADAPTER,false,false
Full-Size,Silver Cross Reef 2,Nuna,PIPA Aire rx,ADAPTER,false,false
Full-Size,Silver Cross Reef 2,Cybex,Aton G,ADAPTER,false,false
Full-Size,Silver Cross Reef 2,Nuna,PIPA RX,ADAPTER,false,false
Full-Size,Silver Cross Reef 2,Nuna,PIPA Aire,ADAPTER,false,false
Full-Size,Silver Cross Reef 2,Maxi-Cosi,Mico Luxe,ADAPTER,false,false
Full-Size,Silver Cross Reef 2,Maxi-Cosi,Coral XP,ADAPTER,false,false
Single-to-Double,Silver Cross Wave,Clek,Liing,ADAPTER,false,false
Single-to-Double,Silver Cross Wave,Nuna,PIPA Aire rx,ADAPTER,false,false
Single-to-Double,Silver Cross Wave,Nuna,PIPA Aire,ADAPTER,false,false
Single-to-Double,Silver Cross Wave,Nuna,PIPA urbn,ADAPTER,false,false
Single-to-Double,Silver Cross Wave,Maxi-Cosi,Ambra,ADAPTER,true,true
Single-to-Double,Silver Cross Wave,Cybex,Aton G2 Swivel,ADAPTER,true,true
Single-to-Double,Silver Cross Wave,Cybex,Cloud T,ADAPTER,true,true
Single-to-Double,Silver Cross Wave,Maxi-Cosi,Mico Pro,ADAPTER,false,false
Single-to-Double,Silver Cross Wave,Maxi-Cosi,Peri 180,ADAPTER,false,false
Single-to-Double,Silver Cross Wave,Cybex,Aton G,ADAPTER,true,true
Single-to-Double,Silver Cross Wave,Cybex,Aton G2,ADAPTER,true,true
Single-to-Double,Silver Cross Wave,Cybex,Cloud G Pro Comfort Extend,ADAPTER,true,true
Single-to-Double,Silver Cross Wave,Maxi-Cosi,Coral XP,ADAPTER,false,false
Single-to-Double,Silver Cross Wave,Maxi-Cosi,Mico Luxe,ADAPTER,false,false
Single-to-Double,Silver Cross Wave,Nuna,PIPA RX,ADAPTER,false,false
Single-to-Double,Silver Cross Wave,Clek,Liingo,ADAPTER,false,false
Single-to-Double,Silver Cross Wave 3,Cybex,Cloud T,ADAPTER,false,false
Single-to-Double,Silver Cross Wave 3,Maxi-Cosi,Mico Luxe,ADAPTER,false,false
Single-to-Double,Silver Cross Wave 3,Nuna,PIPA urbn,ADAPTER,false,false
Single-to-Double,Silver Cross Wave 3,Maxi-Cosi,Coral XP,ADAPTER,false,false
Single-to-Double,Silver Cross Wave 3,Maxi-Cosi,Peri 180,ADAPTER,false,false
Single-to-Double,Silver Cross Wave 3,Nuna,PIPA Aire,ADAPTER,false,false
Single-to-Double,Silver Cross Wave 3,Nuna,PIPA RX,ADAPTER,false,false
Single-to-Double,Silver Cross Wave 3,Maxi-Cosi,Mico Pro,ADAPTER,false,false
Single-to-Double,Silver Cross Wave 3,Nuna,PIPA Aire rx,ADAPTER,false,false
Single-to-Double,Silver Cross Wave 3,Cybex,Aton G,ADAPTER,false,false
(uncategorized),Silver Cross Wave 3 Single to Double,Maxi-Cosi,Mico Luxe,ADAPTER,false,false
(uncategorized),Silver Cross Wave 3 Single to Double,Maxi-Cosi,Coral XP,ADAPTER,false,false
(uncategorized),Silver Cross Wave 3 Single to Double,Maxi-Cosi,Peri 180,ADAPTER,false,false
(uncategorized),Silver Cross Wave 3 Single to Double,Cybex,Cloud T,ADAPTER,false,false
(uncategorized),Silver Cross Wave 3 Single to Double,Maxi-Cosi,Mico Pro,ADAPTER,false,false
(uncategorized),Silver Cross Wave 3 Single to Double,Cybex,Aton G,ADAPTER,false,false
(uncategorized),Silver Cross Wave 3 Single to Double,Nuna,PIPA RX,ADAPTER,false,false
(uncategorized),Silver Cross Wave 3 Single to Double,Nuna,PIPA urbn,ADAPTER,false,false
(uncategorized),Silver Cross Wave 3 Single to Double,Nuna,PIPA Aire rx,ADAPTER,false,false
(uncategorized),Silver Cross Wave 3 Single to Double,Nuna,PIPA Aire,ADAPTER,false,false
(uncategorized),Stokke YOYO+,Nuna,PIPA Aire rx,ADAPTER,false,false
(uncategorized),Stokke YOYO+,Maxi-Cosi,Mico Luxe,ADAPTER,false,false
(uncategorized),Stokke YOYO+,Maxi-Cosi,Coral XP,ADAPTER,false,false
(uncategorized),Stokke YOYO+,Maxi-Cosi,Peri 180,ADAPTER,false,false
(uncategorized),Stokke YOYO+,Maxi-Cosi,Mico Pro,ADAPTER,false,false
(uncategorized),Stokke YOYO+,Nuna,PIPA RX,ADAPTER,false,false
(uncategorized),Stokke YOYO+,Nuna,PIPA urbn,ADAPTER,false,false
(uncategorized),Stokke YOYO+,Nuna,PIPA Aire,ADAPTER,false,false
Travel,Stokke Yoyo 3,Maxi-Cosi,Coral XP,ADAPTER,false,false
Travel,Stokke Yoyo 3,Cybex,Cloud T,ADAPTER,false,false
Travel,Stokke Yoyo 3,Nuna,PIPA RX,ADAPTER,false,false
Travel,Stokke Yoyo 3,Maxi-Cosi,Mico Luxe,ADAPTER,false,false
Travel,Stokke Yoyo 3,Maxi-Cosi,Mico Pro,ADAPTER,false,false
Travel,Stokke Yoyo 3,Cybex,Aton G,ADAPTER,false,false
Travel,Stokke Yoyo 3,Nuna,PIPA urbn,ADAPTER,false,false
Travel,Stokke Yoyo 3,Nuna,PIPA Aire rx,ADAPTER,false,false
Travel,Stokke Yoyo 3,Nuna,PIPA Aire,ADAPTER,false,false
Travel,Stokke Yoyo 3,Maxi-Cosi,Peri 180,ADAPTER,false,false
(uncategorized),Thule Glide 2,UPPAbaby,Mesa Max,ADAPTER,false,false
(uncategorized),Thule Glide 2,Britax,B-Safe 35 Elite,ADAPTER,false,false
(uncategorized),Thule Glide 2,UPPAbaby,Mesa V3,ADAPTER,false,false
(uncategorized),Thule Glide 2,UPPAbaby,Aria V2,ADAPTER,false,false
(uncategorized),Thule Glide 2,Nuna,PIPA RX,ADAPTER,false,false
(uncategorized),Thule Glide 2,Nuna,PIPA urbn,ADAPTER,false,false
(uncategorized),Thule Glide 2,Nuna,PIPA Aire,ADAPTER,false,false
(uncategorized),Thule Glide 2,Nuna,PIPA Aire rx,ADAPTER,false,false
(uncategorized),Thule Glide 2,Maxi-Cosi,Mico Luxe,ADAPTER,false,false
(uncategorized),Thule Glide 2,Maxi-Cosi,Coral XP,ADAPTER,false,false
(uncategorized),Thule Glide 2,Maxi-Cosi,Peri 180,ADAPTER,false,false
(uncategorized),Thule Glide 2,Maxi-Cosi,Mico Pro,ADAPTER,false,false
Compact / Mid-Size,Thule Shine,Nuna,PIPA RX,ADAPTER,false,false
Compact / Mid-Size,Thule Shine,Nuna,PIPA urbn,ADAPTER,false,false
Compact / Mid-Size,Thule Shine,Nuna,PIPA Aire,ADAPTER,false,false
Compact / Mid-Size,Thule Shine,Nuna,PIPA Aire rx,ADAPTER,false,false
(uncategorized),Thule Sleek,Maxi-Cosi,Ambra,ADAPTER,true,true
(uncategorized),Thule Sleek,Nuna,PIPA Aire,ADAPTER,false,false
(uncategorized),Thule Sleek,UPPAbaby,Mesa V3,ADAPTER,false,false
(uncategorized),Thule Sleek,Nuna,PIPA urbn,ADAPTER,false,false
(uncategorized),Thule Sleek,UPPAbaby,Mesa Max,ADAPTER,false,false
(uncategorized),Thule Sleek,UPPAbaby,Aria,ADAPTER,false,false
(uncategorized),Thule Sleek,Maxi-Cosi,Peri 180,ADAPTER,false,false
(uncategorized),Thule Sleek,Nuna,PIPA RX,ADAPTER,false,false
(uncategorized),Thule Sleek,UPPAbaby,Aria V2,ADAPTER,false,false
(uncategorized),Thule Sleek,Maxi-Cosi,Coral XP,ADAPTER,false,false
(uncategorized),Thule Sleek,Maxi-Cosi,Mico Luxe,ADAPTER,false,false
(uncategorized),Thule Sleek,Maxi-Cosi,Mico Pro,ADAPTER,false,false
(uncategorized),Thule Sleek,Nuna,PIPA Aire rx,ADAPTER,false,false
Jogging / All-Terrain,Thule Spring 2,Nuna,PIPA urbn,ADAPTER,false,false
Jogging / All-Terrain,Thule Spring 2,Nuna,PIPA Aire rx,ADAPTER,false,false
Jogging / All-Terrain,Thule Spring 2,Nuna,PIPA RX,ADAPTER,false,false
Jogging / All-Terrain,Thule Spring 2,Nuna,PIPA Aire,ADAPTER,false,false
(uncategorized),Thule Urban Glide 2,UPPAbaby,Mesa V3,ADAPTER,false,false
(uncategorized),Thule Urban Glide 2,Maxi-Cosi,Mico Pro,ADAPTER,false,false
(uncategorized),Thule Urban Glide 2,Maxi-Cosi,Peri 180,ADAPTER,false,false
(uncategorized),Thule Urban Glide 2,Maxi-Cosi,Coral XP,ADAPTER,false,false
(uncategorized),Thule Urban Glide 2,Maxi-Cosi,Mico Luxe,ADAPTER,false,false
(uncategorized),Thule Urban Glide 2,Nuna,PIPA Aire rx,ADAPTER,false,false
(uncategorized),Thule Urban Glide 2,Nuna,PIPA Aire,ADAPTER,false,false
(uncategorized),Thule Urban Glide 2,Nuna,PIPA urbn,ADAPTER,false,false
(uncategorized),Thule Urban Glide 2,Nuna,PIPA RX,ADAPTER,false,false
(uncategorized),Thule Urban Glide 2,UPPAbaby,Aria,ADAPTER,false,false
(uncategorized),Thule Urban Glide 2,UPPAbaby,Aria V2,ADAPTER,false,false
(uncategorized),Thule Urban Glide 2,Britax,B-Safe 35 Elite,ADAPTER,false,false
(uncategorized),Thule Urban Glide 2,UPPAbaby,Mesa Max,ADAPTER,false,false
(uncategorized),Thule Urban Glide 2 Double,UPPAbaby,Mesa Max,ADAPTER,false,false
(uncategorized),Thule Urban Glide 2 Double,UPPAbaby,Aria,ADAPTER,false,false
(uncategorized),Thule Urban Glide 2 Double,Maxi-Cosi,Coral XP,ADAPTER,false,false
(uncategorized),Thule Urban Glide 2 Double,Maxi-Cosi,Peri 180,ADAPTER,false,false
(uncategorized),Thule Urban Glide 2 Double,Nuna,PIPA Aire,ADAPTER,false,false
(uncategorized),Thule Urban Glide 2 Double,Nuna,PIPA urbn,ADAPTER,false,false
(uncategorized),Thule Urban Glide 2 Double,Nuna,PIPA RX,ADAPTER,false,false
(uncategorized),Thule Urban Glide 2 Double,Nuna,PIPA Aire rx,ADAPTER,false,false
(uncategorized),Thule Urban Glide 2 Double,UPPAbaby,Mesa V3,ADAPTER,false,false
(uncategorized),Thule Urban Glide 2 Double,Maxi-Cosi,Mico Pro,ADAPTER,false,false
(uncategorized),Thule Urban Glide 2 Double,UPPAbaby,Aria V2,ADAPTER,false,false
(uncategorized),Thule Urban Glide 2 Double,Maxi-Cosi,Mico Luxe,ADAPTER,false,false
Jogging / All-Terrain,Thule Urban Glide 3,Maxi-Cosi,Ambra,ADAPTER,true,true
Jogging / All-Terrain,Thule Urban Glide 3,Maxi-Cosi,Peri 180,ADAPTER,true,true
Jogging / All-Terrain,Thule Urban Glide 3,Nuna,PIPA urbn,ADAPTER,false,false
Jogging / All-Terrain,Thule Urban Glide 3,Nuna,PIPA RX,ADAPTER,false,false
Jogging / All-Terrain,Thule Urban Glide 3,Nuna,PIPA Aire rx,ADAPTER,false,false
Jogging / All-Terrain,Thule Urban Glide 3,Nuna,PIPA Aire,ADAPTER,false,false
Jogging / All-Terrain,Thule Urban Glide 3,Maxi-Cosi,Coral XP,ADAPTER,true,true
Jogging / All-Terrain,Thule Urban Glide 3,Maxi-Cosi,Mico Pro,ADAPTER,true,true
Jogging / All-Terrain,Thule Urban Glide 3,Maxi-Cosi,Mico Luxe,ADAPTER,true,true
Double,Thule Urban Glide 3 Double,Maxi-Cosi,Mico Pro,ADAPTER,true,true
Double,Thule Urban Glide 3 Double,Maxi-Cosi,Mico Luxe,ADAPTER,true,true
Double,Thule Urban Glide 3 Double,Nuna,PIPA Aire,ADAPTER,false,false
Double,Thule Urban Glide 3 Double,Nuna,PIPA Aire rx,ADAPTER,false,false
Double,Thule Urban Glide 3 Double,Nuna,PIPA RX,ADAPTER,false,false
Double,Thule Urban Glide 3 Double,Nuna,PIPA urbn,ADAPTER,false,false
Double,Thule Urban Glide 3 Double,Maxi-Cosi,Ambra,ADAPTER,true,true
Double,Thule Urban Glide 3 Double,Maxi-Cosi,Peri 180,ADAPTER,true,true
Double,Thule Urban Glide 3 Double,Maxi-Cosi,Coral XP,ADAPTER,true,true
Full-Size,Thule Urban Glide 4-wheel,Nuna,PIPA Aire,ADAPTER,false,false
Full-Size,Thule Urban Glide 4-wheel,Nuna,PIPA Aire rx,ADAPTER,false,false
Full-Size,Thule Urban Glide 4-wheel,Nuna,PIPA RX,ADAPTER,false,false
Full-Size,Thule Urban Glide 4-wheel,Nuna,PIPA urbn,ADAPTER,false,false
(uncategorized),Thule Urban Glide 4-Wheel Single Child,Nuna,PIPA urbn,ADAPTER,false,false
(uncategorized),Thule Urban Glide 4-Wheel Single Child,Nuna,PIPA RX,ADAPTER,false,false
(uncategorized),Thule Urban Glide 4-Wheel Single Child,Nuna,PIPA Aire rx,ADAPTER,false,false
(uncategorized),Thule Urban Glide 4-Wheel Single Child,Nuna,PIPA Aire,ADAPTER,false,false
(uncategorized),UPPAbaby Cruz V2,Britax,Cypress S,ADAPTER,false,false
(uncategorized),UPPAbaby Cruz V2,Maxi-Cosi,Coral XP,ADAPTER,false,false
(uncategorized),UPPAbaby Cruz V2,Maxi-Cosi,Ambra,ADAPTER,true,true
(uncategorized),UPPAbaby Cruz V2,Cybex,Aton G2 Swivel,ADAPTER,true,true
(uncategorized),UPPAbaby Cruz V2,Maxi-Cosi,Mico Luxe,ADAPTER,false,false
(uncategorized),UPPAbaby Cruz V2,Nuna,PIPA urbn,ADAPTER,false,false
(uncategorized),UPPAbaby Cruz V2,Nuna,PIPA RX,ADAPTER,false,false
(uncategorized),UPPAbaby Cruz V2,Cybex,Cloud T,ADAPTER,true,true
(uncategorized),UPPAbaby Cruz V2,Cybex,Cloud G Pro Comfort Extend,ADAPTER,true,true
(uncategorized),UPPAbaby Cruz V2,Clek,Liingo,LIMITED,false,false
(uncategorized),UPPAbaby Cruz V2,Britax,Willow S,ADAPTER,false,false
(uncategorized),UPPAbaby Cruz V2,Nuna,PIPA Aire rx,ADAPTER,false,false
(uncategorized),UPPAbaby Cruz V2,Chicco,Fit2,ADAPTER,false,false
(uncategorized),UPPAbaby Cruz V2,Chicco,KeyFit 30,ADAPTER,false,false
(uncategorized),UPPAbaby Cruz V2,Chicco,KeyFit 30 ClearTex,ADAPTER,false,false
(uncategorized),UPPAbaby Cruz V2,Chicco,KeyFit 35,ADAPTER,false,false
(uncategorized),UPPAbaby Cruz V2,Chicco,KeyFit Max ClearTex,ADAPTER,false,false
(uncategorized),UPPAbaby Cruz V2,Chicco,KeyFit Max Zip ClearLux,ADAPTER,false,false
(uncategorized),UPPAbaby Cruz V2,Chicco,KeyFit Max Zip ClearTex,ADAPTER,false,false
(uncategorized),UPPAbaby Cruz V2,Cybex,Aton G2,ADAPTER,true,true
(uncategorized),UPPAbaby Cruz V2,Cybex,Aton G,ADAPTER,true,true
(uncategorized),UPPAbaby Cruz V2,Nuna,PIPA Aire,ADAPTER,false,false
(uncategorized),UPPAbaby Cruz V2,Maxi-Cosi,Mico Pro,ADAPTER,false,false
(uncategorized),UPPAbaby Cruz V2,Maxi-Cosi,Peri 180,ADAPTER,false,false
(uncategorized),UPPAbaby Cruz V2,Clek,Liing,LIMITED,false,false
Full-Size,UPPAbaby Cruz V3,Peg Perego,Primo Viaggio Lounge,ADAPTER,true,true
Full-Size,UPPAbaby Cruz V3,Chicco,KeyFit Max Zip ClearLux,ADAPTER,true,true
Full-Size,UPPAbaby Cruz V3,Maxi-Cosi,Coral XP,ADAPTER,true,true
Full-Size,UPPAbaby Cruz V3,Chicco,KeyFit 30,ADAPTER,true,true
Full-Size,UPPAbaby Cruz V3,Clek,Liing,ADAPTER,true,true
Full-Size,UPPAbaby Cruz V3,Maxi-Cosi,Mico Pro,ADAPTER,true,true
Full-Size,UPPAbaby Cruz V3,Cybex,Cloud T,ADAPTER,true,true
Full-Size,UPPAbaby Cruz V3,Cybex,Cloud G Pro Comfort Extend,ADAPTER,true,true
Full-Size,UPPAbaby Cruz V3,Nuna,PIPA RX,ADAPTER,true,true
Full-Size,UPPAbaby Cruz V3,Cybex,Aton G2,ADAPTER,true,true
Full-Size,UPPAbaby Cruz V3,Nuna,PIPA urbn,ADAPTER,true,true
Full-Size,UPPAbaby Cruz V3,Chicco,KeyFit 35,ADAPTER,true,true
Full-Size,UPPAbaby Cruz V3,Chicco,KeyFit Max ClearTex,ADAPTER,true,true
Full-Size,UPPAbaby Cruz V3,Peg Perego,Primo Viaggio Nido,ADAPTER,true,true
Full-Size,UPPAbaby Cruz V3,Nuna,PIPA Aire,ADAPTER,true,true
Full-Size,UPPAbaby Cruz V3,Peg Perego,Primo Viaggio 4-35,ADAPTER,true,true
Full-Size,UPPAbaby Cruz V3,Maxi-Cosi,Mico Luxe,ADAPTER,true,true
Full-Size,UPPAbaby Cruz V3,Clek,Liingo,ADAPTER,true,true
Full-Size,UPPAbaby Cruz V3,Maxi-Cosi,Ambra,ADAPTER,true,true
Full-Size,UPPAbaby Cruz V3,Chicco,KeyFit Max Zip ClearTex,ADAPTER,true,true
Full-Size,UPPAbaby Cruz V3,Nuna,PIPA Aire rx,ADAPTER,true,true
Full-Size,UPPAbaby Cruz V3,Chicco,Fit2,ADAPTER,true,true
Full-Size,UPPAbaby Cruz V3,Cybex,Aton G2 Swivel,ADAPTER,true,true
Full-Size,UPPAbaby Cruz V3,Chicco,KeyFit 30 ClearTex,ADAPTER,true,true
Full-Size,UPPAbaby Cruz V3,Maxi-Cosi,Peri 180,ADAPTER,true,true
Full-Size,UPPAbaby Cruz V3,Cybex,Aton G,ADAPTER,true,true
Double,UPPAbaby Minu Duo,UPPAbaby,Mesa Max,ADAPTER,true,true
Double,UPPAbaby Minu Duo,Nuna,PIPA Aire,ADAPTER,false,false
Double,UPPAbaby Minu Duo,UPPAbaby,Aria,ADAPTER,true,true
Double,UPPAbaby Minu Duo,UPPAbaby,Aria V2,ADAPTER,true,true
Double,UPPAbaby Minu Duo,UPPAbaby,Mesa V3,ADAPTER,true,true
Double,UPPAbaby Minu Duo,Nuna,PIPA urbn,ADAPTER,false,false
Double,UPPAbaby Minu Duo,Nuna,PIPA RX,ADAPTER,false,false
Double,UPPAbaby Minu Duo,Nuna,PIPA Aire rx,ADAPTER,false,false
(uncategorized),UPPAbaby Minu V2,Nuna,PIPA Aire,ADAPTER,false,false
(uncategorized),UPPAbaby Minu V2,Nuna,PIPA urbn,ADAPTER,false,false
(uncategorized),UPPAbaby Minu V2,Nuna,PIPA RX,ADAPTER,false,false
(uncategorized),UPPAbaby Minu V2,Chicco,KeyFit Max ClearTex,ADAPTER,false,false
(uncategorized),UPPAbaby Minu V2,Chicco,KeyFit 35,ADAPTER,false,false
(uncategorized),UPPAbaby Minu V2,Maxi-Cosi,Coral XP,ADAPTER,false,false
(uncategorized),UPPAbaby Minu V2,Chicco,KeyFit 30 ClearTex,ADAPTER,false,false
(uncategorized),UPPAbaby Minu V2,Maxi-Cosi,Peri 180,ADAPTER,false,false
(uncategorized),UPPAbaby Minu V2,Clek,Liing,LIMITED,false,false
(uncategorized),UPPAbaby Minu V2,UPPAbaby,Aria,ADAPTER,true,true
(uncategorized),UPPAbaby Minu V2,Chicco,KeyFit 30,ADAPTER,false,false
(uncategorized),UPPAbaby Minu V2,Maxi-Cosi,Mico Pro,ADAPTER,false,false
(uncategorized),UPPAbaby Minu V2,UPPAbaby,Mesa Max,ADAPTER,true,true
(uncategorized),UPPAbaby Minu V2,Nuna,PIPA Aire rx,ADAPTER,false,false
(uncategorized),UPPAbaby Minu V2,Chicco,Fit2,ADAPTER,false,false
(uncategorized),UPPAbaby Minu V2,Maxi-Cosi,Mico Luxe,ADAPTER,false,false
(uncategorized),UPPAbaby Minu V2,Clek,Liingo,LIMITED,false,false
(uncategorized),UPPAbaby Minu V2,Chicco,KeyFit Max Zip ClearTex,ADAPTER,false,false
(uncategorized),UPPAbaby Minu V2,Chicco,KeyFit Max Zip ClearLux,ADAPTER,false,false
Travel,UPPAbaby Minu V3,Maxi-Cosi,Coral XP,ADAPTER,true,true
Travel,UPPAbaby Minu V3,Cybex,Cloud T,ADAPTER,true,true
Travel,UPPAbaby Minu V3,Clek,Liingo,ADAPTER,true,true
Travel,UPPAbaby Minu V3,Clek,Liing,ADAPTER,true,true
Travel,UPPAbaby Minu V3,Cybex,Aton G2 Swivel,ADAPTER,true,true
Travel,UPPAbaby Minu V3,UPPAbaby,Mesa V3,ADAPTER,true,true
Travel,UPPAbaby Minu V3,UPPAbaby,Aria V2,ADAPTER,true,true
Travel,UPPAbaby Minu V3,UPPAbaby,Mesa Max,ADAPTER,true,true
Travel,UPPAbaby Minu V3,Nuna,PIPA urbn,ADAPTER,true,true
Travel,UPPAbaby Minu V3,Nuna,PIPA RX,ADAPTER,true,true
Travel,UPPAbaby Minu V3,Cybex,Aton G2,ADAPTER,true,true
Travel,UPPAbaby Minu V3,Cybex,Cloud G Pro Comfort Extend,ADAPTER,true,true
Travel,UPPAbaby Minu V3,Nuna,PIPA Aire,ADAPTER,true,true
Travel,UPPAbaby Minu V3,Maxi-Cosi,Mico Pro,ADAPTER,true,true
Travel,UPPAbaby Minu V3,Cybex,Aton G,ADAPTER,true,true
Travel,UPPAbaby Minu V3,UPPAbaby,Aria,ADAPTER,true,true
Travel,UPPAbaby Minu V3,Maxi-Cosi,Ambra,ADAPTER,true,true
Travel,UPPAbaby Minu V3,Nuna,PIPA Aire rx,ADAPTER,true,true
Travel,UPPAbaby Minu V3,Maxi-Cosi,Peri 180,ADAPTER,true,true
Travel,UPPAbaby Minu V3,Maxi-Cosi,Mico Luxe,ADAPTER,true,true
(uncategorized),UPPAbaby Ridge,Cybex,Aton G2,ADAPTER,true,true
(uncategorized),UPPAbaby Ridge,Cybex,Cloud T,ADAPTER,true,true
(uncategorized),UPPAbaby Ridge,Cybex,Aton G,ADAPTER,true,true
(uncategorized),UPPAbaby Ridge,Nuna,PIPA urbn,ADAPTER,true,true
(uncategorized),UPPAbaby Ridge,Nuna,PIPA Aire rx,ADAPTER,true,true
(uncategorized),UPPAbaby Ridge,Nuna,PIPA Aire,ADAPTER,true,true
(uncategorized),UPPAbaby Ridge,Nuna,PIPA RX,ADAPTER,true,true
(uncategorized),UPPAbaby Ridge,Maxi-Cosi,Ambra,ADAPTER,true,true
(uncategorized),UPPAbaby Ridge,Maxi-Cosi,Peri 180,ADAPTER,true,true
(uncategorized),UPPAbaby Ridge,Maxi-Cosi,Coral XP,ADAPTER,true,true
(uncategorized),UPPAbaby Ridge,Maxi-Cosi,Mico Luxe,ADAPTER,true,true
(uncategorized),UPPAbaby Ridge,Maxi-Cosi,Mico Pro,ADAPTER,true,true
(uncategorized),UPPAbaby Ridge,Cybex,Aton G2 Swivel,ADAPTER,true,true
(uncategorized),UPPAbaby Ridge,UPPAbaby,Mesa V3,ADAPTER,false,false
(uncategorized),UPPAbaby Ridge,UPPAbaby,Mesa Max,ADAPTER,false,false
(uncategorized),UPPAbaby Ridge,Cybex,Cloud G Pro Comfort Extend,ADAPTER,true,true
Jogging / All-Terrain,UPPAbaby Ridge V2,Maxi-Cosi,Mico Luxe,ADAPTER,true,true
Jogging / All-Terrain,UPPAbaby Ridge V2,Cybex,Aton G,ADAPTER,true,true
Jogging / All-Terrain,UPPAbaby Ridge V2,Nuna,PIPA Aire,ADAPTER,true,true
Jogging / All-Terrain,UPPAbaby Ridge V2,Nuna,PIPA urbn,ADAPTER,true,true
Jogging / All-Terrain,UPPAbaby Ridge V2,Nuna,PIPA RX,ADAPTER,true,true
Jogging / All-Terrain,UPPAbaby Ridge V2,Nuna,PIPA Aire rx,ADAPTER,true,true
Jogging / All-Terrain,UPPAbaby Ridge V2,UPPAbaby,Aria,ADAPTER,true,true
Jogging / All-Terrain,UPPAbaby Ridge V2,Maxi-Cosi,Ambra,ADAPTER,true,true
Jogging / All-Terrain,UPPAbaby Ridge V2,Maxi-Cosi,Peri 180,ADAPTER,true,true
Jogging / All-Terrain,UPPAbaby Ridge V2,Clek,Liingo,ADAPTER,true,true
Jogging / All-Terrain,UPPAbaby Ridge V2,Cybex,Cloud T,ADAPTER,true,true
Jogging / All-Terrain,UPPAbaby Ridge V2,Maxi-Cosi,Mico Pro,ADAPTER,true,true
Jogging / All-Terrain,UPPAbaby Ridge V2,Cybex,Aton G2,ADAPTER,true,true
Jogging / All-Terrain,UPPAbaby Ridge V2,Cybex,Aton G2 Swivel,ADAPTER,true,true
Jogging / All-Terrain,UPPAbaby Ridge V2,Clek,Liing,ADAPTER,true,true
Jogging / All-Terrain,UPPAbaby Ridge V2,Maxi-Cosi,Coral XP,ADAPTER,true,true
Jogging / All-Terrain,UPPAbaby Ridge V2,UPPAbaby,Mesa Max,ADAPTER,true,true
Jogging / All-Terrain,UPPAbaby Ridge V2,UPPAbaby,Mesa V3,ADAPTER,true,true
Jogging / All-Terrain,UPPAbaby Ridge V2,UPPAbaby,Aria V2,ADAPTER,true,true
Jogging / All-Terrain,UPPAbaby Ridge V2,Cybex,Cloud G Pro Comfort Extend,ADAPTER,true,true
(uncategorized),UPPAbaby Vista V2,Maxi-Cosi,Mico Luxe,ADAPTER,false,false
(uncategorized),UPPAbaby Vista V2,Clek,Liingo,LIMITED,false,false
(uncategorized),UPPAbaby Vista V2,Clek,Liing,LIMITED,false,false
(uncategorized),UPPAbaby Vista V2,Nuna,PIPA Aire rx,ADAPTER,true,true
(uncategorized),UPPAbaby Vista V2,Chicco,KeyFit Max ClearTex,ADAPTER,false,false
(uncategorized),UPPAbaby Vista V2,Chicco,KeyFit Max Zip ClearLux,ADAPTER,false,false
(uncategorized),UPPAbaby Vista V2,Cybex,Aton G2 Swivel,ADAPTER,true,true
(uncategorized),UPPAbaby Vista V2,Chicco,KeyFit Max Zip ClearTex,ADAPTER,false,false
(uncategorized),UPPAbaby Vista V2,Cybex,Cloud G Pro Comfort Extend,ADAPTER,true,true
(uncategorized),UPPAbaby Vista V2,Nuna,PIPA RX,ADAPTER,true,true
(uncategorized),UPPAbaby Vista V2,Maxi-Cosi,Ambra,ADAPTER,true,true
(uncategorized),UPPAbaby Vista V2,Cybex,Aton G2,ADAPTER,true,true
(uncategorized),UPPAbaby Vista V2,Chicco,KeyFit 35,ADAPTER,false,false
(uncategorized),UPPAbaby Vista V2,Cybex,Cloud T,ADAPTER,true,true
(uncategorized),UPPAbaby Vista V2,Maxi-Cosi,Peri 180,ADAPTER,false,false
(uncategorized),UPPAbaby Vista V2,Cybex,Aton G,ADAPTER,true,true
(uncategorized),UPPAbaby Vista V2,Chicco,KeyFit 30 ClearTex,ADAPTER,false,false
(uncategorized),UPPAbaby Vista V2,Chicco,KeyFit 30,ADAPTER,false,false
(uncategorized),UPPAbaby Vista V2,Nuna,PIPA Aire,ADAPTER,true,true
(uncategorized),UPPAbaby Vista V2,Chicco,Fit2,ADAPTER,false,false
(uncategorized),UPPAbaby Vista V2,Nuna,PIPA urbn,ADAPTER,true,true
(uncategorized),UPPAbaby Vista V2,Maxi-Cosi,Coral XP,ADAPTER,false,false
(uncategorized),UPPAbaby Vista V2,Maxi-Cosi,Mico Pro,ADAPTER,false,false
Single-to-Double,UPPAbaby Vista V3,Maxi-Cosi,Mico Luxe,ADAPTER,true,true
Single-to-Double,UPPAbaby Vista V3,Chicco,KeyFit 35,ADAPTER,true,true
Single-to-Double,UPPAbaby Vista V3,Chicco,KeyFit Max Zip ClearTex,ADAPTER,true,true
Single-to-Double,UPPAbaby Vista V3,Cybex,Aton G2 Swivel,ADAPTER,true,true
Single-to-Double,UPPAbaby Vista V3,Maxi-Cosi,Coral XP,ADAPTER,true,true
Single-to-Double,UPPAbaby Vista V3,Maxi-Cosi,Peri 180,ADAPTER,true,true
Single-to-Double,UPPAbaby Vista V3,Maxi-Cosi,Mico Pro,ADAPTER,true,true
Single-to-Double,UPPAbaby Vista V3,Clek,Liingo,ADAPTER,true,true
Single-to-Double,UPPAbaby Vista V3,Clek,Liing,ADAPTER,true,true
Single-to-Double,UPPAbaby Vista V3,Maxi-Cosi,Ambra,ADAPTER,true,true
Single-to-Double,UPPAbaby Vista V3,Cybex,Cloud G Pro Comfort Extend,ADAPTER,true,true
Single-to-Double,UPPAbaby Vista V3,Nuna,PIPA Aire rx,ADAPTER,true,true
Single-to-Double,UPPAbaby Vista V3,Cybex,Aton G,ADAPTER,true,true
Single-to-Double,UPPAbaby Vista V3,Cybex,Aton G2,ADAPTER,true,true
Single-to-Double,UPPAbaby Vista V3,Chicco,KeyFit 30 ClearTex,ADAPTER,true,true
Single-to-Double,UPPAbaby Vista V3,Chicco,KeyFit 30,ADAPTER,true,true
Single-to-Double,UPPAbaby Vista V3,Peg Perego,Primo Viaggio 4-35,ADAPTER,true,true
Single-to-Double,UPPAbaby Vista V3,Chicco,KeyFit Max Zip ClearLux,ADAPTER,true,true
Single-to-Double,UPPAbaby Vista V3,Chicco,KeyFit Max ClearTex,ADAPTER,true,true
Single-to-Double,UPPAbaby Vista V3,Peg Perego,Primo Viaggio Lounge,ADAPTER,true,true
Single-to-Double,UPPAbaby Vista V3,Chicco,Fit2,ADAPTER,true,true
Single-to-Double,UPPAbaby Vista V3,Peg Perego,Primo Viaggio Nido,ADAPTER,true,true
Single-to-Double,UPPAbaby Vista V3,Nuna,PIPA urbn,ADAPTER,true,true
Single-to-Double,UPPAbaby Vista V3,Cybex,Cloud T,ADAPTER,true,true
Single-to-Double,UPPAbaby Vista V3,Nuna,PIPA Aire,ADAPTER,true,true
Single-to-Double,UPPAbaby Vista V3,Nuna,PIPA RX,ADAPTER,true,true
(uncategorized),Veer All-Terrain Cruiser,Cybex,Aton G2 Swivel,ADAPTER,true,true
(uncategorized),Veer All-Terrain Cruiser,Nuna,PIPA RX,ADAPTER,true,true
(uncategorized),Veer All-Terrain Cruiser,UPPAbaby,Aria,ADAPTER,true,true
(uncategorized),Veer All-Terrain Cruiser,Britax,B-Safe Gen2 FlexFit,ADAPTER,true,true
(uncategorized),Veer All-Terrain Cruiser,Britax,Willow S,ADAPTER,true,true
(uncategorized),Veer All-Terrain Cruiser,Britax,Willow SC,ADAPTER,true,true
(uncategorized),Veer All-Terrain Cruiser,Maxi-Cosi,Peri 180,ADAPTER,true,true
(uncategorized),Veer All-Terrain Cruiser,Maxi-Cosi,Mico Luxe,ADAPTER,true,true
(uncategorized),Veer All-Terrain Cruiser,Maxi-Cosi,Coral XP,ADAPTER,true,true
(uncategorized),Veer All-Terrain Cruiser,Maxi-Cosi,Mico Pro,ADAPTER,true,true
(uncategorized),Veer All-Terrain Cruiser,Britax,Cypress S,ADAPTER,true,true
(uncategorized),Veer All-Terrain Cruiser,Britax,B-Safe 35 Elite,ADAPTER,true,true
(uncategorized),Veer All-Terrain Cruiser,UPPAbaby,Mesa Max,ADAPTER,true,true
(uncategorized),Veer All-Terrain Cruiser,Cybex,Aton G,ADAPTER,true,true
(uncategorized),Veer All-Terrain Cruiser,Cybex,Cloud G Pro Comfort Extend,ADAPTER,true,true
(uncategorized),Veer All-Terrain Cruiser,Cybex,Aton G2,ADAPTER,true,true
(uncategorized),Veer All-Terrain Cruiser,Cybex,Cloud T,ADAPTER,true,true
(uncategorized),Veer All-Terrain Cruiser,Britax,B-Safe Gen2,ADAPTER,true,true
(uncategorized),Veer All-Terrain Cruiser,Maxi-Cosi,Ambra,ADAPTER,true,true
(uncategorized),Veer All-Terrain Cruiser,Nuna,PIPA Aire rx,ADAPTER,true,true
(uncategorized),Veer All-Terrain Cruiser,Nuna,PIPA urbn,ADAPTER,true,true
(uncategorized),Veer All-Terrain Cruiser,UPPAbaby,Mesa V3,ADAPTER,true,true
(uncategorized),Veer All-Terrain Cruiser,UPPAbaby,Aria V2,ADAPTER,true,true
(uncategorized),Veer All-Terrain Cruiser,Nuna,PIPA Aire,ADAPTER,true,true
(uncategorized),Veer All-Terrain Cruiser,Britax,B-Safe 35,ADAPTER,true,true
Wagon,Veer Cruiser,Maxi-Cosi,Mico Pro,ADAPTER,true,true
Wagon,Veer Cruiser,Nuna,PIPA RX,ADAPTER,true,true
Wagon,Veer Cruiser,UPPAbaby,Mesa V3,ADAPTER,true,true
Wagon,Veer Cruiser,Britax,B-Safe 35 Elite,ADAPTER,true,true
Wagon,Veer Cruiser,Cybex,Aton G2 Swivel,ADAPTER,true,true
Wagon,Veer Cruiser,Britax,Cypress S,ADAPTER,true,true
Wagon,Veer Cruiser,Britax,Willow SC,ADAPTER,true,true
Wagon,Veer Cruiser,Britax,Willow S,ADAPTER,true,true
Wagon,Veer Cruiser,Britax,B-Safe Gen2 FlexFit,ADAPTER,true,true
Wagon,Veer Cruiser,Britax,B-Safe Gen2,ADAPTER,true,true
Wagon,Veer Cruiser,Britax,B-Safe 35,ADAPTER,true,true
Wagon,Veer Cruiser,Maxi-Cosi,Ambra,ADAPTER,true,true
Wagon,Veer Cruiser,Maxi-Cosi,Peri 180,ADAPTER,true,true
Wagon,Veer Cruiser,Nuna,PIPA Aire,ADAPTER,true,true
Wagon,Veer Cruiser,Nuna,PIPA urbn,ADAPTER,true,true
Wagon,Veer Cruiser,Maxi-Cosi,Mico Luxe,ADAPTER,true,true
Wagon,Veer Cruiser,Nuna,PIPA Aire rx,ADAPTER,true,true
Wagon,Veer Cruiser,Cybex,Cloud G Pro Comfort Extend,ADAPTER,true,true
Wagon,Veer Cruiser,UPPAbaby,Aria V2,ADAPTER,true,true
Wagon,Veer Cruiser,UPPAbaby,Mesa Max,ADAPTER,true,true
Wagon,Veer Cruiser,UPPAbaby,Aria,ADAPTER,true,true
Wagon,Veer Cruiser,Cybex,Aton G2,ADAPTER,true,true
Wagon,Veer Cruiser,Cybex,Aton G,ADAPTER,true,true
Wagon,Veer Cruiser,Cybex,Cloud T,ADAPTER,true,true
Wagon,Veer Cruiser,Maxi-Cosi,Coral XP,ADAPTER,true,true
Wagon,Veer Cruiser City,Cybex,Cloud T,ADAPTER,true,true
Wagon,Veer Cruiser City,UPPAbaby,Mesa Max,ADAPTER,true,true
Wagon,Veer Cruiser City,UPPAbaby,Aria,ADAPTER,true,true
Wagon,Veer Cruiser City,UPPAbaby,Aria V2,ADAPTER,true,true
Wagon,Veer Cruiser City,UPPAbaby,Mesa V3,ADAPTER,true,true
Wagon,Veer Cruiser City,Nuna,PIPA RX,ADAPTER,true,true
Wagon,Veer Cruiser City,Maxi-Cosi,Mico Luxe,ADAPTER,true,true
Wagon,Veer Cruiser City,Maxi-Cosi,Mico Pro,ADAPTER,true,true
Wagon,Veer Cruiser City,Maxi-Cosi,Coral XP,ADAPTER,true,true
Wagon,Veer Cruiser City,Cybex,Aton G,ADAPTER,true,true
Wagon,Veer Cruiser City,Cybex,Aton G2,ADAPTER,true,true
Wagon,Veer Cruiser City,Cybex,Cloud G Pro Comfort Extend,ADAPTER,true,true
Wagon,Veer Cruiser City,Nuna,PIPA Aire rx,ADAPTER,true,true
Wagon,Veer Cruiser City,Nuna,PIPA Aire,ADAPTER,true,true
Wagon,Veer Cruiser City,Nuna,PIPA urbn,ADAPTER,true,true
Wagon,Veer Cruiser City,Maxi-Cosi,Peri 180,ADAPTER,true,true
Wagon,Veer Cruiser City,Maxi-Cosi,Ambra,ADAPTER,true,true
Wagon,Veer Cruiser City,Britax,B-Safe 35,ADAPTER,true,true
Wagon,Veer Cruiser City,Britax,B-Safe Gen2,ADAPTER,true,true
Wagon,Veer Cruiser City,Britax,B-Safe Gen2 FlexFit,ADAPTER,true,true
Wagon,Veer Cruiser City,Britax,Willow S,ADAPTER,true,true
Wagon,Veer Cruiser City,Britax,Willow SC,ADAPTER,true,true
Wagon,Veer Cruiser City,Britax,Cypress S,ADAPTER,true,true
Wagon,Veer Cruiser City,Britax,B-Safe 35 Elite,ADAPTER,true,true
Wagon,Veer Cruiser City,Cybex,Aton G2 Swivel,ADAPTER,true,true
(uncategorized),Veer Cruiser City XL Essentials,Nuna,PIPA urbn,ADAPTER,true,true
(uncategorized),Veer Cruiser City XL Essentials,Nuna,PIPA Aire,ADAPTER,true,true
(uncategorized),Veer Cruiser City XL Essentials,Maxi-Cosi,Ambra,ADAPTER,true,true
(uncategorized),Veer Cruiser City XL Essentials,Britax,B-Safe 35,ADAPTER,true,true
(uncategorized),Veer Cruiser City XL Essentials,Nuna,PIPA RX,ADAPTER,true,true
(uncategorized),Veer Cruiser City XL Essentials,Maxi-Cosi,Mico Luxe,ADAPTER,true,true
(uncategorized),Veer Cruiser City XL Essentials,Maxi-Cosi,Mico Pro,ADAPTER,true,true
(uncategorized),Veer Cruiser City XL Essentials,Maxi-Cosi,Coral XP,ADAPTER,true,true
(uncategorized),Veer Cruiser City XL Essentials,Cybex,Aton G,ADAPTER,true,true
(uncategorized),Veer Cruiser City XL Essentials,Britax,B-Safe Gen2,ADAPTER,true,true
(uncategorized),Veer Cruiser City XL Essentials,Britax,B-Safe Gen2 FlexFit,ADAPTER,true,true
(uncategorized),Veer Cruiser City XL Essentials,Britax,Willow S,ADAPTER,true,true
(uncategorized),Veer Cruiser City XL Essentials,Cybex,Aton G2,ADAPTER,true,true
(uncategorized),Veer Cruiser City XL Essentials,Cybex,Cloud T,ADAPTER,true,true
(uncategorized),Veer Cruiser City XL Essentials,Nuna,PIPA Aire rx,ADAPTER,true,true
(uncategorized),Veer Cruiser City XL Essentials,Cybex,Cloud G Pro Comfort Extend,ADAPTER,true,true
(uncategorized),Veer Cruiser City XL Essentials,UPPAbaby,Mesa Max,ADAPTER,true,true
(uncategorized),Veer Cruiser City XL Essentials,Britax,Willow SC,ADAPTER,true,true
(uncategorized),Veer Cruiser City XL Essentials,UPPAbaby,Aria,ADAPTER,true,true
(uncategorized),Veer Cruiser City XL Essentials,UPPAbaby,Aria V2,ADAPTER,true,true
(uncategorized),Veer Cruiser City XL Essentials,UPPAbaby,Mesa V3,ADAPTER,true,true
(uncategorized),Veer Cruiser City XL Essentials,Maxi-Cosi,Peri 180,ADAPTER,true,true
(uncategorized),Veer Cruiser City XL Essentials,Britax,Cypress S,ADAPTER,true,true
(uncategorized),Veer Cruiser City XL Essentials,Britax,B-Safe 35 Elite,ADAPTER,true,true
(uncategorized),Veer Cruiser City XL Essentials,Cybex,Aton G2 Swivel,ADAPTER,true,true
(uncategorized),Veer Cruiser Wagon Comfort Seat for Toddlers,Britax,Willow SC,ADAPTER,true,true
(uncategorized),Veer Cruiser Wagon Comfort Seat for Toddlers,UPPAbaby,Mesa Max,ADAPTER,true,true
(uncategorized),Veer Cruiser Wagon Comfort Seat for Toddlers,UPPAbaby,Aria,ADAPTER,true,true
(uncategorized),Veer Cruiser Wagon Comfort Seat for Toddlers,Britax,Cypress S,ADAPTER,true,true
(uncategorized),Veer Cruiser Wagon Comfort Seat for Toddlers,UPPAbaby,Aria V2,ADAPTER,true,true
(uncategorized),Veer Cruiser Wagon Comfort Seat for Toddlers,UPPAbaby,Mesa V3,ADAPTER,true,true
(uncategorized),Veer Cruiser Wagon Comfort Seat for Toddlers,Nuna,PIPA RX,ADAPTER,true,true
(uncategorized),Veer Cruiser Wagon Comfort Seat for Toddlers,Maxi-Cosi,Mico Luxe,ADAPTER,true,true
(uncategorized),Veer Cruiser Wagon Comfort Seat for Toddlers,Maxi-Cosi,Mico Pro,ADAPTER,true,true
(uncategorized),Veer Cruiser Wagon Comfort Seat for Toddlers,Maxi-Cosi,Coral XP,ADAPTER,true,true
(uncategorized),Veer Cruiser Wagon Comfort Seat for Toddlers,Cybex,Aton G,ADAPTER,true,true
(uncategorized),Veer Cruiser Wagon Comfort Seat for Toddlers,Cybex,Aton G2,ADAPTER,true,true
(uncategorized),Veer Cruiser Wagon Comfort Seat for Toddlers,Cybex,Cloud G Pro Comfort Extend,ADAPTER,true,true
(uncategorized),Veer Cruiser Wagon Comfort Seat for Toddlers,Nuna,PIPA Aire rx,ADAPTER,true,true
(uncategorized),Veer Cruiser Wagon Comfort Seat for Toddlers,Cybex,Cloud T,ADAPTER,true,true
(uncategorized),Veer Cruiser Wagon Comfort Seat for Toddlers,Nuna,PIPA Aire,ADAPTER,true,true
(uncategorized),Veer Cruiser Wagon Comfort Seat for Toddlers,Nuna,PIPA urbn,ADAPTER,true,true
(uncategorized),Veer Cruiser Wagon Comfort Seat for Toddlers,Maxi-Cosi,Peri 180,ADAPTER,true,true
(uncategorized),Veer Cruiser Wagon Comfort Seat for Toddlers,Maxi-Cosi,Ambra,ADAPTER,true,true
(uncategorized),Veer Cruiser Wagon Comfort Seat for Toddlers,Britax,Willow S,ADAPTER,true,true
(uncategorized),Veer Cruiser Wagon Comfort Seat for Toddlers,Britax,B-Safe 35 Elite,ADAPTER,true,true
(uncategorized),Veer Cruiser Wagon Comfort Seat for Toddlers,Britax,B-Safe Gen2 FlexFit,ADAPTER,true,true
(uncategorized),Veer Cruiser Wagon Comfort Seat for Toddlers,Britax,B-Safe Gen2,ADAPTER,true,true
(uncategorized),Veer Cruiser Wagon Comfort Seat for Toddlers,Britax,B-Safe 35,ADAPTER,true,true
(uncategorized),Veer Cruiser Wagon Comfort Seat for Toddlers,Cybex,Aton G2 Swivel,ADAPTER,true,true
(uncategorized),Veer Cruiser Wagon XL Comfort Seat for Toddlers,Britax,B-Safe Gen2,ADAPTER,true,true
(uncategorized),Veer Cruiser Wagon XL Comfort Seat for Toddlers,Britax,Willow SC,ADAPTER,true,true
(uncategorized),Veer Cruiser Wagon XL Comfort Seat for Toddlers,Nuna,PIPA urbn,ADAPTER,true,true
(uncategorized),Veer Cruiser Wagon XL Comfort Seat for Toddlers,Nuna,PIPA RX,ADAPTER,true,true
(uncategorized),Veer Cruiser Wagon XL Comfort Seat for Toddlers,Maxi-Cosi,Mico Luxe,ADAPTER,true,true
(uncategorized),Veer Cruiser Wagon XL Comfort Seat for Toddlers,Maxi-Cosi,Mico Pro,ADAPTER,true,true
(uncategorized),Veer Cruiser Wagon XL Comfort Seat for Toddlers,Maxi-Cosi,Coral XP,ADAPTER,true,true
(uncategorized),Veer Cruiser Wagon XL Comfort Seat for Toddlers,Cybex,Aton G,ADAPTER,true,true
(uncategorized),Veer Cruiser Wagon XL Comfort Seat for Toddlers,UPPAbaby,Mesa Max,ADAPTER,true,true
(uncategorized),Veer Cruiser Wagon XL Comfort Seat for Toddlers,Maxi-Cosi,Peri 180,ADAPTER,true,true
(uncategorized),Veer Cruiser Wagon XL Comfort Seat for Toddlers,Britax,B-Safe Gen2 FlexFit,ADAPTER,true,true
(uncategorized),Veer Cruiser Wagon XL Comfort Seat for Toddlers,Cybex,Aton G2,ADAPTER,true,true
(uncategorized),Veer Cruiser Wagon XL Comfort Seat for Toddlers,Cybex,Cloud G Pro Comfort Extend,ADAPTER,true,true
(uncategorized),Veer Cruiser Wagon XL Comfort Seat for Toddlers,Nuna,PIPA Aire rx,ADAPTER,true,true
(uncategorized),Veer Cruiser Wagon XL Comfort Seat for Toddlers,Cybex,Cloud T,ADAPTER,true,true
(uncategorized),Veer Cruiser Wagon XL Comfort Seat for Toddlers,Nuna,PIPA Aire,ADAPTER,true,true
(uncategorized),Veer Cruiser Wagon XL Comfort Seat for Toddlers,Cybex,Aton G2 Swivel,ADAPTER,true,true
(uncategorized),Veer Cruiser Wagon XL Comfort Seat for Toddlers,Britax,Willow S,ADAPTER,true,true
(uncategorized),Veer Cruiser Wagon XL Comfort Seat for Toddlers,UPPAbaby,Aria V2,ADAPTER,true,true
(uncategorized),Veer Cruiser Wagon XL Comfort Seat for Toddlers,UPPAbaby,Aria,ADAPTER,true,true
(uncategorized),Veer Cruiser Wagon XL Comfort Seat for Toddlers,Britax,B-Safe 35 Elite,ADAPTER,true,true
(uncategorized),Veer Cruiser Wagon XL Comfort Seat for Toddlers,UPPAbaby,Mesa V3,ADAPTER,true,true
(uncategorized),Veer Cruiser Wagon XL Comfort Seat for Toddlers,Britax,Cypress S,ADAPTER,true,true
(uncategorized),Veer Cruiser Wagon XL Comfort Seat for Toddlers,Maxi-Cosi,Ambra,ADAPTER,true,true
(uncategorized),Veer Cruiser Wagon XL Comfort Seat for Toddlers,Britax,B-Safe 35,ADAPTER,true,true
(uncategorized),Veer Cruiser XL Nap System,Britax,Willow SC,ADAPTER,true,true
(uncategorized),Veer Cruiser XL Nap System,Britax,B-Safe 35 Elite,ADAPTER,true,true
(uncategorized),Veer Cruiser XL Nap System,Britax,Cypress S,ADAPTER,true,true
(uncategorized),Veer Cruiser XL Nap System,Britax,Willow S,ADAPTER,true,true
(uncategorized),Veer Cruiser XL Nap System,Britax,B-Safe Gen2 FlexFit,ADAPTER,true,true
(uncategorized),Veer Cruiser XL Nap System,Britax,B-Safe Gen2,ADAPTER,true,true
(uncategorized),Veer Cruiser XL Nap System,Britax,B-Safe 35,ADAPTER,true,true
(uncategorized),Veer Cruiser XL Nap System,Maxi-Cosi,Ambra,ADAPTER,true,true
(uncategorized),Veer Cruiser XL Nap System,Maxi-Cosi,Peri 180,ADAPTER,true,true
(uncategorized),Veer Cruiser XL Nap System,Nuna,PIPA urbn,ADAPTER,true,true
(uncategorized),Veer Cruiser XL Nap System,Nuna,PIPA Aire,ADAPTER,true,true
(uncategorized),Veer Cruiser XL Nap System,Cybex,Cloud T,ADAPTER,true,true
(uncategorized),Veer Cruiser XL Nap System,Nuna,PIPA Aire rx,ADAPTER,true,true
(uncategorized),Veer Cruiser XL Nap System,Cybex,Cloud G Pro Comfort Extend,ADAPTER,true,true
(uncategorized),Veer Cruiser XL Nap System,Cybex,Aton G2,ADAPTER,true,true
(uncategorized),Veer Cruiser XL Nap System,Cybex,Aton G,ADAPTER,true,true
(uncategorized),Veer Cruiser XL Nap System,Maxi-Cosi,Coral XP,ADAPTER,true,true
(uncategorized),Veer Cruiser XL Nap System,Maxi-Cosi,Mico Pro,ADAPTER,true,true
(uncategorized),Veer Cruiser XL Nap System,Maxi-Cosi,Mico Luxe,ADAPTER,true,true
(uncategorized),Veer Cruiser XL Nap System,Nuna,PIPA RX,ADAPTER,true,true
(uncategorized),Veer Cruiser XL Nap System,UPPAbaby,Mesa V3,ADAPTER,true,true
(uncategorized),Veer Cruiser XL Nap System,UPPAbaby,Aria V2,ADAPTER,true,true
(uncategorized),Veer Cruiser XL Nap System,UPPAbaby,Aria,ADAPTER,true,true
(uncategorized),Veer Cruiser XL Nap System,UPPAbaby,Mesa Max,ADAPTER,true,true
(uncategorized),Veer Cruiser XL Nap System,Cybex,Aton G2 Swivel,ADAPTER,true,true
Jogging / All-Terrain,Veer Switch&Jog,Britax,B-Safe 35 Elite,ADAPTER,false,false
Jogging / All-Terrain,Veer Switch&Jog,Britax,B-Safe Gen2,ADAPTER,false,false
Jogging / All-Terrain,Veer Switch&Jog,Britax,B-Safe Gen2 FlexFit,ADAPTER,false,false
Jogging / All-Terrain,Veer Switch&Jog,Britax,Cypress S,ADAPTER,false,false
Jogging / All-Terrain,Veer Switch&Jog,Graco,SnugRide SnugFit,ADAPTER,false,false
Jogging / All-Terrain,Veer Switch&Jog,Nuna,PIPA urbn,ADAPTER,false,false
Jogging / All-Terrain,Veer Switch&Jog,Nuna,PIPA RX,ADAPTER,false,false
Jogging / All-Terrain,Veer Switch&Jog,Graco,SnugRide Lite LX,ADAPTER,false,false
Jogging / All-Terrain,Veer Switch&Jog,Nuna,PIPA Aire rx,ADAPTER,false,false
Jogging / All-Terrain,Veer Switch&Jog,Nuna,PIPA Aire,ADAPTER,false,false
Jogging / All-Terrain,Veer Switch&Jog,UPPAbaby,Mesa V3,ADAPTER,false,false
Jogging / All-Terrain,Veer Switch&Jog,Graco,SnugRide SnugFit LX,ADAPTER,false,false
Jogging / All-Terrain,Veer Switch&Jog,Graco,GoMax,ADAPTER,false,false
Jogging / All-Terrain,Veer Switch&Jog,Britax,Willow SC,ADAPTER,false,false
Jogging / All-Terrain,Veer Switch&Jog,Britax,Willow S,ADAPTER,false,false
Jogging / All-Terrain,Veer Switch&Jog,Britax,B-Safe 35,ADAPTER,false,false
Jogging / All-Terrain,Veer Switch&Jog,Graco,SnugRide SnugFit DLX,ADAPTER,false,false
Jogging / All-Terrain,Veer Switch&Jog,UPPAbaby,Aria,ADAPTER,false,false
Jogging / All-Terrain,Veer Switch&Jog,UPPAbaby,Aria V2,ADAPTER,false,false
Jogging / All-Terrain,Veer Switch&Jog,UPPAbaby,Mesa Max,ADAPTER,false,false
(uncategorized),Veer Switch&Jog Jogging,Nuna,PIPA Aire rx,ADAPTER,false,false
(uncategorized),Veer Switch&Jog Jogging,Britax,Willow S,ADAPTER,false,false
(uncategorized),Veer Switch&Jog Jogging,Nuna,PIPA urbn,ADAPTER,false,false
(uncategorized),Veer Switch&Jog Jogging,Nuna,PIPA RX,ADAPTER,false,false
(uncategorized),Veer Switch&Jog Jogging,Nuna,PIPA Aire,ADAPTER,false,false
(uncategorized),Veer Switch&Jog Jogging,Britax,Cypress S,ADAPTER,false,false
(uncategorized),Veer Switch&Jog Jogging,Britax,B-Safe Gen2 FlexFit,ADAPTER,false,false
(uncategorized),Veer Switch&Jog Jogging,Britax,B-Safe Gen2,ADAPTER,false,false
(uncategorized),Veer Switch&Jog Jogging,Britax,B-Safe 35 Elite,ADAPTER,false,false
(uncategorized),Veer Switch&Jog Jogging,Britax,B-Safe 35,ADAPTER,false,false
(uncategorized),Veer Switch&Jog Jogging,Graco,SnugRide SnugFit,ADAPTER,false,false
(uncategorized),Veer Switch&Jog Jogging,UPPAbaby,Mesa V3,ADAPTER,false,false
(uncategorized),Veer Switch&Jog Jogging,UPPAbaby,Mesa Max,ADAPTER,false,false
(uncategorized),Veer Switch&Jog Jogging,UPPAbaby,Aria V2,ADAPTER,false,false
(uncategorized),Veer Switch&Jog Jogging,UPPAbaby,Aria,ADAPTER,false,false
(uncategorized),Veer Switch&Jog Jogging,Graco,GoMax,ADAPTER,false,false
(uncategorized),Veer Switch&Jog Jogging,Graco,SnugRide Lite LX,ADAPTER,false,false
(uncategorized),Veer Switch&Jog Jogging,Graco,SnugRide SnugFit DLX,ADAPTER,false,false
(uncategorized),Veer Switch&Jog Jogging,Graco,SnugRide SnugFit LX,ADAPTER,false,false
(uncategorized),Veer Switch&Jog Jogging,Britax,Willow SC,ADAPTER,false,false
Single-to-Double,Veer Switch&Roll,UPPAbaby,Mesa V3,ADAPTER,false,false
Single-to-Double,Veer Switch&Roll,UPPAbaby,Mesa Max,ADAPTER,false,false
Single-to-Double,Veer Switch&Roll,Britax,B-Safe Gen2 FlexFit,ADAPTER,false,false
Single-to-Double,Veer Switch&Roll,Britax,Cypress S,ADAPTER,false,false
Single-to-Double,Veer Switch&Roll,Britax,Willow S,ADAPTER,false,false
Single-to-Double,Veer Switch&Roll,Britax,Willow SC,ADAPTER,false,false
Single-to-Double,Veer Switch&Roll,UPPAbaby,Aria V2,ADAPTER,false,false
Single-to-Double,Veer Switch&Roll,Graco,SnugRide SnugFit DLX,ADAPTER,false,false
Single-to-Double,Veer Switch&Roll,Graco,SnugRide Lite LX,ADAPTER,false,false
Single-to-Double,Veer Switch&Roll,Nuna,PIPA urbn,ADAPTER,false,false
Single-to-Double,Veer Switch&Roll,Graco,SnugRide SnugFit,ADAPTER,false,false
Single-to-Double,Veer Switch&Roll,Nuna,PIPA Aire rx,ADAPTER,false,false
Single-to-Double,Veer Switch&Roll,Graco,GoMax,ADAPTER,false,false
Single-to-Double,Veer Switch&Roll,Graco,SnugRide SnugFit LX,ADAPTER,false,false
Single-to-Double,Veer Switch&Roll,Nuna,PIPA Aire,ADAPTER,false,false
Single-to-Double,Veer Switch&Roll,Britax,B-Safe 35 Elite,ADAPTER,false,false
Single-to-Double,Veer Switch&Roll,Britax,B-Safe 35,ADAPTER,false,false
Single-to-Double,Veer Switch&Roll,UPPAbaby,Aria,ADAPTER,false,false
Single-to-Double,Veer Switch&Roll,Britax,B-Safe Gen2,ADAPTER,false,false
Single-to-Double,Veer Switch&Roll,Nuna,PIPA RX,ADAPTER,false,false
Wagon,WonderFold L2 Double,Chicco,KeyFit 30 ClearTex,ADAPTER,false,false
Wagon,WonderFold L2 Double,Nuna,PIPA Aire,ADAPTER,false,false
Wagon,WonderFold L2 Double,Nuna,PIPA Aire rx,ADAPTER,false,false
Wagon,WonderFold L2 Double,Nuna,PIPA RX,ADAPTER,false,false
Wagon,WonderFold L2 Double,Nuna,PIPA urbn,ADAPTER,false,false
Wagon,WonderFold L2 Double,Graco,GoMax,ADAPTER,false,false
Wagon,WonderFold L2 Double,UPPAbaby,Aria,ADAPTER,false,false
Wagon,WonderFold L2 Double,UPPAbaby,Aria V2,ADAPTER,false,false
Wagon,WonderFold L2 Double,UPPAbaby,Mesa Max,ADAPTER,false,false
Wagon,WonderFold L2 Double,UPPAbaby,Mesa V3,ADAPTER,false,false
Wagon,WonderFold L2 Double,Graco,SnugRide Lite LX,ADAPTER,false,false
Wagon,WonderFold L2 Double,Graco,SnugRide SnugFit,ADAPTER,false,false
Wagon,WonderFold L2 Double,Graco,SnugRide SnugFit DLX,ADAPTER,false,false
Wagon,WonderFold L2 Double,Graco,SnugRide SnugFit LX,ADAPTER,false,false
Wagon,WonderFold L2 Double,Chicco,Fit2,ADAPTER,false,false
Wagon,WonderFold L2 Double,Chicco,KeyFit 30,ADAPTER,false,false
Wagon,WonderFold L2 Double,Chicco,KeyFit 35,ADAPTER,false,false
Wagon,WonderFold L2 Double,Chicco,KeyFit Max ClearTex,ADAPTER,false,false
Wagon,WonderFold L2 Double,Chicco,KeyFit Max Zip ClearLux,ADAPTER,false,false
Wagon,WonderFold L2 Double,Chicco,KeyFit Max Zip ClearTex,ADAPTER,false,false
(uncategorized),WonderFold L2 Double 2-Seater,UPPAbaby,Aria,ADAPTER,false,false
(uncategorized),WonderFold L2 Double 2-Seater,Graco,SnugRide SnugFit DLX,ADAPTER,false,false
(uncategorized),WonderFold L2 Double 2-Seater,Graco,SnugRide Lite LX,ADAPTER,false,false
(uncategorized),WonderFold L2 Double 2-Seater,Chicco,KeyFit 30,ADAPTER,false,false
(uncategorized),WonderFold L2 Double 2-Seater,Graco,SnugRide SnugFit,ADAPTER,false,false
(uncategorized),WonderFold L2 Double 2-Seater,Chicco,Fit2,ADAPTER,false,false
(uncategorized),WonderFold L2 Double 2-Seater,Graco,GoMax,ADAPTER,false,false
(uncategorized),WonderFold L2 Double 2-Seater,Graco,SnugRide SnugFit LX,ADAPTER,false,false
(uncategorized),WonderFold L2 Double 2-Seater,Chicco,KeyFit 30 ClearTex,ADAPTER,false,false
(uncategorized),WonderFold L2 Double 2-Seater,UPPAbaby,Mesa V3,ADAPTER,false,false
(uncategorized),WonderFold L2 Double 2-Seater,UPPAbaby,Mesa Max,ADAPTER,false,false
(uncategorized),WonderFold L2 Double 2-Seater,Nuna,PIPA urbn,ADAPTER,false,false
(uncategorized),WonderFold L2 Double 2-Seater,Nuna,PIPA RX,ADAPTER,false,false
(uncategorized),WonderFold L2 Double 2-Seater,Nuna,PIPA Aire rx,ADAPTER,false,false
(uncategorized),WonderFold L2 Double 2-Seater,Chicco,KeyFit 35,ADAPTER,false,false
(uncategorized),WonderFold L2 Double 2-Seater,UPPAbaby,Aria V2,ADAPTER,false,false
(uncategorized),WonderFold L2 Double 2-Seater,Nuna,PIPA Aire,ADAPTER,false,false
(uncategorized),WonderFold L2 Double 2-Seater,Chicco,KeyFit Max Zip ClearTex,ADAPTER,false,false
(uncategorized),WonderFold L2 Double 2-Seater,Chicco,KeyFit Max Zip ClearLux,ADAPTER,false,false
(uncategorized),WonderFold L2 Double 2-Seater,Chicco,KeyFit Max ClearTex,ADAPTER,false,false
Wagon,WonderFold L4 Quad,Chicco,Fit2,ADAPTER,false,false
Wagon,WonderFold L4 Quad,Chicco,KeyFit 35,ADAPTER,false,false
Wagon,WonderFold L4 Quad,Chicco,KeyFit Max Zip ClearLux,ADAPTER,false,false
Wagon,WonderFold L4 Quad,Chicco,KeyFit Max Zip ClearTex,ADAPTER,false,false
Wagon,WonderFold L4 Quad,UPPAbaby,Mesa V3,ADAPTER,false,false
Wagon,WonderFold L4 Quad,Nuna,PIPA urbn,ADAPTER,false,false
Wagon,WonderFold L4 Quad,Nuna,PIPA RX,ADAPTER,false,false
Wagon,WonderFold L4 Quad,Nuna,PIPA Aire rx,ADAPTER,false,false
Wagon,WonderFold L4 Quad,Nuna,PIPA Aire,ADAPTER,false,false
Wagon,WonderFold L4 Quad,Chicco,KeyFit 30 ClearTex,ADAPTER,false,false
Wagon,WonderFold L4 Quad,Chicco,KeyFit Max ClearTex,ADAPTER,false,false
Wagon,WonderFold L4 Quad,Graco,SnugRide SnugFit DLX,ADAPTER,false,false
Wagon,WonderFold L4 Quad,Graco,SnugRide SnugFit,ADAPTER,false,false
Wagon,WonderFold L4 Quad,Chicco,KeyFit 30,ADAPTER,false,false
Wagon,WonderFold L4 Quad,UPPAbaby,Aria,ADAPTER,false,false
Wagon,WonderFold L4 Quad,UPPAbaby,Aria V2,ADAPTER,false,false
Wagon,WonderFold L4 Quad,UPPAbaby,Mesa Max,ADAPTER,false,false
Wagon,WonderFold L4 Quad,Graco,SnugRide Lite LX,ADAPTER,false,false
Wagon,WonderFold L4 Quad,Graco,GoMax,ADAPTER,false,false
Wagon,WonderFold L4 Quad,Graco,SnugRide SnugFit LX,ADAPTER,false,false
Wagon,WonderFold Volkswagon Special Edition Double,Nuna,PIPA RX,ADAPTER,false,false
Wagon,WonderFold Volkswagon Special Edition Double,Nuna,PIPA Aire rx,ADAPTER,false,false
Wagon,WonderFold Volkswagon Special Edition Double,UPPAbaby,Mesa V3,ADAPTER,false,false
Wagon,WonderFold Volkswagon Special Edition Double,Nuna,PIPA Aire,ADAPTER,false,false
Wagon,WonderFold Volkswagon Special Edition Double,Chicco,KeyFit Max Zip ClearLux,ADAPTER,false,false
Wagon,WonderFold Volkswagon Special Edition Double,Chicco,KeyFit Max ClearTex,ADAPTER,false,false
Wagon,WonderFold Volkswagon Special Edition Double,Chicco,KeyFit 35,ADAPTER,false,false
Wagon,WonderFold Volkswagon Special Edition Double,Chicco,KeyFit 30 ClearTex,ADAPTER,false,false
Wagon,WonderFold Volkswagon Special Edition Double,Chicco,KeyFit 30,ADAPTER,false,false
Wagon,WonderFold Volkswagon Special Edition Double,Chicco,Fit2,ADAPTER,false,false
Wagon,WonderFold Volkswagon Special Edition Double,Graco,SnugRide SnugFit LX,ADAPTER,false,false
Wagon,WonderFold Volkswagon Special Edition Double,Graco,SnugRide SnugFit DLX,ADAPTER,false,false
Wagon,WonderFold Volkswagon Special Edition Double,Graco,SnugRide SnugFit,ADAPTER,false,false
Wagon,WonderFold Volkswagon Special Edition Double,Graco,SnugRide Lite LX,ADAPTER,false,false
Wagon,WonderFold Volkswagon Special Edition Double,Graco,GoMax,ADAPTER,false,false
Wagon,WonderFold Volkswagon Special Edition Double,UPPAbaby,Aria,ADAPTER,false,false
Wagon,WonderFold Volkswagon Special Edition Double,UPPAbaby,Aria V2,ADAPTER,false,false
Wagon,WonderFold Volkswagon Special Edition Double,UPPAbaby,Mesa Max,ADAPTER,false,false
Wagon,WonderFold Volkswagon Special Edition Double,Chicco,KeyFit Max Zip ClearTex,ADAPTER,false,false
Wagon,WonderFold Volkswagon Special Edition Double,Nuna,PIPA urbn,ADAPTER,false,false
Wagon,WonderFold VW Edition Quad,UPPAbaby,Aria V2,ADAPTER,false,false
Wagon,WonderFold VW Edition Quad,Chicco,KeyFit 35,ADAPTER,false,false
Wagon,WonderFold VW Edition Quad,Chicco,KeyFit 30 ClearTex,ADAPTER,false,false
Wagon,WonderFold VW Edition Quad,Chicco,KeyFit 30,ADAPTER,false,false
Wagon,WonderFold VW Edition Quad,Chicco,Fit2,ADAPTER,false,false
Wagon,WonderFold VW Edition Quad,UPPAbaby,Mesa Max,ADAPTER,false,false
Wagon,WonderFold VW Edition Quad,Nuna,PIPA urbn,ADAPTER,false,false
Wagon,WonderFold VW Edition Quad,Nuna,PIPA RX,ADAPTER,false,false
Wagon,WonderFold VW Edition Quad,Nuna,PIPA Aire rx,ADAPTER,false,false
Wagon,WonderFold VW Edition Quad,Graco,SnugRide SnugFit DLX,ADAPTER,false,false
Wagon,WonderFold VW Edition Quad,Graco,SnugRide SnugFit,ADAPTER,false,false
Wagon,WonderFold VW Edition Quad,Graco,SnugRide Lite LX,ADAPTER,false,false
Wagon,WonderFold VW Edition Quad,Graco,GoMax,ADAPTER,false,false
Wagon,WonderFold VW Edition Quad,Nuna,PIPA Aire,ADAPTER,false,false
Wagon,WonderFold VW Edition Quad,UPPAbaby,Mesa V3,ADAPTER,false,false
Wagon,WonderFold VW Edition Quad,Chicco,KeyFit Max ClearTex,ADAPTER,false,false
Wagon,WonderFold VW Edition Quad,Graco,SnugRide SnugFit LX,ADAPTER,false,false
Wagon,WonderFold VW Edition Quad,Chicco,KeyFit Max Zip ClearTex,ADAPTER,false,false
Wagon,WonderFold VW Edition Quad,Chicco,KeyFit Max Zip ClearLux,ADAPTER,false,false
Wagon,WonderFold VW Edition Quad,UPPAbaby,Aria,ADAPTER,false,false
Wagon,WonderFold W2 Elite Pro,Nuna,PIPA RX,ADAPTER,false,false
Wagon,WonderFold W2 Elite Pro,Graco,GoMax,ADAPTER,false,false
Wagon,WonderFold W2 Elite Pro,UPPAbaby,Mesa V3,ADAPTER,false,false
Wagon,WonderFold W2 Elite Pro,UPPAbaby,Mesa Max,ADAPTER,false,false
Wagon,WonderFold W2 Elite Pro,UPPAbaby,Aria V2,ADAPTER,false,false
Wagon,WonderFold W2 Elite Pro,UPPAbaby,Aria,ADAPTER,false,false
Wagon,WonderFold W2 Elite Pro,Nuna,PIPA urbn,ADAPTER,false,false
Wagon,WonderFold W2 Elite Pro,Nuna,PIPA Aire rx,ADAPTER,false,false
Wagon,WonderFold W2 Elite Pro,Nuna,PIPA Aire,ADAPTER,false,false
Wagon,WonderFold W2 Elite Pro,Graco,SnugRide Lite LX,ADAPTER,false,false
Wagon,WonderFold W2 Elite Pro,Graco,SnugRide SnugFit,ADAPTER,false,false
Wagon,WonderFold W2 Elite Pro,Graco,SnugRide SnugFit DLX,ADAPTER,false,false
Wagon,WonderFold W2 Elite Pro,Graco,SnugRide SnugFit LX,ADAPTER,false,false
Wagon,WonderFold W2 Elite Pro,Chicco,Fit2,ADAPTER,false,false
Wagon,WonderFold W2 Elite Pro,Chicco,KeyFit 30,ADAPTER,false,false
Wagon,WonderFold W2 Elite Pro,Chicco,KeyFit 30 ClearTex,ADAPTER,false,false
Wagon,WonderFold W2 Elite Pro,Chicco,KeyFit 35,ADAPTER,false,false
Wagon,WonderFold W2 Elite Pro,Chicco,KeyFit Max ClearTex,ADAPTER,false,false
Wagon,WonderFold W2 Elite Pro,Chicco,KeyFit Max Zip ClearLux,ADAPTER,false,false
Wagon,WonderFold W2 Elite Pro,Chicco,KeyFit Max Zip ClearTex,ADAPTER,false,false
Wagon,WonderFold W2 Luxe Double,Chicco,KeyFit 30,ADAPTER,false,false
Wagon,WonderFold W2 Luxe Double,Chicco,Fit2,ADAPTER,false,false
Wagon,WonderFold W2 Luxe Double,Graco,SnugRide SnugFit LX,ADAPTER,false,false
Wagon,WonderFold W2 Luxe Double,Nuna,PIPA urbn,ADAPTER,false,false
Wagon,WonderFold W2 Luxe Double,Nuna,PIPA Aire,ADAPTER,false,false
Wagon,WonderFold W2 Luxe Double,Graco,GoMax,ADAPTER,false,false
Wagon,WonderFold W2 Luxe Double,Graco,SnugRide Lite LX,ADAPTER,false,false
Wagon,WonderFold W2 Luxe Double,Graco,SnugRide SnugFit,ADAPTER,false,false
Wagon,WonderFold W2 Luxe Double,Graco,SnugRide SnugFit DLX,ADAPTER,false,false
Wagon,WonderFold W2 Luxe Double,Nuna,PIPA Aire rx,ADAPTER,false,false
Wagon,WonderFold W2 Luxe Double,Nuna,PIPA RX,ADAPTER,false,false
Wagon,WonderFold W2 Luxe Double,UPPAbaby,Mesa V3,ADAPTER,false,false
Wagon,WonderFold W2 Luxe Double,UPPAbaby,Mesa Max,ADAPTER,false,false
Wagon,WonderFold W2 Luxe Double,UPPAbaby,Aria V2,ADAPTER,false,false
Wagon,WonderFold W2 Luxe Double,UPPAbaby,Aria,ADAPTER,false,false
Wagon,WonderFold W2 Luxe Double,Chicco,KeyFit Max Zip ClearTex,ADAPTER,false,false
Wagon,WonderFold W2 Luxe Double,Chicco,KeyFit Max Zip ClearLux,ADAPTER,false,false
Wagon,WonderFold W2 Luxe Double,Chicco,KeyFit Max ClearTex,ADAPTER,false,false
Wagon,WonderFold W2 Luxe Double,Chicco,KeyFit 35,ADAPTER,false,false
Wagon,WonderFold W2 Luxe Double,Chicco,KeyFit 30 ClearTex,ADAPTER,false,false
Wagon,WonderFold W2 Luxe Pro Double Seater,Chicco,KeyFit 30,ADAPTER,false,false
Wagon,WonderFold W2 Luxe Pro Double Seater,Nuna,PIPA Aire,ADAPTER,false,false
Wagon,WonderFold W2 Luxe Pro Double Seater,Chicco,Fit2,ADAPTER,false,false
Wagon,WonderFold W2 Luxe Pro Double Seater,UPPAbaby,Aria,ADAPTER,false,false
Wagon,WonderFold W2 Luxe Pro Double Seater,Chicco,KeyFit Max Zip ClearLux,ADAPTER,false,false
Wagon,WonderFold W2 Luxe Pro Double Seater,Graco,SnugRide SnugFit LX,ADAPTER,false,false
Wagon,WonderFold W2 Luxe Pro Double Seater,Chicco,KeyFit Max ClearTex,ADAPTER,false,false
Wagon,WonderFold W2 Luxe Pro Double Seater,Graco,SnugRide SnugFit,ADAPTER,false,false
Wagon,WonderFold W2 Luxe Pro Double Seater,Graco,SnugRide Lite LX,ADAPTER,false,false
Wagon,WonderFold W2 Luxe Pro Double Seater,Graco,GoMax,ADAPTER,false,false
Wagon,WonderFold W2 Luxe Pro Double Seater,Graco,SnugRide SnugFit DLX,ADAPTER,false,false
Wagon,WonderFold W2 Luxe Pro Double Seater,Chicco,KeyFit 35,ADAPTER,false,false
Wagon,WonderFold W2 Luxe Pro Double Seater,Chicco,KeyFit 30 ClearTex,ADAPTER,false,false
Wagon,WonderFold W2 Luxe Pro Double Seater,Nuna,PIPA urbn,ADAPTER,false,false
Wagon,WonderFold W2 Luxe Pro Double Seater,UPPAbaby,Mesa V3,ADAPTER,false,false
Wagon,WonderFold W2 Luxe Pro Double Seater,Nuna,PIPA RX,ADAPTER,false,false
Wagon,WonderFold W2 Luxe Pro Double Seater,Chicco,KeyFit Max Zip ClearTex,ADAPTER,false,false
Wagon,WonderFold W2 Luxe Pro Double Seater,Nuna,PIPA Aire rx,ADAPTER,false,false
Wagon,WonderFold W2 Luxe Pro Double Seater,UPPAbaby,Mesa Max,ADAPTER,false,false
Wagon,WonderFold W2 Luxe Pro Double Seater,UPPAbaby,Aria V2,ADAPTER,false,false
Wagon,WonderFold W4 Elite Pro,Graco,SnugRide Lite LX,ADAPTER,false,false
Wagon,WonderFold W4 Elite Pro,Graco,SnugRide SnugFit,ADAPTER,false,false
Wagon,WonderFold W4 Elite Pro,Graco,SnugRide SnugFit DLX,ADAPTER,false,false
Wagon,WonderFold W4 Elite Pro,Graco,SnugRide SnugFit LX,ADAPTER,false,false
Wagon,WonderFold W4 Elite Pro,Chicco,KeyFit Max Zip ClearTex,ADAPTER,false,false
Wagon,WonderFold W4 Elite Pro,Chicco,KeyFit Max Zip ClearLux,ADAPTER,false,false
Wagon,WonderFold W4 Elite Pro,Chicco,KeyFit Max ClearTex,ADAPTER,false,false
Wagon,WonderFold W4 Elite Pro,Chicco,Fit2,ADAPTER,false,false
Wagon,WonderFold W4 Elite Pro,Chicco,KeyFit 35,ADAPTER,false,false
Wagon,WonderFold W4 Elite Pro,Chicco,KeyFit 30,ADAPTER,false,false
Wagon,WonderFold W4 Elite Pro,Chicco,KeyFit 30 ClearTex,ADAPTER,false,false
Wagon,WonderFold W4 Elite Pro,UPPAbaby,Mesa V3,ADAPTER,false,false
Wagon,WonderFold W4 Elite Pro,UPPAbaby,Mesa Max,ADAPTER,false,false
Wagon,WonderFold W4 Elite Pro,UPPAbaby,Aria V2,ADAPTER,false,false
Wagon,WonderFold W4 Elite Pro,UPPAbaby,Aria,ADAPTER,false,false
Wagon,WonderFold W4 Elite Pro,Graco,GoMax,ADAPTER,false,false
Wagon,WonderFold W4 Elite Pro,Nuna,PIPA Aire,ADAPTER,false,false
Wagon,WonderFold W4 Elite Pro,Nuna,PIPA Aire rx,ADAPTER,false,false
Wagon,WonderFold W4 Elite Pro,Nuna,PIPA RX,ADAPTER,false,false
Wagon,WonderFold W4 Elite Pro,Nuna,PIPA urbn,ADAPTER,false,false
Wagon,WonderFold W4 Luxe Pro,Chicco,KeyFit 30,ADAPTER,false,false
Wagon,WonderFold W4 Luxe Pro,Chicco,Fit2,ADAPTER,false,false
Wagon,WonderFold W4 Luxe Pro,UPPAbaby,Mesa V3,ADAPTER,false,false
Wagon,WonderFold W4 Luxe Pro,UPPAbaby,Mesa Max,ADAPTER,false,false
Wagon,WonderFold W4 Luxe Pro,Graco,GoMax,ADAPTER,false,false
Wagon,WonderFold W4 Luxe Pro,Graco,SnugRide SnugFit LX,ADAPTER,false,false
Wagon,WonderFold W4 Luxe Pro,Chicco,KeyFit Max Zip ClearTex,ADAPTER,false,false
Wagon,WonderFold W4 Luxe Pro,Nuna,PIPA urbn,ADAPTER,false,false
Wagon,WonderFold W4 Luxe Pro,Graco,SnugRide Lite LX,ADAPTER,false,false
Wagon,WonderFold W4 Luxe Pro,UPPAbaby,Aria V2,ADAPTER,false,false
Wagon,WonderFold W4 Luxe Pro,Graco,SnugRide SnugFit,ADAPTER,false,false
Wagon,WonderFold W4 Luxe Pro,UPPAbaby,Aria,ADAPTER,false,false
Wagon,WonderFold W4 Luxe Pro,Nuna,PIPA RX,ADAPTER,false,false
Wagon,WonderFold W4 Luxe Pro,Nuna,PIPA Aire rx,ADAPTER,false,false
Wagon,WonderFold W4 Luxe Pro,Nuna,PIPA Aire,ADAPTER,false,false
Wagon,WonderFold W4 Luxe Pro,Chicco,KeyFit Max Zip ClearLux,ADAPTER,false,false
Wagon,WonderFold W4 Luxe Pro,Chicco,KeyFit Max ClearTex,ADAPTER,false,false
Wagon,WonderFold W4 Luxe Pro,Graco,SnugRide SnugFit DLX,ADAPTER,false,false
Wagon,WonderFold W4 Luxe Pro,Chicco,KeyFit 35,ADAPTER,false,false
Wagon,WonderFold W4 Luxe Pro,Chicco,KeyFit 30 ClearTex,ADAPTER,false,false
Wagon,WonderFold W4 Luxe Pro Quad,Nuna,PIPA Aire,ADAPTER,false,false
Wagon,WonderFold W4 Luxe Pro Quad,Graco,SnugRide SnugFit,ADAPTER,false,false
Wagon,WonderFold W4 Luxe Pro Quad,Graco,SnugRide SnugFit DLX,ADAPTER,false,false
Wagon,WonderFold W4 Luxe Pro Quad,Chicco,KeyFit Max ClearTex,ADAPTER,false,false
Wagon,WonderFold W4 Luxe Pro Quad,Nuna,PIPA RX,ADAPTER,false,false
Wagon,WonderFold W4 Luxe Pro Quad,Chicco,KeyFit Max Zip ClearTex,ADAPTER,false,false
Wagon,WonderFold W4 Luxe Pro Quad,Chicco,KeyFit 35,ADAPTER,false,false
Wagon,WonderFold W4 Luxe Pro Quad,Chicco,KeyFit 30 ClearTex,ADAPTER,false,false
Wagon,WonderFold W4 Luxe Pro Quad,UPPAbaby,Aria,ADAPTER,false,false
Wagon,WonderFold W4 Luxe Pro Quad,Chicco,KeyFit 30,ADAPTER,false,false
Wagon,WonderFold W4 Luxe Pro Quad,UPPAbaby,Mesa V3,ADAPTER,false,false
Wagon,WonderFold W4 Luxe Pro Quad,UPPAbaby,Mesa Max,ADAPTER,false,false
Wagon,WonderFold W4 Luxe Pro Quad,Chicco,Fit2,ADAPTER,false,false
Wagon,WonderFold W4 Luxe Pro Quad,UPPAbaby,Aria V2,ADAPTER,false,false
Wagon,WonderFold W4 Luxe Pro Quad,Graco,SnugRide Lite LX,ADAPTER,false,false
Wagon,WonderFold W4 Luxe Pro Quad,Graco,SnugRide SnugFit LX,ADAPTER,false,false
Wagon,WonderFold W4 Luxe Pro Quad,Nuna,PIPA urbn,ADAPTER,false,false
Wagon,WonderFold W4 Luxe Pro Quad,Graco,GoMax,ADAPTER,false,false
Wagon,WonderFold W4 Luxe Pro Quad,Nuna,PIPA Aire rx,ADAPTER,false,false
Wagon,WonderFold W4 Luxe Pro Quad,Chicco,KeyFit Max Zip ClearLux,ADAPTER,false,false
Wagon,WonderFold W6 Luxe Pro,Chicco,KeyFit Max ClearTex,ADAPTER,false,false
Wagon,WonderFold W6 Luxe Pro,Nuna,PIPA urbn,ADAPTER,false,false
Wagon,WonderFold W6 Luxe Pro,Graco,GoMax,ADAPTER,false,false
Wagon,WonderFold W6 Luxe Pro,Graco,SnugRide Lite LX,ADAPTER,false,false
Wagon,WonderFold W6 Luxe Pro,Graco,SnugRide SnugFit,ADAPTER,false,false
Wagon,WonderFold W6 Luxe Pro,Graco,SnugRide SnugFit DLX,ADAPTER,false,false
Wagon,WonderFold W6 Luxe Pro,Graco,SnugRide SnugFit LX,ADAPTER,false,false
Wagon,WonderFold W6 Luxe Pro,UPPAbaby,Aria,ADAPTER,false,false
Wagon,WonderFold W6 Luxe Pro,UPPAbaby,Aria V2,ADAPTER,false,false
Wagon,WonderFold W6 Luxe Pro,Chicco,KeyFit Max Zip ClearTex,ADAPTER,false,false
Wagon,WonderFold W6 Luxe Pro,Chicco,KeyFit Max Zip ClearLux,ADAPTER,false,false
Wagon,WonderFold W6 Luxe Pro,UPPAbaby,Mesa Max,ADAPTER,false,false
Wagon,WonderFold W6 Luxe Pro,Chicco,Fit2,ADAPTER,false,false
Wagon,WonderFold W6 Luxe Pro,UPPAbaby,Mesa V3,ADAPTER,false,false
Wagon,WonderFold W6 Luxe Pro,Chicco,KeyFit 30,ADAPTER,false,false
Wagon,WonderFold W6 Luxe Pro,Chicco,KeyFit 30 ClearTex,ADAPTER,false,false
Wagon,WonderFold W6 Luxe Pro,Chicco,KeyFit 35,ADAPTER,false,false
Wagon,WonderFold W6 Luxe Pro,Nuna,PIPA Aire,ADAPTER,false,false
Wagon,WonderFold W6 Luxe Pro,Nuna,PIPA Aire rx,ADAPTER,false,false
Wagon,WonderFold W6 Luxe Pro,Nuna,PIPA RX,ADAPTER,false,false
Full-Size,Zoe The Journey,UPPAbaby,Aria,ADAPTER,false,false
Full-Size,Zoe The Journey,Nuna,PIPA urbn,ADAPTER,false,false
Full-Size,Zoe The Journey,Nuna,PIPA RX,ADAPTER,false,false
Full-Size,Zoe The Journey,Nuna,PIPA Aire rx,ADAPTER,false,false
Full-Size,Zoe The Journey,Chicco,KeyFit Max ClearTex,ADAPTER,false,false
Full-Size,Zoe The Journey,Chicco,KeyFit 30,ADAPTER,false,false
Full-Size,Zoe The Journey,Chicco,KeyFit Max Zip ClearLux,ADAPTER,false,false
Full-Size,Zoe The Journey,Chicco,KeyFit Max Zip ClearTex,ADAPTER,false,false
Full-Size,Zoe The Journey,Nuna,PIPA Aire,ADAPTER,false,false
Full-Size,Zoe The Journey,UPPAbaby,Mesa V3,ADAPTER,false,false
Full-Size,Zoe The Journey,UPPAbaby,Mesa Max,ADAPTER,false,false
Full-Size,Zoe The Journey,Chicco,Fit2,ADAPTER,false,false
Full-Size,Zoe The Journey,Chicco,KeyFit 30 ClearTex,ADAPTER,false,false
Full-Size,Zoe The Journey,UPPAbaby,Aria V2,ADAPTER,false,false
Full-Size,Zoe The Journey,Chicco,KeyFit 35,ADAPTER,false,false
(uncategorized),Zoe Tour,UPPAbaby,Aria V2,ADAPTER,false,false
(uncategorized),Zoe Tour,Chicco,KeyFit Max Zip ClearTex,ADAPTER,false,false
(uncategorized),Zoe Tour,Chicco,KeyFit Max Zip ClearLux,ADAPTER,false,false
(uncategorized),Zoe Tour,Chicco,KeyFit Max ClearTex,ADAPTER,false,false
(uncategorized),Zoe Tour,Chicco,KeyFit 35,ADAPTER,false,false
(uncategorized),Zoe Tour,Chicco,KeyFit 30 ClearTex,ADAPTER,false,false
(uncategorized),Zoe Tour,Chicco,KeyFit 30,ADAPTER,false,false
(uncategorized),Zoe Tour,Chicco,Fit2,ADAPTER,false,false
(uncategorized),Zoe Tour,Graco,SnugRide SnugFit LX,ADAPTER,false,false
(uncategorized),Zoe Tour,Graco,SnugRide SnugFit DLX,ADAPTER,false,false
(uncategorized),Zoe Tour,Nuna,PIPA Aire,ADAPTER,true,true
(uncategorized),Zoe Tour,Maxi-Cosi,Mico Luxe,ADAPTER,true,true
(uncategorized),Zoe Tour,Graco,SnugRide SnugFit,ADAPTER,false,false
(uncategorized),Zoe Tour,Graco,SnugRide Lite LX,ADAPTER,false,false
(uncategorized),Zoe Tour,Graco,GoMax,ADAPTER,false,false
(uncategorized),Zoe Tour,UPPAbaby,Mesa V3,ADAPTER,false,false
(uncategorized),Zoe Tour,UPPAbaby,Mesa Max,ADAPTER,false,false
(uncategorized),Zoe Tour,UPPAbaby,Aria,ADAPTER,false,false
(uncategorized),Zoe Tour,Maxi-Cosi,Mico Pro,ADAPTER,true,true
(uncategorized),Zoe Tour,Maxi-Cosi,Coral XP,ADAPTER,true,true
(uncategorized),Zoe Tour,Maxi-Cosi,Ambra,ADAPTER,true,true
(uncategorized),Zoe Tour,Nuna,PIPA RX,ADAPTER,true,true
(uncategorized),Zoe Tour,Nuna,PIPA urbn,ADAPTER,true,true
(uncategorized),Zoe Tour,Maxi-Cosi,Peri 180,ADAPTER,true,true
(uncategorized),Zoe Tour,Nuna,PIPA Aire rx,ADAPTER,true,true
Travel,Zoe Tourᵛ³ Single,Chicco,KeyFit 30,ADAPTER,true,true
Travel,Zoe Tourᵛ³ Single,Clek,Liing,ADAPTER,true,true
Travel,Zoe Tourᵛ³ Single,Graco,SnugRide SnugFit DLX,ADAPTER,true,true
Travel,Zoe Tourᵛ³ Single,Graco,SnugRide SnugFit LX,ADAPTER,true,true
Travel,Zoe Tourᵛ³ Single,Graco,SnugRide Lite LX,ADAPTER,true,true
Travel,Zoe Tourᵛ³ Single,Cybex,Cloud T,ADAPTER,true,true
Travel,Zoe Tourᵛ³ Single,Clek,Liingo,ADAPTER,true,true
Travel,Zoe Tourᵛ³ Single,Graco,SnugRide SnugFit,ADAPTER,true,true
Travel,Zoe Tourᵛ³ Single,Chicco,Fit2,ADAPTER,true,true
Travel,Zoe Tourᵛ³ Single,Chicco,KeyFit 30 ClearTex,ADAPTER,true,true
Travel,Zoe Tourᵛ³ Single,Chicco,KeyFit Max ClearTex,ADAPTER,true,true
Travel,Zoe Tourᵛ³ Single,Maxi-Cosi,Ambra,ADAPTER,true,true
Travel,Zoe Tourᵛ³ Single,Maxi-Cosi,Mico Luxe,ADAPTER,true,true
Travel,Zoe Tourᵛ³ Single,Cybex,Aton G,ADAPTER,true,true
Travel,Zoe Tourᵛ³ Single,Maxi-Cosi,Mico Pro,ADAPTER,true,true
Travel,Zoe Tourᵛ³ Single,Chicco,KeyFit Max Zip ClearTex,ADAPTER,true,true
Travel,Zoe Tourᵛ³ Single,Nuna,PIPA urbn,ADAPTER,true,true
Travel,Zoe Tourᵛ³ Single,Nuna,PIPA Aire,ADAPTER,true,true
Travel,Zoe Tourᵛ³ Single,Cybex,Aton G2 Swivel,ADAPTER,true,true
Travel,Zoe Tourᵛ³ Single,Cybex,Aton G2,ADAPTER,true,true
Travel,Zoe Tourᵛ³ Single,Nuna,PIPA Aire rx,ADAPTER,true,true
Travel,Zoe Tourᵛ³ Single,Maxi-Cosi,Coral XP,ADAPTER,true,true
Travel,Zoe Tourᵛ³ Single,Maxi-Cosi,Peri 180,ADAPTER,true,true
Travel,Zoe Tourᵛ³ Single,Cybex,Cloud G Pro Comfort Extend,ADAPTER,true,true
Travel,Zoe Tourᵛ³ Single,UPPAbaby,Aria,ADAPTER,true,true
Travel,Zoe Tourᵛ³ Single,UPPAbaby,Mesa V3,ADAPTER,true,true
Travel,Zoe Tourᵛ³ Single,UPPAbaby,Mesa Max,ADAPTER,true,true
Travel,Zoe Tourᵛ³ Single,Graco,GoMax,ADAPTER,true,true
Travel,Zoe Tourᵛ³ Single,Chicco,KeyFit 35,ADAPTER,true,true
Travel,Zoe Tourᵛ³ Single,Chicco,KeyFit Max Zip ClearLux,ADAPTER,true,true
Travel,Zoe Tourᵛ³ Single,UPPAbaby,Aria V2,ADAPTER,true,true
Travel,Zoe Tourᵛ³ Single,Nuna,PIPA RX,ADAPTER,true,true
Travel,Zoe Traveler,UPPAbaby,Aria V2,ADAPTER,false,false
Travel,Zoe Traveler,Nuna,PIPA Aire rx,ADAPTER,false,false
Travel,Zoe Traveler,Nuna,PIPA Aire,ADAPTER,false,false
Travel,Zoe Traveler,UPPAbaby,Aria,ADAPTER,false,false
Travel,Zoe Traveler,UPPAbaby,Mesa V3,ADAPTER,false,false
Travel,Zoe Traveler,UPPAbaby,Mesa Max,ADAPTER,false,false
Travel,Zoe Traveler,Nuna,PIPA urbn,ADAPTER,false,false
Travel,Zoe Traveler,Nuna,PIPA RX,ADAPTER,false,false
(uncategorized),Zoe Twin,Graco,GoMax,ADAPTER,false,false
(uncategorized),Zoe Twin,Nuna,PIPA Aire,ADAPTER,false,false
(uncategorized),Zoe Twin,Nuna,PIPA Aire rx,ADAPTER,false,false
(uncategorized),Zoe Twin,Nuna,PIPA RX,ADAPTER,false,false
(uncategorized),Zoe Twin,Nuna,PIPA urbn,ADAPTER,false,false
(uncategorized),Zoe Twin,Chicco,KeyFit 30 ClearTex,ADAPTER,false,false
(uncategorized),Zoe Twin,UPPAbaby,Mesa V3,ADAPTER,false,false
(uncategorized),Zoe Twin,UPPAbaby,Mesa Max,ADAPTER,false,false
(uncategorized),Zoe Twin,UPPAbaby,Aria V2,ADAPTER,false,false
(uncategorized),Zoe Twin,UPPAbaby,Aria,ADAPTER,false,false
(uncategorized),Zoe Twin,Chicco,KeyFit Max Zip ClearTex,ADAPTER,false,false
(uncategorized),Zoe Twin,Graco,SnugRide Lite LX,ADAPTER,false,false
(uncategorized),Zoe Twin,Graco,SnugRide SnugFit,ADAPTER,false,false
(uncategorized),Zoe Twin,Graco,SnugRide SnugFit DLX,ADAPTER,false,false
(uncategorized),Zoe Twin,Chicco,KeyFit Max Zip ClearLux,ADAPTER,false,false
(uncategorized),Zoe Twin,Chicco,KeyFit Max ClearTex,ADAPTER,false,false
(uncategorized),Zoe Twin,Graco,SnugRide SnugFit LX,ADAPTER,false,false
(uncategorized),Zoe Twin,Chicco,Fit2,ADAPTER,false,false
(uncategorized),Zoe Twin,Chicco,KeyFit 30,ADAPTER,false,false
(uncategorized),Zoe Twin,Chicco,KeyFit 35,ADAPTER,false,false
Double,Zoe Twinᵛ³ Double,UPPAbaby,Mesa V3,ADAPTER,false,false
Double,Zoe Twinᵛ³ Double,Chicco,KeyFit Max ClearTex,ADAPTER,false,false
Double,Zoe Twinᵛ³ Double,Graco,GoMax,ADAPTER,false,false
Double,Zoe Twinᵛ³ Double,Graco,SnugRide Lite LX,ADAPTER,false,false
Double,Zoe Twinᵛ³ Double,Chicco,KeyFit 35,ADAPTER,false,false
Double,Zoe Twinᵛ³ Double,Chicco,KeyFit 30 ClearTex,ADAPTER,false,false
Double,Zoe Twinᵛ³ Double,UPPAbaby,Aria V2,ADAPTER,false,false
Double,Zoe Twinᵛ³ Double,UPPAbaby,Mesa Max,ADAPTER,false,false
Double,Zoe Twinᵛ³ Double,Chicco,Fit2,ADAPTER,false,false
Double,Zoe Twinᵛ³ Double,Graco,SnugRide SnugFit,ADAPTER,false,false
Double,Zoe Twinᵛ³ Double,Graco,SnugRide SnugFit LX,ADAPTER,false,false
Double,Zoe Twinᵛ³ Double,Nuna,PIPA urbn,ADAPTER,false,false
Double,Zoe Twinᵛ³ Double,Nuna,PIPA RX,ADAPTER,false,false
Double,Zoe Twinᵛ³ Double,Nuna,PIPA Aire rx,ADAPTER,false,false
Double,Zoe Twinᵛ³ Double,Nuna,PIPA Aire,ADAPTER,false,false
Double,Zoe Twinᵛ³ Double,Chicco,KeyFit Max Zip ClearTex,ADAPTER,false,false
Double,Zoe Twinᵛ³ Double,Chicco,KeyFit Max Zip ClearLux,ADAPTER,false,false
Double,Zoe Twinᵛ³ Double,UPPAbaby,Aria,ADAPTER,false,false
Double,Zoe Twinᵛ³ Double,Chicco,KeyFit 30,ADAPTER,false,false
Double,Zoe Twinᵛ³ Double,Graco,SnugRide SnugFit DLX,ADAPTER,false,false
