adapter_name,adapter_sku,adapter_brand,stroller_brand,stroller_models_named,car_seat_brands_named,car_seat_models_named,adapter_status,adapter_generation,adapter_revision,provider,catalog_product_id,babylist_url,amazon_url,other_retailer_url,exact_product_link,price,image_available,compatibility_rows_using_adapter,hard_coded_rule_source,inferred_from_title,duplicate_group,current_or_legacy,notes
AGIO Car Seat Adapter For Z4 and YPSI Stroller,,Agio by Peg Perego,,,,,SOLD_SEPARATELY,,,awin_anbbaby,cmqu9dt6h001r6bye1l8s5h5x,,,https://www.awin1.com/cread.php?awinmid=75150&awinaffid=2588613&ued=https%3A%2F%2Fwww.anbbaby.com%2Fproducts%2Fpeg-perego-car-seat-adapter-for-ypsi%3Fvariant%3D31982217658454,https://www.awin1.com/cread.php?awinmid=75150&awinaffid=2588613&ued=https%3A%2F%2Fwww.anbbaby.com%2Fproducts%2Fpeg-perego-car-seat-adapter-for-ypsi%3Fvariant%3D31982217658454,49.99,yes,0,,yes,,current,productType=stroller adapter; active=t
Baby Jogger City Mini GT2 Car Seat Adapter,,Baby,,,,,SOLD_SEPARATELY,,,manual_tmbc,cmr2gpctn0000dm5jkq3tgtn3,,,https://www.macrobaby.com/products/baby-jogger-car-seat-adapters-for-baby-jogger-and-graco?_j=taylormadebabyco.com,https://www.macrobaby.com/products/baby-jogger-car-seat-adapters-for-baby-jogger-and-graco?_j=taylormadebabyco.com,,no,0,,yes,,current,productType=car seat adapter; active=t
Baby Jogger City Select 2 Car Seat Adapter,,Baby,,,,,SOLD_SEPARATELY,,,manual_tmbc,cmr2gpd4o0003dm5j09lzac9e,,,https://www.macrobaby.com/products/baby-jogger-car-seat-adapter-select-premier-chicco-peg-perego?_j=taylormadebabyco.com,https://www.macrobaby.com/products/baby-jogger-car-seat-adapter-select-premier-chicco-peg-perego?_j=taylormadebabyco.com,,no,0,,yes,,current,productType=car seat adapter; active=t
Baby Jogger Summit X3 Car Seat Adapter,,Baby,,,,,SOLD_SEPARATELY,,,manual_tmbc,cmr2gpd9w0006dm5j4jzd6i1i,,,https://www.macrobaby.com/products/baby-jogger-car-seat-adapters-for-baby-jogger-and-graco?_j=taylormadebabyco.com,https://www.macrobaby.com/products/baby-jogger-car-seat-adapters-for-baby-jogger-and-graco?_j=taylormadebabyco.com,,no,0,,yes,,current,productType=car seat adapter; active=t
"Baby Jogger Britax Car Seat Adapter, City Select 2, Black",,Baby Jogger,,,,,SOLD_SEPARATELY,,,awin_anbbaby,cmqu9f2ke00496byelo83ecb3,,,https://www.awin1.com/cread.php?awinmid=75150&awinaffid=2588613&ued=https%3A%2F%2Fwww.anbbaby.com%2Fproducts%2Fbaby-jogger-britax-car-seat-adapter-city-select-2-black%3Fvariant%3D39484248293462,https://www.awin1.com/cread.php?awinmid=75150&awinaffid=2588613&ued=https%3A%2F%2Fwww.anbbaby.com%2Fproducts%2Fbaby-jogger-britax-car-seat-adapter-city-select-2-black%3Fvariant%3D39484248293462,54.99,yes,3,,yes,,current,productType=stroller adapter; active=t
"Baby Jogger Britax Mounting Bracket Car Seat Adapter for City Mini, Black",,Baby Jogger,,,,,SOLD_SEPARATELY,,,awin_anbbaby,cmqu9drhx001l6byefitecyp2,,,https://www.awin1.com/cread.php?awinmid=75150&awinaffid=2588613&ued=https%3A%2F%2Fwww.anbbaby.com%2Fproducts%2Fbaby-jogger-britax-mounting-bracket-car-seat-adapter-for-city-mini-black%3Fvariant%3D31251708051542,https://www.awin1.com/cread.php?awinmid=75150&awinaffid=2588613&ued=https%3A%2F%2Fwww.anbbaby.com%2Fproducts%2Fbaby-jogger-britax-mounting-bracket-car-seat-adapter-for-city-mini-black%3Fvariant%3D31251708051542,29.95,yes,3,,yes,,current,productType=stroller adapter; active=t
BABY JOGGER Car Seat Adapter (City Select / City Premier) For Britax / BOB - Black,,Baby Jogger,,,,,SOLD_SEPARATELY,,,awin_anbbaby,cmqu9dr7u001i6byejc6ptzvw,,,https://www.awin1.com/cread.php?awinmid=75150&awinaffid=2588613&ued=https%3A%2F%2Fwww.anbbaby.com%2Fproducts%2Fcar-seat-adapter-city-select-premier-britax-bob%3Fvariant%3D49935881732382,https://www.awin1.com/cread.php?awinmid=75150&awinaffid=2588613&ued=https%3A%2F%2Fwww.anbbaby.com%2Fproducts%2Fcar-seat-adapter-city-select-premier-britax-bob%3Fvariant%3D49935881732382,49.99,yes,0,,yes,,current,productType=stroller adapter; active=t
"BABY JOGGER Car Seat Adapter (City Select, City Select LUX, City Premier) For City GO / Graco",,Baby Jogger,,,,,SOLD_SEPARATELY,,,awin_anbbaby,cmqu9d6gi000c6byeyinqyf93,,,https://www.awin1.com/cread.php?awinmid=75150&awinaffid=2588613&ued=https%3A%2F%2Fwww.anbbaby.com%2Fproducts%2Fcar-seat-adapter-single-baby-city-premier%3Fvariant%3D16411943665764,https://www.awin1.com/cread.php?awinmid=75150&awinaffid=2588613&ued=https%3A%2F%2Fwww.anbbaby.com%2Fproducts%2Fcar-seat-adapter-single-baby-city-premier%3Fvariant%3D16411943665764,54.99,yes,0,,yes,,current,productType=stroller adapter; active=t
BABY JOGGER Car Seat Adapter For City Mini 2 and GT2 City Go/Graco - Black,,Baby Jogger,,,,,SOLD_SEPARATELY,,,awin_anbbaby,cmqu9dper001f6bye6uso27u5,,,https://www.awin1.com/cread.php?awinmid=75150&awinaffid=2588613&ued=https%3A%2F%2Fwww.anbbaby.com%2Fproducts%2Fcar-seat-adapter-city-mini-city-go-graco%3Fvariant%3D49936124510494,https://www.awin1.com/cread.php?awinmid=75150&awinaffid=2588613&ued=https%3A%2F%2Fwww.anbbaby.com%2Fproducts%2Fcar-seat-adapter-city-mini-city-go-graco%3Fvariant%3D49936124510494,54.99,yes,0,,yes,,current,productType=stroller adapter; active=t
Baby Jogger - Car Seat Adapter for City Mini 2 Double/City Mini Gt 2 Double,,Baby Jogger,,,,,DUAL_ADAPTER_SETUP,,,shopify_macrobaby,cmqx4kfxf00fc3a8u5o4m2y7g,,,https://www.macrobaby.com/products/baby-jogger-car-seat-adapter-for-city-mini-2-double-city-mini-gt-2-double?_j=taylormadebabyco.com,https://www.macrobaby.com/products/baby-jogger-car-seat-adapter-for-city-mini-2-double-city-mini-gt-2-double?_j=taylormadebabyco.com,49.99,yes,0,,yes,,current,productType=stroller adapter; active=t
"Baby Jogger Car Seat Adapter for City Mini 2 Double, Maxi Cosi / Be Safe / Cybex",,Baby Jogger,,,,,DUAL_ADAPTER_SETUP,,,awin_anbbaby,cmqu9e7oa002o6byeg9qzm5d2,,,https://www.awin1.com/cread.php?awinmid=75150&awinaffid=2588613&ued=https%3A%2F%2Fwww.anbbaby.com%2Fproducts%2Fbaby-jogger-car-seat-adapter-for-city-mini-2-double-maxi-cosi-be-safe-cybex%3Fvariant%3D33380413603926,https://www.awin1.com/cread.php?awinmid=75150&awinaffid=2588613&ued=https%3A%2F%2Fwww.anbbaby.com%2Fproducts%2Fbaby-jogger-car-seat-adapter-for-city-mini-2-double-maxi-cosi-be-safe-cybex%3Fvariant%3D33380413603926,54.99,yes,0,,yes,,current,productType=stroller adapter; active=t
"Baby Jogger - Car Seat Adapter for City Sights, Maxi-Cosi/Nuna/Cybex",,Baby Jogger,,,,,SOLD_SEPARATELY,,,shopify_macrobaby,cmqx4ku6q00jr3a8upiifi4c4,,,https://www.macrobaby.com/products/baby-jogger-car-seat-adapter-for-city-sights-maxi-cosi-nuna-cybex?_j=taylormadebabyco.com,https://www.macrobaby.com/products/baby-jogger-car-seat-adapter-for-city-sights-maxi-cosi-nuna-cybex?_j=taylormadebabyco.com,54.99,yes,6,,yes,,current,productType=stroller adapter; active=t
BABY JOGGER Car Seat Adapter - Mounting Bracket - Single - For Chicco / Peg Perego,,Baby Jogger,,,,,SOLD_SEPARATELY,,,awin_anbbaby,cmqu9d5si00066byeo4xcg7uz,,,https://www.awin1.com/cread.php?awinmid=75150&awinaffid=2588613&ued=https%3A%2F%2Fwww.anbbaby.com%2Fproducts%2Fcar-seat-adapter-single-multi%3Fvariant%3D16411856699492,https://www.awin1.com/cread.php?awinmid=75150&awinaffid=2588613&ued=https%3A%2F%2Fwww.anbbaby.com%2Fproducts%2Fcar-seat-adapter-single-multi%3Fvariant%3D16411856699492,79.99,yes,0,,yes,,current,productType=stroller adapter; active=t
Baby Jogger Car Seat Adapter - Select/Premier - Chicco/Peg Perego,,Baby Jogger,,,,,SOLD_SEPARATELY,,,shopify_macrobaby,cmqx4jy8p009u3a8uhmfftzgj,,,https://www.macrobaby.com/products/baby-jogger-car-seat-adapter-select-premier-chicco-peg-perego?_j=taylormadebabyco.com,https://www.macrobaby.com/products/baby-jogger-car-seat-adapter-select-premier-chicco-peg-perego?_j=taylormadebabyco.com,79.99,yes,0,,yes,,current,productType=stroller adapter; active=t
Baby Jogger Car Seat Adapter - Select/Premier - Graco/City Go,,Baby Jogger,,,,,SOLD_SEPARATELY,,,shopify_macrobaby,cmqx4l5fg00n93a8uxq17xask,,,https://www.macrobaby.com/products/baby-jogger-car-seat-adapter-select-premier-graco-city-go?_j=taylormadebabyco.com,https://www.macrobaby.com/products/baby-jogger-car-seat-adapter-select-premier-graco-city-go?_j=taylormadebabyco.com,49.99,yes,0,,yes,,current,productType=stroller adapter; active=t
Baby Jogger - Car Seat Adapters for Baby Jogger and Graco,,Baby Jogger,,,,,SOLD_SEPARATELY,,,shopify_macrobaby,cmqx4l4wi00n33a8u79pudj0r,,,https://www.macrobaby.com/products/baby-jogger-car-seat-adapters-for-baby-jogger-and-graco?_j=taylormadebabyco.com,https://www.macrobaby.com/products/baby-jogger-car-seat-adapters-for-baby-jogger-and-graco?_j=taylormadebabyco.com,49.99,yes,0,,yes,,current,productType=stroller adapter; active=t
"BABY JOGGER Car Seat Adapter Single (City Mini, City Mini GT, and Summit X3) City GO and Graco Click Connect",,Baby Jogger,,,,,SOLD_SEPARATELY,,,awin_anbbaby,cmqu9d5iu00036byed0neyspw,,,https://www.awin1.com/cread.php?awinmid=75150&awinaffid=2588613&ued=https%3A%2F%2Fwww.anbbaby.com%2Fproducts%2Fcar-seat-adapter-single-city-go-graco%3Fvariant%3D16411852537956,https://www.awin1.com/cread.php?awinmid=75150&awinaffid=2588613&ued=https%3A%2F%2Fwww.anbbaby.com%2Fproducts%2Fcar-seat-adapter-single-city-go-graco%3Fvariant%3D16411852537956,54.99,yes,0,,yes,,current,productType=stroller adapter; active=t
Baby Jogger Chicco / Peg Perego Car Seat Adapter,,Baby Jogger,,,,,SOLD_SEPARATELY,,,awin_anbbaby,cmqu9d756000i6bye9ximtpyl,,,https://www.awin1.com/cread.php?awinmid=75150&awinaffid=2588613&ued=https%3A%2F%2Fwww.anbbaby.com%2Fproducts%2Fcar-seat-adapter-single-multi-model-city%3Fvariant%3D16412080701540,https://www.awin1.com/cread.php?awinmid=75150&awinaffid=2588613&ued=https%3A%2F%2Fwww.anbbaby.com%2Fproducts%2Fcar-seat-adapter-single-multi-model-city%3Fvariant%3D16412080701540,84.99,yes,0,,yes,,current,productType=stroller adapter; active=t
Baby Jogger Chicco / Peg Perego Car Seat Adapter for City Mini 2 & City Mini GT2,,Baby Jogger,,,,,SOLD_SEPARATELY,,,babylist_impact,cmqphgphd0059dqwrs3ka5z4s,https://babylist.pxf.io/c/6560395/1056628/13580?u=https%3A%2F%2Fwww.babylist.com%2Fgp%2Fbaby-jogger-chicco-peg-perego-car-seat-adapter-for-city-mini-2-city-mini-gt2%2F15103%2F219587&partnerpropertyid=7490466,,https://babylist.pxf.io/c/6560395/1056628/13580?u=https%3A%2F%2Fwww.babylist.com%2Fgp%2Fbaby-jogger-chicco-peg-perego-car-seat-adapter-for-city-mini-2-city-mini-gt2%2F15103%2F219587&partnerpropertyid=7490466,https://babylist.pxf.io/c/6560395/1056628/13580?u=https%3A%2F%2Fwww.babylist.com%2Fgp%2Fbaby-jogger-chicco-peg-perego-car-seat-adapter-for-city-mini-2-city-mini-gt2%2F15103%2F219587&partnerpropertyid=7490466,84.99,yes,0,,yes,,current,productType=car seat adapter; active=t
BABY JOGGER City Mini 2 Car Seat Adapter For Britax - Black,,Baby Jogger,,,,,SOLD_SEPARATELY,,,awin_anbbaby,cmqu9dlwk00166byelj7so3ou,,,https://www.awin1.com/cread.php?awinmid=75150&awinaffid=2588613&ued=https%3A%2F%2Fwww.anbbaby.com%2Fproducts%2Fcity-mini-2-car-seat-adapter-for-britax%3Fvariant%3D49935880290590,https://www.awin1.com/cread.php?awinmid=75150&awinaffid=2588613&ued=https%3A%2F%2Fwww.anbbaby.com%2Fproducts%2Fcity-mini-2-car-seat-adapter-for-britax%3Fvariant%3D49935880290590,49.99,yes,3,,yes,,current,productType=stroller adapter; active=t
BABY JOGGER City Mini 2/City Mini GT2 City GO/Graco Car Seat Adapter - Jet - Black,,Baby Jogger,,,,,SOLD_SEPARATELY,,,awin_anbbaby,cmqu9dkyw000x6byedbnb08rc,,,https://www.awin1.com/cread.php?awinmid=75150&awinaffid=2588613&ued=https%3A%2F%2Fwww.anbbaby.com%2Fproducts%2Fcity-mini-2-city-mini-gt2-city-go-graco-car-seat-adapter%3Fvariant%3D49919768559902,https://www.awin1.com/cread.php?awinmid=75150&awinaffid=2588613&ued=https%3A%2F%2Fwww.anbbaby.com%2Fproducts%2Fcity-mini-2-city-mini-gt2-city-go-graco-car-seat-adapter%3Fvariant%3D49919768559902,49.99,yes,0,,yes,,current,productType=stroller adapter; active=t
BABY JOGGER City Mini 2 / Mini GT2 Chicco / Peg Perego Car Seat Adapter - Jet - Black,,Baby Jogger,,,,,SOLD_SEPARATELY,,,awin_anbbaby,cmqu9dm8d00196byep6audgt2,,,https://www.awin1.com/cread.php?awinmid=75150&awinaffid=2588613&ued=https%3A%2F%2Fwww.anbbaby.com%2Fproducts%2Fcity-mini-2-mini-gt2-chicco-peg-perego-car-seat-adapter%3Fvariant%3D49935881175326,https://www.awin1.com/cread.php?awinmid=75150&awinaffid=2588613&ued=https%3A%2F%2Fwww.anbbaby.com%2Fproducts%2Fcity-mini-2-mini-gt2-chicco-peg-perego-car-seat-adapter%3Fvariant%3D49935881175326,84.99,yes,0,,yes,,current,productType=stroller adapter; active=t
BABY JOGGER City Mini 2 / Mini GT 2 Cybex / Clek Car Seat Adapter - Black,,Baby Jogger,,,,,SOLD_SEPARATELY,,,awin_anbbaby,cmqu9dlk800136byer3gq1e98,,,https://www.awin1.com/cread.php?awinmid=75150&awinaffid=2588613&ued=https%3A%2F%2Fwww.anbbaby.com%2Fproducts%2Fcity-mini-2-mini-gt-2-cybex-cybex-car-seat-adapter%3Fvariant%3D49935879700766,https://www.awin1.com/cread.php?awinmid=75150&awinaffid=2588613&ued=https%3A%2F%2Fwww.anbbaby.com%2Fproducts%2Fcity-mini-2-mini-gt-2-cybex-cybex-car-seat-adapter%3Fvariant%3D49935879700766,49.99,yes,3,,yes,,current,productType=stroller adapter; active=t
Baby Jogger City Mini GT3 Car Seat Adapter (Nuna),,Baby Jogger,,,,,SOLD_SEPARATELY,,,babylist_impact,cmqphgtfv006idqwrw82q1azx,https://babylist.pxf.io/c/6560395/1056628/13580?u=https%3A%2F%2Fwww.babylist.com%2Fgp%2Fbaby-jogger-city-mini-gt3-car-seat-adapter-nuna%2F73653%2F2444114&partnerpropertyid=7490466,,https://babylist.pxf.io/c/6560395/1056628/13580?u=https%3A%2F%2Fwww.babylist.com%2Fgp%2Fbaby-jogger-city-mini-gt3-car-seat-adapter-nuna%2F73653%2F2444114&partnerpropertyid=7490466,https://babylist.pxf.io/c/6560395/1056628/13580?u=https%3A%2F%2Fwww.babylist.com%2Fgp%2Fbaby-jogger-city-mini-gt3-car-seat-adapter-nuna%2F73653%2F2444114&partnerpropertyid=7490466,49.99,yes,0,,yes,,current,productType=car seat adapter; active=t
BABY JOGGER City Mini ZIP Car Seat Adapter Single - Graco Click Connect,,Baby Jogger,,,,,SOLD_SEPARATELY,,,awin_anbbaby,cmqu9d64j00096bye9m5rb3j1,,,https://www.awin1.com/cread.php?awinmid=75150&awinaffid=2588613&ued=https%3A%2F%2Fwww.anbbaby.com%2Fproducts%2Fcity-mini-zip-car-seat-adapter-single-graco-click%3Fvariant%3D16411864465508,https://www.awin1.com/cread.php?awinmid=75150&awinaffid=2588613&ued=https%3A%2F%2Fwww.anbbaby.com%2Fproducts%2Fcity-mini-zip-car-seat-adapter-single-graco-click%3Fvariant%3D16411864465508,39.99,yes,0,,yes,,current,productType=stroller adapter; active=t
Baby Jogger City Tour 2 Car Seat Adapter for Baby Jogger City GO and Graco,,Baby Jogger,,,,,SOLD_SEPARATELY,,,shopify_macrobaby,cmqx6m04d001u3ld4xkq5r2si,,,https://www.macrobaby.com/products/baby-jogger-city-tour-2-car-seat-adapter-for-baby-jogger-city-go-and-graco?_j=taylormadebabyco.com,https://www.macrobaby.com/products/baby-jogger-city-tour-2-car-seat-adapter-for-baby-jogger-city-go-and-graco?_j=taylormadebabyco.com,49.99,yes,0,,yes,,current,productType=stroller adapter; active=t
BABY JOGGER City Tour 2 Car Seat Adapter For City Go / Graco - Black - Black,,Baby Jogger,,,,,SOLD_SEPARATELY,,,awin_anbbaby,cmqu9dmii001c6bye9rj8lkcu,,,https://www.awin1.com/cread.php?awinmid=75150&awinaffid=2588613&ued=https%3A%2F%2Fwww.anbbaby.com%2Fproducts%2Fcity-tour-2-car-seat-adapter-for-city-go-graco%3Fvariant%3D49935881339166,https://www.awin1.com/cread.php?awinmid=75150&awinaffid=2588613&ued=https%3A%2F%2Fwww.anbbaby.com%2Fproducts%2Fcity-tour-2-car-seat-adapter-for-city-go-graco%3Fvariant%3D49935881339166,54.99,yes,0,,yes,,current,productType=stroller adapter; active=t
BABY JOGGER City Tour™ LUX Car Seat Adapter For Maxi Cosi / Cybex,,Baby Jogger,,,,,SOLD_SEPARATELY,,,awin_anbbaby,cmqu9drwn001o6byelkh1o06f,,,https://www.awin1.com/cread.php?awinmid=75150&awinaffid=2588613&ued=https%3A%2F%2Fwww.anbbaby.com%2Fproducts%2Fcity-tour-lux-car-seat-adapter-for-maxi-cosi-cybex%3Fvariant%3D31252724613206,https://www.awin1.com/cread.php?awinmid=75150&awinaffid=2588613&ued=https%3A%2F%2Fwww.anbbaby.com%2Fproducts%2Fcity-tour-lux-car-seat-adapter-for-maxi-cosi-cybex%3Fvariant%3D31252724613206,34.99,yes,0,,yes,,current,productType=stroller adapter; active=t
Baby Jogger - Graco Car Seat Adapter City Mini 2 & City Mini GT2 Double Stroller,,Baby Jogger,,,,,DUAL_ADAPTER_SETUP,,,shopify_macrobaby,cmqx4ktdx00ji3a8u45e5mpnv,,,https://www.macrobaby.com/products/baby-jogger-graco-car-seat-adapter-city-mini-2-city-mini-gt2-double-stroller?_j=taylormadebabyco.com,https://www.macrobaby.com/products/baby-jogger-graco-car-seat-adapter-city-mini-2-city-mini-gt2-double-stroller?_j=taylormadebabyco.com,49.99,yes,0,,yes,,current,productType=stroller adapter; active=t
"Baby Jogger Maxi-Cosi Car Seat Adapter, City Mini 2, City Mini GT2 - Black",,Baby Jogger,,,,,SOLD_SEPARATELY,,,awin_anbbaby,cmqu9dlar00106byep7v0zvrr,,,https://www.awin1.com/cread.php?awinmid=75150&awinaffid=2588613&ued=https%3A%2F%2Fwww.anbbaby.com%2Fproducts%2Fcity-mini-2-gt-2-maxi-cosi-car-seat-adapter%3Fvariant%3D49919751749918,https://www.awin1.com/cread.php?awinmid=75150&awinaffid=2588613&ued=https%3A%2F%2Fwww.anbbaby.com%2Fproducts%2Fcity-mini-2-gt-2-maxi-cosi-car-seat-adapter%3Fvariant%3D49919751749918,49.99,yes,2,,yes,,current,productType=stroller adapter; active=t
Baby Jogger Vue Car Seat Adapter - Cybex,,Baby Jogger,,,,,SOLD_SEPARATELY,,,awin_anbbaby,cmqu9d6t3000f6byegtl5zwoo,,,https://www.awin1.com/cread.php?awinmid=75150&awinaffid=2588613&ued=https%3A%2F%2Fwww.anbbaby.com%2Fproducts%2Fbaby-jogger-car-seat-adapter-single-multi-model-vue-single%3Fvariant%3D16411949400164,https://www.awin1.com/cread.php?awinmid=75150&awinaffid=2588613&ued=https%3A%2F%2Fwww.anbbaby.com%2Fproducts%2Fbaby-jogger-car-seat-adapter-single-multi-model-vue-single%3Fvariant%3D16411949400164,12,yes,0,,yes,,current,productType=stroller adapter; active=t
BOB - Wayfinder Universal Infant Car Seat Adapter,,BOB,,,,,SOLD_SEPARATELY,,,shopify_macrobaby,cmqx6lpzf001l3ld48cigybxh,,,https://www.macrobaby.com/products/bob-wayfinder-universal-infant-car-seat-adapter?_j=taylormadebabyco.com,https://www.macrobaby.com/products/bob-wayfinder-universal-infant-car-seat-adapter?_j=taylormadebabyco.com,59.99,yes,0,,yes,,current,productType=stroller adapter; active=t
Bob Duallie Infant Car Seat Adapter - Britax,,BOB Gear,,,,,DUAL_ADAPTER_SETUP,,,awin_anbbaby,cmqu9eoc200406byecxtcl6xe,,,https://www.awin1.com/cread.php?awinmid=75150&awinaffid=2588613&ued=https%3A%2F%2Fwww.anbbaby.com%2Fproducts%2Fbritax-bob-duallie-infant-car-seat-adapter%3Fvariant%3D39376578379862,https://www.awin1.com/cread.php?awinmid=75150&awinaffid=2588613&ued=https%3A%2F%2Fwww.anbbaby.com%2Fproducts%2Fbritax-bob-duallie-infant-car-seat-adapter%3Fvariant%3D39376578379862,94.99,yes,0,,yes,,current,productType=stroller adapter; active=t
Bob Duallie Infant Car Seat Adapter - Chicco -- Available End Of June,,BOB Gear,,,,,DUAL_ADAPTER_SETUP,,,awin_anbbaby,cmqu9eoo100436byek3waccgf,,,https://www.awin1.com/cread.php?awinmid=75150&awinaffid=2588613&ued=https%3A%2F%2Fwww.anbbaby.com%2Fproducts%2Fbritax-bob-duallie-infant-car-seat-adapter%3Fvariant%3D39376578412630,https://www.awin1.com/cread.php?awinmid=75150&awinaffid=2588613&ued=https%3A%2F%2Fwww.anbbaby.com%2Fproducts%2Fbritax-bob-duallie-infant-car-seat-adapter%3Fvariant%3D39376578412630,119.99,yes,0,,yes,,current,productType=stroller adapter; active=t
Bob Duallie Infant Car Seat Adapter - Graco,,BOB Gear,,,,,DUAL_ADAPTER_SETUP,,,awin_anbbaby,cmqu9eo21003x6byeegngo8ev,,,https://www.awin1.com/cread.php?awinmid=75150&awinaffid=2588613&ued=https%3A%2F%2Fwww.anbbaby.com%2Fproducts%2Fbritax-bob-duallie-infant-car-seat-adapter%3Fvariant%3D39376578347094,https://www.awin1.com/cread.php?awinmid=75150&awinaffid=2588613&ued=https%3A%2F%2Fwww.anbbaby.com%2Fproducts%2Fbritax-bob-duallie-infant-car-seat-adapter%3Fvariant%3D39376578347094,119.99,yes,0,,yes,,current,productType=stroller adapter; active=t
BOB Gear Single Jogging Stroller Adapter for Britax Infant Car Seats - Gray,,BOB Gear,,,,,SOLD_SEPARATELY,,,awin_anbbaby,cmqu9eceh002r6bye56wav42e,,,https://www.awin1.com/cread.php?awinmid=75150&awinaffid=2588613&ued=https%3A%2F%2Fwww.anbbaby.com%2Fproducts%2Fbob-gear-single-jogging-stroller-adapter-for-britax-infant-car-seats%3Fvariant%3D49994897981726,https://www.awin1.com/cread.php?awinmid=75150&awinaffid=2588613&ued=https%3A%2F%2Fwww.anbbaby.com%2Fproducts%2Fbob-gear-single-jogging-stroller-adapter-for-britax-infant-car-seats%3Fvariant%3D49994897981726,79.99,yes,0,,yes,,current,productType=stroller adapter; active=t
BOB Gear Single Jogging Stroller Adapter for Chicco Infant Car Seats - Gray -- Available End Of June,,BOB Gear,,,,,SOLD_SEPARATELY,,,awin_anbbaby,cmqu9edch00306bye7ulln1dy,,,https://www.awin1.com/cread.php?awinmid=75150&awinaffid=2588613&ued=https%3A%2F%2Fwww.anbbaby.com%2Fproducts%2Fbob-gear-single-jogging-stroller-adapter-for-chicco-infant-car-seats%3Fvariant%3D49994901750046,https://www.awin1.com/cread.php?awinmid=75150&awinaffid=2588613&ued=https%3A%2F%2Fwww.anbbaby.com%2Fproducts%2Fbob-gear-single-jogging-stroller-adapter-for-chicco-infant-car-seats%3Fvariant%3D49994901750046,99.99,yes,0,,yes,,current,productType=stroller adapter; active=t
BOB Gear Single Jogging Stroller Adapter for Graco Infant Car Seats - Gray -- Available End Of June,,BOB Gear,,,,,SOLD_SEPARATELY,,,awin_anbbaby,cmqu9eco8002u6byewl5ujwd8,,,https://www.awin1.com/cread.php?awinmid=75150&awinaffid=2588613&ued=https%3A%2F%2Fwww.anbbaby.com%2Fproducts%2Fbob-gear-single-jogging-stroller-adapter-for-graco-infant-car-seats%3Fvariant%3D49994901487902,https://www.awin1.com/cread.php?awinmid=75150&awinaffid=2588613&ued=https%3A%2F%2Fwww.anbbaby.com%2Fproducts%2Fbob-gear-single-jogging-stroller-adapter-for-graco-infant-car-seats%3Fvariant%3D49994901487902,99.99,yes,0,,yes,,current,productType=stroller adapter; active=t
BOB Gear Single Jogging Stroller Adapter for Peg Perego Infant Car Seats - Gray -- Available End Of June,,BOB Gear,,,,,SOLD_SEPARATELY,,,awin_anbbaby,cmqu9ed11002x6bye9vi0bbuf,,,https://www.awin1.com/cread.php?awinmid=75150&awinaffid=2588613&ued=https%3A%2F%2Fwww.anbbaby.com%2Fproducts%2Fbob-gear-single-jogging-stroller-adapter-for-peg-perego-infant-car-seats%3Fvariant%3D49994901979422,https://www.awin1.com/cread.php?awinmid=75150&awinaffid=2588613&ued=https%3A%2F%2Fwww.anbbaby.com%2Fproducts%2Fbob-gear-single-jogging-stroller-adapter-for-peg-perego-infant-car-seats%3Fvariant%3D49994901979422,79.99,yes,0,,yes,,current,productType=stroller adapter; active=t
BOB Gear Single Jogging Stroller Adapter for Select Britax Infant Car Seats in Black,,BOB Gear,,,,,SOLD_SEPARATELY,,,babylist_impact,cmqphld7001ludqwr2n31ttqy,https://babylist.pxf.io/c/6560395/1160375/13580?prodsku=2019285&u=https%3A%2F%2Fwww.babylist.com%2Fgp%2Fbob-gear-single-jogging-stroller-adapter-for-select-britax-infant-car-seats%2F54205%2F2019285&intsrc=CATF_8981,,https://babylist.pxf.io/c/6560395/1160375/13580?prodsku=2019285&u=https%3A%2F%2Fwww.babylist.com%2Fgp%2Fbob-gear-single-jogging-stroller-adapter-for-select-britax-infant-car-seats%2F54205%2F2019285&intsrc=CATF_8981,https://babylist.pxf.io/c/6560395/1160375/13580?prodsku=2019285&u=https%3A%2F%2Fwww.babylist.com%2Fgp%2Fbob-gear-single-jogging-stroller-adapter-for-select-britax-infant-car-seats%2F54205%2F2019285&intsrc=CATF_8981,94.99,yes,2,,yes,,current,productType=stroller adapter; active=t
BOB Gear Wayfinder Universal Infant Car Seat Adapter in Black,,BOB Gear,,,,,SOLD_SEPARATELY,,,babylist_impact,cmqphldpg01m0dqwrov7tqsoe,https://babylist.pxf.io/c/6560395/1160375/13580?prodsku=1627980&u=https%3A%2F%2Fwww.babylist.com%2Fgp%2Fbob-gear-wayfinder-universal-infant-car-seat-adapter%2F42124%2F1627980&intsrc=CATF_8981,,https://babylist.pxf.io/c/6560395/1160375/13580?prodsku=1627980&u=https%3A%2F%2Fwww.babylist.com%2Fgp%2Fbob-gear-wayfinder-universal-infant-car-seat-adapter%2F42124%2F1627980&intsrc=CATF_8981,https://babylist.pxf.io/c/6560395/1160375/13580?prodsku=1627980&u=https%3A%2F%2Fwww.babylist.com%2Fgp%2Fbob-gear-wayfinder-universal-infant-car-seat-adapter%2F42124%2F1627980&intsrc=CATF_8981,59.99,yes,0,,yes,,current,productType=infant car seat adapter; active=t
Bombi Bēbee V3 Car Seat Adapter Straps,,Bombi,,,,,SOLD_SEPARATELY,V3,,manual_tmbc,cmr4c3kzu0004n624g5srwvcg,,,https://bombigear.com/products/stroller-car-seat-adapter-straps-v2,https://bombigear.com/products/stroller-car-seat-adapter-straps-v2,,yes,21,,yes,,current,productType=car seat adapter; active=t
Britax B-Lively Double Stroller Infant Car Seat Adapter & Child Tray Kit,,Britax,,,,,DUAL_ADAPTER_SETUP,,,awin_anbbaby,cmqu9edxw00336bye3xahvjvm,,,https://www.awin1.com/cread.php?awinmid=75150&awinaffid=2588613&ued=https%3A%2F%2Fwww.anbbaby.com%2Fproducts%2Fbritax-b-lively-double-stroller-infant-car-seat-adapter-child-tray-kit%3Fvariant%3D33469744644182,https://www.awin1.com/cread.php?awinmid=75150&awinaffid=2588613&ued=https%3A%2F%2Fwww.anbbaby.com%2Fproducts%2Fbritax-b-lively-double-stroller-infant-car-seat-adapter-child-tray-kit%3Fvariant%3D33469744644182,89.99,yes,0,,yes,,current,productType=stroller adapter; active=t
"Bugaboo Bee Adapter for Turtle One / Maxi Cosi Car Seats, Black",,Bugaboo,,,,,SOLD_SEPARATELY,,,awin_anbbaby,cmqu9ems4003u6byetvvf9dan,,,https://www.awin1.com/cread.php?awinmid=75150&awinaffid=2588613&ued=https%3A%2F%2Fwww.anbbaby.com%2Fproducts%2Fbugaboo-bee-adapter-for-turtle-one-maxi-cosi-car-seats-black%3Fvariant%3D39349178368086,https://www.awin1.com/cread.php?awinmid=75150&awinaffid=2588613&ued=https%3A%2F%2Fwww.anbbaby.com%2Fproducts%2Fbugaboo-bee-adapter-for-turtle-one-maxi-cosi-car-seats-black%3Fvariant%3D39349178368086,59.95,yes,0,,yes,,current,productType=stroller adapter; active=t
Bugaboo - Butterfly 2 Car Seat Adapters,,Bugaboo,,,,,SOLD_SEPARATELY,,,shopify_macrobaby,cmqx4l3un00mr3a8u5z2200ro,,,https://www.macrobaby.com/products/bugaboo-butterfly-2-car-seat-adapters?_j=taylormadebabyco.com,https://www.macrobaby.com/products/bugaboo-butterfly-2-car-seat-adapters?_j=taylormadebabyco.com,69.95,yes,0,,yes,,current,productType=stroller adapter; active=t
Bugaboo Butterfly 2 Car Seat Adapters in Black,,Bugaboo,,,,,SOLD_SEPARATELY,,,babylist_impact,cmqphmlpi01zrdqwr6n3gxeqm,https://babylist.pxf.io/c/6560395/1160375/13580?prodsku=2514339&u=https%3A%2F%2Fwww.babylist.com%2Fgp%2Fbugaboo-butterfly-2-car-seat-adapters%2F74827%2F2514339&intsrc=CATF_8981,,https://babylist.pxf.io/c/6560395/1160375/13580?prodsku=2514339&u=https%3A%2F%2Fwww.babylist.com%2Fgp%2Fbugaboo-butterfly-2-car-seat-adapters%2F74827%2F2514339&intsrc=CATF_8981,https://babylist.pxf.io/c/6560395/1160375/13580?prodsku=2514339&u=https%3A%2F%2Fwww.babylist.com%2Fgp%2Fbugaboo-butterfly-2-car-seat-adapters%2F74827%2F2514339&intsrc=CATF_8981,69.95,yes,1,,yes,,current,productType=stroller adapter; active=t
Bugaboo Butterfly 2 Tray Adapter in Black,,Bugaboo,,,,,SOLD_SEPARATELY,,,babylist_impact,cmqphmnbz0209dqwr1upu4boe,https://babylist.pxf.io/c/6560395/1160375/13580?prodsku=2514341&u=https%3A%2F%2Fwww.babylist.com%2Fgp%2Fbugaboo-butterfly-2-tray-adapter%2F74829%2F2514341&intsrc=CATF_8981,,https://babylist.pxf.io/c/6560395/1160375/13580?prodsku=2514341&u=https%3A%2F%2Fwww.babylist.com%2Fgp%2Fbugaboo-butterfly-2-tray-adapter%2F74829%2F2514341&intsrc=CATF_8981,https://babylist.pxf.io/c/6560395/1160375/13580?prodsku=2514341&u=https%3A%2F%2Fwww.babylist.com%2Fgp%2Fbugaboo-butterfly-2-tray-adapter%2F74829%2F2514341&intsrc=CATF_8981,16.95,yes,0,,yes,,current,productType=stroller adapter; active=t
"Bugaboo Donkey Adapter For Select Maxi Cosi Car Seats and Turtle, Mono",,Bugaboo,,,,,SOLD_SEPARATELY,,,shopify_macrobaby,cmqx4l4dr00mx3a8uc66vl65t,,,https://www.macrobaby.com/products/bugaboo-donkey-adapter-for-select-maxi-cosi-car-seats-mono?_j=taylormadebabyco.com,https://www.macrobaby.com/products/bugaboo-donkey-adapter-for-select-maxi-cosi-car-seats-mono?_j=taylormadebabyco.com,79.95,yes,0,,yes,,current,productType=stroller adapter; active=t
Bugaboo Donkey Mono & Duo Car Seat Adapter (Maxi-Cosi / Nuna) - Donkey 3 / Donkey 5 Mono,,Bugaboo,,,,,SOLD_SEPARATELY,,,babylist_impact,cmr5bd3fd0000iulwjn7dltv3,https://babylist.pxf.io/c/6560395/1056628/13580?u=https%3A%2F%2Fwww.babylist.com%2Fgp%2Fbugaboo-donkey-mono-and-duo-adapter-for-turtle-one-maxi-cosi-car-seats%2F21895%2F762793&partnerpropertyid=7490466,,https://babylist.pxf.io/c/6560395/1056628/13580?u=https%3A%2F%2Fwww.babylist.com%2Fgp%2Fbugaboo-donkey-mono-and-duo-adapter-for-turtle-one-maxi-cosi-car-seats%2F21895%2F762793&partnerpropertyid=7490466,https://babylist.pxf.io/c/6560395/1056628/13580?u=https%3A%2F%2Fwww.babylist.com%2Fgp%2Fbugaboo-donkey-mono-and-duo-adapter-for-turtle-one-maxi-cosi-car-seats%2F21895%2F762793&partnerpropertyid=7490466,79.95,yes,0,,yes,,current,productType=car seat adapter; active=t
Bugaboo - Donkey Twin Car Seat Adapter for Turtle/Nuna/Maxi-Cosi,,Bugaboo,,,,,SOLD_SEPARATELY,,,shopify_macrobaby,cmqx4l44a00mu3a8us5kq1zcs,,,https://www.macrobaby.com/products/bugaboo-donkey-adapter-for-select-maxi-cosi-car-seats-twin?_j=taylormadebabyco.com,https://www.macrobaby.com/products/bugaboo-donkey-adapter-for-select-maxi-cosi-car-seats-twin?_j=taylormadebabyco.com,99.95,yes,0,,yes,,current,productType=stroller adapter; active=t
Bugaboo Dragonfly Adapter for Stand in Black,,Bugaboo,,,,,SOLD_SEPARATELY,,,babylist_impact,cmqphmu1y022cdqwri8hhxqpc,https://babylist.pxf.io/c/6560395/1160375/13580?prodsku=1556456&u=https%3A%2F%2Fwww.babylist.com%2Fgp%2Fbugaboo-dragonfly-adapter-for-bugaboo-stand%2F39934%2F1556456&intsrc=CATF_8981,,https://babylist.pxf.io/c/6560395/1160375/13580?prodsku=1556456&u=https%3A%2F%2Fwww.babylist.com%2Fgp%2Fbugaboo-dragonfly-adapter-for-bugaboo-stand%2F39934%2F1556456&intsrc=CATF_8981,https://babylist.pxf.io/c/6560395/1160375/13580?prodsku=1556456&u=https%3A%2F%2Fwww.babylist.com%2Fgp%2Fbugaboo-dragonfly-adapter-for-bugaboo-stand%2F39934%2F1556456&intsrc=CATF_8981,39.95,yes,0,,yes,,current,productType=stroller adapter; active=t
Bugaboo - Dragonfly Car Seat Adapter for Maxi Cosi/Cybex/Nuna,,Bugaboo,,,,,SOLD_SEPARATELY,,,shopify_macrobaby,cmqx4l4n500n03a8u5ip6xbv8,,,https://www.macrobaby.com/products/bugaboo-dragonfly-car-seat-adapter-for-maxi-cosi-cybex-nuna?_j=taylormadebabyco.com,https://www.macrobaby.com/products/bugaboo-dragonfly-car-seat-adapter-for-maxi-cosi-cybex-nuna?_j=taylormadebabyco.com,69.95,yes,5,,yes,,current,productType=stroller adapter; active=t
Bugaboo Dragonfly / Dragonfly Plus Car Seat Adapters,,Bugaboo,,,,,SOLD_SEPARATELY,,,babylist_impact,cmqphmv44022odqwruvedrmyc,https://babylist.pxf.io/c/6560395/1056628/13580?u=https%3A%2F%2Fwww.babylist.com%2Fgp%2Fbugaboo-dragonfly-car-seat-adapters%2F39932%2F1556451&partnerpropertyid=7490466,,https://babylist.pxf.io/c/6560395/1056628/13580?u=https%3A%2F%2Fwww.babylist.com%2Fgp%2Fbugaboo-dragonfly-car-seat-adapters%2F39932%2F1556451&partnerpropertyid=7490466,https://babylist.pxf.io/c/6560395/1056628/13580?u=https%3A%2F%2Fwww.babylist.com%2Fgp%2Fbugaboo-dragonfly-car-seat-adapters%2F39932%2F1556451&partnerpropertyid=7490466,69.95,yes,0,,yes,,current,productType=car seat adapter; active=t
Bugaboo Kangaroo Upper Newborn Adapter,,Bugaboo,,,,,SOLD_SEPARATELY,,,babylist_impact,cmqphn6dz0266dqwrep9xl74m,https://babylist.pxf.io/c/6560395/1160375/13580?prodsku=2116007&u=https%3A%2F%2Fwww.babylist.com%2Fgp%2Fbugaboo-kangaroo-upper-newborn-adapter%2F56786%2F2116007&intsrc=CATF_8981,,https://babylist.pxf.io/c/6560395/1160375/13580?prodsku=2116007&u=https%3A%2F%2Fwww.babylist.com%2Fgp%2Fbugaboo-kangaroo-upper-newborn-adapter%2F56786%2F2116007&intsrc=CATF_8981,https://babylist.pxf.io/c/6560395/1160375/13580?prodsku=2116007&u=https%3A%2F%2Fwww.babylist.com%2Fgp%2Fbugaboo-kangaroo-upper-newborn-adapter%2F56786%2F2116007&intsrc=CATF_8981,39,yes,0,,yes,,current,productType=stroller adapter; active=t
BUMBLERIDE Era Car Seat Adapter - Maxi Cosi / Cybex / Nuna / Clek,,Bumbleride,,,,,SOLD_SEPARATELY,,,awin_anbbaby,cmqu9e1qx00296byeyj8mkby2,,,https://www.awin1.com/cread.php?awinmid=75150&awinaffid=2588613&ued=https%3A%2F%2Fwww.anbbaby.com%2Fproducts%2Fbumbleride-era-car-seat-adapter-maxi-cosi-cybex-nuna-clek%3Fvariant%3D32372733050966,https://www.awin1.com/cread.php?awinmid=75150&awinaffid=2588613&ued=https%3A%2F%2Fwww.anbbaby.com%2Fproducts%2Fbumbleride-era-car-seat-adapter-maxi-cosi-cybex-nuna-clek%3Fvariant%3D32372733050966,45,yes,0,,yes,DUP,current,productType=stroller adapter; active=t
Bumbleride Era Car Seat Adapter (Maxi-Cosi / Cybex / Nuna / Clek),,Bumbleride,,,,,SOLD_SEPARATELY,,,manual_tmbc,cmr2gpdem0009dm5jhmt4dkj8,,,https://bumbleride.com/products/era-car-seat-adapter-maxi-cosi-cybex-nuna-clek,https://bumbleride.com/products/era-car-seat-adapter-maxi-cosi-cybex-nuna-clek,,no,0,,yes,DUP,current,productType=car seat adapter; active=t
Bumbleride Era Car Seat Adapter Maxi Cosi/Cybex/Nuna/Clek,,Bumbleride,,,,,SOLD_SEPARATELY,,,babylist_impact,cmqphnbgw027rdqwrna1lc2bb,https://babylist.pxf.io/c/6560395/1160375/13580?prodsku=2719370&u=https%3A%2F%2Fwww.babylist.com%2Fgp%2Fbumbleride-era-car-seat-adapter-maxi-cosi-cybex-nuna-clek%2F77689%2F2719370&intsrc=CATF_8981,,https://babylist.pxf.io/c/6560395/1160375/13580?prodsku=2719370&u=https%3A%2F%2Fwww.babylist.com%2Fgp%2Fbumbleride-era-car-seat-adapter-maxi-cosi-cybex-nuna-clek%2F77689%2F2719370&intsrc=CATF_8981,https://babylist.pxf.io/c/6560395/1160375/13580?prodsku=2719370&u=https%3A%2F%2Fwww.babylist.com%2Fgp%2Fbumbleride-era-car-seat-adapter-maxi-cosi-cybex-nuna-clek%2F77689%2F2719370&intsrc=CATF_8981,65,yes,0,,yes,DUP,current,productType=infant car seat adapter; active=t
Bumbleride Indie/Speed Adapter,,Bumbleride,,,,,SOLD_SEPARATELY,,,babylist_impact,cmqphngnk029cdqwrrldofntt,https://babylist.pxf.io/c/6560395/1160375/13580?prodsku=2719378&u=https%3A%2F%2Fwww.babylist.com%2Fgp%2Fbumbleride-indie-speed-adapter-maxi-cosi-nuna-cybex-clek%2F77691%2F2719378&intsrc=CATF_8981,,https://babylist.pxf.io/c/6560395/1160375/13580?prodsku=2719378&u=https%3A%2F%2Fwww.babylist.com%2Fgp%2Fbumbleride-indie-speed-adapter-maxi-cosi-nuna-cybex-clek%2F77691%2F2719378&intsrc=CATF_8981,https://babylist.pxf.io/c/6560395/1160375/13580?prodsku=2719378&u=https%3A%2F%2Fwww.babylist.com%2Fgp%2Fbumbleride-indie-speed-adapter-maxi-cosi-nuna-cybex-clek%2F77691%2F2719378&intsrc=CATF_8981,65,yes,0,,yes,,current,productType=stroller adapter; active=t
BUMBLERIDE Indie / Speed Adapter - Maxi Cosi / Nuna / Cybex / Clek,,Bumbleride,,,,,SOLD_SEPARATELY,,,awin_anbbaby,cmqu9e22y002c6byesw2ihb6i,,,https://www.awin1.com/cread.php?awinmid=75150&awinaffid=2588613&ued=https%3A%2F%2Fwww.anbbaby.com%2Fproducts%2Fbumbleride-indie-speed-adapter-maxi-cosi-nuna-cybex-clek%3Fvariant%3D32471624581206,https://www.awin1.com/cread.php?awinmid=75150&awinaffid=2588613&ued=https%3A%2F%2Fwww.anbbaby.com%2Fproducts%2Fbumbleride-indie-speed-adapter-maxi-cosi-nuna-cybex-clek%3Fvariant%3D32471624581206,49,yes,0,,yes,,current,productType=stroller adapter; active=t
BUMBLERIDE Indie Twin Adapter SET – Maxi Cosi / Cybex / Nuna / Clek,,Bumbleride,,,,,SOLD_SEPARATELY,,,awin_anbbaby,cmqu9e2ox002i6byecvzy7aq6,,,https://www.awin1.com/cread.php?awinmid=75150&awinaffid=2588613&ued=https%3A%2F%2Fwww.anbbaby.com%2Fproducts%2Fbumbleride-indie-twin-adapter-set-maxi-cosi-cybex-nuna-clek%3Fvariant%3D32471827382358,https://www.awin1.com/cread.php?awinmid=75150&awinaffid=2588613&ued=https%3A%2F%2Fwww.anbbaby.com%2Fproducts%2Fbumbleride-indie-twin-adapter-set-maxi-cosi-cybex-nuna-clek%3Fvariant%3D32471827382358,89,yes,0,,yes,,current,productType=stroller adapter; active=t
BUMBLERIDE Indie Twin Adapter Single – Maxi Cosi / Cybex / Clek / Nuna,,Bumbleride,,,,,SOLD_SEPARATELY,,,awin_anbbaby,cmqu9e2es002f6bye6juh9sk6,,,https://www.awin1.com/cread.php?awinmid=75150&awinaffid=2588613&ued=https%3A%2F%2Fwww.anbbaby.com%2Fproducts%2Findie-twin-adapter-single-maxi-cosi-cybex-clek-nuna%3Fvariant%3D32471710302294,https://www.awin1.com/cread.php?awinmid=75150&awinaffid=2588613&ued=https%3A%2F%2Fwww.anbbaby.com%2Fproducts%2Findie-twin-adapter-single-maxi-cosi-cybex-clek-nuna%3Fvariant%3D32471710302294,49,yes,0,,yes,,current,productType=stroller adapter; active=t
Bumbleride Indie Twin Car Seat Adapter (Maxi-Cosi / Cybex / Nuna / Clek),,Bumbleride,,,,,SOLD_SEPARATELY,,,manual_tmbc,cmr2gpdjh000cdm5j11bh1j9r,,https://www.amazon.com/dp/B0DJ3F2N2W?tag=taylormadebab-20,https://www.amazon.com/dp/B0DJ3F2N2W?tag=taylormadebab-20,https://www.amazon.com/dp/B0DJ3F2N2W?tag=taylormadebab-20,,no,0,,yes,,current,productType=car seat adapter; active=t
"Bumbleride Indie Twin Car Seat Adapter, Set",,Bumbleride,,,,,SOLD_SEPARATELY,,,babylist_impact,cmqphne97028ldqwrthlwd97h,https://babylist.pxf.io/c/6560395/1160375/13580?prodsku=2230680&u=https%3A%2F%2Fwww.babylist.com%2Fgp%2Fbumbleride-indie-twin-car-seat-adapter-set%2F65697%2F2230680&intsrc=CATF_8981,,https://babylist.pxf.io/c/6560395/1160375/13580?prodsku=2230680&u=https%3A%2F%2Fwww.babylist.com%2Fgp%2Fbumbleride-indie-twin-car-seat-adapter-set%2F65697%2F2230680&intsrc=CATF_8981,https://babylist.pxf.io/c/6560395/1160375/13580?prodsku=2230680&u=https%3A%2F%2Fwww.babylist.com%2Fgp%2Fbumbleride-indie-twin-car-seat-adapter-set%2F65697%2F2230680&intsrc=CATF_8981,110,yes,0,,yes,,current,productType=infant car seat adapter; active=t
"Bumbleride Indie Twin Car Seat Adapter, Single",,Bumbleride,,,,,SOLD_SEPARATELY,,,babylist_impact,cmqphneis028odqwrnrc6rxqo,https://babylist.pxf.io/c/6560395/1160375/13580?prodsku=2230678&u=https%3A%2F%2Fwww.babylist.com%2Fgp%2Fbumbleride-indie-twin-car-seat-adapter-single%2F65696%2F2230678&intsrc=CATF_8981,,https://babylist.pxf.io/c/6560395/1160375/13580?prodsku=2230678&u=https%3A%2F%2Fwww.babylist.com%2Fgp%2Fbumbleride-indie-twin-car-seat-adapter-single%2F65696%2F2230678&intsrc=CATF_8981,https://babylist.pxf.io/c/6560395/1160375/13580?prodsku=2230678&u=https%3A%2F%2Fwww.babylist.com%2Fgp%2Fbumbleride-indie-twin-car-seat-adapter-single%2F65696%2F2230678&intsrc=CATF_8981,65,yes,0,,yes,,current,productType=infant car seat adapter; active=t
Bumbleride Single Car Seat Adapter - Peg Perego,,Bumbleride,,,,,SOLD_SEPARATELY,,,awin_anbbaby,cmqu9ee7x00366byesb0hgpfh,,,https://www.awin1.com/cread.php?awinmid=75150&awinaffid=2588613&ued=https%3A%2F%2Fwww.anbbaby.com%2Fproducts%2Fbumbleride-single-car-seat-adapter-peg-perego%3Fvariant%3D33497797296214,https://www.awin1.com/cread.php?awinmid=75150&awinaffid=2588613&ued=https%3A%2F%2Fwww.anbbaby.com%2Fproducts%2Fbumbleride-single-car-seat-adapter-peg-perego%3Fvariant%3D33497797296214,49,yes,0,,yes,,current,productType=stroller adapter; active=t
BUMBLERIDE Single Stroller Car Seat Adapter - Graco / Chicco,,Bumbleride,,,,,SOLD_SEPARATELY,,,awin_anbbaby,cmqu9d7fa000l6byeirp8r0h5,,,https://www.awin1.com/cread.php?awinmid=75150&awinaffid=2588613&ued=https%3A%2F%2Fwww.anbbaby.com%2Fproducts%2Fsingle-car-seat-adapter-graco-chicco%3Fvariant%3D16412288811108,https://www.awin1.com/cread.php?awinmid=75150&awinaffid=2588613&ued=https%3A%2F%2Fwww.anbbaby.com%2Fproducts%2Fsingle-car-seat-adapter-graco-chicco%3Fvariant%3D16412288811108,65,yes,0,,yes,,current,productType=stroller adapter; active=t
Bumbleride Single Stroller Car Seat Adapter (Graco / Chicco) - Era / Indie / Speed,,Bumbleride,,,,,SOLD_SEPARATELY,,,babylist_impact,cmqphnhg2029ldqwr3edq6hji,https://babylist.pxf.io/c/6560395/1056628/13580?u=https%3A%2F%2Fwww.babylist.com%2Fgp%2Fbumbleride-single-stroller-car-seat-adapter%2F37555%2F1398655&partnerpropertyid=7490466,,https://babylist.pxf.io/c/6560395/1056628/13580?u=https%3A%2F%2Fwww.babylist.com%2Fgp%2Fbumbleride-single-stroller-car-seat-adapter%2F37555%2F1398655&partnerpropertyid=7490466,https://babylist.pxf.io/c/6560395/1056628/13580?u=https%3A%2F%2Fwww.babylist.com%2Fgp%2Fbumbleride-single-stroller-car-seat-adapter%2F37555%2F1398655&partnerpropertyid=7490466,65,yes,0,,yes,,current,productType=car seat adapter; active=t
"""Chicco Corso Flex Infant Car Seat Adapter/Basket in Black Size 17.8"""" x 16.8"""" x 10.5"""" | 100% Polyester""",,Chicco,,,,,SOLD_SEPARATELY,,,babylist_impact,cmqphrmjk03kcdqwro8a8kkfz,https://babylist.pxf.io/c/6560395/1160375/13580?prodsku=1883190&u=https%3A%2F%2Fwww.babylist.com%2Fgp%2Fchicco-corso-flex-infant-car-seat-adapter-basket%2F47009%2F1883190&intsrc=CATF_8981,,https://babylist.pxf.io/c/6560395/1160375/13580?prodsku=1883190&u=https%3A%2F%2Fwww.babylist.com%2Fgp%2Fchicco-corso-flex-infant-car-seat-adapter-basket%2F47009%2F1883190&intsrc=CATF_8981,https://babylist.pxf.io/c/6560395/1160375/13580?prodsku=1883190&u=https%3A%2F%2Fwww.babylist.com%2Fgp%2Fchicco-corso-flex-infant-car-seat-adapter-basket%2F47009%2F1883190&intsrc=CATF_8981,64.99,yes,0,,yes,,current,productType=infant car seat adapter; active=t
Clek Liing / Liingo Car Seat Adapter for UPPAbaby Vista & Cruz - Black,,Clek,,,,,SOLD_SEPARATELY,,,awin_anbbaby,cmqu9ep9m00466byeweto80k8,,,https://www.awin1.com/cread.php?awinmid=75150&awinaffid=2588613&ued=https%3A%2F%2Fwww.anbbaby.com%2Fproducts%2Fclek-liing-liingo-car-seat-adapter-for-uppababy-vista-cruz%3Fvariant%3D39384441520214,https://www.awin1.com/cread.php?awinmid=75150&awinaffid=2588613&ued=https%3A%2F%2Fwww.anbbaby.com%2Fproducts%2Fclek-liing-liingo-car-seat-adapter-for-uppababy-vista-cruz%3Fvariant%3D39384441520214,39.99,yes,0,,yes,,current,productType=stroller adapter; active=t
Cybex Adapter CS Eezy S Line,,Cybex,,,,,SOLD_SEPARATELY,,,babylist_impact,cmqphu4pt04cidqwr8om9j52k,https://babylist.pxf.io/c/6560395/1160375/13580?prodsku=283295&u=https%3A%2F%2Fwww.babylist.com%2Fgp%2Fcybex-adapter-cs-eezy-s-line%2F15476%2F283295&intsrc=CATF_8981,,https://babylist.pxf.io/c/6560395/1160375/13580?prodsku=283295&u=https%3A%2F%2Fwww.babylist.com%2Fgp%2Fcybex-adapter-cs-eezy-s-line%2F15476%2F283295&intsrc=CATF_8981,https://babylist.pxf.io/c/6560395/1160375/13580?prodsku=283295&u=https%3A%2F%2Fwww.babylist.com%2Fgp%2Fcybex-adapter-cs-eezy-s-line%2F15476%2F283295&intsrc=CATF_8981,49.95,yes,0,,yes,,current,productType=stroller adapter; active=t
Cybex Avi Jogging Stroller Car Seat Adapter,,Cybex,,,,,SOLD_SEPARATELY,,,awin_anbbaby,cmqu9f3tj004c6byemoodn39n,,,https://www.awin1.com/cread.php?awinmid=75150&awinaffid=2588613&ued=https%3A%2F%2Fwww.anbbaby.com%2Fproducts%2Fcybex-avi-jogging-stroller-car-seat-adapter%3Fvariant%3D39495029817430,https://www.awin1.com/cread.php?awinmid=75150&awinaffid=2588613&ued=https%3A%2F%2Fwww.anbbaby.com%2Fproducts%2Fcybex-avi-jogging-stroller-car-seat-adapter%3Fvariant%3D39495029817430,49.95,yes,0,,yes,,current,productType=stroller adapter; active=t
"Cybex Gazelle S Car Seat Adapter for Graco, Chicco, and Peg Perego",,Cybex,,,,,SOLD_SEPARATELY,,,awin_anbbaby,cmqu9e78p002l6byeychygg4t,,,https://www.awin1.com/cread.php?awinmid=75150&awinaffid=2588613&ued=https%3A%2F%2Fwww.anbbaby.com%2Fproducts%2Fcybex-gazelle-s-graco-chicco-peg-perego-adapter%3Fvariant%3D33374978408534,https://www.awin1.com/cread.php?awinmid=75150&awinaffid=2588613&ued=https%3A%2F%2Fwww.anbbaby.com%2Fproducts%2Fcybex-gazelle-s-graco-chicco-peg-perego-adapter%3Fvariant%3D33374978408534,79.95,yes,0,,yes,,current,productType=stroller adapter; active=t
Cybex Gazelle S Infant Car Seat Adapter (Graco / Chicco / Peg Perego),,Cybex,,,,,SOLD_SEPARATELY,,,babylist_impact,cmqphuquo04jfdqwr87j3s6ev,https://babylist.pxf.io/c/6560395/1056628/13580?u=https%3A%2F%2Fwww.babylist.com%2Fgp%2Fcybex-gazelle-s-infant-car-seat-adapter%2F26553%2F851066&partnerpropertyid=7490466,,https://babylist.pxf.io/c/6560395/1056628/13580?u=https%3A%2F%2Fwww.babylist.com%2Fgp%2Fcybex-gazelle-s-infant-car-seat-adapter%2F26553%2F851066&partnerpropertyid=7490466,https://babylist.pxf.io/c/6560395/1056628/13580?u=https%3A%2F%2Fwww.babylist.com%2Fgp%2Fcybex-gazelle-s-infant-car-seat-adapter%2F26553%2F851066&partnerpropertyid=7490466,79.95,yes,0,,yes,,current,productType=car seat adapter; active=t
Cybex Gazelle S Infant Car Seat Adapter in Britax,,Cybex,,,,,SOLD_SEPARATELY,,,babylist_impact,cmqphur3x04jidqwrpdmmy7xx,https://babylist.pxf.io/c/6560395/1160375/13580?prodsku=1262649&u=https%3A%2F%2Fwww.babylist.com%2Fgp%2Fcybex-gazelle-s-infant-car-seat-adapter%2F26553%2F1262649&intsrc=CATF_8981,,https://babylist.pxf.io/c/6560395/1160375/13580?prodsku=1262649&u=https%3A%2F%2Fwww.babylist.com%2Fgp%2Fcybex-gazelle-s-infant-car-seat-adapter%2F26553%2F1262649&intsrc=CATF_8981,https://babylist.pxf.io/c/6560395/1160375/13580?prodsku=1262649&u=https%3A%2F%2Fwww.babylist.com%2Fgp%2Fcybex-gazelle-s-infant-car-seat-adapter%2F26553%2F1262649&intsrc=CATF_8981,79.95,yes,6,,yes,,current,productType=infant car seat adapter; active=t
Cybex Gazelle S Infant Car Seat Adapter in Cybex/Maxi Cosi/Nuna Cybex/Maxi Cosi/Nuna/Clek,,Cybex,,,,,SOLD_SEPARATELY,,,babylist_impact,cmqphurdj04jldqwrs6jnmfep,https://babylist.pxf.io/c/6560395/1160375/13580?prodsku=1262650&u=https%3A%2F%2Fwww.babylist.com%2Fgp%2Fcybex-gazelle-s-infant-car-seat-adapter%2F26553%2F1262650&intsrc=CATF_8981,,https://babylist.pxf.io/c/6560395/1160375/13580?prodsku=1262650&u=https%3A%2F%2Fwww.babylist.com%2Fgp%2Fcybex-gazelle-s-infant-car-seat-adapter%2F26553%2F1262650&intsrc=CATF_8981,https://babylist.pxf.io/c/6560395/1160375/13580?prodsku=1262650&u=https%3A%2F%2Fwww.babylist.com%2Fgp%2Fcybex-gazelle-s-infant-car-seat-adapter%2F26553%2F1262650&intsrc=CATF_8981,79.95,yes,10,,yes,,current,productType=infant car seat adapter; active=t
Cybex - Gold Gazelle S Stroller Car Seat Adapter for Graco/Chicco/Peg Perego,,Cybex,,,,,SOLD_SEPARATELY,,,shopify_macrobaby,cmqx4jyi0009x3a8u3pz8n601,,,https://www.macrobaby.com/products/cybex-gold-gazelle-s-stroller-car-seat-adapter-for-graco-chicco-peg-perego?_j=taylormadebabyco.com,https://www.macrobaby.com/products/cybex-gold-gazelle-s-stroller-car-seat-adapter-for-graco-chicco-peg-perego?_j=taylormadebabyco.com,79.95,yes,0,,yes,,current,productType=stroller adapter; active=t
Cybex LEMO 2 Adapter Set in Light Grey,,Cybex,,,,,SOLD_SEPARATELY,,,babylist_impact,cmqphuwe804l6dqwr29cx3mob,https://babylist.pxf.io/c/6560395/1160375/13580?prodsku=1511420&u=https%3A%2F%2Fwww.babylist.com%2Fgp%2Fcybex-lemo-2-adapter-set%2F38584%2F1511420&intsrc=CATF_8981,,https://babylist.pxf.io/c/6560395/1160375/13580?prodsku=1511420&u=https%3A%2F%2Fwww.babylist.com%2Fgp%2Fcybex-lemo-2-adapter-set%2F38584%2F1511420&intsrc=CATF_8981,https://babylist.pxf.io/c/6560395/1160375/13580?prodsku=1511420&u=https%3A%2F%2Fwww.babylist.com%2Fgp%2Fcybex-lemo-2-adapter-set%2F38584%2F1511420&intsrc=CATF_8981,49.95,yes,0,,yes,,current,productType=stroller adapter; active=t
CYBEX Platinum Comfort Collection,,CYBEX,,,,,SOLD_SEPARATELY,,,manual_tmbc,cmrdwva7l00047tmanrwp2cc8,https://babylist.pxf.io/c/6560395/1056628/13580?u=https%3A%2F%2Fwww.babylist.com%2Fgp%2Fcybex-priam-comfort-stroller%2F82563%2F3045817&partnerpropertyid=7490466,,https://babylist.pxf.io/c/6560395/1056628/13580?u=https%3A%2F%2Fwww.babylist.com%2Fgp%2Fcybex-priam-comfort-stroller%2F82563%2F3045817&partnerpropertyid=7490466,https://babylist.pxf.io/c/6560395/1056628/13580?u=https%3A%2F%2Fwww.babylist.com%2Fgp%2Fcybex-priam-comfort-stroller%2F82563%2F3045817&partnerpropertyid=7490466,,yes,0,,yes,,current,productType=Travel Systems & Adapters; active=t
CYBEX Platinum Fold Lux Carry Cot Collection,,CYBEX,,,,,SOLD_SEPARATELY,,,manual_tmbc,cmrdwvb3i000l7tmas5n0e5so,https://babylist.pxf.io/c/6560395/1056628/13580?u=https%3A%2F%2Fwww.babylist.com%2Fgp%2Fcybex-priam-fold-lux-carry-cot%2F82591%2F3208391&partnerpropertyid=7490466,,https://babylist.pxf.io/c/6560395/1056628/13580?u=https%3A%2F%2Fwww.babylist.com%2Fgp%2Fcybex-priam-fold-lux-carry-cot%2F82591%2F3208391&partnerpropertyid=7490466,https://babylist.pxf.io/c/6560395/1056628/13580?u=https%3A%2F%2Fwww.babylist.com%2Fgp%2Fcybex-priam-fold-lux-carry-cot%2F82591%2F3208391&partnerpropertyid=7490466,,yes,0,,yes,,current,productType=Travel Systems & Adapters; active=t
DFY - R1 Car Seat Adapters Black,,DFY,,,,,SOLD_SEPARATELY,,,shopify_macrobaby,cmqx6mbr3002x3ld4xvkjvwj5,,,https://www.macrobaby.com/products/dfy-r1-car-seat-adapters-black?_j=taylormadebabyco.com,https://www.macrobaby.com/products/dfy-r1-car-seat-adapters-black?_j=taylormadebabyco.com,45,yes,0,,yes,,current,productType=stroller adapter; active=t
DFY R1 Car Seat Adapters in Black,,DFY,,,,,SOLD_SEPARATELY,,,babylist_impact,cmqphxldx05fidqwr1gqztzuy,https://babylist.pxf.io/c/6560395/1160375/13580?prodsku=2473753&u=https%3A%2F%2Fwww.babylist.com%2Fgp%2Fdfy-r1-car-seat-adapters%2F74210%2F2473753&intsrc=CATF_8981,,https://babylist.pxf.io/c/6560395/1160375/13580?prodsku=2473753&u=https%3A%2F%2Fwww.babylist.com%2Fgp%2Fdfy-r1-car-seat-adapters%2F74210%2F2473753&intsrc=CATF_8981,https://babylist.pxf.io/c/6560395/1160375/13580?prodsku=2473753&u=https%3A%2F%2Fwww.babylist.com%2Fgp%2Fdfy-r1-car-seat-adapters%2F74210%2F2473753&intsrc=CATF_8981,45,yes,6,,yes,,current,productType=stroller adapter; active=t
"Metro 3 Car Seat Adapter, Nuna, Cybex, & Maxi-Cosi",,Ergobaby,,,,,SOLD_SEPARATELY,,,shopify_macrobaby,cmqx6m59m002c3ld4u0q96cnf,,,https://www.macrobaby.com/products/ergobaby-metro-3-car-seat-adapter?_j=taylormadebabyco.com,https://www.macrobaby.com/products/ergobaby-metro-3-car-seat-adapter?_j=taylormadebabyco.com,40,yes,0,,yes,,current,productType=stroller adapter; active=t
Frida Mom Colostrum Collection Pump Adapter Set,,Frida Mom,,,,,SOLD_SEPARATELY,,,babylist_impact,cmqpi1bzj06lodqwrm41ea2yx,https://babylist.pxf.io/c/6560395/1160375/13580?prodsku=3055656&u=https%3A%2F%2Fwww.babylist.com%2Fgp%2Ffrida-mom-colostrum-collection-pump-adapter-set%2F81341%2F3055656&intsrc=CATF_8981,,https://babylist.pxf.io/c/6560395/1160375/13580?prodsku=3055656&u=https%3A%2F%2Fwww.babylist.com%2Fgp%2Ffrida-mom-colostrum-collection-pump-adapter-set%2F81341%2F3055656&intsrc=CATF_8981,https://babylist.pxf.io/c/6560395/1160375/13580?prodsku=3055656&u=https%3A%2F%2Fwww.babylist.com%2Fgp%2Ffrida-mom-colostrum-collection-pump-adapter-set%2F81341%2F3055656&intsrc=CATF_8981,15.99,yes,0,,yes,,current,productType=stroller adapter; active=t
Graco GoMax Infant Car Seat Base in Black,,Graco,,,,,SOLD_SEPARATELY,,,babylist_impact,cmqpi2d4f06x9dqwr2ykbs229,https://babylist.pxf.io/c/6560395/1160375/13580?prodsku=2341260&u=https%3A%2F%2Fwww.babylist.com%2Fgp%2Fgraco-gomax-infant-car-seat-base%2F70482%2F2341260&intsrc=CATF_8981,,https://babylist.pxf.io/c/6560395/1160375/13580?prodsku=2341260&u=https%3A%2F%2Fwww.babylist.com%2Fgp%2Fgraco-gomax-infant-car-seat-base%2F70482%2F2341260&intsrc=CATF_8981,https://babylist.pxf.io/c/6560395/1160375/13580?prodsku=2341260&u=https%3A%2F%2Fwww.babylist.com%2Fgp%2Fgraco-gomax-infant-car-seat-base%2F70482%2F2341260&intsrc=CATF_8981,119.99,yes,0,,yes,,current,productType=stroller adapter; active=t
Inglesina Quid³ Car Seat Adapter,,Inglesina,,,,,SOLD_SEPARATELY,,,babylist_impact,cmqpi75pi08fxdqwry7a6ebdm,https://babylist.pxf.io/c/6560395/1160375/13580?prodsku=2514367&u=https%3A%2F%2Fwww.babylist.com%2Fgp%2Finglesina-quid-car-seat-adapter%2F74834%2F2514367&intsrc=CATF_8981,,https://babylist.pxf.io/c/6560395/1160375/13580?prodsku=2514367&u=https%3A%2F%2Fwww.babylist.com%2Fgp%2Finglesina-quid-car-seat-adapter%2F74834%2F2514367&intsrc=CATF_8981,https://babylist.pxf.io/c/6560395/1160375/13580?prodsku=2514367&u=https%3A%2F%2Fwww.babylist.com%2Fgp%2Finglesina-quid-car-seat-adapter%2F74834%2F2514367&intsrc=CATF_8981,49,yes,8,,yes,,current,productType=infant car seat adapter; active=t
Inglesina - Quid³ Stroller Car Seat Adapter,,Inglesina,,,,,SOLD_SEPARATELY,,,shopify_macrobaby,cmqx6m0y2001x3ld4uhbjvbro,,,https://www.macrobaby.com/products/inglesina-quid-stroller-car-seat-adapter?_j=taylormadebabyco.com,https://www.macrobaby.com/products/inglesina-quid-stroller-car-seat-adapter?_j=taylormadebabyco.com,49,yes,0,,yes,,current,productType=stroller adapter; active=t
Joie ICS Car Seat Adapter for Mockingbird Stroller,,Joie,,,,,SOLD_SEPARATELY,,,babylist_impact,cmqpi93w0091xdqwr969lc658,https://babylist.pxf.io/c/6560395/1056628/13580?u=https%3A%2F%2Fwww.babylist.com%2Fgp%2Fjoie-ics-adaptor-for-mockingbird-stroller%2F74113%2F2460584&partnerpropertyid=7490466,,https://babylist.pxf.io/c/6560395/1056628/13580?u=https%3A%2F%2Fwww.babylist.com%2Fgp%2Fjoie-ics-adaptor-for-mockingbird-stroller%2F74113%2F2460584&partnerpropertyid=7490466,https://babylist.pxf.io/c/6560395/1056628/13580?u=https%3A%2F%2Fwww.babylist.com%2Fgp%2Fjoie-ics-adaptor-for-mockingbird-stroller%2F74113%2F2460584&partnerpropertyid=7490466,29.99,yes,0,,yes,,current,productType=car seat adapter; active=t
Joolz - Aer² Car Seat Adapter Set,,Joolz,,,,,SOLD_SEPARATELY,,,shopify_macrobaby,cmqx4kp1z00i63a8up27bojna,,,https://www.macrobaby.com/products/joolz-aer-car-seat-adapter-set?_j=taylormadebabyco.com,https://www.macrobaby.com/products/joolz-aer-car-seat-adapter-set?_j=taylormadebabyco.com,59.99,yes,0,,yes,,current,productType=stroller adapter; active=t
Joolz - Aer+ Car Seat Adapters,,Joolz,,,,,SOLD_SEPARATELY,,,shopify_macrobaby,cmqx4kuhi00ju3a8u15a8k2lm,,,https://www.macrobaby.com/products/joolz-aer-car-seat-adapters?_j=taylormadebabyco.com,https://www.macrobaby.com/products/joolz-aer-car-seat-adapters?_j=taylormadebabyco.com,49.99,yes,3,,yes,,current,productType=stroller adapter; active=t
Joolz - Hub2 Car Seat Adapter Set,,Joolz,,,,,SOLD_SEPARATELY,,,shopify_macrobaby,cmqx4ks2t00j33a8ur3fl940z,,,https://www.macrobaby.com/products/joolz-hub2-car-seat-adapter-set?_j=taylormadebabyco.com,https://www.macrobaby.com/products/joolz-hub2-car-seat-adapter-set?_j=taylormadebabyco.com,59.99,yes,3,,yes,,current,productType=stroller adapter; active=t
Joolz Hub2 car seat adapter set in Black,,Joolz,,,,,SOLD_SEPARATELY,,,babylist_impact,cmqpi9wmf09b0dqwrvzz3mfb5,https://babylist.pxf.io/c/6560395/1160375/13580?prodsku=2402313&u=https%3A%2F%2Fwww.babylist.com%2Fgp%2Fjoolz-hub2-car-seat-adapter-set%2F72244%2F2402313&intsrc=CATF_8981,,https://babylist.pxf.io/c/6560395/1160375/13580?prodsku=2402313&u=https%3A%2F%2Fwww.babylist.com%2Fgp%2Fjoolz-hub2-car-seat-adapter-set%2F72244%2F2402313&intsrc=CATF_8981,https://babylist.pxf.io/c/6560395/1160375/13580?prodsku=2402313&u=https%3A%2F%2Fwww.babylist.com%2Fgp%2Fjoolz-hub2-car-seat-adapter-set%2F72244%2F2402313&intsrc=CATF_8981,59.99,yes,7,,yes,,current,productType=infant car seat adapter; active=t
Joolz Hub2 cot height adapter set in Black,,Joolz,,,,,SOLD_SEPARATELY,,,babylist_impact,cmqpi9wwe09b3dqwrv5rn5png,https://babylist.pxf.io/c/6560395/1160375/13580?prodsku=2402315&u=https%3A%2F%2Fwww.babylist.com%2Fgp%2Fjoolz-hub2-cot-height-adapter-set%2F72246%2F2402315&intsrc=CATF_8981,,https://babylist.pxf.io/c/6560395/1160375/13580?prodsku=2402315&u=https%3A%2F%2Fwww.babylist.com%2Fgp%2Fjoolz-hub2-cot-height-adapter-set%2F72246%2F2402315&intsrc=CATF_8981,https://babylist.pxf.io/c/6560395/1160375/13580?prodsku=2402315&u=https%3A%2F%2Fwww.babylist.com%2Fgp%2Fjoolz-hub2-cot-height-adapter-set%2F72246%2F2402315&intsrc=CATF_8981,39.99,yes,0,,yes,,current,productType=stroller adapter; active=t
"Larktale Car Seat Adapter in Black Maxi Cosi, Clek & Nuna - Caravan - Black",,Larktale,,,,,SOLD_SEPARATELY,,,babylist_impact,cmqpijvxa0cf3dqwr9pbiru4b,https://babylist.pxf.io/c/6560395/1160375/13580?prodsku=1748741&u=https%3A%2F%2Fwww.babylist.com%2Fgp%2Flarktale-car-seat-adapter-maxi-cosi-clek-nuna-caravan%2F45463%2F1748741&intsrc=CATF_8981,,https://babylist.pxf.io/c/6560395/1160375/13580?prodsku=1748741&u=https%3A%2F%2Fwww.babylist.com%2Fgp%2Flarktale-car-seat-adapter-maxi-cosi-clek-nuna-caravan%2F45463%2F1748741&intsrc=CATF_8981,https://babylist.pxf.io/c/6560395/1160375/13580?prodsku=1748741&u=https%3A%2F%2Fwww.babylist.com%2Fgp%2Flarktale-car-seat-adapter-maxi-cosi-clek-nuna-caravan%2F45463%2F1748741&intsrc=CATF_8981,59.99,yes,0,,yes,,current,productType=infant car seat adapter; active=t
Mima Miro Car Seat Adapter Set,,Mima,,,,,SOLD_SEPARATELY,,,shopify_macrobaby,cmqx6md2u00303ld4bfofl1al,,,https://www.macrobaby.com/products/mima-miro-car-seat-adapter-set?_j=taylormadebabyco.com,https://www.macrobaby.com/products/mima-miro-car-seat-adapter-set?_j=taylormadebabyco.com,49.99,yes,8,,yes,,current,productType=stroller adapter; active=t
Mima - Xari Max Car Seat Adapter,,Mima,,,,,SOLD_SEPARATELY,,,shopify_macrobaby,cmqx6m2iu00233ld4dia08bq1,,,https://www.macrobaby.com/products/mima-xari-max-car-seat-adapter?_j=taylormadebabyco.com,https://www.macrobaby.com/products/mima-xari-max-car-seat-adapter?_j=taylormadebabyco.com,59.99,yes,0,,yes,,current,productType=full-size stroller; active=t
Mockingbird Car Seat Adapter for Mockingbird Stroller (Graco / Chicco / Baby Jogger / Britax B-Safe),,Mockingbird,,,,,SOLD_SEPARATELY,,,babylist_impact,cmqpiq00j0ec3dqwrxa1q1huu,https://babylist.pxf.io/c/6560395/1056628/13580?u=https%3A%2F%2Fwww.babylist.com%2Fgp%2Fmockingbird-car-seat-adapter-for-mockingbird-stroller%2F15467%2F276094&partnerpropertyid=7490466,,https://babylist.pxf.io/c/6560395/1056628/13580?u=https%3A%2F%2Fwww.babylist.com%2Fgp%2Fmockingbird-car-seat-adapter-for-mockingbird-stroller%2F15467%2F276094&partnerpropertyid=7490466,https://babylist.pxf.io/c/6560395/1056628/13580?u=https%3A%2F%2Fwww.babylist.com%2Fgp%2Fmockingbird-car-seat-adapter-for-mockingbird-stroller%2F15467%2F276094&partnerpropertyid=7490466,50,yes,0,,yes,,current,productType=car seat adapter; active=t
Mockingbird Car Seat Adapter for Mockingbird Stroller (UPPAbaby),,Mockingbird,,,,,SOLD_SEPARATELY,,,babylist_impact,cmqpiq09t0ec6dqwrgtz9kb5a,https://babylist.pxf.io/c/6560395/1056628/13580?u=https%3A%2F%2Fwww.babylist.com%2Fgp%2Fmockingbird-car-seat-adapter-for-mockingbird-stroller%2F15467%2F1552361&partnerpropertyid=7490466,,https://babylist.pxf.io/c/6560395/1056628/13580?u=https%3A%2F%2Fwww.babylist.com%2Fgp%2Fmockingbird-car-seat-adapter-for-mockingbird-stroller%2F15467%2F1552361&partnerpropertyid=7490466,https://babylist.pxf.io/c/6560395/1056628/13580?u=https%3A%2F%2Fwww.babylist.com%2Fgp%2Fmockingbird-car-seat-adapter-for-mockingbird-stroller%2F15467%2F1552361&partnerpropertyid=7490466,50,yes,0,,yes,,current,productType=car seat adapter; active=t
Mockingbird Car Seat Adapter for Stroller Clek,,Mockingbird,,,,,SOLD_SEPARATELY,,,babylist_impact,cmqpiq0j40ec9dqwr6tzn148g,https://babylist.pxf.io/c/6560395/1160375/13580?prodsku=1855634&u=https%3A%2F%2Fwww.babylist.com%2Fgp%2Fmockingbird-car-seat-adapter-for-mockingbird-stroller%2F15467%2F1855634&intsrc=CATF_8981,,https://babylist.pxf.io/c/6560395/1160375/13580?prodsku=1855634&u=https%3A%2F%2Fwww.babylist.com%2Fgp%2Fmockingbird-car-seat-adapter-for-mockingbird-stroller%2F15467%2F1855634&intsrc=CATF_8981,https://babylist.pxf.io/c/6560395/1160375/13580?prodsku=1855634&u=https%3A%2F%2Fwww.babylist.com%2Fgp%2Fmockingbird-car-seat-adapter-for-mockingbird-stroller%2F15467%2F1855634&intsrc=CATF_8981,50,yes,0,,yes,,current,productType=single-to-double stroller; active=t
Mockingbird Car Seat Adapter for Stroller Nuna/Maxi-Cosi/Cybex/Britax Willow,,Mockingbird,,,,,SOLD_SEPARATELY,,,babylist_impact,cmqpiq0sa0eccdqwrkaq40eiv,https://babylist.pxf.io/c/6560395/1160375/13580?prodsku=2332430&u=https%3A%2F%2Fwww.babylist.com%2Fgp%2Fmockingbird-car-seat-adapter-for-mockingbird-stroller%2F15467%2F2332430&intsrc=CATF_8981,,https://babylist.pxf.io/c/6560395/1160375/13580?prodsku=2332430&u=https%3A%2F%2Fwww.babylist.com%2Fgp%2Fmockingbird-car-seat-adapter-for-mockingbird-stroller%2F15467%2F2332430&intsrc=CATF_8981,https://babylist.pxf.io/c/6560395/1160375/13580?prodsku=2332430&u=https%3A%2F%2Fwww.babylist.com%2Fgp%2Fmockingbird-car-seat-adapter-for-mockingbird-stroller%2F15467%2F2332430&intsrc=CATF_8981,50,yes,0,,yes,,current,productType=single-to-double stroller; active=t
Nuna Flex System Frame + Adapter in Caviar,,Nuna,,,,,SOLD_SEPARATELY,,,babylist_impact,cmqpiutn40fufdqwrdkmv5fie,https://babylist.pxf.io/c/6560395/1160375/13580?prodsku=2699253&u=https%3A%2F%2Fwww.babylist.com%2Fgp%2Fnuna-flex-system-frame-adapter%2F77443%2F2699253&intsrc=CATF_8981,,https://babylist.pxf.io/c/6560395/1160375/13580?prodsku=2699253&u=https%3A%2F%2Fwww.babylist.com%2Fgp%2Fnuna-flex-system-frame-adapter%2F77443%2F2699253&intsrc=CATF_8981,https://babylist.pxf.io/c/6560395/1160375/13580?prodsku=2699253&u=https%3A%2F%2Fwww.babylist.com%2Fgp%2Fnuna-flex-system-frame-adapter%2F77443%2F2699253&intsrc=CATF_8981,400,yes,0,,yes,,current,productType=stroller adapter; active=t
Nuna - Pipa Adapter For Uppababy® Vista® And Cruz®,,Nuna,,,,,SOLD_SEPARATELY,,,shopify_macrobaby,cmqx4l32h00mi3a8u93eflxo6,,,https://www.macrobaby.com/products/nuna-pipa-adapter-for-uppababy-vista-and-cruz?_j=taylormadebabyco.com,https://www.macrobaby.com/products/nuna-pipa-adapter-for-uppababy-vista-and-cruz?_j=taylormadebabyco.com,75,yes,0,,yes,,current,productType=stroller adapter; active=t
Nuna PIPA Adapter for UPPAbaby Vista & Cruz - Vista V2 / Vista V3 / Cruz V2 / Cruz V3,,Nuna,,,,,SOLD_SEPARATELY,V2,,babylist_impact,cmqpiv1vl0fx0dqwrqvrokk77,https://babylist.pxf.io/c/6560395/1056628/13580?u=https%3A%2F%2Fwww.babylist.com%2Fgp%2Fnuna-pipa-adapter-for-uppababy-vista-and-cruz%2F14468%2F31191&partnerpropertyid=7490466,,https://babylist.pxf.io/c/6560395/1056628/13580?u=https%3A%2F%2Fwww.babylist.com%2Fgp%2Fnuna-pipa-adapter-for-uppababy-vista-and-cruz%2F14468%2F31191&partnerpropertyid=7490466,https://babylist.pxf.io/c/6560395/1056628/13580?u=https%3A%2F%2Fwww.babylist.com%2Fgp%2Fnuna-pipa-adapter-for-uppababy-vista-and-cruz%2F14468%2F31191&partnerpropertyid=7490466,75,yes,4,,yes,,current,productType=car seat adapter; active=t
Nuna PIPA Car Seat Adapter for UPPABaby Vista and Cruz,,Nuna,,,,,SOLD_SEPARATELY,,,awin_anbbaby,cmqu9ekhp003r6byekb2cmpm6,,,https://www.awin1.com/cread.php?awinmid=75150&awinaffid=2588613&ued=https%3A%2F%2Fwww.anbbaby.com%2Fproducts%2Fnuna-pipa-car-seat-adapter-for-uppababy-vista-and-cruz%3Fvariant%3D39341986644054,https://www.awin1.com/cread.php?awinmid=75150&awinaffid=2588613&ued=https%3A%2F%2Fwww.anbbaby.com%2Fproducts%2Fnuna-pipa-car-seat-adapter-for-uppababy-vista-and-cruz%3Fvariant%3D39341986644054,75,yes,0,,yes,,current,productType=stroller adapter; active=t
Nuna PIPA Infant Car Seat Adapter For BOB Single Strollers - Black,,Nuna,,,,,SOLD_SEPARATELY,,,awin_anbbaby,cmqu9detu000o6byeamr9uuu4,,,https://www.awin1.com/cread.php?awinmid=75150&awinaffid=2588613&ued=https%3A%2F%2Fwww.anbbaby.com%2Fproducts%2Fnuna-pipa-infant-car-seat-adapter-for-bob-single-strollers%3Fvariant%3D50094169325854,https://www.awin1.com/cread.php?awinmid=75150&awinaffid=2588613&ued=https%3A%2F%2Fwww.anbbaby.com%2Fproducts%2Fnuna-pipa-infant-car-seat-adapter-for-bob-single-strollers%3Fvariant%3D50094169325854,50,yes,0,,yes,,current,productType=stroller adapter; active=t
Orbit Baby Car Seat Adapter for Orbit Baby Stroller (Maxi-Cosi / Cybex / Nuna / Clek),,Orbit Baby,,,,,SOLD_SEPARATELY,,,shopify_macrobaby,cmr4a8nyz0003g0jdexw7jret,,,https://www.macrobaby.com/products/car-seat-stroller-adapter?_j=taylormadebabyco.com,https://www.macrobaby.com/products/car-seat-stroller-adapter?_j=taylormadebabyco.com,60,yes,20,,yes,,current,productType=car seat adapter; active=t
"Agio by Peg Perego Primo Viaggio Car Seat Adapter for Z4 Strollers, Black",,Peg Perego,,,,,SOLD_SEPARATELY,,,shopify_macrobaby,cmqx6m2ss00263ld4jk3l2wdv,,,https://www.macrobaby.com/products/agio-by-peg-perego-primo-viaggio-car-seat-adapter-for-z4-strollers-black?_j=taylormadebabyco.com,https://www.macrobaby.com/products/agio-by-peg-perego-primo-viaggio-car-seat-adapter-for-z4-strollers-black?_j=taylormadebabyco.com,49.99,yes,0,,yes,,current,productType=stroller adapter; active=t
Peg-Perego Agio - Ypsi/Z4 Double Adapter Upper & Lower Adapters,,Peg Perego,,,,,DUAL_ADAPTER_SETUP,,,shopify_macrobaby,cmqx6lmur001i3ld44f9rp47z,,,https://www.macrobaby.com/products/peg-perego-agio-ypsi-z4-double-adapter-upper-lower-adapters?_j=taylormadebabyco.com,https://www.macrobaby.com/products/peg-perego-agio-ypsi-z4-double-adapter-upper-lower-adapters?_j=taylormadebabyco.com,59.99,yes,0,,yes,,current,productType=stroller adapter; active=t
"Peg Perego Car Seat Adapter for Ypsi, Veloce & Vivace Strollers",,Peg Perego,,,,,SOLD_SEPARATELY,,,babylist_impact,cmqpiwye60gicdqwr9l1cu095,https://babylist.pxf.io/c/6560395/1160375/13580?prodsku=2428247&u=https%3A%2F%2Fwww.babylist.com%2Fgp%2Fpeg-perego-car-seat-adapter-for-ypsi-veloce-vivace-strollers%2F73090%2F2428247&intsrc=CATF_8981,,https://babylist.pxf.io/c/6560395/1160375/13580?prodsku=2428247&u=https%3A%2F%2Fwww.babylist.com%2Fgp%2Fpeg-perego-car-seat-adapter-for-ypsi-veloce-vivace-strollers%2F73090%2F2428247&intsrc=CATF_8981,https://babylist.pxf.io/c/6560395/1160375/13580?prodsku=2428247&u=https%3A%2F%2Fwww.babylist.com%2Fgp%2Fpeg-perego-car-seat-adapter-for-ypsi-veloce-vivace-strollers%2F73090%2F2428247&intsrc=CATF_8981,49.99,yes,0,,yes,,current,productType=infant car seat adapter; active=t
Peg Perego City Loop Duo Adapter,,Peg Perego,,,,,SOLD_SEPARATELY,,,manual_tmbc,cmrdwvb9e000o7tmagfv7nmec,,,https://amzn.to/3R2u2ql,https://amzn.to/3R2u2ql,,yes,0,,yes,,current,productType=Travel Systems & Adapters; active=t
Peg Perego Double Adapters for Ypsi Stroller,,Peg Perego,,,,,DUAL_ADAPTER_SETUP,,,babylist_impact,cmqpiwynh0gifdqwr1bnyqqbj,https://babylist.pxf.io/c/6560395/1160375/13580?prodsku=2428248&u=https%3A%2F%2Fwww.babylist.com%2Fgp%2Fpeg-perego-double-adapters-for-ypsi-stroller%2F73091%2F2428248&intsrc=CATF_8981,,https://babylist.pxf.io/c/6560395/1160375/13580?prodsku=2428248&u=https%3A%2F%2Fwww.babylist.com%2Fgp%2Fpeg-perego-double-adapters-for-ypsi-stroller%2F73091%2F2428248&intsrc=CATF_8981,https://babylist.pxf.io/c/6560395/1160375/13580?prodsku=2428248&u=https%3A%2F%2Fwww.babylist.com%2Fgp%2Fpeg-perego-double-adapters-for-ypsi-stroller%2F73091%2F2428248&intsrc=CATF_8981,59.99,yes,0,,yes,,current,productType=stroller adapter; active=t
Peg-Perego - Duo Adapter for City Loop Stroller,,Peg Perego,,,,,SOLD_SEPARATELY,,,shopify_macrobaby,cmqx6m6xx002r3ld4jsgx1ort,,,https://www.macrobaby.com/products/peg-perego-duo-adapter-for-city-loop-stroller?_j=taylormadebabyco.com,https://www.macrobaby.com/products/peg-perego-duo-adapter-for-city-loop-stroller?_j=taylormadebabyco.com,49.99,yes,0,,yes,,current,productType=compact stroller; active=t
Peg Perego - Foldable Car Seat Adapter for City Loop,,Peg Perego,,,,,SOLD_SEPARATELY,,,shopify_macrobaby,cmqx6m5s7002i3ld400ddpqbm,,,https://www.macrobaby.com/products/peg-perego-foldable-car-seat-adapter-for-city-loop?_j=taylormadebabyco.com,https://www.macrobaby.com/products/peg-perego-foldable-car-seat-adapter-for-city-loop?_j=taylormadebabyco.com,49.99,yes,0,,yes,,current,productType=compact stroller; active=t
Silver Cross Wave Car Seat Adapter,,Silver,,,,,SOLD_SEPARATELY,,,manual_tmbc,cmr2gpdo8000fdm5jrtyjou0l,,https://www.amazon.com/dp/B07XJYCNVG?tag=taylormadebab-20,https://www.amazon.com/dp/B07XJYCNVG?tag=taylormadebab-20,https://www.amazon.com/dp/B07XJYCNVG?tag=taylormadebab-20,,no,0,,yes,,current,productType=car seat adapter; active=t
SILVER CROSS Coast/Wave Lower Car Seat Adapter,,Silver Cross,,,,,SOLD_SEPARATELY,,,awin_anbbaby,cmqu9dgkr000u6byedqoqr277,,,https://www.awin1.com/cread.php?awinmid=75150&awinaffid=2588613&ued=https%3A%2F%2Fwww.anbbaby.com%2Fproducts%2Fsilver-cross-coast-wave-lower-car-seat-adapter-2019%3Fvariant%3D29511669514326,https://www.awin1.com/cread.php?awinmid=75150&awinaffid=2588613&ued=https%3A%2F%2Fwww.anbbaby.com%2Fproducts%2Fsilver-cross-coast-wave-lower-car-seat-adapter-2019%3Fvariant%3D29511669514326,59.99,yes,0,,yes,,current,productType=stroller adapter; active=t
SILVER CROSS Coast / Wave Main Car Seat Adapter,,Silver Cross,,,,,SOLD_SEPARATELY,,,awin_anbbaby,cmqu9dg8e000r6bye3be6k0dl,,,https://www.awin1.com/cread.php?awinmid=75150&awinaffid=2588613&ued=https%3A%2F%2Fwww.anbbaby.com%2Fproducts%2Fsilver-cross-coast-wave-main-car-seat-adapter-2019%3Fvariant%3D29511571996758,https://www.awin1.com/cread.php?awinmid=75150&awinaffid=2588613&ued=https%3A%2F%2Fwww.anbbaby.com%2Fproducts%2Fsilver-cross-coast-wave-main-car-seat-adapter-2019%3Fvariant%3D29511571996758,59.99,yes,0,,yes,,current,productType=stroller adapter; active=t
Silver Cross Cove 2 Universal Car Seat Adapters,,Silver Cross,,,,,SOLD_SEPARATELY,,,shopify_macrobaby,cmqx6mfk600333ld4llcpha0o,,,https://www.macrobaby.com/products/silver-cross-cove-2-universal-car-seat-adapters?_j=taylormadebabyco.com,https://www.macrobaby.com/products/silver-cross-cove-2-universal-car-seat-adapters?_j=taylormadebabyco.com,59.99,yes,0,,yes,,current,productType=stroller adapter; active=t
Silver Cross Dune/Reef Universal Car Seat Adapters in Black,,Silver Cross,,,,,SOLD_SEPARATELY,,,babylist_impact,cmqpiyywy0h5cdqwr7f5ksudz,https://babylist.pxf.io/c/6560395/1160375/13580?prodsku=1185762&u=https%3A%2F%2Fwww.babylist.com%2Fgp%2Fsilver-cross-dune-reef-universal-car-seat-adapters%2F25568%2F1185762&intsrc=CATF_8981,,https://babylist.pxf.io/c/6560395/1160375/13580?prodsku=1185762&u=https%3A%2F%2Fwww.babylist.com%2Fgp%2Fsilver-cross-dune-reef-universal-car-seat-adapters%2F25568%2F1185762&intsrc=CATF_8981,https://babylist.pxf.io/c/6560395/1160375/13580?prodsku=1185762&u=https%3A%2F%2Fwww.babylist.com%2Fgp%2Fsilver-cross-dune-reef-universal-car-seat-adapters%2F25568%2F1185762&intsrc=CATF_8981,59.99,yes,2,,yes,,current,productType=stroller adapter; active=t
"Silver Cross - Dune, Reef Universal Car Seat Adaptors",,Silver Cross,,,,,SOLD_SEPARATELY,,,shopify_macrobaby,cmqx4kuzr00k03a8u8kafnp86,,,https://www.macrobaby.com/products/silver-cross-dune-reef-universal-car-seat-adaptors-1?_j=taylormadebabyco.com,https://www.macrobaby.com/products/silver-cross-dune-reef-universal-car-seat-adaptors-1?_j=taylormadebabyco.com,59.99,yes,0,,yes,,current,productType=stroller adapter; active=t
Silver Cross Jet 5 Double Car Seat Adapters in Black,,Silver Cross,,,,,DUAL_ADAPTER_SETUP,,,babylist_impact,cmqpiyz6g0h5fdqwr27sqd4vc,https://babylist.pxf.io/c/6560395/1160375/13580?prodsku=2186944&u=https%3A%2F%2Fwww.babylist.com%2Fgp%2Fsilver-cross-jet-5-double-car-seat-adapters%2F60418%2F2186944&intsrc=CATF_8981,,https://babylist.pxf.io/c/6560395/1160375/13580?prodsku=2186944&u=https%3A%2F%2Fwww.babylist.com%2Fgp%2Fsilver-cross-jet-5-double-car-seat-adapters%2F60418%2F2186944&intsrc=CATF_8981,https://babylist.pxf.io/c/6560395/1160375/13580?prodsku=2186944&u=https%3A%2F%2Fwww.babylist.com%2Fgp%2Fsilver-cross-jet-5-double-car-seat-adapters%2F60418%2F2186944&intsrc=CATF_8981,59.99,yes,0,,yes,,current,productType=stroller adapter; active=t
Silver Cross - Jet 5 & Jet Double Car Seat Adapters,,Silver Cross,,,,,DUAL_ADAPTER_SETUP,,,shopify_macrobaby,cmqx4kpbb00i93a8unx89of3u,,,https://www.macrobaby.com/products/silver-cross-jet-5-jet-double-car-seat-adapters-1?_j=taylormadebabyco.com,https://www.macrobaby.com/products/silver-cross-jet-5-jet-double-car-seat-adapters-1?_j=taylormadebabyco.com,59.99,yes,1,,yes,,current,productType=stroller adapter; active=t
Silver Cross - Nia Universal Car Seat Adapters,,Silver Cross,,,,,SOLD_SEPARATELY,,,shopify_macrobaby,cmqx6m7q8002u3ld4khnl916y,,,https://www.macrobaby.com/products/silver-cross-nia-universal-car-seat-adapters?_j=taylormadebabyco.com,https://www.macrobaby.com/products/silver-cross-nia-universal-car-seat-adapters?_j=taylormadebabyco.com,59.99,yes,0,,yes,,current,productType=stroller adapter; active=t
Stokke YOYO³ Stroller and Car Seat Adapter Bundle in Aqua,,Stokke,,,,,SOLD_SEPARATELY,,,babylist_impact,cmqpj3rsa0inodqwret4enuv2,https://babylist.pxf.io/c/6560395/1160375/13580?prodsku=2593076&u=https%3A%2F%2Fwww.babylist.com%2Fgp%2Fstokke-yoyo-stroller-and-car-seat-adapter-bundle%2F75350%2F2593076&intsrc=CATF_8981,,https://babylist.pxf.io/c/6560395/1160375/13580?prodsku=2593076&u=https%3A%2F%2Fwww.babylist.com%2Fgp%2Fstokke-yoyo-stroller-and-car-seat-adapter-bundle%2F75350%2F2593076&intsrc=CATF_8981,https://babylist.pxf.io/c/6560395/1160375/13580?prodsku=2593076&u=https%3A%2F%2Fwww.babylist.com%2Fgp%2Fstokke-yoyo-stroller-and-car-seat-adapter-bundle%2F75350%2F2593076&intsrc=CATF_8981,558,yes,0,,yes,,current,productType=infant car seat adapter; active=t
Stokke YOYO³ Stroller and Car Seat Adapter Bundle in Black,,Stokke,,,,,SOLD_SEPARATELY,,,babylist_impact,cmqpj3s3r0inrdqwrbos4dye9,https://babylist.pxf.io/c/6560395/1160375/13580?prodsku=2594262&u=https%3A%2F%2Fwww.babylist.com%2Fgp%2Fstokke-yoyo-stroller-and-car-seat-adapter-bundle%2F75350%2F2594262&intsrc=CATF_8981,,https://babylist.pxf.io/c/6560395/1160375/13580?prodsku=2594262&u=https%3A%2F%2Fwww.babylist.com%2Fgp%2Fstokke-yoyo-stroller-and-car-seat-adapter-bundle%2F75350%2F2594262&intsrc=CATF_8981,https://babylist.pxf.io/c/6560395/1160375/13580?prodsku=2594262&u=https%3A%2F%2Fwww.babylist.com%2Fgp%2Fstokke-yoyo-stroller-and-car-seat-adapter-bundle%2F75350%2F2594262&intsrc=CATF_8981,558,yes,0,,yes,,current,productType=infant car seat adapter; active=t
Stokke YOYO³ Stroller and Car Seat Adapter Bundle in Olive,,Stokke,,,,,SOLD_SEPARATELY,,,babylist_impact,cmqpj3r9u0inidqwro0o1ktr0,https://babylist.pxf.io/c/6560395/1160375/13580?prodsku=2593074&u=https%3A%2F%2Fwww.babylist.com%2Fgp%2Fstokke-yoyo-stroller-and-car-seat-adapter-bundle%2F75350%2F2593074&intsrc=CATF_8981,,https://babylist.pxf.io/c/6560395/1160375/13580?prodsku=2593074&u=https%3A%2F%2Fwww.babylist.com%2Fgp%2Fstokke-yoyo-stroller-and-car-seat-adapter-bundle%2F75350%2F2593074&intsrc=CATF_8981,https://babylist.pxf.io/c/6560395/1160375/13580?prodsku=2593074&u=https%3A%2F%2Fwww.babylist.com%2Fgp%2Fstokke-yoyo-stroller-and-car-seat-adapter-bundle%2F75350%2F2593074&intsrc=CATF_8981,558,yes,0,,yes,,current,productType=infant car seat adapter; active=t
Stokke YOYO³ Stroller and Car Seat Adapter Bundle in Toffee,,Stokke,,,,,SOLD_SEPARATELY,,,babylist_impact,cmqpj3riy0inldqwrzambewy3,https://babylist.pxf.io/c/6560395/1160375/13580?prodsku=2593077&u=https%3A%2F%2Fwww.babylist.com%2Fgp%2Fstokke-yoyo-stroller-and-car-seat-adapter-bundle%2F75350%2F2593077&intsrc=CATF_8981,,https://babylist.pxf.io/c/6560395/1160375/13580?prodsku=2593077&u=https%3A%2F%2Fwww.babylist.com%2Fgp%2Fstokke-yoyo-stroller-and-car-seat-adapter-bundle%2F75350%2F2593077&intsrc=CATF_8981,https://babylist.pxf.io/c/6560395/1160375/13580?prodsku=2593077&u=https%3A%2F%2Fwww.babylist.com%2Fgp%2Fstokke-yoyo-stroller-and-car-seat-adapter-bundle%2F75350%2F2593077&intsrc=CATF_8981,558,yes,0,,yes,,current,productType=infant car seat adapter; active=t
Stokke - YOYO Car Seat Adapters,,Stokke,,,,,SOLD_SEPARATELY,,,shopify_macrobaby,cmqx4kg7e00ff3a8uop5k6eif,,,https://www.macrobaby.com/products/stokke-yoyo2-car-seat-adapters?_j=taylormadebabyco.com,https://www.macrobaby.com/products/stokke-yoyo2-car-seat-adapters?_j=taylormadebabyco.com,59,yes,0,,yes,DUP,current,productType=stroller adapter; active=t
Stokke YOYO Car Seat Adapters,,Stokke,,,,,SOLD_SEPARATELY,,,babylist_impact,cmqpj3o640imidqwr6vmgeaoc,https://babylist.pxf.io/c/6560395/1160375/13580?prodsku=2283117&u=https%3A%2F%2Fwww.babylist.com%2Fgp%2Fstokke-yoyo-car-seat-adapters%2F14413%2F2283117&intsrc=CATF_8981,,https://babylist.pxf.io/c/6560395/1160375/13580?prodsku=2283117&u=https%3A%2F%2Fwww.babylist.com%2Fgp%2Fstokke-yoyo-car-seat-adapters%2F14413%2F2283117&intsrc=CATF_8981,https://babylist.pxf.io/c/6560395/1160375/13580?prodsku=2283117&u=https%3A%2F%2Fwww.babylist.com%2Fgp%2Fstokke-yoyo-car-seat-adapters%2F14413%2F2283117&intsrc=CATF_8981,59,yes,0,,yes,DUP,current,productType=stroller adapter; active=t
Stokke YOYO Connect Bassinet Adapters in Black,,Stokke,,,,,SOLD_SEPARATELY,,,babylist_impact,cmqpj3ofe0imldqwrefohi1vd,https://babylist.pxf.io/c/6560395/1160375/13580?prodsku=1423711&u=https%3A%2F%2Fwww.babylist.com%2Fgp%2Fstokke-yoyo-connect-bassinet-adapters%2F37726%2F1423711&intsrc=CATF_8981,,https://babylist.pxf.io/c/6560395/1160375/13580?prodsku=1423711&u=https%3A%2F%2Fwww.babylist.com%2Fgp%2Fstokke-yoyo-connect-bassinet-adapters%2F37726%2F1423711&intsrc=CATF_8981,https://babylist.pxf.io/c/6560395/1160375/13580?prodsku=1423711&u=https%3A%2F%2Fwww.babylist.com%2Fgp%2Fstokke-yoyo-connect-bassinet-adapters%2F37726%2F1423711&intsrc=CATF_8981,40,yes,0,,yes,,current,productType=stroller adapter; active=t
THULE Sleek Car Seat Adapter for Maxi Cosi,,Thule,,,,,SOLD_SEPARATELY,,,awin_anbbaby,cmqu9e0o400206bye5ayanqcq,,,https://www.awin1.com/cread.php?awinmid=75150&awinaffid=2588613&ued=https%3A%2F%2Fwww.anbbaby.com%2Fproducts%2Fthule-sleek-car-seat-adapter-for-maxi-cosi%3Fvariant%3D32247036510294,https://www.awin1.com/cread.php?awinmid=75150&awinaffid=2588613&ued=https%3A%2F%2Fwww.anbbaby.com%2Fproducts%2Fthule-sleek-car-seat-adapter-for-maxi-cosi%3Fvariant%3D32247036510294,64.95,yes,1,,yes,DUP,current,productType=stroller adapter; active=t
Thule Sleek Car Seat Adapter for Maxi-Cosi,,Thule,,,,,SOLD_SEPARATELY,,,manual_tmbc,cmr2gpdta000idm5jjcrpe5cd,,https://www.amazon.com/dp/B07FRRM8VD?tag=taylormadebab-20,https://www.amazon.com/dp/B07FRRM8VD?tag=taylormadebab-20,https://www.amazon.com/dp/B07FRRM8VD?tag=taylormadebab-20,,no,7,,yes,DUP,current,productType=car seat adapter; active=t
Thule - Spring Car Seat Adapter Chicco,,Thule,,,,,SOLD_SEPARATELY,,,shopify_macrobaby,cmqx6m61w002l3ld4dgxj58ku,,,https://www.macrobaby.com/products/thule-spring-car-seat-adapter-chicco?_j=taylormadebabyco.com,https://www.macrobaby.com/products/thule-spring-car-seat-adapter-chicco?_j=taylormadebabyco.com,59.95,yes,0,,yes,,current,productType=stroller adapter; active=t
Thule - Spring Car Seat Adapter Maxi Cosi,,Thule,,,,,SOLD_SEPARATELY,,,shopify_macrobaby,cmqx6l7hz00193ld4da0hnc92,,,https://www.macrobaby.com/products/thule-spring-car-seat-adapter-maxi-cosi?_j=taylormadebabyco.com,https://www.macrobaby.com/products/thule-spring-car-seat-adapter-maxi-cosi?_j=taylormadebabyco.com,59.95,yes,0,,yes,,current,productType=stroller adapter; active=t
THULE Spring Stroller Car Seat Adapter Chicco - Black,,Thule,,,,,SOLD_SEPARATELY,,,awin_anbbaby,cmqu9dwjr001x6bye201ua9ky,,,https://www.awin1.com/cread.php?awinmid=75150&awinaffid=2588613&ued=https%3A%2F%2Fwww.anbbaby.com%2Fproducts%2Fthule-spring-stroller-car-seat-adapter-chicco%3Fvariant%3D31761635672150,https://www.awin1.com/cread.php?awinmid=75150&awinaffid=2588613&ued=https%3A%2F%2Fwww.anbbaby.com%2Fproducts%2Fthule-spring-stroller-car-seat-adapter-chicco%3Fvariant%3D31761635672150,59.95,yes,0,,yes,,current,productType=stroller adapter; active=t
THULE Spring Stroller Car Seat Adapter Maxi Cosi - Black,,Thule,,,,,SOLD_SEPARATELY,,,awin_anbbaby,cmqu9dwa4001u6byee9z5z504,,,https://www.awin1.com/cread.php?awinmid=75150&awinaffid=2588613&ued=https%3A%2F%2Fwww.anbbaby.com%2Fproducts%2Fthule-spring-stroller-car-seat-adapter-maxi-cosi%3Fvariant%3D31761602576470,https://www.awin1.com/cread.php?awinmid=75150&awinaffid=2588613&ued=https%3A%2F%2Fwww.anbbaby.com%2Fproducts%2Fthule-spring-stroller-car-seat-adapter-maxi-cosi%3Fvariant%3D31761602576470,59.95,yes,0,,yes,,current,productType=stroller adapter; active=t
"Thule - Urban Glide 3 car seat Adapter Universal/Chicco®, Black",,Thule,,,,,SOLD_SEPARATELY,,,shopify_macrobaby,cmqx6lyr0001o3ld4ll770q0c,,,https://www.macrobaby.com/products/thule-urban-glide-3-car-seat-adapter-universal-chicco%C2%AE-black?_j=taylormadebabyco.com,https://www.macrobaby.com/products/thule-urban-glide-3-car-seat-adapter-universal-chicco%C2%AE-black?_j=taylormadebabyco.com,79.95,yes,0,,yes,,current,productType=stroller adapter; active=t
Thule Urban Glide 3 Double Bassinet Adapters in Black,,Thule,,,,,DUAL_ADAPTER_SETUP,,,babylist_impact,cmqpj4xll0j10dqwr369d9s2m,https://babylist.pxf.io/c/6560395/1160375/13580?prodsku=1883225&u=https%3A%2F%2Fwww.babylist.com%2Fgp%2Fthule-urban-glide-3-double-bassinet-adapters%2F47015%2F1883225&intsrc=CATF_8981,,https://babylist.pxf.io/c/6560395/1160375/13580?prodsku=1883225&u=https%3A%2F%2Fwww.babylist.com%2Fgp%2Fthule-urban-glide-3-double-bassinet-adapters%2F47015%2F1883225&intsrc=CATF_8981,https://babylist.pxf.io/c/6560395/1160375/13580?prodsku=1883225&u=https%3A%2F%2Fwww.babylist.com%2Fgp%2Fthule-urban-glide-3-double-bassinet-adapters%2F47015%2F1883225&intsrc=CATF_8981,24.95,yes,0,,yes,,current,productType=stroller adapter; active=t
Thule - Urban Glide 3 Double Car Seat Adapter For Maxi-Cosi Black,,Thule,,,,,DUAL_ADAPTER_SETUP,,,shopify_macrobaby,cmqx6lml4001f3ld4ia1tvlyh,,,https://www.macrobaby.com/products/thule-urban-glide-3-double-car-seat-adapter-for-maxi-cosi-black?_j=taylormadebabyco.com,https://www.macrobaby.com/products/thule-urban-glide-3-double-car-seat-adapter-for-maxi-cosi-black?_j=taylormadebabyco.com,64.95,yes,0,,yes,,current,productType=stroller adapter; active=t
Thule - Urban Glide 3 Double Car Seat Adapter Universal Black,,Thule,,,,,DUAL_ADAPTER_SETUP,,,shopify_macrobaby,cmqx6m1zs00203ld4v3yg5xqz,,,https://www.macrobaby.com/products/thule-urban-glide-3-double-car-seat-adapter-universal-black?_j=taylormadebabyco.com,https://www.macrobaby.com/products/thule-urban-glide-3-double-car-seat-adapter-universal-black?_j=taylormadebabyco.com,74.95,yes,0,,yes,,current,productType=stroller adapter; active=t
Thule - Urban Glide 3 Single Car Seat Adapter For Maxi-Cosi Black,,Thule,,,,,SOLD_SEPARATELY,,,shopify_macrobaby,cmqx6lzv9001r3ld4exk42ilm,,,https://www.macrobaby.com/products/thule-urban-glide-3-single-car-seat-adapter-for-maxi-cosi-black?_j=taylormadebabyco.com,https://www.macrobaby.com/products/thule-urban-glide-3-single-car-seat-adapter-for-maxi-cosi-black?_j=taylormadebabyco.com,69.95,yes,0,,yes,,current,productType=stroller adapter; active=t
THULE Urban Glide/Glide Car Seat Adapter for Chicco,,Thule,,,,,SOLD_SEPARATELY,,,awin_anbbaby,cmqu9e17800266byelqano5me,,,https://www.awin1.com/cread.php?awinmid=75150&awinaffid=2588613&ued=https%3A%2F%2Fwww.anbbaby.com%2Fproducts%2Fthule-urban-glide-glide-car-seat-adapter-for-chicco%3Fvariant%3D32263061471318,https://www.awin1.com/cread.php?awinmid=75150&awinaffid=2588613&ued=https%3A%2F%2Fwww.anbbaby.com%2Fproducts%2Fthule-urban-glide-glide-car-seat-adapter-for-chicco%3Fvariant%3D32263061471318,59.95,yes,0,,yes,,current,productType=stroller adapter; active=t
THULE Urban Glide / Glide Car Seat Adapter for Maxi Cosi,,Thule,,,,,SOLD_SEPARATELY,,,awin_anbbaby,cmqu9e0xi00236byeehjkyrch,,,https://www.awin1.com/cread.php?awinmid=75150&awinaffid=2588613&ued=https%3A%2F%2Fwww.anbbaby.com%2Fproducts%2Fthule-urban-glide-glide-car-seat-adapter-for-maxi-cosi%3Fvariant%3D32260534272086,https://www.awin1.com/cread.php?awinmid=75150&awinaffid=2588613&ued=https%3A%2F%2Fwww.anbbaby.com%2Fproducts%2Fthule-urban-glide-glide-car-seat-adapter-for-maxi-cosi%3Fvariant%3D32260534272086,59.95,yes,0,,yes,,current,productType=stroller adapter; active=t
Thule Urban Glide/Glide Car Seat Adapter Universal,,Thule,,,,,SOLD_SEPARATELY,,,awin_anbbaby,cmqu9d51i00006bye3jbwh99g,,,https://www.awin1.com/cread.php?awinmid=75150&awinaffid=2588613&ued=https%3A%2F%2Fwww.anbbaby.com%2Fproducts%2Fthule-urban-glide-glide-car-seat-adapter-universal%3Fvariant%3D16410653360228,https://www.awin1.com/cread.php?awinmid=75150&awinaffid=2588613&ued=https%3A%2F%2Fwww.anbbaby.com%2Fproducts%2Fthule-urban-glide-glide-car-seat-adapter-universal%3Fvariant%3D16410653360228,69.95,yes,0,,yes,,current,productType=stroller adapter; active=t
"Uppababy - Adapters For Minu Duo (Mesa/Mesa V2, Mesa Max, Mesa I-Size, Aria)",,UPPAbaby,,,,,SOLD_SEPARATELY,V2,,shopify_macrobaby,cmqx4jyro00a03a8utsqub4o1,,,https://www.macrobaby.com/products/uppababy-adapters-for-minu-duo-mesa-mesa-v2-mesa-max-mesa-i-size-aria?_j=taylormadebabyco.com,https://www.macrobaby.com/products/uppababy-adapters-for-minu-duo-mesa-mesa-v2-mesa-max-mesa-i-size-aria?_j=taylormadebabyco.com,39.99,yes,0,,yes,DUP,current,productType=stroller adapter; active=t
UPPAbaby Adapters for Minu Duo (Mesa / Mesa V2 / Mesa Max / Mesa i-Size / Aria),,UPPAbaby,,,,,SOLD_SEPARATELY,V2,,babylist_impact,cmqpj8avj0k3ldqwr6yf99tpg,https://babylist.pxf.io/c/6560395/1056628/13580?u=https%3A%2F%2Fwww.babylist.com%2Fgp%2Fuppababy-adapters-for-minu-duo-mesa-mesa-v2-mesa-max-mesa-i-size-aria%2F69536%2F2306166&partnerpropertyid=7490466,,https://babylist.pxf.io/c/6560395/1056628/13580?u=https%3A%2F%2Fwww.babylist.com%2Fgp%2Fuppababy-adapters-for-minu-duo-mesa-mesa-v2-mesa-max-mesa-i-size-aria%2F69536%2F2306166&partnerpropertyid=7490466,https://babylist.pxf.io/c/6560395/1056628/13580?u=https%3A%2F%2Fwww.babylist.com%2Fgp%2Fuppababy-adapters-for-minu-duo-mesa-mesa-v2-mesa-max-mesa-i-size-aria%2F69536%2F2306166&partnerpropertyid=7490466,39.99,yes,0,,yes,DUP,current,productType=car seat adapter; active=t
Uppababy - Adapters For Minu V3 - (Compatible with all Mesa and Aria car seats),,UPPAbaby,,,,,SOLD_SEPARATELY,V3,,shopify_macrobaby,cmqx4kh0400fo3a8ufkmi73hu,,,https://www.macrobaby.com/products/uppababy-adapters-for-minu-v3-compatible-with-all-mesa-and-aria-car-seats?_j=taylormadebabyco.com,https://www.macrobaby.com/products/uppababy-adapters-for-minu-v3-compatible-with-all-mesa-and-aria-car-seats?_j=taylormadebabyco.com,39.99,yes,0,,yes,,current,productType=stroller adapter; active=t
UPPAbaby Adapters for Ridge (Aria / Mesa / Bassinet),,UPPAbaby,,,,,SOLD_SEPARATELY,,,babylist_impact,cmqpj8bg10k3rdqwrh2ebh5y5,https://babylist.pxf.io/c/6560395/1056628/13580?u=https%3A%2F%2Fwww.babylist.com%2Fgp%2Fuppababy-adapters-for-ridge-aria-mesa-bassinet%2F24448%2F1052652&partnerpropertyid=7490466,,https://babylist.pxf.io/c/6560395/1056628/13580?u=https%3A%2F%2Fwww.babylist.com%2Fgp%2Fuppababy-adapters-for-ridge-aria-mesa-bassinet%2F24448%2F1052652&partnerpropertyid=7490466,https://babylist.pxf.io/c/6560395/1056628/13580?u=https%3A%2F%2Fwww.babylist.com%2Fgp%2Fuppababy-adapters-for-ridge-aria-mesa-bassinet%2F24448%2F1052652&partnerpropertyid=7490466,39.99,yes,0,,yes,,current,productType=car seat adapter; active=t
UPPAbaby Car Seat Adapter for Chicco,,UPPAbaby,,,,,SOLD_SEPARATELY,,,babylist_impact,cmqpj8ign0k60dqwry1te9q4t,https://babylist.pxf.io/c/6560395/1160375/13580?prodsku=34950&u=https%3A%2F%2Fwww.babylist.com%2Fgp%2Fuppababy-car-seat-adapter-for-chicco%2F3509%2F34950&intsrc=CATF_8981,,https://babylist.pxf.io/c/6560395/1160375/13580?prodsku=34950&u=https%3A%2F%2Fwww.babylist.com%2Fgp%2Fuppababy-car-seat-adapter-for-chicco%2F3509%2F34950&intsrc=CATF_8981,https://babylist.pxf.io/c/6560395/1160375/13580?prodsku=34950&u=https%3A%2F%2Fwww.babylist.com%2Fgp%2Fuppababy-car-seat-adapter-for-chicco%2F3509%2F34950&intsrc=CATF_8981,49.99,yes,0,,yes,,current,productType=infant car seat adapter; active=t
"Uppababy - Car Seat Adapter for Ridge, Nuna/Cybex/Maxi-Cosi",,UPPAbaby,,,,,SOLD_SEPARATELY,,,shopify_macrobaby,cmqx4krht00ix3a8ubhfb6sqh,,,https://www.macrobaby.com/products/uppababy-car-seat-adapter-for-ridge-nuna-cybex-maxi-cosi?_j=taylormadebabyco.com,https://www.macrobaby.com/products/uppababy-car-seat-adapter-for-ridge-nuna-cybex-maxi-cosi?_j=taylormadebabyco.com,49.99,yes,12,,yes,,current,productType=stroller adapter; active=t
"Uppababy - Car Seat Adapters For Minu V3 (Maxi-Cosi®, Nuna®, Cybex, Besafe®)",,UPPAbaby,,,,,SOLD_SEPARATELY,V3,,shopify_macrobaby,cmqx4kpn100ic3a8upzu8xm68,,,https://www.macrobaby.com/products/uppababy-car-seat-adapters-for-minu-v3-maxi-cosi-r-nuna-r-cybex-besafe-r?_j=taylormadebabyco.com,https://www.macrobaby.com/products/uppababy-car-seat-adapters-for-minu-v3-maxi-cosi-r-nuna-r-cybex-besafe-r?_j=taylormadebabyco.com,69.99,yes,0,,yes,,current,productType=stroller adapter; active=t
"UPPAbaby Car Seat Adapters for Minu V3 (Mesa/Mesa V2, Mesa Max, Mesa i-Size, Aria)",,UPPAbaby,,,,,SOLD_SEPARATELY,V3,,babylist_impact,cmqpj8iqc0k63dqwrow2cth6v,https://babylist.pxf.io/c/6560395/1160375/13580?prodsku=2351355&u=https%3A%2F%2Fwww.babylist.com%2Fgp%2Fuppababy-car-seat-adapters-for-minu-v3-mesa-mesa-v2-mesa-max-mesa-i-size-aria%2F70619%2F2351355&intsrc=CATF_8981,,https://babylist.pxf.io/c/6560395/1160375/13580?prodsku=2351355&u=https%3A%2F%2Fwww.babylist.com%2Fgp%2Fuppababy-car-seat-adapters-for-minu-v3-mesa-mesa-v2-mesa-max-mesa-i-size-aria%2F70619%2F2351355&intsrc=CATF_8981,https://babylist.pxf.io/c/6560395/1160375/13580?prodsku=2351355&u=https%3A%2F%2Fwww.babylist.com%2Fgp%2Fuppababy-car-seat-adapters-for-minu-v3-mesa-mesa-v2-mesa-max-mesa-i-size-aria%2F70619%2F2351355&intsrc=CATF_8981,39.99,yes,0,,yes,,current,productType=stroller adapter; active=t
"Uppababy Car Seat Adapters For Vista, Vista V2, Cruz And Cruz V2",,UPPAbaby,,,,,SOLD_SEPARATELY,V2,,shopify_macrobaby,cmqx4kl1f00gx3a8uy5mdw9z7,,,https://www.macrobaby.com/products/uppababy-car-seat-adapters-for-vista-vista-v2-cruz-and-cruz-v2?_j=taylormadebabyco.com,https://www.macrobaby.com/products/uppababy-car-seat-adapters-for-vista-vista-v2-cruz-and-cruz-v2?_j=taylormadebabyco.com,49.99,yes,0,,yes,,current,productType=stroller adapter; active=t
Uppababy - Lower Adapters For Vista And Vista V2,,UPPAbaby,,,,,SOLD_SEPARATELY,V2,,shopify_macrobaby,cmqx4ktxk00jo3a8uc7wxdbem,,,https://www.macrobaby.com/products/uppababy-lower-adapters-for-vista-and-vista-v2?_j=taylormadebabyco.com,https://www.macrobaby.com/products/uppababy-lower-adapters-for-vista-and-vista-v2?_j=taylormadebabyco.com,39.99,yes,0,,yes,,current,productType=stroller adapter; active=t
"UPPAbaby Lower Car Seat Adapters for VISTA and VISTA V2, Vista V3 (Maxi-Cosi, Nuna, Cybex, and BeSafe)",,UPPAbaby,,,,,SOLD_SEPARATELY,V2,,babylist_impact,cmqpib3nr09oidqwrclt41suu,https://babylist.pxf.io/c/6560395/1160375/13580?prodsku=41628&u=https%3A%2F%2Fwww.babylist.com%2Fgp%2Fuppababy-lower-car-seat-adapters-for-vista-and-vista-v2-vista-v3-maxi-cosi-nuna-cybex-and-besafe%2F24445%2F41628&intsrc=CATF_8981,,https://babylist.pxf.io/c/6560395/1160375/13580?prodsku=41628&u=https%3A%2F%2Fwww.babylist.com%2Fgp%2Fuppababy-lower-car-seat-adapters-for-vista-and-vista-v2-vista-v3-maxi-cosi-nuna-cybex-and-besafe%2F24445%2F41628&intsrc=CATF_8981,https://babylist.pxf.io/c/6560395/1160375/13580?prodsku=41628&u=https%3A%2F%2Fwww.babylist.com%2Fgp%2Fuppababy-lower-car-seat-adapters-for-vista-and-vista-v2-vista-v3-maxi-cosi-nuna-cybex-and-besafe%2F24445%2F41628&intsrc=CATF_8981,49.99,yes,5,,yes,,current,productType=stroller adapter; active=t
"UPPAbaby MINU Car Seat Adapters (Maxi-Cosi, Nuna, Cybex & BeSafe)",,UPPAbaby,,,,,SOLD_SEPARATELY,,,babylist_impact,cmqpib6v109pidqwrxbstwxnf,https://babylist.pxf.io/c/6560395/1160375/13580?prodsku=39672&u=https%3A%2F%2Fwww.babylist.com%2Fgp%2Fuppababy-minu-car-seat-adapters-maxi-cosi-nuna-cybex-besafe%2F24447%2F39672&intsrc=CATF_8981,,https://babylist.pxf.io/c/6560395/1160375/13580?prodsku=39672&u=https%3A%2F%2Fwww.babylist.com%2Fgp%2Fuppababy-minu-car-seat-adapters-maxi-cosi-nuna-cybex-besafe%2F24447%2F39672&intsrc=CATF_8981,https://babylist.pxf.io/c/6560395/1160375/13580?prodsku=39672&u=https%3A%2F%2Fwww.babylist.com%2Fgp%2Fuppababy-minu-car-seat-adapters-maxi-cosi-nuna-cybex-besafe%2F24447%2F39672&intsrc=CATF_8981,54.99,yes,0,,yes,,current,productType=stroller adapter; active=t
Uppababy - Minu Infant Car Seat Adapter For Maxi-Cosi/Nuna/Cybex,,UPPAbaby,,,,,SOLD_SEPARATELY,,,shopify_macrobaby,cmqx4jz0p00a33a8uoesvc4c9,,,https://www.macrobaby.com/products/uppababy-minu-infant-car-seat-adapter-for-maxi-cosi-nuna-cybex?_j=taylormadebabyco.com,https://www.macrobaby.com/products/uppababy-minu-infant-car-seat-adapter-for-maxi-cosi-nuna-cybex?_j=taylormadebabyco.com,54.99,yes,0,,yes,,current,productType=stroller adapter; active=t
UPPAbaby Minu V3 Car Seat Adapters (Maxi-Cosi / Nuna / Clek),,UPPAbaby,,,,,SOLD_SEPARATELY,V3,,babylist_impact,cmqpib7wi09pudqwrdkx00u19,https://babylist.pxf.io/c/6560395/1056628/13580?u=https%3A%2F%2Fwww.babylist.com%2Fgp%2Fuppababy-minu-v3-car-seat-adapters-for-maxi-cosi-nuna-and-clek%2F70618%2F2351354&partnerpropertyid=7490466,,https://babylist.pxf.io/c/6560395/1056628/13580?u=https%3A%2F%2Fwww.babylist.com%2Fgp%2Fuppababy-minu-v3-car-seat-adapters-for-maxi-cosi-nuna-and-clek%2F70618%2F2351354&partnerpropertyid=7490466,https://babylist.pxf.io/c/6560395/1056628/13580?u=https%3A%2F%2Fwww.babylist.com%2Fgp%2Fuppababy-minu-v3-car-seat-adapters-for-maxi-cosi-nuna-and-clek%2F70618%2F2351354&partnerpropertyid=7490466,69.99,yes,0,,yes,,current,productType=car seat adapter; active=t
"UPPAbaby Minu V3 Stroller, Mesa V3 & Car Seat Adapters",,UPPAbaby,,,,,SOLD_SEPARATELY,V3,,babylist_impact,cmqpib9q209qfdqwrhc5mg7j9,https://babylist.pxf.io/c/6560395/1160375/13580?prodsku=3138564&u=https%3A%2F%2Fwww.babylist.com%2Fgp%2Fuppababy-minu-v3-stroller-mesa-v3-car-seat-adapters%2F81552%2F3138564&intsrc=CATF_8981,,https://babylist.pxf.io/c/6560395/1160375/13580?prodsku=3138564&u=https%3A%2F%2Fwww.babylist.com%2Fgp%2Fuppababy-minu-v3-stroller-mesa-v3-car-seat-adapters%2F81552%2F3138564&intsrc=CATF_8981,https://babylist.pxf.io/c/6560395/1160375/13580?prodsku=3138564&u=https%3A%2F%2Fwww.babylist.com%2Fgp%2Fuppababy-minu-v3-stroller-mesa-v3-car-seat-adapters%2F81552%2F3138564&intsrc=CATF_8981,889.97,yes,0,,yes,,current,productType=stroller adapter; active=t
"UPPAbaby Minu V3 Stroller, Mesa V3 & Car Seat Adapters in Evelyn",,UPPAbaby,,,,,SOLD_SEPARATELY,V3,,babylist_impact,cmqpib9zq09qidqwrfem9rhie,https://babylist.pxf.io/c/6560395/1160375/13580?prodsku=3138568&u=https%3A%2F%2Fwww.babylist.com%2Fgp%2Fuppababy-minu-v3-stroller-mesa-v3-car-seat-adapters%2F81552%2F3138568&intsrc=CATF_8981,,https://babylist.pxf.io/c/6560395/1160375/13580?prodsku=3138568&u=https%3A%2F%2Fwww.babylist.com%2Fgp%2Fuppababy-minu-v3-stroller-mesa-v3-car-seat-adapters%2F81552%2F3138568&intsrc=CATF_8981,https://babylist.pxf.io/c/6560395/1160375/13580?prodsku=3138568&u=https%3A%2F%2Fwww.babylist.com%2Fgp%2Fuppababy-minu-v3-stroller-mesa-v3-car-seat-adapters%2F81552%2F3138568&intsrc=CATF_8981,889.97,yes,0,,yes,,current,productType=stroller adapter; active=t
"UPPAbaby Minu V3 Stroller, Mesa V3 & Car Seat Adapters in Greyson",,UPPAbaby,,,,,SOLD_SEPARATELY,V3,,babylist_impact,cmqpiba9109qldqwrc3uc1d3z,https://babylist.pxf.io/c/6560395/1160375/13580?prodsku=3138574&u=https%3A%2F%2Fwww.babylist.com%2Fgp%2Fuppababy-minu-v3-stroller-mesa-v3-car-seat-adapters%2F81552%2F3138574&intsrc=CATF_8981,,https://babylist.pxf.io/c/6560395/1160375/13580?prodsku=3138574&u=https%3A%2F%2Fwww.babylist.com%2Fgp%2Fuppababy-minu-v3-stroller-mesa-v3-car-seat-adapters%2F81552%2F3138574&intsrc=CATF_8981,https://babylist.pxf.io/c/6560395/1160375/13580?prodsku=3138574&u=https%3A%2F%2Fwww.babylist.com%2Fgp%2Fuppababy-minu-v3-stroller-mesa-v3-car-seat-adapters%2F81552%2F3138574&intsrc=CATF_8981,889.97,yes,0,,yes,,current,productType=stroller adapter; active=t
"UPPAbaby Minu V3 Stroller, Mesa V3 & Car Seat Adapters in Savannah",,UPPAbaby,,,,,SOLD_SEPARATELY,V3,,babylist_impact,cmqpibai909qodqwrcy9ej58b,https://babylist.pxf.io/c/6560395/1160375/13580?prodsku=3138577&u=https%3A%2F%2Fwww.babylist.com%2Fgp%2Fuppababy-minu-v3-stroller-mesa-v3-car-seat-adapters%2F81552%2F3138577&intsrc=CATF_8981,,https://babylist.pxf.io/c/6560395/1160375/13580?prodsku=3138577&u=https%3A%2F%2Fwww.babylist.com%2Fgp%2Fuppababy-minu-v3-stroller-mesa-v3-car-seat-adapters%2F81552%2F3138577&intsrc=CATF_8981,https://babylist.pxf.io/c/6560395/1160375/13580?prodsku=3138577&u=https%3A%2F%2Fwww.babylist.com%2Fgp%2Fuppababy-minu-v3-stroller-mesa-v3-car-seat-adapters%2F81552%2F3138577&intsrc=CATF_8981,889.97,yes,0,,yes,,current,productType=stroller adapter; active=t
UPPAbaby Upper Adapters,,UPPAbaby,,,,,SOLD_SEPARATELY,,,babylist_impact,cmqpibom309v6dqwrr9od15vq,https://babylist.pxf.io/c/6560395/1160375/13580?prodsku=44789&u=https%3A%2F%2Fwww.babylist.com%2Fgp%2Fuppababy-upper-adapters%2F24442%2F44789&intsrc=CATF_8981,,https://babylist.pxf.io/c/6560395/1160375/13580?prodsku=44789&u=https%3A%2F%2Fwww.babylist.com%2Fgp%2Fuppababy-upper-adapters%2F24442%2F44789&intsrc=CATF_8981,https://babylist.pxf.io/c/6560395/1160375/13580?prodsku=44789&u=https%3A%2F%2Fwww.babylist.com%2Fgp%2Fuppababy-upper-adapters%2F24442%2F44789&intsrc=CATF_8981,39.99,yes,0,,yes,,current,productType=stroller adapter; active=t
UPPAbaby Upper Adapters for Cruz V2,,UPPAbaby,,,,,SOLD_SEPARATELY,V2,,babylist_impact,cmqpibovu09v9dqwr0fswss6m,https://babylist.pxf.io/c/6560395/1160375/13580?prodsku=2074020&u=https%3A%2F%2Fwww.babylist.com%2Fgp%2Fuppababy-upper-adapters-for-cruz-v2%2F55566%2F2074020&intsrc=CATF_8981,,https://babylist.pxf.io/c/6560395/1160375/13580?prodsku=2074020&u=https%3A%2F%2Fwww.babylist.com%2Fgp%2Fuppababy-upper-adapters-for-cruz-v2%2F55566%2F2074020&intsrc=CATF_8981,https://babylist.pxf.io/c/6560395/1160375/13580?prodsku=2074020&u=https%3A%2F%2Fwww.babylist.com%2Fgp%2Fuppababy-upper-adapters-for-cruz-v2%2F55566%2F2074020&intsrc=CATF_8981,34.99,yes,5,,yes,,current,productType=stroller adapter; active=t
UPPAbaby Vista & Cruz Car Seat Adapters (Maxi-Cosi / Nuna / Cybex) - Vista V2 / Vista V3 / Cruz V2 / Cruz V3,,UPPAbaby,,,,,SOLD_SEPARATELY,V2,,babylist_impact,cmqpibp5009vcdqwrx6ox7laa,https://babylist.pxf.io/c/6560395/1056628/13580?u=https%3A%2F%2Fwww.babylist.com%2Fgp%2Fuppababy-vista-cruz-car-seat-adapters-for-maxi-cosi-nuna-and-cybex%2F24444%2F1052650&partnerpropertyid=7490466,,https://babylist.pxf.io/c/6560395/1056628/13580?u=https%3A%2F%2Fwww.babylist.com%2Fgp%2Fuppababy-vista-cruz-car-seat-adapters-for-maxi-cosi-nuna-and-cybex%2F24444%2F1052650&partnerpropertyid=7490466,https://babylist.pxf.io/c/6560395/1056628/13580?u=https%3A%2F%2Fwww.babylist.com%2Fgp%2Fuppababy-vista-cruz-car-seat-adapters-for-maxi-cosi-nuna-and-cybex%2F24444%2F1052650&partnerpropertyid=7490466,49.99,yes,0,,yes,,current,productType=car seat adapter; active=t
UPPAbaby Vista Lower Adapters,,UPPAbaby,,,,,SOLD_SEPARATELY,,,babylist_impact,cmqpibped09vfdqwr8h387jzw,https://babylist.pxf.io/c/6560395/1160375/13580?prodsku=1878758&u=https%3A%2F%2Fwww.babylist.com%2Fgp%2Fuppababy-vista-lower-adapters%2F24443%2F1878758&intsrc=CATF_8981,,https://babylist.pxf.io/c/6560395/1160375/13580?prodsku=1878758&u=https%3A%2F%2Fwww.babylist.com%2Fgp%2Fuppababy-vista-lower-adapters%2F24443%2F1878758&intsrc=CATF_8981,https://babylist.pxf.io/c/6560395/1160375/13580?prodsku=1878758&u=https%3A%2F%2Fwww.babylist.com%2Fgp%2Fuppababy-vista-lower-adapters%2F24443%2F1878758&intsrc=CATF_8981,39.99,yes,0,,yes,,current,productType=stroller adapter; active=t
"UPPABaby Vista Lower Infant Car Seat Adapter For Nuna, Cybex, And Maxi-Cosi",,UPPAbaby,,,,,SOLD_SEPARATELY,,,shopify_macrobaby,cmqx4ksld00j93a8upep0s8wy,,,https://www.macrobaby.com/products/uppababy-vista-lower-infant-car-seat-adapter-for-nuna-cybex-and-maxi-cosi?_j=taylormadebabyco.com,https://www.macrobaby.com/products/uppababy-vista-lower-infant-car-seat-adapter-for-nuna-cybex-and-maxi-cosi?_j=taylormadebabyco.com,49.99,yes,0,,yes,,current,productType=stroller adapter; active=t
Uppababy - Vista Upper Adapter,,UPPAbaby,,,,,SOLD_SEPARATELY,,,shopify_macrobaby,cmqx4ko7u00hx3a8unc2ejwrn,,,https://www.macrobaby.com/products/uppababy-vista-upper-adapter?_j=taylormadebabyco.com,https://www.macrobaby.com/products/uppababy-vista-upper-adapter?_j=taylormadebabyco.com,39.99,yes,0,,yes,,current,productType=stroller adapter; active=t
"""UPPAbaby Vista V3 Stroller, RumbleSeat V3 & Upper Adapters in Callum Size 16.3"""" x 25.7"""" x 33.8""""""",,UPPAbaby,,,,,SOLD_SEPARATELY,V3,,babylist_impact,cmqpibw0d09xidqwrl5z9rw34,https://babylist.pxf.io/c/6560395/1160375/13580?prodsku=3133850&u=https%3A%2F%2Fwww.babylist.com%2Fgp%2Fuppababy-vista-v3-stroller-rumbleseat-v3-upper-adapters%2F81549%2F3133850&intsrc=CATF_8981,,https://babylist.pxf.io/c/6560395/1160375/13580?prodsku=3133850&u=https%3A%2F%2Fwww.babylist.com%2Fgp%2Fuppababy-vista-v3-stroller-rumbleseat-v3-upper-adapters%2F81549%2F3133850&intsrc=CATF_8981,https://babylist.pxf.io/c/6560395/1160375/13580?prodsku=3133850&u=https%3A%2F%2Fwww.babylist.com%2Fgp%2Fuppababy-vista-v3-stroller-rumbleseat-v3-upper-adapters%2F81549%2F3133850&intsrc=CATF_8981,1339.97,yes,0,,yes,,current,productType=stroller adapter; active=t
"""UPPAbaby Vista V3 Stroller, RumbleSeat V3 & Upper Adapters in Greyson Size 16.3"""" x 25.7"""" x 33.8""""""",,UPPAbaby,,,,,SOLD_SEPARATELY,V3,,babylist_impact,cmqpibwj909xodqwr7toj24a4,https://babylist.pxf.io/c/6560395/1160375/13580?prodsku=3133854&u=https%3A%2F%2Fwww.babylist.com%2Fgp%2Fuppababy-vista-v3-stroller-rumbleseat-v3-upper-adapters%2F81549%2F3133854&intsrc=CATF_8981,,https://babylist.pxf.io/c/6560395/1160375/13580?prodsku=3133854&u=https%3A%2F%2Fwww.babylist.com%2Fgp%2Fuppababy-vista-v3-stroller-rumbleseat-v3-upper-adapters%2F81549%2F3133854&intsrc=CATF_8981,https://babylist.pxf.io/c/6560395/1160375/13580?prodsku=3133854&u=https%3A%2F%2Fwww.babylist.com%2Fgp%2Fuppababy-vista-v3-stroller-rumbleseat-v3-upper-adapters%2F81549%2F3133854&intsrc=CATF_8981,1339.97,yes,0,,yes,,current,productType=stroller adapter; active=t
"""UPPAbaby Vista V3 Stroller, RumbleSeat V3 & Upper Adapters in Kenzi Size 16.3"""" x 25.7"""" x 33.8""""""",,UPPAbaby,,,,,SOLD_SEPARATELY,V3,,babylist_impact,cmqpibw9s09xldqwreukn24bn,https://babylist.pxf.io/c/6560395/1160375/13580?prodsku=3133860&u=https%3A%2F%2Fwww.babylist.com%2Fgp%2Fuppababy-vista-v3-stroller-rumbleseat-v3-upper-adapters%2F81549%2F3133860&intsrc=CATF_8981,,https://babylist.pxf.io/c/6560395/1160375/13580?prodsku=3133860&u=https%3A%2F%2Fwww.babylist.com%2Fgp%2Fuppababy-vista-v3-stroller-rumbleseat-v3-upper-adapters%2F81549%2F3133860&intsrc=CATF_8981,https://babylist.pxf.io/c/6560395/1160375/13580?prodsku=3133860&u=https%3A%2F%2Fwww.babylist.com%2Fgp%2Fuppababy-vista-v3-stroller-rumbleseat-v3-upper-adapters%2F81549%2F3133860&intsrc=CATF_8981,1239.97,yes,0,,yes,,current,productType=stroller adapter; active=t
"""UPPAbaby Vista V3 Stroller, RumbleSeat V3 & Upper Adapters in Owen Size 16.3"""" x 25.7"""" x 33.8""""""",,UPPAbaby,,,,,SOLD_SEPARATELY,V3,,babylist_impact,cmqpibwsl09xrdqwr8el06yrh,https://babylist.pxf.io/c/6560395/1160375/13580?prodsku=3133863&u=https%3A%2F%2Fwww.babylist.com%2Fgp%2Fuppababy-vista-v3-stroller-rumbleseat-v3-upper-adapters%2F81549%2F3133863&intsrc=CATF_8981,,https://babylist.pxf.io/c/6560395/1160375/13580?prodsku=3133863&u=https%3A%2F%2Fwww.babylist.com%2Fgp%2Fuppababy-vista-v3-stroller-rumbleseat-v3-upper-adapters%2F81549%2F3133863&intsrc=CATF_8981,https://babylist.pxf.io/c/6560395/1160375/13580?prodsku=3133863&u=https%3A%2F%2Fwww.babylist.com%2Fgp%2Fuppababy-vista-v3-stroller-rumbleseat-v3-upper-adapters%2F81549%2F3133863&intsrc=CATF_8981,1339.97,yes,0,,yes,,current,productType=stroller adapter; active=t
"""UPPAbaby Vista V3 Stroller, RumbleSeat V3 & Upper Adapters Size 16.3"""" x 25.7"""" x 33.8""""""",,UPPAbaby,,,,,SOLD_SEPARATELY,V3,,babylist_impact,cmqpibvhh09xcdqwr4vnn98nm,https://babylist.pxf.io/c/6560395/1160375/13580?prodsku=3133845&u=https%3A%2F%2Fwww.babylist.com%2Fgp%2Fuppababy-vista-v3-stroller-rumbleseat-v3-upper-adapters%2F81549%2F3133845&intsrc=CATF_8981,,https://babylist.pxf.io/c/6560395/1160375/13580?prodsku=3133845&u=https%3A%2F%2Fwww.babylist.com%2Fgp%2Fuppababy-vista-v3-stroller-rumbleseat-v3-upper-adapters%2F81549%2F3133845&intsrc=CATF_8981,https://babylist.pxf.io/c/6560395/1160375/13580?prodsku=3133845&u=https%3A%2F%2Fwww.babylist.com%2Fgp%2Fuppababy-vista-v3-stroller-rumbleseat-v3-upper-adapters%2F81549%2F3133845&intsrc=CATF_8981,1339.97,yes,0,,yes,,current,productType=stroller adapter; active=t
Veer Cruiser Infant Car Seat Adapter - Britax,,Veer,,,,,SOLD_SEPARATELY,,,awin_anbbaby,cmqu9eg8r003c6bye0ytqqnfy,,,https://www.awin1.com/cread.php?awinmid=75150&awinaffid=2588613&ued=https%3A%2F%2Fwww.anbbaby.com%2Fproducts%2Fveer-cruiser-infant-car-seat-adapter%3Fvariant%3D39314573164630,https://www.awin1.com/cread.php?awinmid=75150&awinaffid=2588613&ued=https%3A%2F%2Fwww.anbbaby.com%2Fproducts%2Fveer-cruiser-infant-car-seat-adapter%3Fvariant%3D39314573164630,79,yes,21,,yes,,current,productType=stroller adapter; active=t
Veer Cruiser Infant Car Seat Adapter - Chicco,,Veer,,,,,SOLD_SEPARATELY,,,awin_anbbaby,cmqu9eguj003i6byeauxz967r,,,https://www.awin1.com/cread.php?awinmid=75150&awinaffid=2588613&ued=https%3A%2F%2Fwww.anbbaby.com%2Fproducts%2Fveer-cruiser-infant-car-seat-adapter%3Fvariant%3D39314573230166,https://www.awin1.com/cread.php?awinmid=75150&awinaffid=2588613&ued=https%3A%2F%2Fwww.anbbaby.com%2Fproducts%2Fveer-cruiser-infant-car-seat-adapter%3Fvariant%3D39314573230166,79,yes,0,,yes,,current,productType=stroller adapter; active=t
Veer - Cruiser Infant Car Seat Adapter (Cybex/Maxi-Cosi/Nuna),,Veer,,,,,SOLD_SEPARATELY,,,shopify_macrobaby,cmqx4ktny00jl3a8unzb7i2da,,,https://www.macrobaby.com/products/veer-cruiser-infant-car-seat-adapter-for-cybex-maxi-cosi-doona?_j=taylormadebabyco.com,https://www.macrobaby.com/products/veer-cruiser-infant-car-seat-adapter-for-cybex-maxi-cosi-doona?_j=taylormadebabyco.com,79.99,yes,0,,yes,DUP,current,productType=stroller adapter; active=t
Veer Cruiser Infant Car Seat Adapter - Cybex / Maxi-Cosi / Nuna,,Veer,,,,,SOLD_SEPARATELY,,,awin_anbbaby,cmqu9egkq003f6byecilkvvl5,,,https://www.awin1.com/cread.php?awinmid=75150&awinaffid=2588613&ued=https%3A%2F%2Fwww.anbbaby.com%2Fproducts%2Fveer-cruiser-infant-car-seat-adapter%3Fvariant%3D39314573197398,https://www.awin1.com/cread.php?awinmid=75150&awinaffid=2588613&ued=https%3A%2F%2Fwww.anbbaby.com%2Fproducts%2Fveer-cruiser-infant-car-seat-adapter%3Fvariant%3D39314573197398,79,yes,0,,yes,DUP,current,productType=stroller adapter; active=t
Veer Cruiser Infant Car Seat Adapter - Graco,,Veer,,,,,SOLD_SEPARATELY,,,awin_anbbaby,cmqu9efwt00396byen4kyujy2,,,https://www.awin1.com/cread.php?awinmid=75150&awinaffid=2588613&ued=https%3A%2F%2Fwww.anbbaby.com%2Fproducts%2Fveer-cruiser-infant-car-seat-adapter%3Fvariant%3D39314573131862,https://www.awin1.com/cread.php?awinmid=75150&awinaffid=2588613&ued=https%3A%2F%2Fwww.anbbaby.com%2Fproducts%2Fveer-cruiser-infant-car-seat-adapter%3Fvariant%3D39314573131862,79,yes,0,,yes,,current,productType=stroller adapter; active=t
Veer Cruiser Infant Car Seat Adapter - Peg Perego,,Veer,,,,,SOLD_SEPARATELY,,,awin_anbbaby,cmqu9ehg8003o6byef9kr4rs7,,,https://www.awin1.com/cread.php?awinmid=75150&awinaffid=2588613&ued=https%3A%2F%2Fwww.anbbaby.com%2Fproducts%2Fveer-cruiser-infant-car-seat-adapter%3Fvariant%3D39314573295702,https://www.awin1.com/cread.php?awinmid=75150&awinaffid=2588613&ued=https%3A%2F%2Fwww.anbbaby.com%2Fproducts%2Fveer-cruiser-infant-car-seat-adapter%3Fvariant%3D39314573295702,79,yes,0,,yes,,current,productType=stroller adapter; active=t
Veer Cruiser Infant Car Seat Adapter - Uppababy,,Veer,,,,,SOLD_SEPARATELY,,,awin_anbbaby,cmqu9eh42003l6byeo88dck9e,,,https://www.awin1.com/cread.php?awinmid=75150&awinaffid=2588613&ued=https%3A%2F%2Fwww.anbbaby.com%2Fproducts%2Fveer-cruiser-infant-car-seat-adapter%3Fvariant%3D39314573262934,https://www.awin1.com/cread.php?awinmid=75150&awinaffid=2588613&ued=https%3A%2F%2Fwww.anbbaby.com%2Fproducts%2Fveer-cruiser-infant-car-seat-adapter%3Fvariant%3D39314573262934,79,yes,0,,yes,,current,productType=stroller adapter; active=t
Veer - Cruiser XL Infant Car Seat Adapter (Cybex/Nuna/Maxi-Cosi),,Veer,,,,,SOLD_SEPARATELY,,,shopify_macrobaby,cmqx4jxz7009r3a8ue1zgnvfp,,,https://www.macrobaby.com/products/veer-cruiser-xl-infant-car-seat-adapter-compatible-with-cybex-nuna-maxi-cosi?_j=taylormadebabyco.com,https://www.macrobaby.com/products/veer-cruiser-xl-infant-car-seat-adapter-compatible-with-cybex-nuna-maxi-cosi?_j=taylormadebabyco.com,79.99,yes,0,,yes,,current,productType=stroller adapter; active=t
Veer Infant Car Seat Adapter for Cruiser Wagon Size Cybex/Maxi-Cosi/Nuna,,Veer,,,,,SOLD_SEPARATELY,,,babylist_impact,cmqpic9f90a1rdqwrede3uw0y,https://babylist.pxf.io/c/6560395/1160375/13580?prodsku=69396&u=https%3A%2F%2Fwww.babylist.com%2Fgp%2Fveer-infant-car-seat-adapter-for-veer-cruiser-wagon%2F16069%2F69396&intsrc=CATF_8981,,https://babylist.pxf.io/c/6560395/1160375/13580?prodsku=69396&u=https%3A%2F%2Fwww.babylist.com%2Fgp%2Fveer-infant-car-seat-adapter-for-veer-cruiser-wagon%2F16069%2F69396&intsrc=CATF_8981,https://babylist.pxf.io/c/6560395/1160375/13580?prodsku=69396&u=https%3A%2F%2Fwww.babylist.com%2Fgp%2Fveer-infant-car-seat-adapter-for-veer-cruiser-wagon%2F16069%2F69396&intsrc=CATF_8981,79,yes,84,,yes,,current,productType=infant car seat adapter; active=t
Veer Infant Car Seat Adapter for Veer Cruiser Wagon (UPPAbaby),,Veer,,,,,SOLD_SEPARATELY,,,babylist_impact,cmqpic95x0a1odqwroph4vebz,https://babylist.pxf.io/c/6560395/1056628/13580?u=https%3A%2F%2Fwww.babylist.com%2Fgp%2Fveer-infant-car-seat-adapter-for-veer-cruiser-wagon%2F16069%2F307614&partnerpropertyid=7490466,,https://babylist.pxf.io/c/6560395/1056628/13580?u=https%3A%2F%2Fwww.babylist.com%2Fgp%2Fveer-infant-car-seat-adapter-for-veer-cruiser-wagon%2F16069%2F307614&partnerpropertyid=7490466,https://babylist.pxf.io/c/6560395/1056628/13580?u=https%3A%2F%2Fwww.babylist.com%2Fgp%2Fveer-infant-car-seat-adapter-for-veer-cruiser-wagon%2F16069%2F307614&partnerpropertyid=7490466,69,yes,0,,yes,,current,productType=car seat adapter; active=t
Veer Switchback Infant Car Seat Adapter for &Roll / &Jog (Cybex / Nuna / Maxi-Cosi),,Veer,,,,,SOLD_SEPARATELY,,,babylist_impact,cmqpicews0a3idqwra0pmmtnb,https://babylist.pxf.io/c/6560395/1056628/13580?u=https%3A%2F%2Fwww.babylist.com%2Fgp%2Fveer-switchback-infant-car-seat-adapter%2F26605%2F1267188&partnerpropertyid=7490466,,https://babylist.pxf.io/c/6560395/1056628/13580?u=https%3A%2F%2Fwww.babylist.com%2Fgp%2Fveer-switchback-infant-car-seat-adapter%2F26605%2F1267188&partnerpropertyid=7490466,https://babylist.pxf.io/c/6560395/1056628/13580?u=https%3A%2F%2Fwww.babylist.com%2Fgp%2Fveer-switchback-infant-car-seat-adapter%2F26605%2F1267188&partnerpropertyid=7490466,59,yes,0,,yes,,current,productType=car seat adapter; active=t
Veer Switchback Infant Car Seat Adapter for &Roll / &Jog (Graco),,Veer,,,,,SOLD_SEPARATELY,,,babylist_impact,cmqpiceni0a3fdqwrz6vdu97k,https://babylist.pxf.io/c/6560395/1056628/13580?u=https%3A%2F%2Fwww.babylist.com%2Fgp%2Fveer-switchback-infant-car-seat-adapter%2F26605%2F1267187&partnerpropertyid=7490466,,https://babylist.pxf.io/c/6560395/1056628/13580?u=https%3A%2F%2Fwww.babylist.com%2Fgp%2Fveer-switchback-infant-car-seat-adapter%2F26605%2F1267187&partnerpropertyid=7490466,https://babylist.pxf.io/c/6560395/1056628/13580?u=https%3A%2F%2Fwww.babylist.com%2Fgp%2Fveer-switchback-infant-car-seat-adapter%2F26605%2F1267187&partnerpropertyid=7490466,59,yes,0,,yes,,current,productType=car seat adapter; active=t
Veer Switchback Infant Car Seat Adapter for &Roll / &Jog (UPPAbaby),,Veer,,,,,SOLD_SEPARATELY,,,babylist_impact,cmqpicf6e0a3ldqwr9slt752c,https://babylist.pxf.io/c/6560395/1056628/13580?u=https%3A%2F%2Fwww.babylist.com%2Fgp%2Fveer-switchback-infant-car-seat-adapter%2F26605%2F1267189&partnerpropertyid=7490466,,https://babylist.pxf.io/c/6560395/1056628/13580?u=https%3A%2F%2Fwww.babylist.com%2Fgp%2Fveer-switchback-infant-car-seat-adapter%2F26605%2F1267189&partnerpropertyid=7490466,https://babylist.pxf.io/c/6560395/1056628/13580?u=https%3A%2F%2Fwww.babylist.com%2Fgp%2Fveer-switchback-infant-car-seat-adapter%2F26605%2F1267189&partnerpropertyid=7490466,59,yes,0,,yes,,current,productType=car seat adapter; active=t
Veer Switchback Infant Car Seat Adapter in Britax,,Veer,,,,,SOLD_SEPARATELY,,,babylist_impact,cmqpice4h0a39dqwrt95xsvec,https://babylist.pxf.io/c/6560395/1160375/13580?prodsku=1267185&u=https%3A%2F%2Fwww.babylist.com%2Fgp%2Fveer-switchback-infant-car-seat-adapter%2F26605%2F1267185&intsrc=CATF_8981,,https://babylist.pxf.io/c/6560395/1160375/13580?prodsku=1267185&u=https%3A%2F%2Fwww.babylist.com%2Fgp%2Fveer-switchback-infant-car-seat-adapter%2F26605%2F1267185&intsrc=CATF_8981,https://babylist.pxf.io/c/6560395/1160375/13580?prodsku=1267185&u=https%3A%2F%2Fwww.babylist.com%2Fgp%2Fveer-switchback-infant-car-seat-adapter%2F26605%2F1267185&intsrc=CATF_8981,59,yes,0,,yes,,current,productType=infant car seat adapter; active=t
Veer Switchback Second Seat Adapter Kit,,Veer,,,,,SOLD_SEPARATELY,Second,,babylist_impact,cmqpicfrj0a3rdqwr1nxqqkqz,https://babylist.pxf.io/c/6560395/1160375/13580?prodsku=1267190&u=https%3A%2F%2Fwww.babylist.com%2Fgp%2Fveer-switchback-second-seat-adapter-kit%2F26606%2F1267190&intsrc=CATF_8981,,https://babylist.pxf.io/c/6560395/1160375/13580?prodsku=1267190&u=https%3A%2F%2Fwww.babylist.com%2Fgp%2Fveer-switchback-second-seat-adapter-kit%2F26606%2F1267190&intsrc=CATF_8981,https://babylist.pxf.io/c/6560395/1160375/13580?prodsku=1267190&u=https%3A%2F%2Fwww.babylist.com%2Fgp%2Fveer-switchback-second-seat-adapter-kit%2F26606%2F1267190&intsrc=CATF_8981,69,yes,0,,yes,,current,productType=stroller adapter; active=t
Wonderfold - W2 Car Seat Adapter Graco,,WonderFold,,,,,SOLD_SEPARATELY,,,shopify_macrobaby,cmqx6m6mb002o3ld4xqscwxlx,,,https://www.macrobaby.com/products/wonderfold-w2-car-seat-adapter-graco?_j=taylormadebabyco.com,https://www.macrobaby.com/products/wonderfold-w2-car-seat-adapter-graco?_j=taylormadebabyco.com,94.99,yes,0,,yes,,current,productType=stroller adapter; active=t
Wonderfold - W4 Series Car Seat Adapter Graco,,WonderFold,,,,,SOLD_SEPARATELY,,,shopify_macrobaby,cmqx6m5iz002f3ld4axngumss,,,https://www.macrobaby.com/products/wonderfold-w4-series-car-seat-adapter-graco?_j=taylormadebabyco.com,https://www.macrobaby.com/products/wonderfold-w4-series-car-seat-adapter-graco?_j=taylormadebabyco.com,99.99,yes,0,,yes,,current,productType=stroller adapter; active=t
Wonderfold - W4 Series Car Seat Adapter (Opposite Bench),,WonderFold,,,,,SOLD_SEPARATELY,,,shopify_macrobaby,cmqx6liuz001c3ld4krdhu97m,,,https://www.macrobaby.com/products/wonderfold-w4-series-car-seat-adapter?_j=taylormadebabyco.com,https://www.macrobaby.com/products/wonderfold-w4-series-car-seat-adapter?_j=taylormadebabyco.com,99.99,yes,0,,yes,,current,productType=stroller adapter; active=t
Zoe The Journey Car Seat Adapter (Chicco),,Zoe,,,,,SOLD_SEPARATELY,,,babylist_impact,cmqpidh360afcdqwry8nzodwo,https://babylist.pxf.io/c/6560395/1056628/13580?u=https%3A%2F%2Fwww.babylist.com%2Fgp%2Fzoe-journey-car-seat-adapter-chicco%2F69946%2F2332488&partnerpropertyid=7490466,,https://babylist.pxf.io/c/6560395/1056628/13580?u=https%3A%2F%2Fwww.babylist.com%2Fgp%2Fzoe-journey-car-seat-adapter-chicco%2F69946%2F2332488&partnerpropertyid=7490466,https://babylist.pxf.io/c/6560395/1056628/13580?u=https%3A%2F%2Fwww.babylist.com%2Fgp%2Fzoe-journey-car-seat-adapter-chicco%2F69946%2F2332488&partnerpropertyid=7490466,55,yes,0,,yes,,current,productType=car seat adapter; active=t
Zoe The Journey Car Seat Adapter (Nuna / Maxi-Cosi / Cybex / Britax),,Zoe,,,,,SOLD_SEPARATELY,,,babylist_impact,cmqpidhc80affdqwr4r54laml,https://babylist.pxf.io/c/6560395/1056628/13580?u=https%3A%2F%2Fwww.babylist.com%2Fgp%2Fzoe-journey-car-seat-adapter-nuna-maxi-cosi-cybex-britax%2F69947%2F2332490&partnerpropertyid=7490466,,https://babylist.pxf.io/c/6560395/1056628/13580?u=https%3A%2F%2Fwww.babylist.com%2Fgp%2Fzoe-journey-car-seat-adapter-nuna-maxi-cosi-cybex-britax%2F69947%2F2332490&partnerpropertyid=7490466,https://babylist.pxf.io/c/6560395/1056628/13580?u=https%3A%2F%2Fwww.babylist.com%2Fgp%2Fzoe-journey-car-seat-adapter-nuna-maxi-cosi-cybex-britax%2F69947%2F2332490&partnerpropertyid=7490466,55,yes,0,,yes,,current,productType=car seat adapter; active=t
Zoe Tour Car Seat Adapter for UPPAbaby (Tour v3),,Zoe,,,,,SOLD_SEPARATELY,v3,,babylist_impact,cmr49ufl100095t020etiygi5,https://babylist.pxf.io/c/6560395/1056628/13580?u=https%3A%2F%2Fwww.babylist.com%2Fgp%2Fzoe-tour-v3-uppababy-car-seat-adapter%2F84628%2F3404367&partnerpropertyid=7490466,,https://babylist.pxf.io/c/6560395/1056628/13580?u=https%3A%2F%2Fwww.babylist.com%2Fgp%2Fzoe-tour-v3-uppababy-car-seat-adapter%2F84628%2F3404367&partnerpropertyid=7490466,https://babylist.pxf.io/c/6560395/1056628/13580?u=https%3A%2F%2Fwww.babylist.com%2Fgp%2Fzoe-tour-v3-uppababy-car-seat-adapter%2F84628%2F3404367&partnerpropertyid=7490466,55,yes,3,,yes,,current,productType=car seat adapter; active=t
Zoe Tour Car Seat Adapter (Graco / Chicco) - Tour v3,,Zoe,,,,,SOLD_SEPARATELY,v3,,babylist_impact,cmr4cxoam000cjmf4xzioq49c,https://babylist.pxf.io/c/6560395/1056628/13580?u=https%3A%2F%2Fwww.babylist.com%2Fgp%2Fzoe-tour-v3-graco-chicco-car-seat-adapter%2F84625%2F3404326&partnerpropertyid=7490466,,https://babylist.pxf.io/c/6560395/1056628/13580?u=https%3A%2F%2Fwww.babylist.com%2Fgp%2Fzoe-tour-v3-graco-chicco-car-seat-adapter%2F84625%2F3404326&partnerpropertyid=7490466,https://babylist.pxf.io/c/6560395/1056628/13580?u=https%3A%2F%2Fwww.babylist.com%2Fgp%2Fzoe-tour-v3-graco-chicco-car-seat-adapter%2F84625%2F3404326&partnerpropertyid=7490466,55,yes,10,,yes,,current,productType=car seat adapter; active=t
Zoe Tour Car Seat Adapter (Nuna / Maxi-Cosi / Cybex / Britax) - Tour v3,,Zoe,,,,,SOLD_SEPARATELY,v3,,babylist_impact,cmr4cxo180006jmf40rfhiyie,https://babylist.pxf.io/c/6560395/1056628/13580?u=https%3A%2F%2Fwww.babylist.com%2Fgp%2Fzoe-tour-v3-nuna-car-seat-adapter%2F84622%2F3404306&partnerpropertyid=7490466,,https://babylist.pxf.io/c/6560395/1056628/13580?u=https%3A%2F%2Fwww.babylist.com%2Fgp%2Fzoe-tour-v3-nuna-car-seat-adapter%2F84622%2F3404306&partnerpropertyid=7490466,https://babylist.pxf.io/c/6560395/1056628/13580?u=https%3A%2F%2Fwww.babylist.com%2Fgp%2Fzoe-tour-v3-nuna-car-seat-adapter%2F84622%2F3404306&partnerpropertyid=7490466,55,yes,22,,yes,,current,productType=car seat adapter; active=t
Zoe Twin Car Seat Adapter for UPPAbaby (Twin v3),,Zoe,,,,,SOLD_SEPARATELY,v3,,babylist_impact,cmr49ufq7000c5t02k68mq2m5,https://babylist.pxf.io/c/6560395/1056628/13580?u=https%3A%2F%2Fwww.babylist.com%2Fgp%2Fzoe-twin-v3-uppababy-car-seat-adapter%2F84624%2F3404323&partnerpropertyid=7490466,,https://babylist.pxf.io/c/6560395/1056628/13580?u=https%3A%2F%2Fwww.babylist.com%2Fgp%2Fzoe-twin-v3-uppababy-car-seat-adapter%2F84624%2F3404323&partnerpropertyid=7490466,https://babylist.pxf.io/c/6560395/1056628/13580?u=https%3A%2F%2Fwww.babylist.com%2Fgp%2Fzoe-twin-v3-uppababy-car-seat-adapter%2F84624%2F3404323&partnerpropertyid=7490466,55,yes,0,,yes,,current,productType=car seat adapter; active=t
Zoe Twin Car Seat Adapter (Nuna / Maxi-Cosi / Cybex / Britax) - Twin / Trio / Tribe,,Zoe,,,,,SOLD_SEPARATELY,,,babylist_impact,cmqpidobz0ahldqwr9uyga7nk,https://babylist.pxf.io/c/6560395/1056628/13580?u=https%3A%2F%2Fwww.babylist.com%2Fgp%2Fzoe-the-twin-trio-tribe-nuna-car-seat-adapter%2F57083%2F2082699&partnerpropertyid=7490466,,https://babylist.pxf.io/c/6560395/1056628/13580?u=https%3A%2F%2Fwww.babylist.com%2Fgp%2Fzoe-the-twin-trio-tribe-nuna-car-seat-adapter%2F57083%2F2082699&partnerpropertyid=7490466,https://babylist.pxf.io/c/6560395/1056628/13580?u=https%3A%2F%2Fwww.babylist.com%2Fgp%2Fzoe-the-twin-trio-tribe-nuna-car-seat-adapter%2F57083%2F2082699&partnerpropertyid=7490466,55,yes,0,,yes,,current,productType=car seat adapter; active=t
Zoe Twin & Tour Car Seat Adapter (Graco / Chicco) - Twin / Trio / Tribe,,Zoe,,,,,SOLD_SEPARATELY,,,babylist_impact,cmqpido2n0ahidqwrl80ogszb,https://babylist.pxf.io/c/6560395/1056628/13580?u=https%3A%2F%2Fwww.babylist.com%2Fgp%2Fzoe-the-twin-trio-tribe-and-tour-v3-graco-chicco-car-seat-adapter%2F55624%2F2082700&partnerpropertyid=7490466,,https://babylist.pxf.io/c/6560395/1056628/13580?u=https%3A%2F%2Fwww.babylist.com%2Fgp%2Fzoe-the-twin-trio-tribe-and-tour-v3-graco-chicco-car-seat-adapter%2F55624%2F2082700&partnerpropertyid=7490466,https://babylist.pxf.io/c/6560395/1056628/13580?u=https%3A%2F%2Fwww.babylist.com%2Fgp%2Fzoe-the-twin-trio-tribe-and-tour-v3-graco-chicco-car-seat-adapter%2F55624%2F2082700&partnerpropertyid=7490466,55,yes,0,,yes,,current,productType=car seat adapter; active=t
