compatibility_id,stroller_brand,stroller_model,car_seat_brand,car_seat_model,production_compatibility_type,audit_action,audit_confidence,reason,evidence_type,source_type,manufacturer_source_url,source_name,source_date,compatibility_type,adapter_required,adapter_status,adapter_name,adapter_sku,adapter_url,adapter_generation,adapter_revision,compatibility_position,max_infant_car_seats,notes,consumer_compatibility_status,consumer_status_basis,lineage_anchor_model,lineage_source_url,lineage_hypothesis_type,lineage_anchor_compatibility_id
bob-alterrain-pro__britax-cypress-s,BOB,Alterrain Pro,Britax,Cypress S,ADAPTER,KEEP_UPDATE,HIGH,On BOB BOB Single Britax ClickTight adapter (S943900) exact list for this chassis.,MANUFACTURER_EXACT_MODEL,MANUFACTURER_EXACT_MODEL,https://www.bobgear.com/accessories/single-jogging-stroller-adapter-for-select-britax-infant-car-seats,BOB Single Britax ClickTight adapter,January 2025,ADAPTER,true,SOLD_SEPARATELY,BOB Single Britax ClickTight adapter,S943900,https://www.bobgear.com/accessories/single-jogging-stroller-adapter-for-select-britax-infant-car-seats,,,,,,COMPATIBLE_WITH_ADAPTER,MANUFACTURER_EXACT,,https://www.bobgear.com/accessories/single-jogging-stroller-adapter-for-select-britax-infant-car-seats,NONE,
bob-alterrain-pro__britax-willow-s,BOB,Alterrain Pro,Britax,Willow S,ADAPTER,KEEP_UPDATE,HIGH,On BOB BOB Single Britax ClickTight adapter (S943900) exact list for this chassis.,MANUFACTURER_EXACT_MODEL,MANUFACTURER_EXACT_MODEL,https://www.bobgear.com/accessories/single-jogging-stroller-adapter-for-select-britax-infant-car-seats,BOB Single Britax ClickTight adapter,January 2025,ADAPTER,true,SOLD_SEPARATELY,BOB Single Britax ClickTight adapter,S943900,https://www.bobgear.com/accessories/single-jogging-stroller-adapter-for-select-britax-infant-car-seats,,,,,,COMPATIBLE_WITH_ADAPTER,MANUFACTURER_EXACT,,https://www.bobgear.com/accessories/single-jogging-stroller-adapter-for-select-britax-infant-car-seats,NONE,
cmr0r9tz2001lrvv08jz3ch8c,BOB,Alterrain Pro,Nuna,PIPA Aire,ADAPTER,REMOVE,HIGH,Not on BOB's exact adapter list for Alterrain Pro. Newer/again-named seat not enumerated on the current chart.,MANUFACTURER_EXACT_MODEL,MANUFACTURER_EXACT_MODEL,https://www.bobgear.com/accessories/cybex-maxi-cosi-nuna-single-infant-car-seat-adapter-2021,BOB Single Cybex/Maxi-Cosi/Nuna adapter,January 2025,,,,,,,,,,,,UNKNOWN,NONE,,,SUSPECTED_SHARED_ATTACHMENT_PLATFORM,
cmr0r9u3k001nrvv068kd7dfg,BOB,Alterrain Pro,Nuna,PIPA Aire rx,ADAPTER,REMOVE,HIGH,Not on BOB's exact adapter list for Alterrain Pro. Newer/again-named seat not enumerated on the current chart.,MANUFACTURER_EXACT_MODEL,MANUFACTURER_EXACT_MODEL,https://www.bobgear.com/accessories/cybex-maxi-cosi-nuna-single-infant-car-seat-adapter-2021,BOB Single Cybex/Maxi-Cosi/Nuna adapter,January 2025,,,,,,,,,,,,UNKNOWN,NONE,,,SUSPECTED_SHARED_ATTACHMENT_PLATFORM,
cmr0r9u81001prvv08cmobhjh,BOB,Alterrain Pro,Nuna,PIPA RX,ADAPTER,REMOVE,HIGH,Not on BOB's exact adapter list for Alterrain Pro. Newer/again-named seat not enumerated on the current chart.,MANUFACTURER_EXACT_MODEL,MANUFACTURER_EXACT_MODEL,https://www.bobgear.com/accessories/cybex-maxi-cosi-nuna-single-infant-car-seat-adapter-2021,BOB Single Cybex/Maxi-Cosi/Nuna adapter,January 2025,,,,,,,,,,,,UNKNOWN,NONE,,,SUSPECTED_SHARED_ATTACHMENT_PLATFORM,
cmr0r9uck001rrvv0gwnmpjnp,BOB,Alterrain Pro,Nuna,PIPA urbn,ADAPTER,REMOVE,HIGH,Not on BOB's exact adapter list for Alterrain Pro. Newer/again-named seat not enumerated on the current chart.,MANUFACTURER_EXACT_MODEL,MANUFACTURER_EXACT_MODEL,https://www.bobgear.com/accessories/cybex-maxi-cosi-nuna-single-infant-car-seat-adapter-2021,BOB Single Cybex/Maxi-Cosi/Nuna adapter,January 2025,,,,,,,,,,,,UNKNOWN,NONE,,,SUSPECTED_SHARED_ATTACHMENT_PLATFORM,
bob-alterrain-pro__uppababy-aria,BOB,Alterrain Pro,UPPAbaby,Aria,ADAPTER,REMOVE,HIGH,Not on BOB's exact adapter list for Alterrain Pro. Newer/again-named seat not enumerated on the current chart.,MANUFACTURER_EXACT_MODEL,MANUFACTURER_EXACT_MODEL,https://www.bobgear.com/accessories/uppa-baby-single-infant-car-seat-adapter-2021,BOB Single UPPAbaby adapter,January 2025,,,,,,,,,,,,UNKNOWN,NONE,,,NONE,
bob-alterrain-pro__uppababy-aria-v2,BOB,Alterrain Pro,UPPAbaby,Aria V2,ADAPTER,REMOVE,HIGH,Not on BOB's exact adapter list for Alterrain Pro. Newer/again-named seat not enumerated on the current chart.,MANUFACTURER_EXACT_MODEL,MANUFACTURER_EXACT_MODEL,https://www.bobgear.com/accessories/uppa-baby-single-infant-car-seat-adapter-2021,BOB Single UPPAbaby adapter,January 2025,,,,,,,,,,,,UNKNOWN,NONE,,,NONE,
bob-alterrain-pro__uppababy-mesa-v3,BOB,Alterrain Pro,UPPAbaby,Mesa V3,ADAPTER,REMOVE,HIGH,Not on BOB's exact adapter list for Alterrain Pro. Newer/again-named seat not enumerated on the current chart.,MANUFACTURER_EXACT_MODEL,MANUFACTURER_EXACT_MODEL,https://www.bobgear.com/accessories/uppa-baby-single-infant-car-seat-adapter-2021,BOB Single UPPAbaby adapter,January 2025,,,,,,,,,,,,UNKNOWN,NONE,,,SUSPECTED_SUCCESSOR_SAME_INTERFACE,
bob-rambler__britax-cypress-s,BOB,Rambler,Britax,Cypress S,ADAPTER,KEEP_UPDATE,HIGH,On BOB BOB Single Britax ClickTight adapter (S943900) exact list for this chassis.,MANUFACTURER_EXACT_MODEL,MANUFACTURER_EXACT_MODEL,https://www.bobgear.com/accessories/single-jogging-stroller-adapter-for-select-britax-infant-car-seats,BOB Single Britax ClickTight adapter,January 2025,ADAPTER,true,SOLD_SEPARATELY,BOB Single Britax ClickTight adapter,S943900,https://www.bobgear.com/accessories/single-jogging-stroller-adapter-for-select-britax-infant-car-seats,,,,,,COMPATIBLE_WITH_ADAPTER,MANUFACTURER_EXACT,,https://www.bobgear.com/accessories/single-jogging-stroller-adapter-for-select-britax-infant-car-seats,NONE,
bob-rambler__britax-willow-s,BOB,Rambler,Britax,Willow S,ADAPTER,KEEP_UPDATE,HIGH,On BOB BOB Single Britax ClickTight adapter (S943900) exact list for this chassis.,MANUFACTURER_EXACT_MODEL,MANUFACTURER_EXACT_MODEL,https://www.bobgear.com/accessories/single-jogging-stroller-adapter-for-select-britax-infant-car-seats,BOB Single Britax ClickTight adapter,January 2025,ADAPTER,true,SOLD_SEPARATELY,BOB Single Britax ClickTight adapter,S943900,https://www.bobgear.com/accessories/single-jogging-stroller-adapter-for-select-britax-infant-car-seats,,,,,,COMPATIBLE_WITH_ADAPTER,MANUFACTURER_EXACT,,https://www.bobgear.com/accessories/single-jogging-stroller-adapter-for-select-britax-infant-car-seats,NONE,
bob-rambler__nuna-pipa-aire-rx,BOB,Rambler,Nuna,PIPA Aire rx,ADAPTER,REMOVE,HIGH,Not on BOB's exact adapter list for Rambler. Newer/again-named seat not enumerated on the current chart.,MANUFACTURER_EXACT_MODEL,MANUFACTURER_EXACT_MODEL,https://www.bobgear.com/accessories/cybex-maxi-cosi-nuna-single-infant-car-seat-adapter-2021,BOB Single Cybex/Maxi-Cosi/Nuna adapter,January 2025,,,,,,,,,,,,UNKNOWN,NONE,,,SUSPECTED_SHARED_ATTACHMENT_PLATFORM,
bob-rambler__nuna-pipa-rx,BOB,Rambler,Nuna,PIPA RX,ADAPTER,REMOVE,HIGH,Not on BOB's exact adapter list for Rambler. Newer/again-named seat not enumerated on the current chart.,MANUFACTURER_EXACT_MODEL,MANUFACTURER_EXACT_MODEL,https://www.bobgear.com/accessories/cybex-maxi-cosi-nuna-single-infant-car-seat-adapter-2021,BOB Single Cybex/Maxi-Cosi/Nuna adapter,January 2025,,,,,,,,,,,,UNKNOWN,NONE,,,SUSPECTED_SHARED_ATTACHMENT_PLATFORM,
cmr5mq9a8000j10s6kj0k8r2i,BOB,Rambler,Nuna,PIPA urbn,ADAPTER,REMOVE,HIGH,Not on BOB's exact adapter list for Rambler. Newer/again-named seat not enumerated on the current chart.,MANUFACTURER_EXACT_MODEL,MANUFACTURER_EXACT_MODEL,https://www.bobgear.com/accessories/cybex-maxi-cosi-nuna-single-infant-car-seat-adapter-2021,BOB Single Cybex/Maxi-Cosi/Nuna adapter,January 2025,,,,,,,,,,,,UNKNOWN,NONE,,,SUSPECTED_SHARED_ATTACHMENT_PLATFORM,
bob-renegade-wagon__britax-cypress-s,BOB,Renegade Wagon,Britax,Cypress S,ADAPTER,KEEP_UPDATE,HIGH,On BOB BOB Renegade Wagon adapter (S14685500) exact list for this chassis.,MANUFACTURER_EXACT_MODEL,MANUFACTURER_EXACT_MODEL,https://www.bobgear.com/accessories/renegade-wagon-infant-car-seat-adapter,BOB Renegade Wagon adapter,January 2025,ADAPTER,true,SOLD_SEPARATELY,BOB Renegade Wagon adapter,S14685500,https://www.bobgear.com/accessories/renegade-wagon-infant-car-seat-adapter,,,,,,COMPATIBLE_WITH_ADAPTER,MANUFACTURER_EXACT,,https://www.bobgear.com/accessories/renegade-wagon-infant-car-seat-adapter,NONE,
bob-renegade-wagon__britax-willow-s,BOB,Renegade Wagon,Britax,Willow S,ADAPTER,KEEP_UPDATE,HIGH,On BOB BOB Renegade Wagon adapter (S14685500) exact list for this chassis.,MANUFACTURER_EXACT_MODEL,MANUFACTURER_EXACT_MODEL,https://www.bobgear.com/accessories/renegade-wagon-infant-car-seat-adapter,BOB Renegade Wagon adapter,January 2025,ADAPTER,true,SOLD_SEPARATELY,BOB Renegade Wagon adapter,S14685500,https://www.bobgear.com/accessories/renegade-wagon-infant-car-seat-adapter,,,,,,COMPATIBLE_WITH_ADAPTER,MANUFACTURER_EXACT,,https://www.bobgear.com/accessories/renegade-wagon-infant-car-seat-adapter,NONE,
bob-renegade-wagon__nuna-pipa-aire-rx,BOB,Renegade Wagon,Nuna,PIPA Aire rx,ADAPTER,REMOVE,HIGH,Not on BOB's exact adapter list for Renegade Wagon. Newer/again-named seat not enumerated on the current chart.,MANUFACTURER_EXACT_MODEL,MANUFACTURER_EXACT_MODEL,https://www.bobgear.com/accessories/renegade-wagon-infant-car-seat-adapter,BOB Renegade Wagon adapter,January 2025,,,,,,,,,,,,UNKNOWN,NONE,,,SUSPECTED_SHARED_ATTACHMENT_PLATFORM,
bob-renegade-wagon__nuna-pipa-rx,BOB,Renegade Wagon,Nuna,PIPA RX,ADAPTER,REMOVE,HIGH,Not on BOB's exact adapter list for Renegade Wagon. Newer/again-named seat not enumerated on the current chart.,MANUFACTURER_EXACT_MODEL,MANUFACTURER_EXACT_MODEL,https://www.bobgear.com/accessories/renegade-wagon-infant-car-seat-adapter,BOB Renegade Wagon adapter,January 2025,,,,,,,,,,,,UNKNOWN,NONE,,,SUSPECTED_SHARED_ATTACHMENT_PLATFORM,
cmr5mq93c000h10s6ccadrjne,BOB,Renegade Wagon,Nuna,PIPA urbn,ADAPTER,REMOVE,HIGH,Not on BOB's exact adapter list for Renegade Wagon. Newer/again-named seat not enumerated on the current chart.,MANUFACTURER_EXACT_MODEL,MANUFACTURER_EXACT_MODEL,https://www.bobgear.com/accessories/renegade-wagon-infant-car-seat-adapter,BOB Renegade Wagon adapter,January 2025,,,,,,,,,,,,UNKNOWN,NONE,,,SUSPECTED_SHARED_ATTACHMENT_PLATFORM,
bob-revolution-flex-3__britax-cypress-s,BOB,Revolution Flex 3.0,Britax,Cypress S,ADAPTER,KEEP_UPDATE,HIGH,On BOB BOB Single Britax ClickTight adapter (S943900) exact list for this chassis.,MANUFACTURER_EXACT_MODEL,MANUFACTURER_EXACT_MODEL,https://www.bobgear.com/accessories/single-jogging-stroller-adapter-for-select-britax-infant-car-seats,BOB Single Britax ClickTight adapter,January 2025,ADAPTER,true,SOLD_SEPARATELY,BOB Single Britax ClickTight adapter,S943900,https://www.bobgear.com/accessories/single-jogging-stroller-adapter-for-select-britax-infant-car-seats,,,,,,COMPATIBLE_WITH_ADAPTER,MANUFACTURER_EXACT,,https://www.bobgear.com/accessories/single-jogging-stroller-adapter-for-select-britax-infant-car-seats,NONE,
bob-revolution-flex-3__britax-willow-s,BOB,Revolution Flex 3.0,Britax,Willow S,ADAPTER,KEEP_UPDATE,HIGH,On BOB BOB Single Britax ClickTight adapter (S943900) exact list for this chassis.,MANUFACTURER_EXACT_MODEL,MANUFACTURER_EXACT_MODEL,https://www.bobgear.com/accessories/single-jogging-stroller-adapter-for-select-britax-infant-car-seats,BOB Single Britax ClickTight adapter,January 2025,ADAPTER,true,SOLD_SEPARATELY,BOB Single Britax ClickTight adapter,S943900,https://www.bobgear.com/accessories/single-jogging-stroller-adapter-for-select-britax-infant-car-seats,,,,,,COMPATIBLE_WITH_ADAPTER,MANUFACTURER_EXACT,,https://www.bobgear.com/accessories/single-jogging-stroller-adapter-for-select-britax-infant-car-seats,NONE,
cmrmw9w020009nxw1hrsqsjbs,BOB,Revolution Flex 3.0,Britax,Willow SC,ADAPTER,KEEP_UPDATE,HIGH,On BOB BOB Single Britax ClickTight adapter (S943900) exact list for this chassis.,MANUFACTURER_EXACT_MODEL,MANUFACTURER_EXACT_MODEL,https://www.bobgear.com/accessories/single-jogging-stroller-adapter-for-select-britax-infant-car-seats,BOB Single Britax ClickTight adapter,January 2025,ADAPTER,true,SOLD_SEPARATELY,BOB Single Britax ClickTight adapter,S943900,https://www.bobgear.com/accessories/single-jogging-stroller-adapter-for-select-britax-infant-car-seats,,,,,,COMPATIBLE_WITH_ADAPTER,MANUFACTURER_EXACT,,https://www.bobgear.com/accessories/single-jogging-stroller-adapter-for-select-britax-infant-car-seats,NONE,
cmrjw737p001ey3w4o56l9mo7,BOB,Revolution Flex 3.0,Chicco,KeyFit 30,ADAPTER,KEEP_UPDATE,HIGH,On BOB BOB Single Chicco adapter (S12045900) exact list for this chassis.,MANUFACTURER_EXACT_MODEL,MANUFACTURER_EXACT_MODEL,https://www.bobgear.com/accessories/single-jogging-stroller-adapter-chicco-infant-car-seats,BOB Single Chicco adapter,January 2025,ADAPTER,true,SOLD_SEPARATELY,BOB Single Chicco adapter,S12045900,https://www.bobgear.com/accessories/single-jogging-stroller-adapter-chicco-infant-car-seats,,,,,,COMPATIBLE_WITH_ADAPTER,MANUFACTURER_EXACT,,https://www.bobgear.com/accessories/single-jogging-stroller-adapter-chicco-infant-car-seats,NONE,
cmrjw738d001my3w4gk4yq3fm,BOB,Revolution Flex 3.0,Chicco,KeyFit 30 ClearTex,ADAPTER,KEEP_UPDATE,HIGH,On BOB BOB Single Chicco adapter (S12045900) exact list for this chassis.,MANUFACTURER_EXACT_MODEL,MANUFACTURER_EXACT_MODEL,https://www.bobgear.com/accessories/single-jogging-stroller-adapter-chicco-infant-car-seats,BOB Single Chicco adapter,January 2025,ADAPTER,true,SOLD_SEPARATELY,BOB Single Chicco adapter,S12045900,https://www.bobgear.com/accessories/single-jogging-stroller-adapter-chicco-infant-car-seats,,,,,,COMPATIBLE_WITH_ADAPTER,MANUFACTURER_EXACT,,https://www.bobgear.com/accessories/single-jogging-stroller-adapter-chicco-infant-car-seats,NONE,
cmrjw73a3001qy3w4p1jzvyjc,BOB,Revolution Flex 3.0,Chicco,KeyFit Max ClearTex,ADAPTER,REMOVE,HIGH,Not on BOB's exact adapter list for Revolution Flex 3.0. Newer/again-named seat not enumerated on the current chart.,MANUFACTURER_EXACT_MODEL,MANUFACTURER_EXACT_MODEL,https://www.bobgear.com/accessories/single-jogging-stroller-adapter-chicco-infant-car-seats,BOB Single Chicco adapter,January 2025,,,,,,,,,,,,UNKNOWN,NONE,,,NONE,
cmrjw737q001iy3w4qx0zc39y,BOB,Revolution Flex 3.0,Chicco,KeyFit Max Zip ClearLux,ADAPTER,REMOVE,HIGH,Not on BOB's exact adapter list for Revolution Flex 3.0. Newer/again-named seat not enumerated on the current chart.,MANUFACTURER_EXACT_MODEL,MANUFACTURER_EXACT_MODEL,https://www.bobgear.com/accessories/single-jogging-stroller-adapter-chicco-infant-car-seats,BOB Single Chicco adapter,January 2025,,,,,,,,,,,,UNKNOWN,NONE,,,NONE,
cmrjw7397001oy3w44l3w0jrj,BOB,Revolution Flex 3.0,Chicco,KeyFit Max Zip ClearTex,ADAPTER,REMOVE,HIGH,Not on BOB's exact adapter list for Revolution Flex 3.0. Newer/again-named seat not enumerated on the current chart.,MANUFACTURER_EXACT_MODEL,MANUFACTURER_EXACT_MODEL,https://www.bobgear.com/accessories/single-jogging-stroller-adapter-chicco-infant-car-seats,BOB Single Chicco adapter,January 2025,,,,,,,,,,,,UNKNOWN,NONE,,,NONE,
cmrjw3hbc000hy3w423xhzxlo,BOB,Revolution Flex 3.0,Clek,Liing,ADAPTER,REMOVE,HIGH,Not on BOB's exact adapter list for Revolution Flex 3.0. BOB makes no Clek adapter.,MANUFACTURER_EXACT_MODEL,MANUFACTURER_EXACT_MODEL,https://www.bobgear.com/accessories/single-jogging-stroller-adapter-for-select-britax-infant-car-seats,BOB Single Britax ClickTight adapter,January 2025,,,,,,,,,,,,UNKNOWN,NONE,,,NONE,
cmrjw3hbb000dy3w4aqk5gmsp,BOB,Revolution Flex 3.0,Clek,Liingo,ADAPTER,REMOVE,HIGH,Not on BOB's exact adapter list for Revolution Flex 3.0. BOB makes no Clek adapter.,MANUFACTURER_EXACT_MODEL,MANUFACTURER_EXACT_MODEL,https://www.bobgear.com/accessories/single-jogging-stroller-adapter-for-select-britax-infant-car-seats,BOB Single Britax ClickTight adapter,January 2025,,,,,,,,,,,,UNKNOWN,NONE,,,NONE,
cmrjw3hg7000ly3w4ylv8470k,BOB,Revolution Flex 3.0,Cybex,Aton G2,ADAPTER,REMOVE,HIGH,Not on BOB's exact adapter list for Revolution Flex 3.0. Newer/again-named seat not enumerated on the current chart.,MANUFACTURER_EXACT_MODEL,MANUFACTURER_EXACT_MODEL,https://www.bobgear.com/accessories/cybex-maxi-cosi-nuna-single-infant-car-seat-adapter-2021,BOB Single Cybex/Maxi-Cosi/Nuna adapter,January 2025,,,,,,,,,,,,UNKNOWN,NONE,,,SUSPECTED_SUCCESSOR_SAME_INTERFACE,
cmrjw3hgx000py3w4c7d6409v,BOB,Revolution Flex 3.0,Cybex,Aton G2 Swivel,ADAPTER,REMOVE,HIGH,Not on BOB's exact adapter list for Revolution Flex 3.0. Newer/again-named seat not enumerated on the current chart.,MANUFACTURER_EXACT_MODEL,MANUFACTURER_EXACT_MODEL,https://www.bobgear.com/accessories/cybex-maxi-cosi-nuna-single-infant-car-seat-adapter-2021,BOB Single Cybex/Maxi-Cosi/Nuna adapter,January 2025,,,,,,,,,,,,UNKNOWN,NONE,,,SUSPECTED_SUCCESSOR_SAME_INTERFACE,
cmrjw3hbc000jy3w41ysh24hz,BOB,Revolution Flex 3.0,Cybex,Cloud G Pro Comfort Extend,ADAPTER,REMOVE,HIGH,Not on BOB's exact adapter list for Revolution Flex 3.0. Newer/again-named seat not enumerated on the current chart.,MANUFACTURER_EXACT_MODEL,MANUFACTURER_EXACT_MODEL,https://www.bobgear.com/accessories/cybex-maxi-cosi-nuna-single-infant-car-seat-adapter-2021,BOB Single Cybex/Maxi-Cosi/Nuna adapter,January 2025,,,,,,,,,,,,UNKNOWN,NONE,,,SUSPECTED_SHARED_ATTACHMENT_PLATFORM,
cmrjw3hbc000fy3w41gfd2qkp,BOB,Revolution Flex 3.0,Cybex,Cloud T,ADAPTER,REMOVE,HIGH,Not on BOB's exact adapter list for Revolution Flex 3.0. Newer/again-named seat not enumerated on the current chart.,MANUFACTURER_EXACT_MODEL,MANUFACTURER_EXACT_MODEL,https://www.bobgear.com/accessories/cybex-maxi-cosi-nuna-single-infant-car-seat-adapter-2021,BOB Single Cybex/Maxi-Cosi/Nuna adapter,January 2025,,,,,,,,,,,,UNKNOWN,NONE,,,SUSPECTED_SHARED_ATTACHMENT_PLATFORM,
cmrjw8y8m001uy3w4apw1p36i,BOB,Revolution Flex 3.0,Graco,GoMax,ADAPTER,REMOVE,HIGH,Not on BOB's exact adapter list for Revolution Flex 3.0. Newer/again-named seat not enumerated on the current chart.,MANUFACTURER_EXACT_MODEL,MANUFACTURER_EXACT_MODEL,https://www.bobgear.com/accessories/single-jogging-stroller-adapter-graco-infant-car-seats,BOB Single Graco adapter (All SnugRide),January 2025,,,,,,,,,,,,UNKNOWN,NONE,,,NONE,
cmrjw8y8n0020y3w4ovzygjfm,BOB,Revolution Flex 3.0,Graco,SnugRide Lite LX,ADAPTER,KEEP_UPDATE,HIGH,"Graco snugride lite lx is a SnugRide model; BOB Graco adapter covers ""All SnugRide models"".",MANUFACTURER_EXACT_MODEL,MANUFACTURER_EXACT_MODEL,https://www.bobgear.com/accessories/single-jogging-stroller-adapter-graco-infant-car-seats,BOB Single Graco adapter (All SnugRide),January 2025,ADAPTER,true,SOLD_SEPARATELY,BOB Single Graco adapter (All SnugRide),S12045400,https://www.bobgear.com/accessories/single-jogging-stroller-adapter-graco-infant-car-seats,,,,,,COMPATIBLE_WITH_ADAPTER,MANUFACTURER_EXACT,,https://www.bobgear.com/accessories/single-jogging-stroller-adapter-graco-infant-car-seats,NONE,
cmrjw8y8n001yy3w438af6kdl,BOB,Revolution Flex 3.0,Graco,SnugRide SnugFit,ADAPTER,KEEP_UPDATE,HIGH,"Graco snugride snugfit is a SnugRide model; BOB Graco adapter covers ""All SnugRide models"".",MANUFACTURER_EXACT_MODEL,MANUFACTURER_EXACT_MODEL,https://www.bobgear.com/accessories/single-jogging-stroller-adapter-graco-infant-car-seats,BOB Single Graco adapter (All SnugRide),January 2025,ADAPTER,true,SOLD_SEPARATELY,BOB Single Graco adapter (All SnugRide),S12045400,https://www.bobgear.com/accessories/single-jogging-stroller-adapter-graco-infant-car-seats,,,,,,COMPATIBLE_WITH_ADAPTER,MANUFACTURER_EXACT,,https://www.bobgear.com/accessories/single-jogging-stroller-adapter-graco-infant-car-seats,NONE,
cmrjw8y8n001wy3w4uy8zqcus,BOB,Revolution Flex 3.0,Graco,SnugRide SnugFit DLX,ADAPTER,KEEP_UPDATE,HIGH,"Graco snugride snugfit dlx is a SnugRide model; BOB Graco adapter covers ""All SnugRide models"".",MANUFACTURER_EXACT_MODEL,MANUFACTURER_EXACT_MODEL,https://www.bobgear.com/accessories/single-jogging-stroller-adapter-graco-infant-car-seats,BOB Single Graco adapter (All SnugRide),January 2025,ADAPTER,true,SOLD_SEPARATELY,BOB Single Graco adapter (All SnugRide),S12045400,https://www.bobgear.com/accessories/single-jogging-stroller-adapter-graco-infant-car-seats,,,,,,COMPATIBLE_WITH_ADAPTER,MANUFACTURER_EXACT,,https://www.bobgear.com/accessories/single-jogging-stroller-adapter-graco-infant-car-seats,NONE,
cmrjw8y8m001sy3w4jid1lrpy,BOB,Revolution Flex 3.0,Graco,SnugRide SnugFit LX,ADAPTER,KEEP_UPDATE,HIGH,"Graco snugride snugfit lx is a SnugRide model; BOB Graco adapter covers ""All SnugRide models"".",MANUFACTURER_EXACT_MODEL,MANUFACTURER_EXACT_MODEL,https://www.bobgear.com/accessories/single-jogging-stroller-adapter-graco-infant-car-seats,BOB Single Graco adapter (All SnugRide),January 2025,ADAPTER,true,SOLD_SEPARATELY,BOB Single Graco adapter (All SnugRide),S12045400,https://www.bobgear.com/accessories/single-jogging-stroller-adapter-graco-infant-car-seats,,,,,,COMPATIBLE_WITH_ADAPTER,MANUFACTURER_EXACT,,https://www.bobgear.com/accessories/single-jogging-stroller-adapter-graco-infant-car-seats,NONE,
cmrjw4aqn000wy3w4cvdubkmp,BOB,Revolution Flex 3.0,Maxi-Cosi,Ambra,ADAPTER,REMOVE,HIGH,Not on BOB's exact adapter list for Revolution Flex 3.0. Newer/again-named seat not enumerated on the current chart.,MANUFACTURER_EXACT_MODEL,MANUFACTURER_EXACT_MODEL,https://www.bobgear.com/accessories/single-jogging-stroller-adapter-for-select-britax-infant-car-seats,BOB Single Britax ClickTight adapter,January 2025,,,,,,,,,,,,UNKNOWN,NONE,,,NONE,
cmrjw4aqo000zy3w4qqyd8kgc,BOB,Revolution Flex 3.0,Maxi-Cosi,Mico Luxe,ADAPTER,REMOVE,HIGH,Not on BOB's exact adapter list for Revolution Flex 3.0. Newer/again-named seat not enumerated on the current chart.,MANUFACTURER_EXACT_MODEL,MANUFACTURER_EXACT_MODEL,https://www.bobgear.com/accessories/single-jogging-stroller-adapter-for-select-britax-infant-car-seats,BOB Single Britax ClickTight adapter,January 2025,,,,,,,,,,,,UNKNOWN,NONE,,,SUSPECTED_SHARED_ATTACHMENT_PLATFORM,
cmrjw4aqn000xy3w4wkeztab7,BOB,Revolution Flex 3.0,Maxi-Cosi,Mico Pro,ADAPTER,REMOVE,HIGH,Not on BOB's exact adapter list for Revolution Flex 3.0. Newer/again-named seat not enumerated on the current chart.,MANUFACTURER_EXACT_MODEL,MANUFACTURER_EXACT_MODEL,https://www.bobgear.com/accessories/single-jogging-stroller-adapter-for-select-britax-infant-car-seats,BOB Single Britax ClickTight adapter,January 2025,,,,,,,,,,,,UNKNOWN,NONE,,,SUSPECTED_SHARED_ATTACHMENT_PLATFORM,
cmrjw4aqn000uy3w4l9lj5rdf,BOB,Revolution Flex 3.0,Maxi-Cosi,Peri 180,ADAPTER,REMOVE,HIGH,Not on BOB's exact adapter list for Revolution Flex 3.0. Newer/again-named seat not enumerated on the current chart.,MANUFACTURER_EXACT_MODEL,MANUFACTURER_EXACT_MODEL,https://www.bobgear.com/accessories/single-jogging-stroller-adapter-for-select-britax-infant-car-seats,BOB Single Britax ClickTight adapter,January 2025,,,,,,,,,,,,UNKNOWN,NONE,,,NONE,
cmr0r9uh2001trvv09b2v12do,BOB,Revolution Flex 3.0,Nuna,PIPA Aire,ADAPTER,REMOVE,HIGH,Not on BOB's exact adapter list for Revolution Flex 3.0. Newer/again-named seat not enumerated on the current chart.,MANUFACTURER_EXACT_MODEL,MANUFACTURER_EXACT_MODEL,https://www.bobgear.com/accessories/cybex-maxi-cosi-nuna-single-infant-car-seat-adapter-2021,BOB Single Cybex/Maxi-Cosi/Nuna adapter,January 2025,,,,,,,,,,,,UNKNOWN,NONE,,,SUSPECTED_SHARED_ATTACHMENT_PLATFORM,
bob-revolution-flex-3__nuna-pipa-aire-rx,BOB,Revolution Flex 3.0,Nuna,PIPA Aire rx,ADAPTER,REMOVE,HIGH,Not on BOB's exact adapter list for Revolution Flex 3.0. Newer/again-named seat not enumerated on the current chart.,MANUFACTURER_EXACT_MODEL,MANUFACTURER_EXACT_MODEL,https://www.bobgear.com/accessories/cybex-maxi-cosi-nuna-single-infant-car-seat-adapter-2021,BOB Single Cybex/Maxi-Cosi/Nuna adapter,January 2025,,,,,,,,,,,,UNKNOWN,NONE,,,SUSPECTED_SHARED_ATTACHMENT_PLATFORM,
bob-revolution-flex-3__nuna-pipa-rx,BOB,Revolution Flex 3.0,Nuna,PIPA RX,ADAPTER,REMOVE,HIGH,Not on BOB's exact adapter list for Revolution Flex 3.0. Newer/again-named seat not enumerated on the current chart.,MANUFACTURER_EXACT_MODEL,MANUFACTURER_EXACT_MODEL,https://www.bobgear.com/accessories/cybex-maxi-cosi-nuna-single-infant-car-seat-adapter-2021,BOB Single Cybex/Maxi-Cosi/Nuna adapter,January 2025,,,,,,,,,,,,UNKNOWN,NONE,,,SUSPECTED_SHARED_ATTACHMENT_PLATFORM,
cmr0r9uqx001vrvv02zml7tq5,BOB,Revolution Flex 3.0,Nuna,PIPA urbn,ADAPTER,REMOVE,HIGH,Not on BOB's exact adapter list for Revolution Flex 3.0. Newer/again-named seat not enumerated on the current chart.,MANUFACTURER_EXACT_MODEL,MANUFACTURER_EXACT_MODEL,https://www.bobgear.com/accessories/cybex-maxi-cosi-nuna-single-infant-car-seat-adapter-2021,BOB Single Cybex/Maxi-Cosi/Nuna adapter,January 2025,,,,,,,,,,,,UNKNOWN,NONE,,,SUSPECTED_SHARED_ATTACHMENT_PLATFORM,
cmrjwafcp0022y3w4vhh51q2w,BOB,Revolution Flex 3.0,Peg Perego,Primo Viaggio 4-35,ADAPTER,KEEP_UPDATE,HIGH,On BOB BOB Single Peg Perego adapter (S12045500) exact list for this chassis.,MANUFACTURER_EXACT_MODEL,MANUFACTURER_EXACT_MODEL,https://www.bobgear.com/accessories/single-jogging-stroller-adapter-peg-perego-infant-car-seats,BOB Single Peg Perego adapter,January 2025,ADAPTER,true,SOLD_SEPARATELY,BOB Single Peg Perego adapter,S12045500,https://www.bobgear.com/accessories/single-jogging-stroller-adapter-peg-perego-infant-car-seats,,,,,,COMPATIBLE_WITH_ADAPTER,MANUFACTURER_EXACT,,https://www.bobgear.com/accessories/single-jogging-stroller-adapter-peg-perego-infant-car-seats,NONE,
cmrjwafcq0026y3w4cr6dxjgh,BOB,Revolution Flex 3.0,Peg Perego,Primo Viaggio Lounge,ADAPTER,REMOVE,HIGH,Not on BOB's exact adapter list for Revolution Flex 3.0. Newer/again-named seat not enumerated on the current chart.,MANUFACTURER_EXACT_MODEL,MANUFACTURER_EXACT_MODEL,https://www.bobgear.com/accessories/single-jogging-stroller-adapter-peg-perego-infant-car-seats,BOB Single Peg Perego adapter,January 2025,,,,,,,,,,,,UNKNOWN,NONE,,,NONE,
cmrjwafcq0024y3w4v9f7s7ne,BOB,Revolution Flex 3.0,Peg Perego,Primo Viaggio Nido,ADAPTER,KEEP_UPDATE,HIGH,On BOB BOB Single Peg Perego adapter (S12045500) exact list for this chassis.,MANUFACTURER_EXACT_MODEL,MANUFACTURER_EXACT_MODEL,https://www.bobgear.com/accessories/single-jogging-stroller-adapter-peg-perego-infant-car-seats,BOB Single Peg Perego adapter,January 2025,ADAPTER,true,SOLD_SEPARATELY,BOB Single Peg Perego adapter,S12045500,https://www.bobgear.com/accessories/single-jogging-stroller-adapter-peg-perego-infant-car-seats,,,,,,COMPATIBLE_WITH_ADAPTER,MANUFACTURER_EXACT,,https://www.bobgear.com/accessories/single-jogging-stroller-adapter-peg-perego-infant-car-seats,NONE,
bob-revolution-flex-3__uppababy-aria-v2,BOB,Revolution Flex 3.0,UPPAbaby,Aria V2,ADAPTER,REMOVE,HIGH,Not on BOB's exact adapter list for Revolution Flex 3.0. Newer/again-named seat not enumerated on the current chart.,MANUFACTURER_EXACT_MODEL,MANUFACTURER_EXACT_MODEL,https://www.bobgear.com/accessories/uppa-baby-single-infant-car-seat-adapter-2021,BOB Single UPPAbaby adapter,January 2025,,,,,,,,,,,,UNKNOWN,NONE,,,NONE,
bob-revolution-flex-3__uppababy-mesa-v3,BOB,Revolution Flex 3.0,UPPAbaby,Mesa V3,ADAPTER,REMOVE,HIGH,Not on BOB's exact adapter list for Revolution Flex 3.0. Newer/again-named seat not enumerated on the current chart.,MANUFACTURER_EXACT_MODEL,MANUFACTURER_EXACT_MODEL,https://www.bobgear.com/accessories/uppa-baby-single-infant-car-seat-adapter-2021,BOB Single UPPAbaby adapter,January 2025,,,,,,,,,,,,UNKNOWN,NONE,,,SUSPECTED_SUCCESSOR_SAME_INTERFACE,
bob-revolution-flex-duallie-3__britax-cypress-s,BOB,Revolution Flex 3.0 Duallie,Britax,Cypress S,ADAPTER,REMOVE,HIGH,Not on BOB's exact adapter list for Revolution Flex 3.0 Duallie. BOB Duallie adapters exist only for Britax(legacy B-Safe)/Chicco/Graco — no Duallie adapter lists this seat.,MANUFACTURER_EXACT_MODEL,MANUFACTURER_EXACT_MODEL,https://www.bobgear.com/accessories/britax/bob-duallie-infant-car-seats-adapter,BOB Duallie Britax adapter (legacy B-Safe only),January 2025,,,,,,,,,,,,UNKNOWN,NONE,,,NONE,
bob-revolution-flex-duallie-3__britax-willow-s,BOB,Revolution Flex 3.0 Duallie,Britax,Willow S,ADAPTER,REMOVE,HIGH,Not on BOB's exact adapter list for Revolution Flex 3.0 Duallie. BOB Duallie adapters exist only for Britax(legacy B-Safe)/Chicco/Graco — no Duallie adapter lists this seat.,MANUFACTURER_EXACT_MODEL,MANUFACTURER_EXACT_MODEL,https://www.bobgear.com/accessories/britax/bob-duallie-infant-car-seats-adapter,BOB Duallie Britax adapter (legacy B-Safe only),January 2025,,,,,,,,,,,,UNKNOWN,NONE,,,NONE,
cmrmw9voo0001nxw1q70jryw9,BOB,Revolution Flex 3.0 Duallie,Britax,Willow SC,ADAPTER,REMOVE,HIGH,Not on BOB's exact adapter list for Revolution Flex 3.0 Duallie. BOB Duallie adapters exist only for Britax(legacy B-Safe)/Chicco/Graco — no Duallie adapter lists this seat.,MANUFACTURER_EXACT_MODEL,MANUFACTURER_EXACT_MODEL,https://www.bobgear.com/accessories/britax/bob-duallie-infant-car-seats-adapter,BOB Duallie Britax adapter (legacy B-Safe only),January 2025,,,,,,,,,,,,UNKNOWN,NONE,,,NONE,
cmrkx1ctx002u3k520a5or64n,BOB,Revolution Flex 3.0 Duallie,Chicco,KeyFit 30,ADAPTER,KEEP_UPDATE,HIGH,On BOB BOB Duallie Chicco adapter (S02984700) exact list for this chassis.,MANUFACTURER_EXACT_MODEL,MANUFACTURER_EXACT_MODEL,https://www.bobgear.com/accessories/chicco-duallie-infant-car-seats-adapter,BOB Duallie Chicco adapter,January 2025,ADAPTER,true,SOLD_SEPARATELY,BOB Duallie Chicco adapter,S02984700,https://www.bobgear.com/accessories/chicco-duallie-infant-car-seats-adapter,,,,,,COMPATIBLE_WITH_ADAPTER,MANUFACTURER_EXACT,,https://www.bobgear.com/accessories/chicco-duallie-infant-car-seats-adapter,NONE,
cmrkx1ctx002q3k52iwz7jgul,BOB,Revolution Flex 3.0 Duallie,Chicco,KeyFit 30 ClearTex,ADAPTER,KEEP_UPDATE,HIGH,On BOB BOB Duallie Chicco adapter (S02984700) exact list for this chassis.,MANUFACTURER_EXACT_MODEL,MANUFACTURER_EXACT_MODEL,https://www.bobgear.com/accessories/chicco-duallie-infant-car-seats-adapter,BOB Duallie Chicco adapter,January 2025,ADAPTER,true,SOLD_SEPARATELY,BOB Duallie Chicco adapter,S02984700,https://www.bobgear.com/accessories/chicco-duallie-infant-car-seats-adapter,,,,,,COMPATIBLE_WITH_ADAPTER,MANUFACTURER_EXACT,,https://www.bobgear.com/accessories/chicco-duallie-infant-car-seats-adapter,NONE,
cmrkx1ctx002s3k529r50tduj,BOB,Revolution Flex 3.0 Duallie,Chicco,KeyFit Max ClearTex,ADAPTER,REMOVE,HIGH,Not on BOB's exact adapter list for Revolution Flex 3.0 Duallie. BOB Duallie adapters exist only for Britax(legacy B-Safe)/Chicco/Graco — no Duallie adapter lists this seat.,MANUFACTURER_EXACT_MODEL,MANUFACTURER_EXACT_MODEL,https://www.bobgear.com/accessories/chicco-duallie-infant-car-seats-adapter,BOB Duallie Chicco adapter,January 2025,,,,,,,,,,,,UNKNOWN,NONE,,,NONE,
cmrkx1cug00323k52xbmoe6qy,BOB,Revolution Flex 3.0 Duallie,Chicco,KeyFit Max Zip ClearLux,ADAPTER,REMOVE,HIGH,Not on BOB's exact adapter list for Revolution Flex 3.0 Duallie. BOB Duallie adapters exist only for Britax(legacy B-Safe)/Chicco/Graco — no Duallie adapter lists this seat.,MANUFACTURER_EXACT_MODEL,MANUFACTURER_EXACT_MODEL,https://www.bobgear.com/accessories/chicco-duallie-infant-car-seats-adapter,BOB Duallie Chicco adapter,January 2025,,,,,,,,,,,,UNKNOWN,NONE,,,NONE,
cmrkx1cug00303k520siqriym,BOB,Revolution Flex 3.0 Duallie,Chicco,KeyFit Max Zip ClearTex,ADAPTER,REMOVE,HIGH,Not on BOB's exact adapter list for Revolution Flex 3.0 Duallie. BOB Duallie adapters exist only for Britax(legacy B-Safe)/Chicco/Graco — no Duallie adapter lists this seat.,MANUFACTURER_EXACT_MODEL,MANUFACTURER_EXACT_MODEL,https://www.bobgear.com/accessories/chicco-duallie-infant-car-seats-adapter,BOB Duallie Chicco adapter,January 2025,,,,,,,,,,,,UNKNOWN,NONE,,,NONE,
cmrkwz1ml002g3k520yg6xok0,BOB,Revolution Flex 3.0 Duallie,Graco,GoMax,ADAPTER,REMOVE,HIGH,Not on BOB's exact adapter list for Revolution Flex 3.0 Duallie. BOB Duallie adapters exist only for Britax(legacy B-Safe)/Chicco/Graco — no Duallie adapter lists this seat.,MANUFACTURER_EXACT_MODEL,MANUFACTURER_EXACT_MODEL,https://www.bobgear.com/accessories/graco-duallie-infant-car-seats-adapter,BOB Duallie Graco adapter (All SnugRide),January 2025,,,,,,,,,,,,UNKNOWN,NONE,,,NONE,
cmrkwz1mk00283k52isz2mylw,BOB,Revolution Flex 3.0 Duallie,Graco,SnugRide Lite LX,ADAPTER,KEEP_UPDATE,HIGH,"Graco snugride lite lx is a SnugRide model; BOB Graco adapter covers ""All SnugRide models"".",MANUFACTURER_EXACT_MODEL,MANUFACTURER_EXACT_MODEL,https://www.bobgear.com/accessories/graco-duallie-infant-car-seats-adapter,BOB Duallie Graco adapter (All SnugRide),January 2025,ADAPTER,true,SOLD_SEPARATELY,BOB Duallie Graco adapter (All SnugRide),S02984500,https://www.bobgear.com/accessories/graco-duallie-infant-car-seats-adapter,,,,,,COMPATIBLE_WITH_ADAPTER,MANUFACTURER_EXACT,,https://www.bobgear.com/accessories/graco-duallie-infant-car-seats-adapter,NONE,
cmrkwz1ml002b3k52clxryp5p,BOB,Revolution Flex 3.0 Duallie,Graco,SnugRide SnugFit,ADAPTER,KEEP_UPDATE,HIGH,"Graco snugride snugfit is a SnugRide model; BOB Graco adapter covers ""All SnugRide models"".",MANUFACTURER_EXACT_MODEL,MANUFACTURER_EXACT_MODEL,https://www.bobgear.com/accessories/graco-duallie-infant-car-seats-adapter,BOB Duallie Graco adapter (All SnugRide),January 2025,ADAPTER,true,SOLD_SEPARATELY,BOB Duallie Graco adapter (All SnugRide),S02984500,https://www.bobgear.com/accessories/graco-duallie-infant-car-seats-adapter,,,,,,COMPATIBLE_WITH_ADAPTER,MANUFACTURER_EXACT,,https://www.bobgear.com/accessories/graco-duallie-infant-car-seats-adapter,NONE,
cmrkwz1ml002e3k524cqzkhh8,BOB,Revolution Flex 3.0 Duallie,Graco,SnugRide SnugFit DLX,ADAPTER,KEEP_UPDATE,HIGH,"Graco snugride snugfit dlx is a SnugRide model; BOB Graco adapter covers ""All SnugRide models"".",MANUFACTURER_EXACT_MODEL,MANUFACTURER_EXACT_MODEL,https://www.bobgear.com/accessories/graco-duallie-infant-car-seats-adapter,BOB Duallie Graco adapter (All SnugRide),January 2025,ADAPTER,true,SOLD_SEPARATELY,BOB Duallie Graco adapter (All SnugRide),S02984500,https://www.bobgear.com/accessories/graco-duallie-infant-car-seats-adapter,,,,,,COMPATIBLE_WITH_ADAPTER,MANUFACTURER_EXACT,,https://www.bobgear.com/accessories/graco-duallie-infant-car-seats-adapter,NONE,
cmrkwz1ml002d3k52j60wsbdm,BOB,Revolution Flex 3.0 Duallie,Graco,SnugRide SnugFit LX,ADAPTER,KEEP_UPDATE,HIGH,"Graco snugride snugfit lx is a SnugRide model; BOB Graco adapter covers ""All SnugRide models"".",MANUFACTURER_EXACT_MODEL,MANUFACTURER_EXACT_MODEL,https://www.bobgear.com/accessories/graco-duallie-infant-car-seats-adapter,BOB Duallie Graco adapter (All SnugRide),January 2025,ADAPTER,true,SOLD_SEPARATELY,BOB Duallie Graco adapter (All SnugRide),S02984500,https://www.bobgear.com/accessories/graco-duallie-infant-car-seats-adapter,,,,,,COMPATIBLE_WITH_ADAPTER,MANUFACTURER_EXACT,,https://www.bobgear.com/accessories/graco-duallie-infant-car-seats-adapter,NONE,
cmr0r9uvk001xrvv06g9zoxqf,BOB,Revolution Flex 3.0 Duallie,Nuna,PIPA Aire,ADAPTER,REMOVE,HIGH,Not on BOB's exact adapter list for Revolution Flex 3.0 Duallie. BOB Duallie adapters exist only for Britax(legacy B-Safe)/Chicco/Graco — no Duallie adapter lists this seat.,MANUFACTURER_EXACT_MODEL,MANUFACTURER_EXACT_MODEL,https://www.bobgear.com/accessories/chicco-duallie-infant-car-seats-adapter,BOB Duallie Chicco adapter,January 2025,,,,,,,,,,,,UNKNOWN,NONE,,,NONE,
bob-revolution-flex-duallie-3__nuna-pipa-aire-rx,BOB,Revolution Flex 3.0 Duallie,Nuna,PIPA Aire rx,ADAPTER,REMOVE,HIGH,Not on BOB's exact adapter list for Revolution Flex 3.0 Duallie. BOB Duallie adapters exist only for Britax(legacy B-Safe)/Chicco/Graco — no Duallie adapter lists this seat.,MANUFACTURER_EXACT_MODEL,MANUFACTURER_EXACT_MODEL,https://www.bobgear.com/accessories/chicco-duallie-infant-car-seats-adapter,BOB Duallie Chicco adapter,January 2025,,,,,,,,,,,,UNKNOWN,NONE,,,NONE,
bob-revolution-flex-duallie-3__nuna-pipa-rx,BOB,Revolution Flex 3.0 Duallie,Nuna,PIPA RX,ADAPTER,REMOVE,HIGH,Not on BOB's exact adapter list for Revolution Flex 3.0 Duallie. BOB Duallie adapters exist only for Britax(legacy B-Safe)/Chicco/Graco — no Duallie adapter lists this seat.,MANUFACTURER_EXACT_MODEL,MANUFACTURER_EXACT_MODEL,https://www.bobgear.com/accessories/chicco-duallie-infant-car-seats-adapter,BOB Duallie Chicco adapter,January 2025,,,,,,,,,,,,UNKNOWN,NONE,,,NONE,
cmr0r9v4l001zrvv0od0ywinm,BOB,Revolution Flex 3.0 Duallie,Nuna,PIPA urbn,ADAPTER,REMOVE,HIGH,Not on BOB's exact adapter list for Revolution Flex 3.0 Duallie. BOB Duallie adapters exist only for Britax(legacy B-Safe)/Chicco/Graco — no Duallie adapter lists this seat.,MANUFACTURER_EXACT_MODEL,MANUFACTURER_EXACT_MODEL,https://www.bobgear.com/accessories/chicco-duallie-infant-car-seats-adapter,BOB Duallie Chicco adapter,January 2025,,,,,,,,,,,,UNKNOWN,NONE,,,NONE,
bob-revolution-flex-duallie-3__uppababy-aria-v2,BOB,Revolution Flex 3.0 Duallie,UPPAbaby,Aria V2,ADAPTER,REMOVE,HIGH,Not on BOB's exact adapter list for Revolution Flex 3.0 Duallie. BOB Duallie adapters exist only for Britax(legacy B-Safe)/Chicco/Graco — no Duallie adapter lists this seat.,MANUFACTURER_EXACT_MODEL,MANUFACTURER_EXACT_MODEL,https://www.bobgear.com/accessories/chicco-duallie-infant-car-seats-adapter,BOB Duallie Chicco adapter,January 2025,,,,,,,,,,,,UNKNOWN,NONE,,,NONE,
bob-revolution-flex-duallie-3__uppababy-mesa-v3,BOB,Revolution Flex 3.0 Duallie,UPPAbaby,Mesa V3,ADAPTER,REMOVE,HIGH,Not on BOB's exact adapter list for Revolution Flex 3.0 Duallie. BOB Duallie adapters exist only for Britax(legacy B-Safe)/Chicco/Graco — no Duallie adapter lists this seat.,MANUFACTURER_EXACT_MODEL,MANUFACTURER_EXACT_MODEL,https://www.bobgear.com/accessories/chicco-duallie-infant-car-seats-adapter,BOB Duallie Chicco adapter,January 2025,,,,,,,,,,,,UNKNOWN,NONE,,,NONE,
bob-wayfinder__britax-cypress-s,BOB,Wayfinder,Britax,Cypress S,ADAPTER,KEEP_UPDATE,HIGH,On BOB BOB Wayfinder adapter (Nuna/Cybex/Maxi-Cosi/Britax) (S14664700) exact list for this chassis.,MANUFACTURER_EXACT_MODEL,MANUFACTURER_EXACT_MODEL,https://www.bobgear.com/accessories/wayfinder-universal-infant-car-seat-adapter,BOB Wayfinder adapter (Nuna/Cybex/Maxi-Cosi/Britax),January 2025,ADAPTER,true,SOLD_SEPARATELY,BOB Wayfinder adapter (Nuna/Cybex/Maxi-Cosi/Britax),S14664700,https://www.bobgear.com/accessories/wayfinder-universal-infant-car-seat-adapter,,,,,,COMPATIBLE_WITH_ADAPTER,MANUFACTURER_EXACT,,https://www.bobgear.com/accessories/wayfinder-universal-infant-car-seat-adapter,NONE,
bob-wayfinder__britax-willow-s,BOB,Wayfinder,Britax,Willow S,ADAPTER,KEEP_UPDATE,HIGH,On BOB BOB Wayfinder adapter (Nuna/Cybex/Maxi-Cosi/Britax) (S14664700) exact list for this chassis.,MANUFACTURER_EXACT_MODEL,MANUFACTURER_EXACT_MODEL,https://www.bobgear.com/accessories/wayfinder-universal-infant-car-seat-adapter,BOB Wayfinder adapter (Nuna/Cybex/Maxi-Cosi/Britax),January 2025,ADAPTER,true,SOLD_SEPARATELY,BOB Wayfinder adapter (Nuna/Cybex/Maxi-Cosi/Britax),S14664700,https://www.bobgear.com/accessories/wayfinder-universal-infant-car-seat-adapter,,,,,,COMPATIBLE_WITH_ADAPTER,MANUFACTURER_EXACT,,https://www.bobgear.com/accessories/wayfinder-universal-infant-car-seat-adapter,NONE,
cmqx6t1se000314fc5yv3sc3u,BOB,Wayfinder,Britax,Willow SC,ADAPTER,KEEP_UPDATE,HIGH,On BOB BOB Wayfinder adapter (Nuna/Cybex/Maxi-Cosi/Britax) (S14664700) exact list for this chassis.,MANUFACTURER_EXACT_MODEL,MANUFACTURER_EXACT_MODEL,https://www.bobgear.com/accessories/wayfinder-universal-infant-car-seat-adapter,BOB Wayfinder adapter (Nuna/Cybex/Maxi-Cosi/Britax),January 2025,ADAPTER,true,SOLD_SEPARATELY,BOB Wayfinder adapter (Nuna/Cybex/Maxi-Cosi/Britax),S14664700,https://www.bobgear.com/accessories/wayfinder-universal-infant-car-seat-adapter,,,,,,COMPATIBLE_WITH_ADAPTER,MANUFACTURER_EXACT,,https://www.bobgear.com/accessories/wayfinder-universal-infant-car-seat-adapter,NONE,
cmrjwdrt3002uy3w4lbyj71bs,BOB,Wayfinder,Clek,Liing,ADAPTER,REMOVE,HIGH,Not on BOB's exact adapter list for Wayfinder. BOB makes no Clek adapter.,MANUFACTURER_EXACT_MODEL,MANUFACTURER_EXACT_MODEL,https://www.bobgear.com/accessories/wayfinder-universal-infant-car-seat-adapter,BOB Wayfinder adapter (Nuna/Cybex/Maxi-Cosi/Britax),January 2025,,,,,,,,,,,,UNKNOWN,NONE,,,NONE,
cmrjwdrtj0030y3w4md3dnh6b,BOB,Wayfinder,Clek,Liingo,ADAPTER,REMOVE,HIGH,Not on BOB's exact adapter list for Wayfinder. BOB makes no Clek adapter.,MANUFACTURER_EXACT_MODEL,MANUFACTURER_EXACT_MODEL,https://www.bobgear.com/accessories/wayfinder-universal-infant-car-seat-adapter,BOB Wayfinder adapter (Nuna/Cybex/Maxi-Cosi/Britax),January 2025,,,,,,,,,,,,UNKNOWN,NONE,,,NONE,
cmrjwdrt4002wy3w4ezfrd46r,BOB,Wayfinder,Cybex,Aton G2,ADAPTER,REMOVE,HIGH,Not on BOB's exact adapter list for Wayfinder. Newer/again-named seat not enumerated on the current chart.,MANUFACTURER_EXACT_MODEL,MANUFACTURER_EXACT_MODEL,https://www.bobgear.com/accessories/wayfinder-universal-infant-car-seat-adapter,BOB Wayfinder adapter (Nuna/Cybex/Maxi-Cosi/Britax),January 2025,,,,,,,,,,,,UNKNOWN,NONE,,,SUSPECTED_SUCCESSOR_SAME_INTERFACE,
cmrjwdrt3002sy3w493hrt9jm,BOB,Wayfinder,Cybex,Aton G2 Swivel,ADAPTER,REMOVE,HIGH,Not on BOB's exact adapter list for Wayfinder. Newer/again-named seat not enumerated on the current chart.,MANUFACTURER_EXACT_MODEL,MANUFACTURER_EXACT_MODEL,https://www.bobgear.com/accessories/wayfinder-universal-infant-car-seat-adapter,BOB Wayfinder adapter (Nuna/Cybex/Maxi-Cosi/Britax),January 2025,,,,,,,,,,,,UNKNOWN,NONE,,,SUSPECTED_SUCCESSOR_SAME_INTERFACE,
cmrjwdrtj0032y3w4pv2io7m5,BOB,Wayfinder,Cybex,Cloud G Pro Comfort Extend,ADAPTER,REMOVE,HIGH,Not on BOB's exact adapter list for Wayfinder. Newer/again-named seat not enumerated on the current chart.,MANUFACTURER_EXACT_MODEL,MANUFACTURER_EXACT_MODEL,https://www.bobgear.com/accessories/wayfinder-universal-infant-car-seat-adapter,BOB Wayfinder adapter (Nuna/Cybex/Maxi-Cosi/Britax),January 2025,,,,,,,,,,,,UNKNOWN,NONE,,,SUSPECTED_SHARED_ATTACHMENT_PLATFORM,
cmrjwdrtj002yy3w48lda0qd5,BOB,Wayfinder,Cybex,Cloud T,ADAPTER,REMOVE,HIGH,Not on BOB's exact adapter list for Wayfinder. Newer/again-named seat not enumerated on the current chart.,MANUFACTURER_EXACT_MODEL,MANUFACTURER_EXACT_MODEL,https://www.bobgear.com/accessories/wayfinder-universal-infant-car-seat-adapter,BOB Wayfinder adapter (Nuna/Cybex/Maxi-Cosi/Britax),January 2025,,,,,,,,,,,,UNKNOWN,NONE,,,SUSPECTED_SHARED_ATTACHMENT_PLATFORM,
cmrjwcj8z002iy3w4rudqzbf8,BOB,Wayfinder,Maxi-Cosi,Ambra,ADAPTER,REMOVE,HIGH,Not on BOB's exact adapter list for Wayfinder. Newer/again-named seat not enumerated on the current chart.,MANUFACTURER_EXACT_MODEL,MANUFACTURER_EXACT_MODEL,https://www.bobgear.com/accessories/wayfinder-universal-infant-car-seat-adapter,BOB Wayfinder adapter (Nuna/Cybex/Maxi-Cosi/Britax),January 2025,,,,,,,,,,,,UNKNOWN,NONE,,,NONE,
cmrjwcj8y002gy3w4scj1vd4h,BOB,Wayfinder,Maxi-Cosi,Mico Luxe,ADAPTER,REMOVE,HIGH,Not on BOB's exact adapter list for Wayfinder. Newer/again-named seat not enumerated on the current chart.,MANUFACTURER_EXACT_MODEL,MANUFACTURER_EXACT_MODEL,https://www.bobgear.com/accessories/wayfinder-universal-infant-car-seat-adapter,BOB Wayfinder adapter (Nuna/Cybex/Maxi-Cosi/Britax),January 2025,,,,,,,,,,,,UNKNOWN,NONE,,,SUSPECTED_SHARED_ATTACHMENT_PLATFORM,
cmrjwcj840028y3w4onrfoaiw,BOB,Wayfinder,Maxi-Cosi,Mico Pro,ADAPTER,REMOVE,HIGH,Not on BOB's exact adapter list for Wayfinder. Newer/again-named seat not enumerated on the current chart.,MANUFACTURER_EXACT_MODEL,MANUFACTURER_EXACT_MODEL,https://www.bobgear.com/accessories/wayfinder-universal-infant-car-seat-adapter,BOB Wayfinder adapter (Nuna/Cybex/Maxi-Cosi/Britax),January 2025,,,,,,,,,,,,UNKNOWN,NONE,,,SUSPECTED_SHARED_ATTACHMENT_PLATFORM,
cmrjwcj91002ky3w4469aevrm,BOB,Wayfinder,Maxi-Cosi,Peri 180,ADAPTER,REMOVE,HIGH,Not on BOB's exact adapter list for Wayfinder. Newer/again-named seat not enumerated on the current chart.,MANUFACTURER_EXACT_MODEL,MANUFACTURER_EXACT_MODEL,https://www.bobgear.com/accessories/wayfinder-universal-infant-car-seat-adapter,BOB Wayfinder adapter (Nuna/Cybex/Maxi-Cosi/Britax),January 2025,,,,,,,,,,,,UNKNOWN,NONE,,,NONE,
cmr0r9v940021rvv0wo7om23u,BOB,Wayfinder,Nuna,PIPA Aire,ADAPTER,REMOVE,HIGH,Not on BOB's exact adapter list for Wayfinder. Newer/again-named seat not enumerated on the current chart.,MANUFACTURER_EXACT_MODEL,MANUFACTURER_EXACT_MODEL,https://www.bobgear.com/accessories/wayfinder-universal-infant-car-seat-adapter,BOB Wayfinder adapter (Nuna/Cybex/Maxi-Cosi/Britax),January 2025,,,,,,,,,,,,UNKNOWN,NONE,,,SUSPECTED_SHARED_ATTACHMENT_PLATFORM,
bob-wayfinder__nuna-pipa-aire-rx,BOB,Wayfinder,Nuna,PIPA Aire rx,ADAPTER,REMOVE,HIGH,Not on BOB's exact adapter list for Wayfinder. Newer/again-named seat not enumerated on the current chart.,MANUFACTURER_EXACT_MODEL,MANUFACTURER_EXACT_MODEL,https://www.bobgear.com/accessories/wayfinder-universal-infant-car-seat-adapter,BOB Wayfinder adapter (Nuna/Cybex/Maxi-Cosi/Britax),January 2025,,,,,,,,,,,,UNKNOWN,NONE,,,SUSPECTED_SHARED_ATTACHMENT_PLATFORM,
bob-wayfinder__nuna-pipa-rx,BOB,Wayfinder,Nuna,PIPA RX,ADAPTER,REMOVE,HIGH,Not on BOB's exact adapter list for Wayfinder. Newer/again-named seat not enumerated on the current chart.,MANUFACTURER_EXACT_MODEL,MANUFACTURER_EXACT_MODEL,https://www.bobgear.com/accessories/wayfinder-universal-infant-car-seat-adapter,BOB Wayfinder adapter (Nuna/Cybex/Maxi-Cosi/Britax),January 2025,,,,,,,,,,,,UNKNOWN,NONE,,,SUSPECTED_SHARED_ATTACHMENT_PLATFORM,
cmr0r9vih0023rvv0xfplo93x,BOB,Wayfinder,Nuna,PIPA urbn,ADAPTER,REMOVE,HIGH,Not on BOB's exact adapter list for Wayfinder. Newer/again-named seat not enumerated on the current chart.,MANUFACTURER_EXACT_MODEL,MANUFACTURER_EXACT_MODEL,https://www.bobgear.com/accessories/wayfinder-universal-infant-car-seat-adapter,BOB Wayfinder adapter (Nuna/Cybex/Maxi-Cosi/Britax),January 2025,,,,,,,,,,,,UNKNOWN,NONE,,,SUSPECTED_SHARED_ATTACHMENT_PLATFORM,
thule-glide-2__maxi-cosi-mico-luxe,Thule,Glide 2,Maxi-Cosi,Mico Luxe,ADAPTER,REMOVE,HIGH,Legacy Thule Glide/Urban Glide 1&2 adapter (51100941) list; this 2023-2025 seat postdates and is not on the generation-correct chart.,LEGACY_MANUFACTURER,LEGACY_MANUFACTURER,https://www.thule.com/-/s/approved/std.lang.all/48/48/514848.pdf,Thule Glide/Urban Glide 1&2 car seat adapter (legacy),rev 3.6,,,,,51100941,https://www.thule.com/-/s/approved/std.lang.all/48/48/514848.pdf,,,,,,UNKNOWN,NONE,,,NONE,
thule-glide-2__maxi-cosi-mico-pro,Thule,Glide 2,Maxi-Cosi,Mico Pro,ADAPTER,REMOVE,HIGH,Legacy Thule Glide/Urban Glide 1&2 adapter (51100941) list; this 2023-2025 seat postdates and is not on the generation-correct chart.,LEGACY_MANUFACTURER,LEGACY_MANUFACTURER,https://www.thule.com/-/s/approved/std.lang.all/48/48/514848.pdf,Thule Glide/Urban Glide 1&2 car seat adapter (legacy),rev 3.6,,,,,51100941,https://www.thule.com/-/s/approved/std.lang.all/48/48/514848.pdf,,,,,,UNKNOWN,NONE,,,NONE,
thule-glide-2__maxi-cosi-peri,Thule,Glide 2,Maxi-Cosi,Peri 180,ADAPTER,REMOVE,HIGH,Legacy Thule Glide/Urban Glide 1&2 adapter (51100941) list; this 2023-2025 seat postdates and is not on the generation-correct chart.,LEGACY_MANUFACTURER,LEGACY_MANUFACTURER,https://www.thule.com/-/s/approved/std.lang.all/48/48/514848.pdf,Thule Glide/Urban Glide 1&2 car seat adapter (legacy),rev 3.6,,,,,51100941,https://www.thule.com/-/s/approved/std.lang.all/48/48/514848.pdf,,,,,,UNKNOWN,NONE,,,NONE,
thule-glide-2__nuna-pipa-lite-rx,Thule,Glide 2,Nuna,PIPA Aire,ADAPTER,REMOVE,HIGH,Legacy Thule Glide/Urban Glide 1&2 adapter (51100941) list; this 2023-2025 seat postdates and is not on the generation-correct chart.,LEGACY_MANUFACTURER,LEGACY_MANUFACTURER,https://www.thule.com/-/s/approved/std.lang.all/48/48/514848.pdf,Thule Glide/Urban Glide 1&2 car seat adapter (legacy),rev 3.6,,,,,51100941,https://www.thule.com/-/s/approved/std.lang.all/48/48/514848.pdf,,,,,,UNKNOWN,NONE,,,NONE,
thule-glide-2__nuna-pipa-aire-rx,Thule,Glide 2,Nuna,PIPA Aire rx,ADAPTER,REMOVE,HIGH,Legacy Thule Glide/Urban Glide 1&2 adapter (51100941) list; this 2023-2025 seat postdates and is not on the generation-correct chart.,LEGACY_MANUFACTURER,LEGACY_MANUFACTURER,https://www.thule.com/-/s/approved/std.lang.all/48/48/514848.pdf,Thule Glide/Urban Glide 1&2 car seat adapter (legacy),rev 3.6,,,,,51100941,https://www.thule.com/-/s/approved/std.lang.all/48/48/514848.pdf,,,,,,UNKNOWN,NONE,,,NONE,
thule-glide-2__nuna-pipa-rx,Thule,Glide 2,Nuna,PIPA RX,ADAPTER,REMOVE,HIGH,Legacy Thule Glide/Urban Glide 1&2 adapter (51100941) list; this 2023-2025 seat postdates and is not on the generation-correct chart.,LEGACY_MANUFACTURER,LEGACY_MANUFACTURER,https://www.thule.com/-/s/approved/std.lang.all/48/48/514848.pdf,Thule Glide/Urban Glide 1&2 car seat adapter (legacy),rev 3.6,,,,,51100941,https://www.thule.com/-/s/approved/std.lang.all/48/48/514848.pdf,,,,,,UNKNOWN,NONE,,,NONE,
thule-glide-2__nuna-pipa-urbn,Thule,Glide 2,Nuna,PIPA urbn,ADAPTER,REMOVE,HIGH,Legacy Thule Glide/Urban Glide 1&2 adapter (51100941) list; this 2023-2025 seat postdates and is not on the generation-correct chart.,LEGACY_MANUFACTURER,LEGACY_MANUFACTURER,https://www.thule.com/-/s/approved/std.lang.all/48/48/514848.pdf,Thule Glide/Urban Glide 1&2 car seat adapter (legacy),rev 3.6,,,,,51100941,https://www.thule.com/-/s/approved/std.lang.all/48/48/514848.pdf,,,,,,UNKNOWN,NONE,,,NONE,
thule-glide-2__uppababy-aria-v2,Thule,Glide 2,UPPAbaby,Aria V2,ADAPTER,REMOVE,HIGH,Legacy Thule Glide/Urban Glide 1&2 adapter (51100941) list; this 2023-2025 seat postdates and is not on the generation-correct chart.,LEGACY_MANUFACTURER,LEGACY_MANUFACTURER,https://www.thule.com/-/s/approved/std.lang.all/48/48/514848.pdf,Thule Glide/Urban Glide 1&2 car seat adapter (legacy),rev 3.6,,,,,51100941,https://www.thule.com/-/s/approved/std.lang.all/48/48/514848.pdf,,,,,,UNKNOWN,NONE,,,NONE,
thule-glide-2__uppababy-mesa-v3,Thule,Glide 2,UPPAbaby,Mesa V3,ADAPTER,REMOVE,HIGH,Legacy Thule Glide/Urban Glide 1&2 adapter (51100941) list; this 2023-2025 seat postdates and is not on the generation-correct chart.,LEGACY_MANUFACTURER,LEGACY_MANUFACTURER,https://www.thule.com/-/s/approved/std.lang.all/48/48/514848.pdf,Thule Glide/Urban Glide 1&2 car seat adapter (legacy),rev 3.6,,,,,51100941,https://www.thule.com/-/s/approved/std.lang.all/48/48/514848.pdf,,,,,,UNKNOWN,NONE,,,NONE,
cms94su7e008gi76bl1f4iw1t,Thule,Shine,Chicco,KeyFit 30,ADAPTER,KEEP_UPDATE,HIGH,On Thule Thule Shine car seat adapter – Chicco (11400503) current exact fit list for this chassis.,MANUFACTURER_EXACT_MODEL,MANUFACTURER_EXACT_MODEL,https://www.thule.com/en-us/strollers/strollers-accessories/thule-shine-car-seat-adapter-chicco-_-11400503,Thule Shine car seat adapter – Chicco,2023,ADAPTER,true,SOLD_SEPARATELY,Thule Shine car seat adapter – Chicco,11400503,https://www.thule.com/en-us/strollers/strollers-accessories/thule-shine-car-seat-adapter-chicco-_-11400503,,,,,,COMPATIBLE_WITH_ADAPTER,MANUFACTURER_EXACT,,https://www.thule.com/en-us/strollers/strollers-accessories/thule-shine-car-seat-adapter-chicco-_-11400503,NONE,
cms94su7e008ii76brttdh9az,Thule,Shine,Chicco,KeyFit 30 ClearTex,ADAPTER,KEEP_UPDATE,HIGH,On Thule Thule Shine car seat adapter – Chicco (11400503) current exact fit list for this chassis.,MANUFACTURER_EXACT_MODEL,MANUFACTURER_EXACT_MODEL,https://www.thule.com/en-us/strollers/strollers-accessories/thule-shine-car-seat-adapter-chicco-_-11400503,Thule Shine car seat adapter – Chicco,2023,ADAPTER,true,SOLD_SEPARATELY,Thule Shine car seat adapter – Chicco,11400503,https://www.thule.com/en-us/strollers/strollers-accessories/thule-shine-car-seat-adapter-chicco-_-11400503,,,,,,COMPATIBLE_WITH_ADAPTER,MANUFACTURER_EXACT,,https://www.thule.com/en-us/strollers/strollers-accessories/thule-shine-car-seat-adapter-chicco-_-11400503,NONE,
cms94su7e008li76bz0ld8msa,Thule,Shine,Chicco,KeyFit Max ClearTex,ADAPTER,REMOVE,HIGH,Not on Thule's current exact fit list for Shine (adapter 11400502).,MANUFACTURER_EXACT_MODEL,MANUFACTURER_EXACT_MODEL,https://www.thule.com/-/s/approved/std.lang.all/51/50/1205150.pdf,Thule Shine car seat adapter – Maxi-Cosi,2023,,,,,11400502,https://www.thule.com/-/s/approved/std.lang.all/51/50/1205150.pdf,,,,,,UNKNOWN,NONE,,,NONE,
cms94su7e008ji76b5gtercdp,Thule,Shine,Chicco,KeyFit Max Zip ClearLux,ADAPTER,REMOVE,HIGH,Not on Thule's current exact fit list for Shine (adapter 11400502).,MANUFACTURER_EXACT_MODEL,MANUFACTURER_EXACT_MODEL,https://www.thule.com/-/s/approved/std.lang.all/51/50/1205150.pdf,Thule Shine car seat adapter – Maxi-Cosi,2023,,,,,11400502,https://www.thule.com/-/s/approved/std.lang.all/51/50/1205150.pdf,,,,,,UNKNOWN,NONE,,,NONE,
cms94su7e008ki76btr60btno,Thule,Shine,Chicco,KeyFit Max Zip ClearTex,ADAPTER,REMOVE,HIGH,Not on Thule's current exact fit list for Shine (adapter 11400502).,MANUFACTURER_EXACT_MODEL,MANUFACTURER_EXACT_MODEL,https://www.thule.com/-/s/approved/std.lang.all/51/50/1205150.pdf,Thule Shine car seat adapter – Maxi-Cosi,2023,,,,,11400502,https://www.thule.com/-/s/approved/std.lang.all/51/50/1205150.pdf,,,,,,UNKNOWN,NONE,,,NONE,
cms94r0w80085i76blh6as5oo,Thule,Shine,Clek,Liing,ADAPTER,KEEP_UPDATE,HIGH,On Thule Thule Shine car seat adapter – Maxi-Cosi (11400502) current exact fit list for this chassis.,MANUFACTURER_EXACT_MODEL,MANUFACTURER_EXACT_MODEL,https://www.thule.com/-/s/approved/std.lang.all/51/50/1205150.pdf,Thule Shine car seat adapter – Maxi-Cosi,2023,ADAPTER,true,SOLD_SEPARATELY,Thule Shine car seat adapter – Maxi-Cosi,11400502,https://www.thule.com/-/s/approved/std.lang.all/51/50/1205150.pdf,,,,,,COMPATIBLE_WITH_ADAPTER,MANUFACTURER_EXACT,,https://www.thule.com/-/s/approved/std.lang.all/51/50/1205150.pdf,NONE,
cms94r0w70081i76byiyu4of5,Thule,Shine,Clek,Liingo,ADAPTER,KEEP_UPDATE,HIGH,On Thule Thule Shine car seat adapter – Maxi-Cosi (11400502) current exact fit list for this chassis.,MANUFACTURER_EXACT_MODEL,MANUFACTURER_EXACT_MODEL,https://www.thule.com/-/s/approved/std.lang.all/51/50/1205150.pdf,Thule Shine car seat adapter – Maxi-Cosi,2023,ADAPTER,true,SOLD_SEPARATELY,Thule Shine car seat adapter – Maxi-Cosi,11400502,https://www.thule.com/-/s/approved/std.lang.all/51/50/1205150.pdf,,,,,,COMPATIBLE_WITH_ADAPTER,MANUFACTURER_EXACT,,https://www.thule.com/-/s/approved/std.lang.all/51/50/1205150.pdf,NONE,
cms94r0wp008bi76bdmkiuh3f,Thule,Shine,Cybex,Aton G2,ADAPTER,REMOVE,HIGH,Not on Thule's current exact fit list for Shine (adapter 11400502).,MANUFACTURER_EXACT_MODEL,MANUFACTURER_EXACT_MODEL,https://www.thule.com/-/s/approved/std.lang.all/51/50/1205150.pdf,Thule Shine car seat adapter – Maxi-Cosi,2023,,,,,11400502,https://www.thule.com/-/s/approved/std.lang.all/51/50/1205150.pdf,,,,,,UNKNOWN,NONE,,,SUSPECTED_SUCCESSOR_SAME_INTERFACE,
cms94r0w80083i76bviniba0o,Thule,Shine,Cybex,Aton G2 Swivel,ADAPTER,REMOVE,HIGH,Not on Thule's current exact fit list for Shine (adapter 11400502).,MANUFACTURER_EXACT_MODEL,MANUFACTURER_EXACT_MODEL,https://www.thule.com/-/s/approved/std.lang.all/51/50/1205150.pdf,Thule Shine car seat adapter – Maxi-Cosi,2023,,,,,11400502,https://www.thule.com/-/s/approved/std.lang.all/51/50/1205150.pdf,,,,,,UNKNOWN,NONE,,,SUSPECTED_SUCCESSOR_SAME_INTERFACE,
cms94r0wb0089i76bc4261fcl,Thule,Shine,Cybex,Cloud G Pro Comfort Extend,ADAPTER,REMOVE,HIGH,Not on Thule's current exact fit list for Shine (adapter 11400502).,MANUFACTURER_EXACT_MODEL,MANUFACTURER_EXACT_MODEL,https://www.thule.com/-/s/approved/std.lang.all/51/50/1205150.pdf,Thule Shine car seat adapter – Maxi-Cosi,2023,,,,,11400502,https://www.thule.com/-/s/approved/std.lang.all/51/50/1205150.pdf,,,,,,UNKNOWN,NONE,,,SUSPECTED_SHARED_ATTACHMENT_PLATFORM,
cms94r0w80087i76bxkjh3pof,Thule,Shine,Cybex,Cloud T,ADAPTER,REMOVE,HIGH,Not on Thule's current exact fit list for Shine (adapter 11400502).,MANUFACTURER_EXACT_MODEL,MANUFACTURER_EXACT_MODEL,https://www.thule.com/-/s/approved/std.lang.all/51/50/1205150.pdf,Thule Shine car seat adapter – Maxi-Cosi,2023,,,,,11400502,https://www.thule.com/-/s/approved/std.lang.all/51/50/1205150.pdf,,,,,,UNKNOWN,NONE,,,SUSPECTED_SHARED_ATTACHMENT_PLATFORM,
cms94q13o007ji76b1brh2vk9,Thule,Shine,Maxi-Cosi,Ambra,ADAPTER,REMOVE,HIGH,Not on Thule's current exact fit list for Shine (adapter 11400502).,MANUFACTURER_EXACT_MODEL,MANUFACTURER_EXACT_MODEL,https://www.thule.com/-/s/approved/std.lang.all/51/50/1205150.pdf,Thule Shine car seat adapter – Maxi-Cosi,2023,,,,,11400502,https://www.thule.com/-/s/approved/std.lang.all/51/50/1205150.pdf,,,,,,UNKNOWN,NONE,,,NONE,
cms94q13p007li76bzqtqsc3c,Thule,Shine,Maxi-Cosi,Mico Luxe,ADAPTER,REMOVE,HIGH,Not on Thule's current exact fit list for Shine (adapter 11400502).,MANUFACTURER_EXACT_MODEL,MANUFACTURER_EXACT_MODEL,https://www.thule.com/-/s/approved/std.lang.all/51/50/1205150.pdf,Thule Shine car seat adapter – Maxi-Cosi,2023,,,,,11400502,https://www.thule.com/-/s/approved/std.lang.all/51/50/1205150.pdf,,,,,,UNKNOWN,NONE,,,SUSPECTED_SHARED_ATTACHMENT_PLATFORM,
cms94q171007zi76b01u709ct,Thule,Shine,Maxi-Cosi,Mico Pro,ADAPTER,REMOVE,HIGH,Not on Thule's current exact fit list for Shine (adapter 11400502).,MANUFACTURER_EXACT_MODEL,MANUFACTURER_EXACT_MODEL,https://www.thule.com/-/s/approved/std.lang.all/51/50/1205150.pdf,Thule Shine car seat adapter – Maxi-Cosi,2023,,,,,11400502,https://www.thule.com/-/s/approved/std.lang.all/51/50/1205150.pdf,,,,,,UNKNOWN,NONE,,,SUSPECTED_SHARED_ATTACHMENT_PLATFORM,
cms94q13q007pi76bnv9dk212,Thule,Shine,Maxi-Cosi,Mico XP,ADAPTER,REMOVE,HIGH,Not on Thule's current exact fit list for Shine (adapter 11400502).,MANUFACTURER_EXACT_MODEL,MANUFACTURER_EXACT_MODEL,https://www.thule.com/-/s/approved/std.lang.all/51/50/1205150.pdf,Thule Shine car seat adapter – Maxi-Cosi,2023,,,,,11400502,https://www.thule.com/-/s/approved/std.lang.all/51/50/1205150.pdf,,,,,,UNKNOWN,NONE,,,SUSPECTED_SHARED_ATTACHMENT_PLATFORM,
cms94q13r007ri76bnzjowwiu,Thule,Shine,Maxi-Cosi,Peri 180,ADAPTER,REMOVE,HIGH,Not on Thule's current exact fit list for Shine (adapter 11400502).,MANUFACTURER_EXACT_MODEL,MANUFACTURER_EXACT_MODEL,https://www.thule.com/-/s/approved/std.lang.all/51/50/1205150.pdf,Thule Shine car seat adapter – Maxi-Cosi,2023,,,,,11400502,https://www.thule.com/-/s/approved/std.lang.all/51/50/1205150.pdf,,,,,,UNKNOWN,NONE,,,NONE,
cmr1eu3el0009ab5gae25ss1h,Thule,Shine,Nuna,PIPA Aire,ADAPTER,REMOVE,HIGH,Not on Thule's current exact fit list for Shine (adapter 11400502).,MANUFACTURER_EXACT_MODEL,MANUFACTURER_EXACT_MODEL,https://www.thule.com/-/s/approved/std.lang.all/51/50/1205150.pdf,Thule Shine car seat adapter – Maxi-Cosi,2023,,,,,11400502,https://www.thule.com/-/s/approved/std.lang.all/51/50/1205150.pdf,,,,,,SHOULD_WORK_UNVERIFIED,MANUFACTURER_PLATFORM_GROUP,Nuna PIPA RX,https://nunababy.com/usa/pipa-car-seat-adapter-for-uppababy-vista-cruz,SUSPECTED_SHARED_ATTACHMENT_PLATFORM,cmr1eu3py000dab5guf7fmm9d
cmr1eu3ka000bab5gq51keve8,Thule,Shine,Nuna,PIPA Aire rx,ADAPTER,REMOVE,HIGH,Not on Thule's current exact fit list for Shine (adapter 11400502).,MANUFACTURER_EXACT_MODEL,MANUFACTURER_EXACT_MODEL,https://www.thule.com/-/s/approved/std.lang.all/51/50/1205150.pdf,Thule Shine car seat adapter – Maxi-Cosi,2023,,,,,11400502,https://www.thule.com/-/s/approved/std.lang.all/51/50/1205150.pdf,,,,,,SHOULD_WORK_UNVERIFIED,MANUFACTURER_PLATFORM_GROUP,Nuna PIPA RX,https://nunababy.com/usa/pipa-car-seat-adapter-for-uppababy-vista-cruz,SUSPECTED_SHARED_ATTACHMENT_PLATFORM,cmr1eu3py000dab5guf7fmm9d
cmr1eu3py000dab5guf7fmm9d,Thule,Shine,Nuna,PIPA RX,ADAPTER,KEEP_UPDATE,HIGH,On Thule Thule Shine car seat adapter – Maxi-Cosi (11400502) current exact fit list for this chassis.,MANUFACTURER_EXACT_MODEL,MANUFACTURER_EXACT_MODEL,https://www.thule.com/-/s/approved/std.lang.all/51/50/1205150.pdf,Thule Shine car seat adapter – Maxi-Cosi,2023,ADAPTER,true,SOLD_SEPARATELY,Thule Shine car seat adapter – Maxi-Cosi,11400502,https://www.thule.com/-/s/approved/std.lang.all/51/50/1205150.pdf,,,,,,COMPATIBLE_WITH_ADAPTER,MANUFACTURER_EXACT,,https://www.thule.com/-/s/approved/std.lang.all/51/50/1205150.pdf,NONE,
cmr1eu3vj000fab5gfnv7cuwv,Thule,Shine,Nuna,PIPA urbn,ADAPTER,REMOVE,HIGH,Not on Thule's current exact fit list for Shine (adapter 11400502).,MANUFACTURER_EXACT_MODEL,MANUFACTURER_EXACT_MODEL,https://www.thule.com/-/s/approved/std.lang.all/51/50/1205150.pdf,Thule Shine car seat adapter – Maxi-Cosi,2023,,,,,11400502,https://www.thule.com/-/s/approved/std.lang.all/51/50/1205150.pdf,,,,,,SHOULD_WORK_UNVERIFIED,MANUFACTURER_PLATFORM_GROUP,Nuna PIPA RX,https://nunababy.com/usa/pipa-urbn,SUSPECTED_SHARED_ATTACHMENT_PLATFORM,cmr1eu3py000dab5guf7fmm9d
cmqx4rflr004z70o00jbzswc0,Thule,Sleek,Maxi-Cosi,Ambra,ADAPTER,REMOVE,HIGH,Not on Thule's current exact fit list for Sleek (adapter 11000300).,MANUFACTURER_EXACT_MODEL,MANUFACTURER_EXACT_MODEL,https://www.thule.com/-/s/approved/std.lang.all/30/95/643095.pdf,Thule Sleek car seat adapter – Maxi-Cosi,rev 4.3,,,,,11000300,https://www.thule.com/-/s/approved/std.lang.all/30/95/643095.pdf,,,single; 2nd seat needs Sleek Adapter Kit,,,UNKNOWN,NONE,,,NONE,
thule-sleek__maxi-cosi-mico-luxe,Thule,Sleek,Maxi-Cosi,Mico Luxe,ADAPTER,REMOVE,HIGH,Not on Thule's current exact fit list for Sleek (adapter 11000300).,MANUFACTURER_EXACT_MODEL,MANUFACTURER_EXACT_MODEL,https://www.thule.com/-/s/approved/std.lang.all/30/95/643095.pdf,Thule Sleek car seat adapter – Maxi-Cosi,rev 4.3,,,,,11000300,https://www.thule.com/-/s/approved/std.lang.all/30/95/643095.pdf,,,single; 2nd seat needs Sleek Adapter Kit,,,UNKNOWN,NONE,,,SUSPECTED_SHARED_ATTACHMENT_PLATFORM,
thule-sleek__maxi-cosi-mico-pro,Thule,Sleek,Maxi-Cosi,Mico Pro,ADAPTER,REMOVE,HIGH,Not on Thule's current exact fit list for Sleek (adapter 11000300).,MANUFACTURER_EXACT_MODEL,MANUFACTURER_EXACT_MODEL,https://www.thule.com/-/s/approved/std.lang.all/30/95/643095.pdf,Thule Sleek car seat adapter – Maxi-Cosi,rev 4.3,,,,,11000300,https://www.thule.com/-/s/approved/std.lang.all/30/95/643095.pdf,,,single; 2nd seat needs Sleek Adapter Kit,,,UNKNOWN,NONE,,,SUSPECTED_SHARED_ATTACHMENT_PLATFORM,
thule-sleek__maxi-cosi-peri,Thule,Sleek,Maxi-Cosi,Peri 180,ADAPTER,REMOVE,HIGH,Not on Thule's current exact fit list for Sleek (adapter 11000300).,MANUFACTURER_EXACT_MODEL,MANUFACTURER_EXACT_MODEL,https://www.thule.com/-/s/approved/std.lang.all/30/95/643095.pdf,Thule Sleek car seat adapter – Maxi-Cosi,rev 4.3,,,,,11000300,https://www.thule.com/-/s/approved/std.lang.all/30/95/643095.pdf,,,single; 2nd seat needs Sleek Adapter Kit,,,UNKNOWN,NONE,,,NONE,
thule-sleek__nuna-pipa-lite-rx,Thule,Sleek,Nuna,PIPA Aire,ADAPTER,REMOVE,HIGH,Not on Thule's current exact fit list for Sleek (adapter 11000300).,MANUFACTURER_EXACT_MODEL,MANUFACTURER_EXACT_MODEL,https://www.thule.com/-/s/approved/std.lang.all/30/95/643095.pdf,Thule Sleek car seat adapter – Maxi-Cosi,rev 4.3,,,,,11000300,https://www.thule.com/-/s/approved/std.lang.all/30/95/643095.pdf,,,single; 2nd seat needs Sleek Adapter Kit,,,UNKNOWN,NONE,,,SUSPECTED_SHARED_ATTACHMENT_PLATFORM,
thule-sleek__nuna-pipa-aire-rx,Thule,Sleek,Nuna,PIPA Aire rx,ADAPTER,REMOVE,HIGH,Not on Thule's current exact fit list for Sleek (adapter 11000300).,MANUFACTURER_EXACT_MODEL,MANUFACTURER_EXACT_MODEL,https://www.thule.com/-/s/approved/std.lang.all/30/95/643095.pdf,Thule Sleek car seat adapter – Maxi-Cosi,rev 4.3,,,,,11000300,https://www.thule.com/-/s/approved/std.lang.all/30/95/643095.pdf,,,single; 2nd seat needs Sleek Adapter Kit,,,UNKNOWN,NONE,,,SUSPECTED_SHARED_ATTACHMENT_PLATFORM,
thule-sleek__nuna-pipa-rx,Thule,Sleek,Nuna,PIPA RX,ADAPTER,REMOVE,HIGH,Not on Thule's current exact fit list for Sleek (adapter 11000300).,MANUFACTURER_EXACT_MODEL,MANUFACTURER_EXACT_MODEL,https://www.thule.com/-/s/approved/std.lang.all/30/95/643095.pdf,Thule Sleek car seat adapter – Maxi-Cosi,rev 4.3,,,,,11000300,https://www.thule.com/-/s/approved/std.lang.all/30/95/643095.pdf,,,single; 2nd seat needs Sleek Adapter Kit,,,UNKNOWN,NONE,,,SUSPECTED_SHARED_ATTACHMENT_PLATFORM,
thule-sleek__nuna-pipa-urbn,Thule,Sleek,Nuna,PIPA urbn,ADAPTER,REMOVE,HIGH,Not on Thule's current exact fit list for Sleek (adapter 11000300).,MANUFACTURER_EXACT_MODEL,MANUFACTURER_EXACT_MODEL,https://www.thule.com/-/s/approved/std.lang.all/30/95/643095.pdf,Thule Sleek car seat adapter – Maxi-Cosi,rev 4.3,,,,,11000300,https://www.thule.com/-/s/approved/std.lang.all/30/95/643095.pdf,,,single; 2nd seat needs Sleek Adapter Kit,,,UNKNOWN,NONE,,,SUSPECTED_SHARED_ATTACHMENT_PLATFORM,
thule-sleek__uppababy-aria,Thule,Sleek,UPPAbaby,Aria,ADAPTER,REMOVE,HIGH,Not on Thule's current exact fit list for Sleek (adapter 11000300).,MANUFACTURER_EXACT_MODEL,MANUFACTURER_EXACT_MODEL,https://www.thule.com/-/s/approved/std.lang.all/30/95/643095.pdf,Thule Sleek car seat adapter – Maxi-Cosi,rev 4.3,,,,,11000300,https://www.thule.com/-/s/approved/std.lang.all/30/95/643095.pdf,,,single; 2nd seat needs Sleek Adapter Kit,,,UNKNOWN,NONE,,,NONE,
thule-sleek__uppababy-aria-v2,Thule,Sleek,UPPAbaby,Aria V2,ADAPTER,REMOVE,HIGH,Not on Thule's current exact fit list for Sleek (adapter 11000300).,MANUFACTURER_EXACT_MODEL,MANUFACTURER_EXACT_MODEL,https://www.thule.com/-/s/approved/std.lang.all/30/95/643095.pdf,Thule Sleek car seat adapter – Maxi-Cosi,rev 4.3,,,,,11000300,https://www.thule.com/-/s/approved/std.lang.all/30/95/643095.pdf,,,single; 2nd seat needs Sleek Adapter Kit,,,UNKNOWN,NONE,,,NONE,
thule-sleek__uppababy-mesa-v3,Thule,Sleek,UPPAbaby,Mesa V3,ADAPTER,REMOVE,HIGH,Not on Thule's current exact fit list for Sleek (adapter 11000300).,MANUFACTURER_EXACT_MODEL,MANUFACTURER_EXACT_MODEL,https://www.thule.com/-/s/approved/std.lang.all/30/95/643095.pdf,Thule Sleek car seat adapter – Maxi-Cosi,rev 4.3,,,,,11000300,https://www.thule.com/-/s/approved/std.lang.all/30/95/643095.pdf,,,single; 2nd seat needs Sleek Adapter Kit,,,UNKNOWN,NONE,,,NONE,
cms9521j6009pi76bi1y5b7cv,Thule,Spring 2,Chicco,KeyFit 30,ADAPTER,KEEP_UPDATE,HIGH,On Thule Thule Spring car seat adapter – Chicco (11300411) current exact fit list for this chassis.,MANUFACTURER_EXACT_MODEL,MANUFACTURER_EXACT_MODEL,https://www.thule.com/en-us/strollers/strollers-accessories/thule-spring-car-seat-adapter-chicco-_-11300411,Thule Spring car seat adapter – Chicco,rev,ADAPTER,true,SOLD_SEPARATELY,Thule Spring car seat adapter – Chicco,11300411,https://www.thule.com/en-us/strollers/strollers-accessories/thule-spring-car-seat-adapter-chicco-_-11300411,,,,,,COMPATIBLE_WITH_ADAPTER,MANUFACTURER_EXACT,,https://www.thule.com/en-us/strollers/strollers-accessories/thule-spring-car-seat-adapter-chicco-_-11300411,NONE,
cms9521j6009ri76b01klzb9h,Thule,Spring 2,Chicco,KeyFit 30 ClearTex,ADAPTER,KEEP_UPDATE,HIGH,On Thule Thule Spring car seat adapter – Chicco (11300411) current exact fit list for this chassis.,MANUFACTURER_EXACT_MODEL,MANUFACTURER_EXACT_MODEL,https://www.thule.com/en-us/strollers/strollers-accessories/thule-spring-car-seat-adapter-chicco-_-11300411,Thule Spring car seat adapter – Chicco,rev,ADAPTER,true,SOLD_SEPARATELY,Thule Spring car seat adapter – Chicco,11300411,https://www.thule.com/en-us/strollers/strollers-accessories/thule-spring-car-seat-adapter-chicco-_-11300411,,,,,,COMPATIBLE_WITH_ADAPTER,MANUFACTURER_EXACT,,https://www.thule.com/en-us/strollers/strollers-accessories/thule-spring-car-seat-adapter-chicco-_-11300411,NONE,
cms9521j6009qi76bvldd1pk5,Thule,Spring 2,Chicco,KeyFit Max ClearTex,ADAPTER,REMOVE,HIGH,Not on Thule's current exact fit list for Spring 2 (adapter 11300410).,MANUFACTURER_EXACT_MODEL,MANUFACTURER_EXACT_MODEL,https://www.thule.com/-/s/approved/std.lang.all/38/59/783859.pdf,Thule Spring car seat adapter – Maxi-Cosi,rev 3.1,,,,,11300410,https://www.thule.com/-/s/approved/std.lang.all/38/59/783859.pdf,,,,,,UNKNOWN,NONE,,,NONE,
cms9521j6009ni76b9qcqj16f,Thule,Spring 2,Chicco,KeyFit Max Zip ClearLux,ADAPTER,REMOVE,HIGH,Not on Thule's current exact fit list for Spring 2 (adapter 11300410).,MANUFACTURER_EXACT_MODEL,MANUFACTURER_EXACT_MODEL,https://www.thule.com/-/s/approved/std.lang.all/38/59/783859.pdf,Thule Spring car seat adapter – Maxi-Cosi,rev 3.1,,,,,11300410,https://www.thule.com/-/s/approved/std.lang.all/38/59/783859.pdf,,,,,,UNKNOWN,NONE,,,NONE,
cms9521j9009ti76b3akum117,Thule,Spring 2,Chicco,KeyFit Max Zip ClearTex,ADAPTER,REMOVE,HIGH,Not on Thule's current exact fit list for Spring 2 (adapter 11300410).,MANUFACTURER_EXACT_MODEL,MANUFACTURER_EXACT_MODEL,https://www.thule.com/-/s/approved/std.lang.all/38/59/783859.pdf,Thule Spring car seat adapter – Maxi-Cosi,rev 3.1,,,,,11300410,https://www.thule.com/-/s/approved/std.lang.all/38/59/783859.pdf,,,,,,UNKNOWN,NONE,,,NONE,
cms950c77009ei76bvb8nnisu,Thule,Spring 2,Clek,Liing,ADAPTER,REMOVE,HIGH,Not on Thule's current exact fit list for Spring 2 (adapter 11300410).,MANUFACTURER_EXACT_MODEL,MANUFACTURER_EXACT_MODEL,https://www.thule.com/-/s/approved/std.lang.all/38/59/783859.pdf,Thule Spring car seat adapter – Maxi-Cosi,rev 3.1,,,,,11300410,https://www.thule.com/-/s/approved/std.lang.all/38/59/783859.pdf,,,,,,UNKNOWN,NONE,,,NONE,
cms950c77009hi76bwx6h0oyo,Thule,Spring 2,Clek,Liingo,ADAPTER,REMOVE,HIGH,Not on Thule's current exact fit list for Spring 2 (adapter 11300410).,MANUFACTURER_EXACT_MODEL,MANUFACTURER_EXACT_MODEL,https://www.thule.com/-/s/approved/std.lang.all/38/59/783859.pdf,Thule Spring car seat adapter – Maxi-Cosi,rev 3.1,,,,,11300410,https://www.thule.com/-/s/approved/std.lang.all/38/59/783859.pdf,,,,,,UNKNOWN,NONE,,,NONE,
cms950c77009fi76bxkjwt0ef,Thule,Spring 2,Cybex,Aton G2,ADAPTER,REMOVE,HIGH,Not on Thule's current exact fit list for Spring 2 (adapter 11300410).,MANUFACTURER_EXACT_MODEL,MANUFACTURER_EXACT_MODEL,https://www.thule.com/-/s/approved/std.lang.all/38/59/783859.pdf,Thule Spring car seat adapter – Maxi-Cosi,rev 3.1,,,,,11300410,https://www.thule.com/-/s/approved/std.lang.all/38/59/783859.pdf,,,,,,UNKNOWN,NONE,,,SUSPECTED_SUCCESSOR_SAME_INTERFACE,
cms950c7o009ji76bqwh09ouz,Thule,Spring 2,Cybex,Aton G2 Swivel,ADAPTER,REMOVE,HIGH,Not on Thule's current exact fit list for Spring 2 (adapter 11300410).,MANUFACTURER_EXACT_MODEL,MANUFACTURER_EXACT_MODEL,https://www.thule.com/-/s/approved/std.lang.all/38/59/783859.pdf,Thule Spring car seat adapter – Maxi-Cosi,rev 3.1,,,,,11300410,https://www.thule.com/-/s/approved/std.lang.all/38/59/783859.pdf,,,,,,UNKNOWN,NONE,,,SUSPECTED_SUCCESSOR_SAME_INTERFACE,
cms950c77009gi76bjy5myo6e,Thule,Spring 2,Cybex,Cloud G Pro Comfort Extend,ADAPTER,REMOVE,HIGH,Not on Thule's current exact fit list for Spring 2 (adapter 11300410).,MANUFACTURER_EXACT_MODEL,MANUFACTURER_EXACT_MODEL,https://www.thule.com/-/s/approved/std.lang.all/38/59/783859.pdf,Thule Spring car seat adapter – Maxi-Cosi,rev 3.1,,,,,11300410,https://www.thule.com/-/s/approved/std.lang.all/38/59/783859.pdf,,,,,,UNKNOWN,NONE,,,SUSPECTED_SHARED_ATTACHMENT_PLATFORM,
cms950c77009di76bjdt8cdky,Thule,Spring 2,Cybex,Cloud T,ADAPTER,REMOVE,HIGH,Not on Thule's current exact fit list for Spring 2 (adapter 11300410).,MANUFACTURER_EXACT_MODEL,MANUFACTURER_EXACT_MODEL,https://www.thule.com/-/s/approved/std.lang.all/38/59/783859.pdf,Thule Spring car seat adapter – Maxi-Cosi,rev 3.1,,,,,11300410,https://www.thule.com/-/s/approved/std.lang.all/38/59/783859.pdf,,,,,,UNKNOWN,NONE,,,SUSPECTED_SHARED_ATTACHMENT_PLATFORM,
cms94zasx008vi76b5tkwlqal,Thule,Spring 2,Maxi-Cosi,Ambra,ADAPTER,REMOVE,HIGH,Not on Thule's current exact fit list for Spring 2 (adapter 11300410).,MANUFACTURER_EXACT_MODEL,MANUFACTURER_EXACT_MODEL,https://www.thule.com/-/s/approved/std.lang.all/38/59/783859.pdf,Thule Spring car seat adapter – Maxi-Cosi,rev 3.1,,,,,11300410,https://www.thule.com/-/s/approved/std.lang.all/38/59/783859.pdf,,,,,,UNKNOWN,NONE,,,NONE,
cms94zat5008xi76bby1a97bs,Thule,Spring 2,Maxi-Cosi,Mico Luxe,ADAPTER,REMOVE,HIGH,Not on Thule's current exact fit list for Spring 2 (adapter 11300410).,MANUFACTURER_EXACT_MODEL,MANUFACTURER_EXACT_MODEL,https://www.thule.com/-/s/approved/std.lang.all/38/59/783859.pdf,Thule Spring car seat adapter – Maxi-Cosi,rev 3.1,,,,,11300410,https://www.thule.com/-/s/approved/std.lang.all/38/59/783859.pdf,,,,,,UNKNOWN,NONE,,,SUSPECTED_SHARED_ATTACHMENT_PLATFORM,
cms94zatc0093i76b2binf5tk,Thule,Spring 2,Maxi-Cosi,Mico Pro,ADAPTER,REMOVE,HIGH,Not on Thule's current exact fit list for Spring 2 (adapter 11300410).,MANUFACTURER_EXACT_MODEL,MANUFACTURER_EXACT_MODEL,https://www.thule.com/-/s/approved/std.lang.all/38/59/783859.pdf,Thule Spring car seat adapter – Maxi-Cosi,rev 3.1,,,,,11300410,https://www.thule.com/-/s/approved/std.lang.all/38/59/783859.pdf,,,,,,UNKNOWN,NONE,,,SUSPECTED_SHARED_ATTACHMENT_PLATFORM,
cms94zatt0097i76b8aeya0ll,Thule,Spring 2,Maxi-Cosi,Mico XP,ADAPTER,REMOVE,HIGH,Not on Thule's current exact fit list for Spring 2 (adapter 11300410).,MANUFACTURER_EXACT_MODEL,MANUFACTURER_EXACT_MODEL,https://www.thule.com/-/s/approved/std.lang.all/38/59/783859.pdf,Thule Spring car seat adapter – Maxi-Cosi,rev 3.1,,,,,11300410,https://www.thule.com/-/s/approved/std.lang.all/38/59/783859.pdf,,,,,,UNKNOWN,NONE,,,SUSPECTED_SHARED_ATTACHMENT_PLATFORM,
cms94zasw008ri76b3qyoaoa7,Thule,Spring 2,Maxi-Cosi,Peri 180,ADAPTER,REMOVE,HIGH,Not on Thule's current exact fit list for Spring 2 (adapter 11300410).,MANUFACTURER_EXACT_MODEL,MANUFACTURER_EXACT_MODEL,https://www.thule.com/-/s/approved/std.lang.all/38/59/783859.pdf,Thule Spring car seat adapter – Maxi-Cosi,rev 3.1,,,,,11300410,https://www.thule.com/-/s/approved/std.lang.all/38/59/783859.pdf,,,,,,UNKNOWN,NONE,,,NONE,
cmr0r9piu0001rvv04yn52arl,Thule,Spring 2,Nuna,PIPA Aire,ADAPTER,REMOVE,HIGH,Not on Thule's current exact fit list for Spring 2 (adapter 11300410).,MANUFACTURER_EXACT_MODEL,MANUFACTURER_EXACT_MODEL,https://www.thule.com/-/s/approved/std.lang.all/38/59/783859.pdf,Thule Spring car seat adapter – Maxi-Cosi,rev 3.1,,,,,11300410,https://www.thule.com/-/s/approved/std.lang.all/38/59/783859.pdf,,,,,,SHOULD_WORK_UNVERIFIED,MANUFACTURER_PLATFORM_GROUP,Nuna PIPA RX,https://nunababy.com/usa/pipa-car-seat-adapter-for-uppababy-vista-cruz,SUSPECTED_SHARED_ATTACHMENT_PLATFORM,cmr0r9pu60005rvv0mup0ybb5
cmr0r9ppo0003rvv0zmn6u2es,Thule,Spring 2,Nuna,PIPA Aire rx,ADAPTER,REMOVE,HIGH,Not on Thule's current exact fit list for Spring 2 (adapter 11300410).,MANUFACTURER_EXACT_MODEL,MANUFACTURER_EXACT_MODEL,https://www.thule.com/-/s/approved/std.lang.all/38/59/783859.pdf,Thule Spring car seat adapter – Maxi-Cosi,rev 3.1,,,,,11300410,https://www.thule.com/-/s/approved/std.lang.all/38/59/783859.pdf,,,,,,SHOULD_WORK_UNVERIFIED,MANUFACTURER_PLATFORM_GROUP,Nuna PIPA RX,https://nunababy.com/usa/pipa-car-seat-adapter-for-uppababy-vista-cruz,SUSPECTED_SHARED_ATTACHMENT_PLATFORM,cmr0r9pu60005rvv0mup0ybb5
cmr0r9pu60005rvv0mup0ybb5,Thule,Spring 2,Nuna,PIPA RX,ADAPTER,KEEP_UPDATE,HIGH,On Thule Thule Spring car seat adapter – Maxi-Cosi (11300410) current exact fit list for this chassis.,MANUFACTURER_EXACT_MODEL,MANUFACTURER_EXACT_MODEL,https://www.thule.com/-/s/approved/std.lang.all/38/59/783859.pdf,Thule Spring car seat adapter – Maxi-Cosi,rev 3.1,ADAPTER,true,SOLD_SEPARATELY,Thule Spring car seat adapter – Maxi-Cosi,11300410,https://www.thule.com/-/s/approved/std.lang.all/38/59/783859.pdf,,,,,,COMPATIBLE_WITH_ADAPTER,MANUFACTURER_EXACT,,https://www.thule.com/-/s/approved/std.lang.all/38/59/783859.pdf,NONE,
cmr0r9q1j0007rvv0h8a5flc5,Thule,Spring 2,Nuna,PIPA urbn,ADAPTER,REMOVE,HIGH,Not on Thule's current exact fit list for Spring 2 (adapter 11300410).,MANUFACTURER_EXACT_MODEL,MANUFACTURER_EXACT_MODEL,https://www.thule.com/-/s/approved/std.lang.all/38/59/783859.pdf,Thule Spring car seat adapter – Maxi-Cosi,rev 3.1,,,,,11300410,https://www.thule.com/-/s/approved/std.lang.all/38/59/783859.pdf,,,,,,SHOULD_WORK_UNVERIFIED,MANUFACTURER_PLATFORM_GROUP,Nuna PIPA RX,https://nunababy.com/usa/pipa-urbn,SUSPECTED_SHARED_ATTACHMENT_PLATFORM,cmr0r9pu60005rvv0mup0ybb5
thule-urban-glide-2__maxi-cosi-mico-luxe,Thule,Urban Glide 2,Maxi-Cosi,Mico Luxe,ADAPTER,REMOVE,HIGH,Legacy Thule Glide/Urban Glide 1&2 adapter (51100941) list; this 2023-2025 seat postdates and is not on the generation-correct chart.,LEGACY_MANUFACTURER,LEGACY_MANUFACTURER,https://www.thule.com/-/s/approved/std.lang.all/48/48/514848.pdf,Thule Glide/Urban Glide 1&2 car seat adapter (legacy),rev 3.6,,,,,51100941,https://www.thule.com/-/s/approved/std.lang.all/48/48/514848.pdf,,,,,,UNKNOWN,NONE,,,NONE,
thule-urban-glide-2__maxi-cosi-mico-pro,Thule,Urban Glide 2,Maxi-Cosi,Mico Pro,ADAPTER,REMOVE,HIGH,Legacy Thule Glide/Urban Glide 1&2 adapter (51100941) list; this 2023-2025 seat postdates and is not on the generation-correct chart.,LEGACY_MANUFACTURER,LEGACY_MANUFACTURER,https://www.thule.com/-/s/approved/std.lang.all/48/48/514848.pdf,Thule Glide/Urban Glide 1&2 car seat adapter (legacy),rev 3.6,,,,,51100941,https://www.thule.com/-/s/approved/std.lang.all/48/48/514848.pdf,,,,,,UNKNOWN,NONE,,,NONE,
thule-urban-glide-2__maxi-cosi-peri,Thule,Urban Glide 2,Maxi-Cosi,Peri 180,ADAPTER,REMOVE,HIGH,Legacy Thule Glide/Urban Glide 1&2 adapter (51100941) list; this 2023-2025 seat postdates and is not on the generation-correct chart.,LEGACY_MANUFACTURER,LEGACY_MANUFACTURER,https://www.thule.com/-/s/approved/std.lang.all/48/48/514848.pdf,Thule Glide/Urban Glide 1&2 car seat adapter (legacy),rev 3.6,,,,,51100941,https://www.thule.com/-/s/approved/std.lang.all/48/48/514848.pdf,,,,,,UNKNOWN,NONE,,,NONE,
thule-urban-glide-2__nuna-pipa-lite-rx,Thule,Urban Glide 2,Nuna,PIPA Aire,ADAPTER,REMOVE,HIGH,Legacy Thule Glide/Urban Glide 1&2 adapter (51100941) list; this 2023-2025 seat postdates and is not on the generation-correct chart.,LEGACY_MANUFACTURER,LEGACY_MANUFACTURER,https://www.thule.com/-/s/approved/std.lang.all/48/48/514848.pdf,Thule Glide/Urban Glide 1&2 car seat adapter (legacy),rev 3.6,,,,,51100941,https://www.thule.com/-/s/approved/std.lang.all/48/48/514848.pdf,,,,,,UNKNOWN,NONE,,,NONE,
thule-urban-glide-2__nuna-pipa-aire-rx,Thule,Urban Glide 2,Nuna,PIPA Aire rx,ADAPTER,REMOVE,HIGH,Legacy Thule Glide/Urban Glide 1&2 adapter (51100941) list; this 2023-2025 seat postdates and is not on the generation-correct chart.,LEGACY_MANUFACTURER,LEGACY_MANUFACTURER,https://www.thule.com/-/s/approved/std.lang.all/48/48/514848.pdf,Thule Glide/Urban Glide 1&2 car seat adapter (legacy),rev 3.6,,,,,51100941,https://www.thule.com/-/s/approved/std.lang.all/48/48/514848.pdf,,,,,,UNKNOWN,NONE,,,NONE,
thule-urban-glide-2__nuna-pipa-rx,Thule,Urban Glide 2,Nuna,PIPA RX,ADAPTER,REMOVE,HIGH,Legacy Thule Glide/Urban Glide 1&2 adapter (51100941) list; this 2023-2025 seat postdates and is not on the generation-correct chart.,LEGACY_MANUFACTURER,LEGACY_MANUFACTURER,https://www.thule.com/-/s/approved/std.lang.all/48/48/514848.pdf,Thule Glide/Urban Glide 1&2 car seat adapter (legacy),rev 3.6,,,,,51100941,https://www.thule.com/-/s/approved/std.lang.all/48/48/514848.pdf,,,,,,UNKNOWN,NONE,,,NONE,
thule-urban-glide-2__nuna-pipa-urbn,Thule,Urban Glide 2,Nuna,PIPA urbn,ADAPTER,REMOVE,HIGH,Legacy Thule Glide/Urban Glide 1&2 adapter (51100941) list; this 2023-2025 seat postdates and is not on the generation-correct chart.,LEGACY_MANUFACTURER,LEGACY_MANUFACTURER,https://www.thule.com/-/s/approved/std.lang.all/48/48/514848.pdf,Thule Glide/Urban Glide 1&2 car seat adapter (legacy),rev 3.6,,,,,51100941,https://www.thule.com/-/s/approved/std.lang.all/48/48/514848.pdf,,,,,,UNKNOWN,NONE,,,NONE,
thule-urban-glide-2__uppababy-aria,Thule,Urban Glide 2,UPPAbaby,Aria,ADAPTER,REMOVE,HIGH,Legacy Thule Glide/Urban Glide 1&2 adapter (51100941) list; this 2023-2025 seat postdates and is not on the generation-correct chart.,LEGACY_MANUFACTURER,LEGACY_MANUFACTURER,https://www.thule.com/-/s/approved/std.lang.all/48/48/514848.pdf,Thule Glide/Urban Glide 1&2 car seat adapter (legacy),rev 3.6,,,,,51100941,https://www.thule.com/-/s/approved/std.lang.all/48/48/514848.pdf,,,,,,UNKNOWN,NONE,,,NONE,
thule-urban-glide-2__uppababy-aria-v2,Thule,Urban Glide 2,UPPAbaby,Aria V2,ADAPTER,REMOVE,HIGH,Legacy Thule Glide/Urban Glide 1&2 adapter (51100941) list; this 2023-2025 seat postdates and is not on the generation-correct chart.,LEGACY_MANUFACTURER,LEGACY_MANUFACTURER,https://www.thule.com/-/s/approved/std.lang.all/48/48/514848.pdf,Thule Glide/Urban Glide 1&2 car seat adapter (legacy),rev 3.6,,,,,51100941,https://www.thule.com/-/s/approved/std.lang.all/48/48/514848.pdf,,,,,,UNKNOWN,NONE,,,NONE,
thule-urban-glide-2__uppababy-mesa-v3,Thule,Urban Glide 2,UPPAbaby,Mesa V3,ADAPTER,REMOVE,HIGH,Legacy Thule Glide/Urban Glide 1&2 adapter (51100941) list; this 2023-2025 seat postdates and is not on the generation-correct chart.,LEGACY_MANUFACTURER,LEGACY_MANUFACTURER,https://www.thule.com/-/s/approved/std.lang.all/48/48/514848.pdf,Thule Glide/Urban Glide 1&2 car seat adapter (legacy),rev 3.6,,,,,51100941,https://www.thule.com/-/s/approved/std.lang.all/48/48/514848.pdf,,,,,,UNKNOWN,NONE,,,NONE,
thule-urban-glide-2-double__maxi-cosi-mico-luxe,Thule,Urban Glide 2 Double,Maxi-Cosi,Mico Luxe,ADAPTER,REMOVE,HIGH,Legacy Thule Glide/Urban Glide 1&2 adapter (51100941) list; this 2023-2025 seat postdates and is not on the generation-correct chart.,LEGACY_MANUFACTURER,LEGACY_MANUFACTURER,https://www.thule.com/-/s/approved/std.lang.all/48/48/514848.pdf,Thule Glide/Urban Glide 1&2 car seat adapter (legacy),rev 3.6,,,,,51100941,https://www.thule.com/-/s/approved/std.lang.all/48/48/514848.pdf,,,,,,UNKNOWN,NONE,,,NONE,
thule-urban-glide-2-double__maxi-cosi-mico-pro,Thule,Urban Glide 2 Double,Maxi-Cosi,Mico Pro,ADAPTER,REMOVE,HIGH,Legacy Thule Glide/Urban Glide 1&2 adapter (51100941) list; this 2023-2025 seat postdates and is not on the generation-correct chart.,LEGACY_MANUFACTURER,LEGACY_MANUFACTURER,https://www.thule.com/-/s/approved/std.lang.all/48/48/514848.pdf,Thule Glide/Urban Glide 1&2 car seat adapter (legacy),rev 3.6,,,,,51100941,https://www.thule.com/-/s/approved/std.lang.all/48/48/514848.pdf,,,,,,UNKNOWN,NONE,,,NONE,
thule-urban-glide-2-double__maxi-cosi-peri,Thule,Urban Glide 2 Double,Maxi-Cosi,Peri 180,ADAPTER,REMOVE,HIGH,Legacy Thule Glide/Urban Glide 1&2 adapter (51100941) list; this 2023-2025 seat postdates and is not on the generation-correct chart.,LEGACY_MANUFACTURER,LEGACY_MANUFACTURER,https://www.thule.com/-/s/approved/std.lang.all/48/48/514848.pdf,Thule Glide/Urban Glide 1&2 car seat adapter (legacy),rev 3.6,,,,,51100941,https://www.thule.com/-/s/approved/std.lang.all/48/48/514848.pdf,,,,,,UNKNOWN,NONE,,,NONE,
cmr0r9qf00009rvv0hkcbx75e,Thule,Urban Glide 2 Double,Nuna,PIPA Aire,ADAPTER,REMOVE,HIGH,Legacy Thule Glide/Urban Glide 1&2 adapter (51100941) list; this 2023-2025 seat postdates and is not on the generation-correct chart.,LEGACY_MANUFACTURER,LEGACY_MANUFACTURER,https://www.thule.com/-/s/approved/std.lang.all/48/48/514848.pdf,Thule Glide/Urban Glide 1&2 car seat adapter (legacy),rev 3.6,,,,,51100941,https://www.thule.com/-/s/approved/std.lang.all/48/48/514848.pdf,,,,,,UNKNOWN,NONE,,,NONE,
cmr0r9qjo000brvv0oilqtzqi,Thule,Urban Glide 2 Double,Nuna,PIPA Aire rx,ADAPTER,REMOVE,HIGH,Legacy Thule Glide/Urban Glide 1&2 adapter (51100941) list; this 2023-2025 seat postdates and is not on the generation-correct chart.,LEGACY_MANUFACTURER,LEGACY_MANUFACTURER,https://www.thule.com/-/s/approved/std.lang.all/48/48/514848.pdf,Thule Glide/Urban Glide 1&2 car seat adapter (legacy),rev 3.6,,,,,51100941,https://www.thule.com/-/s/approved/std.lang.all/48/48/514848.pdf,,,,,,UNKNOWN,NONE,,,NONE,
cmr0r9qoa000drvv0z01yyjfa,Thule,Urban Glide 2 Double,Nuna,PIPA RX,ADAPTER,REMOVE,HIGH,Legacy Thule Glide/Urban Glide 1&2 adapter (51100941) list; this 2023-2025 seat postdates and is not on the generation-correct chart.,LEGACY_MANUFACTURER,LEGACY_MANUFACTURER,https://www.thule.com/-/s/approved/std.lang.all/48/48/514848.pdf,Thule Glide/Urban Glide 1&2 car seat adapter (legacy),rev 3.6,,,,,51100941,https://www.thule.com/-/s/approved/std.lang.all/48/48/514848.pdf,,,,,,UNKNOWN,NONE,,,NONE,
cmr0r9qsv000frvv0xxl4josn,Thule,Urban Glide 2 Double,Nuna,PIPA urbn,ADAPTER,REMOVE,HIGH,Legacy Thule Glide/Urban Glide 1&2 adapter (51100941) list; this 2023-2025 seat postdates and is not on the generation-correct chart.,LEGACY_MANUFACTURER,LEGACY_MANUFACTURER,https://www.thule.com/-/s/approved/std.lang.all/48/48/514848.pdf,Thule Glide/Urban Glide 1&2 car seat adapter (legacy),rev 3.6,,,,,51100941,https://www.thule.com/-/s/approved/std.lang.all/48/48/514848.pdf,,,,,,UNKNOWN,NONE,,,NONE,
thule-urban-glide-2-double__uppababy-aria,Thule,Urban Glide 2 Double,UPPAbaby,Aria,ADAPTER,REMOVE,HIGH,Legacy Thule Glide/Urban Glide 1&2 adapter (51100941) list; this 2023-2025 seat postdates and is not on the generation-correct chart.,LEGACY_MANUFACTURER,LEGACY_MANUFACTURER,https://www.thule.com/-/s/approved/std.lang.all/48/48/514848.pdf,Thule Glide/Urban Glide 1&2 car seat adapter (legacy),rev 3.6,,,,,51100941,https://www.thule.com/-/s/approved/std.lang.all/48/48/514848.pdf,,,,,,UNKNOWN,NONE,,,NONE,
thule-urban-glide-2-double__uppababy-aria-v2,Thule,Urban Glide 2 Double,UPPAbaby,Aria V2,ADAPTER,REMOVE,HIGH,Legacy Thule Glide/Urban Glide 1&2 adapter (51100941) list; this 2023-2025 seat postdates and is not on the generation-correct chart.,LEGACY_MANUFACTURER,LEGACY_MANUFACTURER,https://www.thule.com/-/s/approved/std.lang.all/48/48/514848.pdf,Thule Glide/Urban Glide 1&2 car seat adapter (legacy),rev 3.6,,,,,51100941,https://www.thule.com/-/s/approved/std.lang.all/48/48/514848.pdf,,,,,,UNKNOWN,NONE,,,NONE,
thule-urban-glide-2-double__uppababy-mesa-v3,Thule,Urban Glide 2 Double,UPPAbaby,Mesa V3,ADAPTER,REMOVE,HIGH,Legacy Thule Glide/Urban Glide 1&2 adapter (51100941) list; this 2023-2025 seat postdates and is not on the generation-correct chart.,LEGACY_MANUFACTURER,LEGACY_MANUFACTURER,https://www.thule.com/-/s/approved/std.lang.all/48/48/514848.pdf,Thule Glide/Urban Glide 1&2 car seat adapter (legacy),rev 3.6,,,,,51100941,https://www.thule.com/-/s/approved/std.lang.all/48/48/514848.pdf,,,,,,UNKNOWN,NONE,,,NONE,
cms99ygfi00a7i76byiszado7,Thule,Urban Glide 3,Clek,Liing,ADAPTER,KEEP_UPDATE,HIGH,On Thule Thule UG3 car seat adapter – Universal/Chicco (20110762) current exact fit list for this chassis.,MANUFACTURER_EXACT_MODEL,MANUFACTURER_EXACT_MODEL,https://www.thule.com/-/s/approved/std.lang.all/61/12/1476112.pdf,Thule UG3 car seat adapter – Universal/Chicco,2025,ADAPTER,true,SOLD_SEPARATELY,Thule UG3 car seat adapter – Universal/Chicco,20110762,https://www.thule.com/-/s/approved/std.lang.all/61/12/1476112.pdf,,,,,,COMPATIBLE_WITH_ADAPTER,MANUFACTURER_EXACT,,https://www.thule.com/-/s/approved/std.lang.all/61/12/1476112.pdf,NONE,
cms99ygfi00a9i76b5xe52n11,Thule,Urban Glide 3,Clek,Liingo,ADAPTER,KEEP_UPDATE,HIGH,On Thule Thule UG3 car seat adapter – Universal/Chicco (20110762) current exact fit list for this chassis.,MANUFACTURER_EXACT_MODEL,MANUFACTURER_EXACT_MODEL,https://www.thule.com/-/s/approved/std.lang.all/61/12/1476112.pdf,Thule UG3 car seat adapter – Universal/Chicco,2025,ADAPTER,true,SOLD_SEPARATELY,Thule UG3 car seat adapter – Universal/Chicco,20110762,https://www.thule.com/-/s/approved/std.lang.all/61/12/1476112.pdf,,,,,,COMPATIBLE_WITH_ADAPTER,MANUFACTURER_EXACT,,https://www.thule.com/-/s/approved/std.lang.all/61/12/1476112.pdf,NONE,
cms99ygfi00a8i76b19a9y4v0,Thule,Urban Glide 3,Cybex,Aton G2,ADAPTER,VERIFY,MEDIUM,"Thule 20110761 lists Cybex ""Aton G"" (and Aton 2/Q/S2); production ""aton g2"" is the 2024 refresh not explicitly listed — confirm with Thule whether the Aton G entry covers Aton G2.",MANUFACTURER_BRAND_LEVEL,,https://www.thule.com/-/s/approved/std.lang.all/61/11/1476111.pdf,Thule UG3 car seat adapter – Maxi-Cosi,2025 (US Feb 2024),,,SOLD_SEPARATELY,,20110761,https://www.thule.com/-/s/approved/std.lang.all/61/11/1476111.pdf,,,,,,UNKNOWN,NONE,,,SUSPECTED_SUCCESSOR_SAME_INTERFACE,
cms99ygfi00a6i76bbko5nz1b,Thule,Urban Glide 3,Cybex,Aton G2 Swivel,ADAPTER,VERIFY,MEDIUM,"Thule 20110761 lists Cybex ""Aton G"" (and Aton 2/Q/S2); production ""aton g2 swivel"" is the 2024 refresh not explicitly listed — confirm with Thule whether the Aton G entry covers Aton G2.",MANUFACTURER_BRAND_LEVEL,,https://www.thule.com/-/s/approved/std.lang.all/61/11/1476111.pdf,Thule UG3 car seat adapter – Maxi-Cosi,2025 (US Feb 2024),,,SOLD_SEPARATELY,,20110761,https://www.thule.com/-/s/approved/std.lang.all/61/11/1476111.pdf,,,,,,UNKNOWN,NONE,,,SUSPECTED_SUCCESSOR_SAME_INTERFACE,
cms99ygg000adi76bp72bksyv,Thule,Urban Glide 3,Cybex,Cloud G Pro Comfort Extend,ADAPTER,KEEP_UPDATE,HIGH,On Thule Thule UG3 car seat adapter – Maxi-Cosi (20110761) current exact fit list for this chassis.,MANUFACTURER_EXACT_MODEL,MANUFACTURER_EXACT_MODEL,https://www.thule.com/-/s/approved/std.lang.all/61/11/1476111.pdf,Thule UG3 car seat adapter – Maxi-Cosi,2025 (US Feb 2024),ADAPTER,true,SOLD_SEPARATELY,Thule UG3 car seat adapter – Maxi-Cosi,20110761,https://www.thule.com/-/s/approved/std.lang.all/61/11/1476111.pdf,,,,,,COMPATIBLE_WITH_ADAPTER,MANUFACTURER_EXACT,,https://www.thule.com/-/s/approved/std.lang.all/61/11/1476111.pdf,NONE,
cms99ygfj00abi76bkj8k933j,Thule,Urban Glide 3,Cybex,Cloud T,ADAPTER,KEEP_UPDATE,HIGH,On Thule Thule UG3 car seat adapter – Maxi-Cosi (20110761) current exact fit list for this chassis.,MANUFACTURER_EXACT_MODEL,MANUFACTURER_EXACT_MODEL,https://www.thule.com/-/s/approved/std.lang.all/61/11/1476111.pdf,Thule UG3 car seat adapter – Maxi-Cosi,2025 (US Feb 2024),ADAPTER,true,SOLD_SEPARATELY,Thule UG3 car seat adapter – Maxi-Cosi,20110761,https://www.thule.com/-/s/approved/std.lang.all/61/11/1476111.pdf,,,,,,COMPATIBLE_WITH_ADAPTER,MANUFACTURER_EXACT,,https://www.thule.com/-/s/approved/std.lang.all/61/11/1476111.pdf,NONE,
cmqx8i4b4002tbcx560j94bjp,Thule,Urban Glide 3,Maxi-Cosi,Ambra,ADAPTER,REMOVE,HIGH,Not on Thule's current exact fit list for Urban Glide 3 (adapter 20110761).,MANUFACTURER_EXACT_MODEL,MANUFACTURER_EXACT_MODEL,https://www.thule.com/-/s/approved/std.lang.all/61/11/1476111.pdf,Thule UG3 car seat adapter – Maxi-Cosi,2025 (US Feb 2024),,,,,20110761,https://www.thule.com/-/s/approved/std.lang.all/61/11/1476111.pdf,,,,,,UNKNOWN,NONE,,,NONE,
cmqx8i41l002lbcx534ad5uuc,Thule,Urban Glide 3,Maxi-Cosi,Mico Luxe,ADAPTER,KEEP_UPDATE,HIGH,On Thule Thule UG3 car seat adapter – Maxi-Cosi (20110761) current exact fit list for this chassis.,MANUFACTURER_EXACT_MODEL,MANUFACTURER_EXACT_MODEL,https://www.thule.com/-/s/approved/std.lang.all/61/11/1476111.pdf,Thule UG3 car seat adapter – Maxi-Cosi,2025 (US Feb 2024),ADAPTER,true,SOLD_SEPARATELY,Thule UG3 car seat adapter – Maxi-Cosi,20110761,https://www.thule.com/-/s/approved/std.lang.all/61/11/1476111.pdf,,,,,,COMPATIBLE_WITH_ADAPTER,MANUFACTURER_EXACT,,https://www.thule.com/-/s/approved/std.lang.all/61/11/1476111.pdf,NONE,
cmqx8i43z002nbcx5tuz077m9,Thule,Urban Glide 3,Maxi-Cosi,Mico Pro,ADAPTER,REMOVE,HIGH,Not on Thule's current exact fit list for Urban Glide 3 (adapter 20110761).,MANUFACTURER_EXACT_MODEL,MANUFACTURER_EXACT_MODEL,https://www.thule.com/-/s/approved/std.lang.all/61/11/1476111.pdf,Thule UG3 car seat adapter – Maxi-Cosi,2025 (US Feb 2024),,,,,20110761,https://www.thule.com/-/s/approved/std.lang.all/61/11/1476111.pdf,,,,,,UNKNOWN,NONE,Maxi-Cosi Mico Luxe,,SUSPECTED_SHARED_ATTACHMENT_PLATFORM,cmqx8i41l002lbcx534ad5uuc
cms99z69h00aji76b171gsx82,Thule,Urban Glide 3,Maxi-Cosi,Mico XP,ADAPTER,REMOVE,HIGH,Not on Thule's current exact fit list for Urban Glide 3 (adapter 20110761).,MANUFACTURER_EXACT_MODEL,MANUFACTURER_EXACT_MODEL,https://www.thule.com/-/s/approved/std.lang.all/61/11/1476111.pdf,Thule UG3 car seat adapter – Maxi-Cosi,2025 (US Feb 2024),,,,,20110761,https://www.thule.com/-/s/approved/std.lang.all/61/11/1476111.pdf,,,,,,SHOULD_WORK_UNVERIFIED,DOCUMENTED_SHARED_ATTACHMENT_PLATFORM,Maxi-Cosi Mico Luxe,https://maxicosi.com/products/zelia-stroller-car-seat-adapter-tr42718,SUSPECTED_SHARED_ATTACHMENT_PLATFORM,cmqx8i41l002lbcx534ad5uuc
cmqx8i48u002rbcx5zjaxiqgn,Thule,Urban Glide 3,Maxi-Cosi,Peri 180,ADAPTER,KEEP_UPDATE,HIGH,On Thule Thule UG3 car seat adapter – Maxi-Cosi (20110761) current exact fit list for this chassis.,MANUFACTURER_EXACT_MODEL,MANUFACTURER_EXACT_MODEL,https://www.thule.com/-/s/approved/std.lang.all/61/11/1476111.pdf,Thule UG3 car seat adapter – Maxi-Cosi,2025 (US Feb 2024),ADAPTER,true,SOLD_SEPARATELY,Thule UG3 car seat adapter – Maxi-Cosi,20110761,https://www.thule.com/-/s/approved/std.lang.all/61/11/1476111.pdf,,,,,,COMPATIBLE_WITH_ADAPTER,MANUFACTURER_EXACT,,https://www.thule.com/-/s/approved/std.lang.all/61/11/1476111.pdf,NONE,
cmr0r9qxl000hrvv0z0cpw1zm,Thule,Urban Glide 3,Nuna,PIPA Aire,ADAPTER,KEEP_UPDATE,HIGH,On Thule Thule UG3 car seat adapter – Maxi-Cosi (20110761) current exact fit list for this chassis.,MANUFACTURER_EXACT_MODEL,MANUFACTURER_EXACT_MODEL,https://www.thule.com/-/s/approved/std.lang.all/61/11/1476111.pdf,Thule UG3 car seat adapter – Maxi-Cosi,2025 (US Feb 2024),ADAPTER,true,SOLD_SEPARATELY,Thule UG3 car seat adapter – Maxi-Cosi,20110761,https://www.thule.com/-/s/approved/std.lang.all/61/11/1476111.pdf,,,,,,COMPATIBLE_WITH_ADAPTER,MANUFACTURER_EXACT,,https://www.thule.com/-/s/approved/std.lang.all/61/11/1476111.pdf,NONE,
cmr0r9r22000jrvv0062a4dgh,Thule,Urban Glide 3,Nuna,PIPA Aire rx,ADAPTER,KEEP_UPDATE,HIGH,On Thule Thule UG3 car seat adapter – Maxi-Cosi (20110761) current exact fit list for this chassis.,MANUFACTURER_EXACT_MODEL,MANUFACTURER_EXACT_MODEL,https://www.thule.com/-/s/approved/std.lang.all/61/11/1476111.pdf,Thule UG3 car seat adapter – Maxi-Cosi,2025 (US Feb 2024),ADAPTER,true,SOLD_SEPARATELY,Thule UG3 car seat adapter – Maxi-Cosi,20110761,https://www.thule.com/-/s/approved/std.lang.all/61/11/1476111.pdf,,,,,,COMPATIBLE_WITH_ADAPTER,MANUFACTURER_EXACT,,https://www.thule.com/-/s/approved/std.lang.all/61/11/1476111.pdf,NONE,
cmr0r9r6h000lrvv0omtgeula,Thule,Urban Glide 3,Nuna,PIPA RX,ADAPTER,KEEP_UPDATE,HIGH,On Thule Thule UG3 car seat adapter – Maxi-Cosi (20110761) current exact fit list for this chassis.,MANUFACTURER_EXACT_MODEL,MANUFACTURER_EXACT_MODEL,https://www.thule.com/-/s/approved/std.lang.all/61/11/1476111.pdf,Thule UG3 car seat adapter – Maxi-Cosi,2025 (US Feb 2024),ADAPTER,true,SOLD_SEPARATELY,Thule UG3 car seat adapter – Maxi-Cosi,20110761,https://www.thule.com/-/s/approved/std.lang.all/61/11/1476111.pdf,,,,,,COMPATIBLE_WITH_ADAPTER,MANUFACTURER_EXACT,,https://www.thule.com/-/s/approved/std.lang.all/61/11/1476111.pdf,NONE,
cmr0r9rb5000nrvv0mumjgooy,Thule,Urban Glide 3,Nuna,PIPA urbn,ADAPTER,REMOVE,HIGH,Not on Thule's current exact fit list for Urban Glide 3 (adapter 20110761).,MANUFACTURER_EXACT_MODEL,MANUFACTURER_EXACT_MODEL,https://www.thule.com/-/s/approved/std.lang.all/61/11/1476111.pdf,Thule UG3 car seat adapter – Maxi-Cosi,2025 (US Feb 2024),,,,,20110761,https://www.thule.com/-/s/approved/std.lang.all/61/11/1476111.pdf,,,,,,SHOULD_WORK_UNVERIFIED,MANUFACTURER_PLATFORM_GROUP,Nuna PIPA Aire,https://nunababy.com/usa/pipa-urbn,SUSPECTED_SHARED_ATTACHMENT_PLATFORM,cmr0r9qxl000hrvv0z0cpw1zm
cms94m2fz006oi76b5xjulny5,Thule,Urban Glide 3 Double,Clek,Liing,ADAPTER,KEEP_UPDATE,HIGH,On Thule Thule UG3 car seat adapter double – Universal (20110764) current exact fit list for this chassis.,MANUFACTURER_EXACT_MODEL,MANUFACTURER_EXACT_MODEL,https://www.thule.com/-/s/approved/std.lang.all/61/15/1476115.pdf,Thule UG3 car seat adapter double – Universal,2025 (US Mar 2024),ADAPTER,true,SOLD_SEPARATELY,Thule UG3 car seat adapter double – Universal,20110764,https://www.thule.com/-/s/approved/std.lang.all/61/15/1476115.pdf,,,,,,COMPATIBLE_WITH_ADAPTER,MANUFACTURER_EXACT,,https://www.thule.com/-/s/approved/std.lang.all/61/15/1476115.pdf,NONE,
cms94m2fv006mi76bzd71bomd,Thule,Urban Glide 3 Double,Clek,Liingo,ADAPTER,KEEP_UPDATE,HIGH,On Thule Thule UG3 car seat adapter double – Universal (20110764) current exact fit list for this chassis.,MANUFACTURER_EXACT_MODEL,MANUFACTURER_EXACT_MODEL,https://www.thule.com/-/s/approved/std.lang.all/61/15/1476115.pdf,Thule UG3 car seat adapter double – Universal,2025 (US Mar 2024),ADAPTER,true,SOLD_SEPARATELY,Thule UG3 car seat adapter double – Universal,20110764,https://www.thule.com/-/s/approved/std.lang.all/61/15/1476115.pdf,,,,,,COMPATIBLE_WITH_ADAPTER,MANUFACTURER_EXACT,,https://www.thule.com/-/s/approved/std.lang.all/61/15/1476115.pdf,NONE,
cms94m2g0006si76b1t0ucwpp,Thule,Urban Glide 3 Double,Cybex,Aton G2,ADAPTER,VERIFY,MEDIUM,"Thule 20110763 lists Cybex ""Aton G"" (and Aton 2/Q/S2); production ""aton g2"" is the 2024 refresh not explicitly listed — confirm with Thule whether the Aton G entry covers Aton G2.",MANUFACTURER_BRAND_LEVEL,,https://www.thule.com/-/s/approved/std.lang.all/61/14/1476114.pdf,Thule UG3 Double Maxi-Cosi-style adapter approved list (1476114.pdf),2025 (US Mar 2024),,,SOLD_SEPARATELY,,20110763,https://www.thule.com/-/s/approved/std.lang.all/61/14/1476114.pdf,,,,,,UNKNOWN,NONE,,,SUSPECTED_SUCCESSOR_SAME_INTERFACE,
cms94m2gi006ui76bmi2no5ih,Thule,Urban Glide 3 Double,Cybex,Aton G2 Swivel,ADAPTER,VERIFY,MEDIUM,"Thule 20110763 lists Cybex ""Aton G"" (and Aton 2/Q/S2); production ""aton g2 swivel"" is the 2024 refresh not explicitly listed — confirm with Thule whether the Aton G entry covers Aton G2.",MANUFACTURER_BRAND_LEVEL,,https://www.thule.com/-/s/approved/std.lang.all/61/14/1476114.pdf,Thule UG3 Double Maxi-Cosi-style adapter approved list (1476114.pdf),2025 (US Mar 2024),,,SOLD_SEPARATELY,,20110763,https://www.thule.com/-/s/approved/std.lang.all/61/14/1476114.pdf,,,,,,UNKNOWN,NONE,,,SUSPECTED_SUCCESSOR_SAME_INTERFACE,
cms94m2g0006ri76bkv5bmw8d,Thule,Urban Glide 3 Double,Cybex,Cloud G Pro Comfort Extend,ADAPTER,KEEP_UPDATE,HIGH,On Thule Thule UG3 car seat adapter double – Maxi-Cosi (20110763) current exact fit list for this chassis.,MANUFACTURER_EXACT_MODEL,MANUFACTURER_EXACT_MODEL,https://www.thule.com/-/s/approved/std.lang.all/61/14/1476114.pdf,Thule UG3 car seat adapter double – Maxi-Cosi,2025 (US Mar 2024),ADAPTER,true,SOLD_SEPARATELY,Thule UG3 car seat adapter double – Maxi-Cosi,20110763,https://www.thule.com/-/s/approved/std.lang.all/61/14/1476114.pdf,,,,,,COMPATIBLE_WITH_ADAPTER,MANUFACTURER_EXACT,,https://www.thule.com/-/s/approved/std.lang.all/61/14/1476114.pdf,NONE,
cms94m2gr006wi76bq2eyyj7r,Thule,Urban Glide 3 Double,Cybex,Cloud T,ADAPTER,KEEP_UPDATE,HIGH,On Thule Thule UG3 car seat adapter double – Maxi-Cosi (20110763) current exact fit list for this chassis.,MANUFACTURER_EXACT_MODEL,MANUFACTURER_EXACT_MODEL,https://www.thule.com/-/s/approved/std.lang.all/61/14/1476114.pdf,Thule UG3 car seat adapter double – Maxi-Cosi,2025 (US Mar 2024),ADAPTER,true,SOLD_SEPARATELY,Thule UG3 car seat adapter double – Maxi-Cosi,20110763,https://www.thule.com/-/s/approved/std.lang.all/61/14/1476114.pdf,,,,,,COMPATIBLE_WITH_ADAPTER,MANUFACTURER_EXACT,,https://www.thule.com/-/s/approved/std.lang.all/61/14/1476114.pdf,NONE,
cmqx8i3fx0025bcx55y15gw7o,Thule,Urban Glide 3 Double,Maxi-Cosi,Ambra,ADAPTER,REMOVE,HIGH,Not on Thule's current exact fit list for Urban Glide 3 Double (adapter 20110763).,MANUFACTURER_EXACT_MODEL,MANUFACTURER_EXACT_MODEL,https://www.thule.com/-/s/approved/std.lang.all/61/14/1476114.pdf,Thule UG3 car seat adapter double – Maxi-Cosi,2025 (US Mar 2024),,,,,20110763,https://www.thule.com/-/s/approved/std.lang.all/61/14/1476114.pdf,,,,,,UNKNOWN,NONE,,,NONE,
cmqx8i360001xbcx52ba7sa06,Thule,Urban Glide 3 Double,Maxi-Cosi,Mico Luxe,ADAPTER,KEEP_UPDATE,HIGH,On Thule Thule UG3 car seat adapter double – Maxi-Cosi (20110763) current exact fit list for this chassis.,MANUFACTURER_EXACT_MODEL,MANUFACTURER_EXACT_MODEL,https://www.thule.com/-/s/approved/std.lang.all/61/14/1476114.pdf,Thule UG3 car seat adapter double – Maxi-Cosi,2025 (US Mar 2024),ADAPTER,true,SOLD_SEPARATELY,Thule UG3 car seat adapter double – Maxi-Cosi,20110763,https://www.thule.com/-/s/approved/std.lang.all/61/14/1476114.pdf,,,,,,COMPATIBLE_WITH_ADAPTER,MANUFACTURER_EXACT,,https://www.thule.com/-/s/approved/std.lang.all/61/14/1476114.pdf,NONE,
cmqx8i38h001zbcx5hqmhgcv6,Thule,Urban Glide 3 Double,Maxi-Cosi,Mico Pro,ADAPTER,REMOVE,HIGH,Not on Thule's current exact fit list for Urban Glide 3 Double (adapter 20110763).,MANUFACTURER_EXACT_MODEL,MANUFACTURER_EXACT_MODEL,https://www.thule.com/-/s/approved/std.lang.all/61/14/1476114.pdf,Thule UG3 car seat adapter double – Maxi-Cosi,2025 (US Mar 2024),,,,,20110763,https://www.thule.com/-/s/approved/std.lang.all/61/14/1476114.pdf,,,,,,UNKNOWN,NONE,Maxi-Cosi Mico Luxe,,SUSPECTED_SHARED_ATTACHMENT_PLATFORM,cmqx8i360001xbcx52ba7sa06
cms94nskg0076i76bfyoihqfh,Thule,Urban Glide 3 Double,Maxi-Cosi,Mico XP,ADAPTER,REMOVE,HIGH,Not on Thule's current exact fit list for Urban Glide 3 Double (adapter 20110763).,MANUFACTURER_EXACT_MODEL,MANUFACTURER_EXACT_MODEL,https://www.thule.com/-/s/approved/std.lang.all/61/14/1476114.pdf,Thule UG3 car seat adapter double – Maxi-Cosi,2025 (US Mar 2024),,,,,20110763,https://www.thule.com/-/s/approved/std.lang.all/61/14/1476114.pdf,,,,,,SHOULD_WORK_UNVERIFIED,DOCUMENTED_SHARED_ATTACHMENT_PLATFORM,Maxi-Cosi Mico Luxe,https://maxicosi.com/products/zelia-stroller-car-seat-adapter-tr42718,SUSPECTED_SHARED_ATTACHMENT_PLATFORM,cmqx8i360001xbcx52ba7sa06
cmqx8i3dl0023bcx5b5wpi1zw,Thule,Urban Glide 3 Double,Maxi-Cosi,Peri 180,ADAPTER,KEEP_UPDATE,HIGH,On Thule Thule UG3 car seat adapter double – Maxi-Cosi (20110763) current exact fit list for this chassis.,MANUFACTURER_EXACT_MODEL,MANUFACTURER_EXACT_MODEL,https://www.thule.com/-/s/approved/std.lang.all/61/14/1476114.pdf,Thule UG3 car seat adapter double – Maxi-Cosi,2025 (US Mar 2024),ADAPTER,true,SOLD_SEPARATELY,Thule UG3 car seat adapter double – Maxi-Cosi,20110763,https://www.thule.com/-/s/approved/std.lang.all/61/14/1476114.pdf,,,,,,COMPATIBLE_WITH_ADAPTER,MANUFACTURER_EXACT,,https://www.thule.com/-/s/approved/std.lang.all/61/14/1476114.pdf,NONE,
cmr0r9rfv000prvv0nmwhyqan,Thule,Urban Glide 3 Double,Nuna,PIPA Aire,ADAPTER,KEEP_UPDATE,HIGH,On Thule Thule UG3 car seat adapter double – Maxi-Cosi (20110763) current exact fit list for this chassis.,MANUFACTURER_EXACT_MODEL,MANUFACTURER_EXACT_MODEL,https://www.thule.com/-/s/approved/std.lang.all/61/14/1476114.pdf,Thule UG3 car seat adapter double – Maxi-Cosi,2025 (US Mar 2024),ADAPTER,true,SOLD_SEPARATELY,Thule UG3 car seat adapter double – Maxi-Cosi,20110763,https://www.thule.com/-/s/approved/std.lang.all/61/14/1476114.pdf,,,,,,COMPATIBLE_WITH_ADAPTER,MANUFACTURER_EXACT,,https://www.thule.com/-/s/approved/std.lang.all/61/14/1476114.pdf,NONE,
cmr0r9rki000rrvv0pc4ob41h,Thule,Urban Glide 3 Double,Nuna,PIPA Aire rx,ADAPTER,KEEP_UPDATE,HIGH,On Thule Thule UG3 car seat adapter double – Maxi-Cosi (20110763) current exact fit list for this chassis.,MANUFACTURER_EXACT_MODEL,MANUFACTURER_EXACT_MODEL,https://www.thule.com/-/s/approved/std.lang.all/61/14/1476114.pdf,Thule UG3 car seat adapter double – Maxi-Cosi,2025 (US Mar 2024),ADAPTER,true,SOLD_SEPARATELY,Thule UG3 car seat adapter double – Maxi-Cosi,20110763,https://www.thule.com/-/s/approved/std.lang.all/61/14/1476114.pdf,,,,,,COMPATIBLE_WITH_ADAPTER,MANUFACTURER_EXACT,,https://www.thule.com/-/s/approved/std.lang.all/61/14/1476114.pdf,NONE,
cmr0r9rq2000trvv0gtcnm4e8,Thule,Urban Glide 3 Double,Nuna,PIPA RX,ADAPTER,KEEP_UPDATE,HIGH,On Thule Thule UG3 car seat adapter double – Maxi-Cosi (20110763) current exact fit list for this chassis.,MANUFACTURER_EXACT_MODEL,MANUFACTURER_EXACT_MODEL,https://www.thule.com/-/s/approved/std.lang.all/61/14/1476114.pdf,Thule UG3 car seat adapter double – Maxi-Cosi,2025 (US Mar 2024),ADAPTER,true,SOLD_SEPARATELY,Thule UG3 car seat adapter double – Maxi-Cosi,20110763,https://www.thule.com/-/s/approved/std.lang.all/61/14/1476114.pdf,,,,,,COMPATIBLE_WITH_ADAPTER,MANUFACTURER_EXACT,,https://www.thule.com/-/s/approved/std.lang.all/61/14/1476114.pdf,NONE,
cmr0r9ruu000vrvv0r5j8ef1l,Thule,Urban Glide 3 Double,Nuna,PIPA urbn,ADAPTER,REMOVE,HIGH,Not on Thule's current exact fit list for Urban Glide 3 Double (adapter 20110763).,MANUFACTURER_EXACT_MODEL,MANUFACTURER_EXACT_MODEL,https://www.thule.com/-/s/approved/std.lang.all/61/14/1476114.pdf,Thule UG3 car seat adapter double – Maxi-Cosi,2025 (US Mar 2024),,,,,20110763,https://www.thule.com/-/s/approved/std.lang.all/61/14/1476114.pdf,,,,,,SHOULD_WORK_UNVERIFIED,MANUFACTURER_PLATFORM_GROUP,Nuna PIPA Aire,https://nunababy.com/usa/pipa-urbn,SUSPECTED_SHARED_ATTACHMENT_PLATFORM,cmr0r9rfv000prvv0nmwhyqan
cms94i2qc005xi76bpri7sv0k,Thule,Urban Glide 4-wheel,Chicco,KeyFit 30,ADAPTER,KEEP_UPDATE,HIGH,On Thule Thule UG3 car seat adapter – Universal/Chicco (20110762) current exact fit list for this chassis.,MANUFACTURER_EXACT_MODEL,MANUFACTURER_EXACT_MODEL,https://www.thule.com/-/s/approved/std.lang.all/61/12/1476112.pdf,Thule UG3 car seat adapter – Universal/Chicco,2025,ADAPTER,true,SOLD_SEPARATELY,Thule UG3 car seat adapter – Universal/Chicco,20110762,https://www.thule.com/-/s/approved/std.lang.all/61/12/1476112.pdf,,,,,,COMPATIBLE_WITH_ADAPTER,MANUFACTURER_EXACT,,https://www.thule.com/-/s/approved/std.lang.all/61/12/1476112.pdf,NONE,
cms94i2qa005ri76bfeiavwyq,Thule,Urban Glide 4-wheel,Chicco,KeyFit 30 ClearTex,ADAPTER,KEEP_UPDATE,HIGH,On Thule Thule UG3 car seat adapter – Universal/Chicco (20110762) current exact fit list for this chassis.,MANUFACTURER_EXACT_MODEL,MANUFACTURER_EXACT_MODEL,https://www.thule.com/-/s/approved/std.lang.all/61/12/1476112.pdf,Thule UG3 car seat adapter – Universal/Chicco,2025,ADAPTER,true,SOLD_SEPARATELY,Thule UG3 car seat adapter – Universal/Chicco,20110762,https://www.thule.com/-/s/approved/std.lang.all/61/12/1476112.pdf,,,,,,COMPATIBLE_WITH_ADAPTER,MANUFACTURER_EXACT,,https://www.thule.com/-/s/approved/std.lang.all/61/12/1476112.pdf,NONE,
cms94i2qf005zi76beitch0r7,Thule,Urban Glide 4-wheel,Chicco,KeyFit Max ClearTex,ADAPTER,REMOVE,HIGH,Not on Thule's current exact fit list for Urban Glide 4-wheel (adapter 20110761).,MANUFACTURER_EXACT_MODEL,MANUFACTURER_EXACT_MODEL,https://www.thule.com/-/s/approved/std.lang.all/61/11/1476111.pdf,Thule UG3 car seat adapter – Maxi-Cosi,2025 (US Feb 2024),,,,,20110761,https://www.thule.com/-/s/approved/std.lang.all/61/11/1476111.pdf,,,,,,UNKNOWN,NONE,,,NONE,
cms94i2qb005vi76bwuxekt78,Thule,Urban Glide 4-wheel,Chicco,KeyFit Max Zip ClearLux,ADAPTER,REMOVE,HIGH,Not on Thule's current exact fit list for Urban Glide 4-wheel (adapter 20110761).,MANUFACTURER_EXACT_MODEL,MANUFACTURER_EXACT_MODEL,https://www.thule.com/-/s/approved/std.lang.all/61/11/1476111.pdf,Thule UG3 car seat adapter – Maxi-Cosi,2025 (US Feb 2024),,,,,20110761,https://www.thule.com/-/s/approved/std.lang.all/61/11/1476111.pdf,,,,,,UNKNOWN,NONE,,,NONE,
cms94i2qa005ti76bkker9rcg,Thule,Urban Glide 4-wheel,Chicco,KeyFit Max Zip ClearTex,ADAPTER,REMOVE,HIGH,Not on Thule's current exact fit list for Urban Glide 4-wheel (adapter 20110761).,MANUFACTURER_EXACT_MODEL,MANUFACTURER_EXACT_MODEL,https://www.thule.com/-/s/approved/std.lang.all/61/11/1476111.pdf,Thule UG3 car seat adapter – Maxi-Cosi,2025 (US Feb 2024),,,,,20110761,https://www.thule.com/-/s/approved/std.lang.all/61/11/1476111.pdf,,,,,,UNKNOWN,NONE,,,NONE,
cms6o9nn6000x13vzmrgyveys,Thule,Urban Glide 4-wheel,Clek,Liing,ADAPTER,KEEP_UPDATE,HIGH,On Thule Thule UG3 car seat adapter – Universal/Chicco (20110762) current exact fit list for this chassis.,MANUFACTURER_EXACT_MODEL,MANUFACTURER_EXACT_MODEL,https://www.thule.com/-/s/approved/std.lang.all/61/12/1476112.pdf,Thule UG3 car seat adapter – Universal/Chicco,2025,ADAPTER,true,SOLD_SEPARATELY,Thule UG3 car seat adapter – Universal/Chicco,20110762,https://www.thule.com/-/s/approved/std.lang.all/61/12/1476112.pdf,,,,,,COMPATIBLE_WITH_ADAPTER,MANUFACTURER_EXACT,,https://www.thule.com/-/s/approved/std.lang.all/61/12/1476112.pdf,NONE,
cms6o9nn6000u13vz2pharzt6,Thule,Urban Glide 4-wheel,Clek,Liingo,ADAPTER,KEEP_UPDATE,HIGH,On Thule Thule UG3 car seat adapter – Universal/Chicco (20110762) current exact fit list for this chassis.,MANUFACTURER_EXACT_MODEL,MANUFACTURER_EXACT_MODEL,https://www.thule.com/-/s/approved/std.lang.all/61/12/1476112.pdf,Thule UG3 car seat adapter – Universal/Chicco,2025,ADAPTER,true,SOLD_SEPARATELY,Thule UG3 car seat adapter – Universal/Chicco,20110762,https://www.thule.com/-/s/approved/std.lang.all/61/12/1476112.pdf,,,,,,COMPATIBLE_WITH_ADAPTER,MANUFACTURER_EXACT,,https://www.thule.com/-/s/approved/std.lang.all/61/12/1476112.pdf,NONE,
cms6o9nnz001713vzwwladl04,Thule,Urban Glide 4-wheel,Cybex,Aton G2,ADAPTER,VERIFY,MEDIUM,"Thule 20110761 lists Cybex ""Aton G"" (and Aton 2/Q/S2); production ""aton g2"" is the 2024 refresh not explicitly listed — confirm with Thule whether the Aton G entry covers Aton G2.",MANUFACTURER_BRAND_LEVEL,,https://www.thule.com/-/s/approved/std.lang.all/61/11/1476111.pdf,Thule UG3 car seat adapter – Maxi-Cosi,2025 (US Feb 2024),,,SOLD_SEPARATELY,,20110761,https://www.thule.com/-/s/approved/std.lang.all/61/11/1476111.pdf,,,,,,UNKNOWN,NONE,,,SUSPECTED_SUCCESSOR_SAME_INTERFACE,
cms6o9nnk000z13vz7risg1dm,Thule,Urban Glide 4-wheel,Cybex,Aton G2 Swivel,ADAPTER,VERIFY,MEDIUM,"Thule 20110761 lists Cybex ""Aton G"" (and Aton 2/Q/S2); production ""aton g2 swivel"" is the 2024 refresh not explicitly listed — confirm with Thule whether the Aton G entry covers Aton G2.",MANUFACTURER_BRAND_LEVEL,,https://www.thule.com/-/s/approved/std.lang.all/61/11/1476111.pdf,Thule UG3 car seat adapter – Maxi-Cosi,2025 (US Feb 2024),,,SOLD_SEPARATELY,,20110761,https://www.thule.com/-/s/approved/std.lang.all/61/11/1476111.pdf,,,,,,UNKNOWN,NONE,,,SUSPECTED_SUCCESSOR_SAME_INTERFACE,
cms6o9nnk001213vzxnnuy9a2,Thule,Urban Glide 4-wheel,Cybex,Cloud G Pro Comfort Extend,ADAPTER,KEEP_UPDATE,HIGH,On Thule Thule UG3 car seat adapter – Maxi-Cosi (20110761) current exact fit list for this chassis.,MANUFACTURER_EXACT_MODEL,MANUFACTURER_EXACT_MODEL,https://www.thule.com/-/s/approved/std.lang.all/61/11/1476111.pdf,Thule UG3 car seat adapter – Maxi-Cosi,2025 (US Feb 2024),ADAPTER,true,SOLD_SEPARATELY,Thule UG3 car seat adapter – Maxi-Cosi,20110761,https://www.thule.com/-/s/approved/std.lang.all/61/11/1476111.pdf,,,,,,COMPATIBLE_WITH_ADAPTER,MANUFACTURER_EXACT,,https://www.thule.com/-/s/approved/std.lang.all/61/11/1476111.pdf,NONE,
cms6o9nnn001513vz0nduyqyn,Thule,Urban Glide 4-wheel,Cybex,Cloud T,ADAPTER,KEEP_UPDATE,HIGH,On Thule Thule UG3 car seat adapter – Maxi-Cosi (20110761) current exact fit list for this chassis.,MANUFACTURER_EXACT_MODEL,MANUFACTURER_EXACT_MODEL,https://www.thule.com/-/s/approved/std.lang.all/61/11/1476111.pdf,Thule UG3 car seat adapter – Maxi-Cosi,2025 (US Feb 2024),ADAPTER,true,SOLD_SEPARATELY,Thule UG3 car seat adapter – Maxi-Cosi,20110761,https://www.thule.com/-/s/approved/std.lang.all/61/11/1476111.pdf,,,,,,COMPATIBLE_WITH_ADAPTER,MANUFACTURER_EXACT,,https://www.thule.com/-/s/approved/std.lang.all/61/11/1476111.pdf,NONE,
cms6oaqod001913vzauxgh1tf,Thule,Urban Glide 4-wheel,Maxi-Cosi,Ambra,ADAPTER,REMOVE,HIGH,Not on Thule's current exact fit list for Urban Glide 4-wheel (adapter 20110761).,MANUFACTURER_EXACT_MODEL,MANUFACTURER_EXACT_MODEL,https://www.thule.com/-/s/approved/std.lang.all/61/11/1476111.pdf,Thule UG3 car seat adapter – Maxi-Cosi,2025 (US Feb 2024),,,,,20110761,https://www.thule.com/-/s/approved/std.lang.all/61/11/1476111.pdf,,,,,,UNKNOWN,NONE,,,NONE,
cms6oaqoe001f13vz1tieocaw,Thule,Urban Glide 4-wheel,Maxi-Cosi,Mico Luxe,ADAPTER,KEEP_UPDATE,HIGH,On Thule Thule UG3 car seat adapter – Maxi-Cosi (20110761) current exact fit list for this chassis.,MANUFACTURER_EXACT_MODEL,MANUFACTURER_EXACT_MODEL,https://www.thule.com/-/s/approved/std.lang.all/61/11/1476111.pdf,Thule UG3 car seat adapter – Maxi-Cosi,2025 (US Feb 2024),ADAPTER,true,SOLD_SEPARATELY,Thule UG3 car seat adapter – Maxi-Cosi,20110761,https://www.thule.com/-/s/approved/std.lang.all/61/11/1476111.pdf,,,,,,COMPATIBLE_WITH_ADAPTER,MANUFACTURER_EXACT,,https://www.thule.com/-/s/approved/std.lang.all/61/11/1476111.pdf,NONE,
cms6oaqoo001v13vzcjq41rhv,Thule,Urban Glide 4-wheel,Maxi-Cosi,Mico Pro,ADAPTER,REMOVE,HIGH,Not on Thule's current exact fit list for Urban Glide 4-wheel (adapter 20110761).,MANUFACTURER_EXACT_MODEL,MANUFACTURER_EXACT_MODEL,https://www.thule.com/-/s/approved/std.lang.all/61/11/1476111.pdf,Thule UG3 car seat adapter – Maxi-Cosi,2025 (US Feb 2024),,,,,20110761,https://www.thule.com/-/s/approved/std.lang.all/61/11/1476111.pdf,,,,,,UNKNOWN,NONE,Maxi-Cosi Mico Luxe,,SUSPECTED_SHARED_ATTACHMENT_PLATFORM,cms6oaqoe001f13vz1tieocaw
cms6oaqoe001h13vzrrtqau33,Thule,Urban Glide 4-wheel,Maxi-Cosi,Mico XP,ADAPTER,REMOVE,HIGH,Not on Thule's current exact fit list for Urban Glide 4-wheel (adapter 20110761).,MANUFACTURER_EXACT_MODEL,MANUFACTURER_EXACT_MODEL,https://www.thule.com/-/s/approved/std.lang.all/61/11/1476111.pdf,Thule UG3 car seat adapter – Maxi-Cosi,2025 (US Feb 2024),,,,,20110761,https://www.thule.com/-/s/approved/std.lang.all/61/11/1476111.pdf,,,,,,SHOULD_WORK_UNVERIFIED,DOCUMENTED_SHARED_ATTACHMENT_PLATFORM,Maxi-Cosi Mico Luxe,https://maxicosi.com/products/zelia-stroller-car-seat-adapter-tr42718,SUSPECTED_SHARED_ATTACHMENT_PLATFORM,cms6oaqoe001f13vz1tieocaw
cms6oaqoj001l13vzk6zxpyfs,Thule,Urban Glide 4-wheel,Maxi-Cosi,Peri 180,ADAPTER,KEEP_UPDATE,HIGH,On Thule Thule UG3 car seat adapter – Maxi-Cosi (20110761) current exact fit list for this chassis.,MANUFACTURER_EXACT_MODEL,MANUFACTURER_EXACT_MODEL,https://www.thule.com/-/s/approved/std.lang.all/61/11/1476111.pdf,Thule UG3 car seat adapter – Maxi-Cosi,2025 (US Feb 2024),ADAPTER,true,SOLD_SEPARATELY,Thule UG3 car seat adapter – Maxi-Cosi,20110761,https://www.thule.com/-/s/approved/std.lang.all/61/11/1476111.pdf,,,,,,COMPATIBLE_WITH_ADAPTER,MANUFACTURER_EXACT,,https://www.thule.com/-/s/approved/std.lang.all/61/11/1476111.pdf,NONE,
cmr0r9rze000xrvv0dah4pos7,Thule,Urban Glide 4-wheel,Nuna,PIPA Aire,ADAPTER,KEEP_UPDATE,HIGH,On Thule Thule UG3 car seat adapter – Maxi-Cosi (20110761) current exact fit list for this chassis.,MANUFACTURER_EXACT_MODEL,MANUFACTURER_EXACT_MODEL,https://www.thule.com/-/s/approved/std.lang.all/61/11/1476111.pdf,Thule UG3 car seat adapter – Maxi-Cosi,2025 (US Feb 2024),ADAPTER,true,SOLD_SEPARATELY,Thule UG3 car seat adapter – Maxi-Cosi,20110761,https://www.thule.com/-/s/approved/std.lang.all/61/11/1476111.pdf,,,,,,COMPATIBLE_WITH_ADAPTER,MANUFACTURER_EXACT,,https://www.thule.com/-/s/approved/std.lang.all/61/11/1476111.pdf,NONE,
cmr0r9s3u000zrvv0fbr4z3j5,Thule,Urban Glide 4-wheel,Nuna,PIPA Aire rx,ADAPTER,KEEP_UPDATE,HIGH,On Thule Thule UG3 car seat adapter – Maxi-Cosi (20110761) current exact fit list for this chassis.,MANUFACTURER_EXACT_MODEL,MANUFACTURER_EXACT_MODEL,https://www.thule.com/-/s/approved/std.lang.all/61/11/1476111.pdf,Thule UG3 car seat adapter – Maxi-Cosi,2025 (US Feb 2024),ADAPTER,true,SOLD_SEPARATELY,Thule UG3 car seat adapter – Maxi-Cosi,20110761,https://www.thule.com/-/s/approved/std.lang.all/61/11/1476111.pdf,,,,,,COMPATIBLE_WITH_ADAPTER,MANUFACTURER_EXACT,,https://www.thule.com/-/s/approved/std.lang.all/61/11/1476111.pdf,NONE,
cmr0r9s8g0011rvv0igxf1qpj,Thule,Urban Glide 4-wheel,Nuna,PIPA RX,ADAPTER,KEEP_UPDATE,HIGH,On Thule Thule UG3 car seat adapter – Maxi-Cosi (20110761) current exact fit list for this chassis.,MANUFACTURER_EXACT_MODEL,MANUFACTURER_EXACT_MODEL,https://www.thule.com/-/s/approved/std.lang.all/61/11/1476111.pdf,Thule UG3 car seat adapter – Maxi-Cosi,2025 (US Feb 2024),ADAPTER,true,SOLD_SEPARATELY,Thule UG3 car seat adapter – Maxi-Cosi,20110761,https://www.thule.com/-/s/approved/std.lang.all/61/11/1476111.pdf,,,,,,COMPATIBLE_WITH_ADAPTER,MANUFACTURER_EXACT,,https://www.thule.com/-/s/approved/std.lang.all/61/11/1476111.pdf,NONE,
cmr0r9sd40013rvv020p8fk1w,Thule,Urban Glide 4-wheel,Nuna,PIPA urbn,ADAPTER,REMOVE,HIGH,Not on Thule's current exact fit list for Urban Glide 4-wheel (adapter 20110761).,MANUFACTURER_EXACT_MODEL,MANUFACTURER_EXACT_MODEL,https://www.thule.com/-/s/approved/std.lang.all/61/11/1476111.pdf,Thule UG3 car seat adapter – Maxi-Cosi,2025 (US Feb 2024),,,,,20110761,https://www.thule.com/-/s/approved/std.lang.all/61/11/1476111.pdf,,,,,,SHOULD_WORK_UNVERIFIED,MANUFACTURER_PLATFORM_GROUP,Nuna PIPA Aire,https://nunababy.com/usa/pipa-urbn,SUSPECTED_SHARED_ATTACHMENT_PLATFORM,cmr0r9rze000xrvv0dah4pos7
cmr0r9shr0015rvv0m5lop70r,Thule,Urban Glide 4-Wheel Single Child,Nuna,PIPA Aire,ADAPTER,REMOVE,HIGH,Duplicate chassis record of Urban Glide 4-wheel; canonicalize identity — compatibility is represented on the canonical Urban Glide 4-wheel record.,MANUFACTURER_BRAND_LEVEL,,,,,,,,,,,,,,,PENDING_IDENTITY resolved: same chassis as Urban Glide 4-wheel; merge records.,IDENTITY_DEDUP,NONE,,,NONE,
cmr0r9sme0017rvv0ynjzvfn8,Thule,Urban Glide 4-Wheel Single Child,Nuna,PIPA Aire rx,ADAPTER,REMOVE,HIGH,Duplicate chassis record of Urban Glide 4-wheel; canonicalize identity — compatibility is represented on the canonical Urban Glide 4-wheel record.,MANUFACTURER_BRAND_LEVEL,,,,,,,,,,,,,,,PENDING_IDENTITY resolved: same chassis as Urban Glide 4-wheel; merge records.,IDENTITY_DEDUP,NONE,,,NONE,
cmr0r9sr10019rvv0lahj7iuv,Thule,Urban Glide 4-Wheel Single Child,Nuna,PIPA RX,ADAPTER,REMOVE,HIGH,Duplicate chassis record of Urban Glide 4-wheel; canonicalize identity — compatibility is represented on the canonical Urban Glide 4-wheel record.,MANUFACTURER_BRAND_LEVEL,,,,,,,,,,,,,,,PENDING_IDENTITY resolved: same chassis as Urban Glide 4-wheel; merge records.,IDENTITY_DEDUP,NONE,,,NONE,
cmr0r9sxr001brvv0ws3ppc2m,Thule,Urban Glide 4-Wheel Single Child,Nuna,PIPA urbn,ADAPTER,REMOVE,HIGH,Duplicate chassis record of Urban Glide 4-wheel; canonicalize identity — compatibility is represented on the canonical Urban Glide 4-wheel record.,MANUFACTURER_BRAND_LEVEL,,,,,,,,,,,,,,,PENDING_IDENTITY resolved: same chassis as Urban Glide 4-wheel; merge records.,IDENTITY_DEDUP,NONE,,,NONE,
cmqu9huhk0025bq8eyz29t0wu,Veer,All-Terrain Cruiser,Britax,Cypress S,ADAPTER,VERIFY,MEDIUM,"SOURCE_REVISION_CONFLICT: Nov 2024 guide lists Britax Cypress (production ""Cypress S"") on the Cruiser columns; current Veer adapter pages name no Cruiser adapter for the newer Britax family (routed to Switchback). Downgraded KEEP->VERIFY in V1.2 pending the exact current Cruiser adapter.",SOURCE_REVISION_CONFLICT,SOURCE_REVISION_CONFLICT,https://support.goveer.com/en-US/britax-infant-car-seat-adapter-for-veer-switchback-system-510552,"SOURCE_REVISION_CONFLICT — Nov 2024 Veer guide lists this seat on the Cruiser columns, but current Veer Cruiser adapter pages (479257 = legacy pre-2024 Britax only; 479577 = Britax needs a different adapter) name NO Cruiser adapter for the newer Britax family, and Switchback-Britax page 510552 routes Cypress/Willow/Willow S/Willow SC to the &Roll/&Jog Nuna/Cybex/Maxi-Cosi/Clek adapter.",current Veer adapter pages verified 2026-09-02; guide dated Nov 2024,,,UNIDENTIFIED_CONFLICT,,,,,,,1,"V1.2 downgrade from the V1.1 KEEP. The 479257 / MANUFACTURER_EXACT attribution is RETRACTED (current 479257 lists legacy pre-2024 Britax only). IDENTITY: production ""Cypress S"" = Britax ""Cypress"". Awaiting first-party confirmation of a current Cruiser adapter for Willow/Cypress; else REMOVE (Switchback-only).",UNKNOWN,SOURCE_REVISION_CONFLICT,,,NONE,
cmqu9huci0021bq8e91p6m3o5,Veer,All-Terrain Cruiser,Britax,Willow S,ADAPTER,VERIFY,MEDIUM,SOURCE_REVISION_CONFLICT: Nov 2024 guide lists Britax Willow S on the Cruiser columns; current Veer adapter pages name no Cruiser adapter for the newer Britax family (routed to Switchback). Downgraded KEEP->VERIFY in V1.2 pending the exact current Cruiser adapter.,SOURCE_REVISION_CONFLICT,SOURCE_REVISION_CONFLICT,https://support.goveer.com/en-US/britax-infant-car-seat-adapter-for-veer-switchback-system-510552,"SOURCE_REVISION_CONFLICT — Nov 2024 Veer guide lists this seat on the Cruiser columns, but current Veer Cruiser adapter pages (479257 = legacy pre-2024 Britax only; 479577 = Britax needs a different adapter) name NO Cruiser adapter for the newer Britax family, and Switchback-Britax page 510552 routes Cypress/Willow/Willow S/Willow SC to the &Roll/&Jog Nuna/Cybex/Maxi-Cosi/Clek adapter.",current Veer adapter pages verified 2026-09-02; guide dated Nov 2024,,,UNIDENTIFIED_CONFLICT,,,,,,,1,V1.2 downgrade from the V1.1 KEEP. The 479257 / MANUFACTURER_EXACT attribution is RETRACTED (current 479257 lists legacy pre-2024 Britax only). Awaiting first-party confirmation of a current Cruiser adapter for Willow/Cypress; else REMOVE (Switchback-only).,UNKNOWN,SOURCE_REVISION_CONFLICT,,,NONE,
cmqu9huez0023bq8e0fyrx7zw,Veer,All-Terrain Cruiser,Britax,Willow SC,ADAPTER,VERIFY,MEDIUM,SOURCE_REVISION_CONFLICT: Nov 2024 guide lists Britax Willow SC on the Cruiser columns; current Veer adapter pages name no Cruiser adapter for the newer Britax family (routed to Switchback). Downgraded KEEP->VERIFY in V1.2 pending the exact current Cruiser adapter.,SOURCE_REVISION_CONFLICT,SOURCE_REVISION_CONFLICT,https://support.goveer.com/en-US/britax-infant-car-seat-adapter-for-veer-switchback-system-510552,"SOURCE_REVISION_CONFLICT — Nov 2024 Veer guide lists this seat on the Cruiser columns, but current Veer Cruiser adapter pages (479257 = legacy pre-2024 Britax only; 479577 = Britax needs a different adapter) name NO Cruiser adapter for the newer Britax family, and Switchback-Britax page 510552 routes Cypress/Willow/Willow S/Willow SC to the &Roll/&Jog Nuna/Cybex/Maxi-Cosi/Clek adapter.",current Veer adapter pages verified 2026-09-02; guide dated Nov 2024,,,UNIDENTIFIED_CONFLICT,,,,,,,1,V1.2 downgrade from the V1.1 KEEP. The 479257 / MANUFACTURER_EXACT attribution is RETRACTED (current 479257 lists legacy pre-2024 Britax only). Awaiting first-party confirmation of a current Cruiser adapter for Willow/Cypress; else REMOVE (Switchback-only).,UNKNOWN,SOURCE_REVISION_CONFLICT,,,NONE,
cmqx4rciy002d70o083je6fxh,Veer,All-Terrain Cruiser,Cybex,Aton G2,ADAPTER,REMOVE,HIGH,Exceeds Veer's exact adapter list. Newer/again-named seat not enumerated on Veer's current exact list.,MANUFACTURER_EXACT_MODEL,MANUFACTURER_EXACT_MODEL,,Veer current adapter compatibility (manufacturer support chart; per audit working file — not re-fetched this pass),,ADAPTER,true,,,,,,,,,,UNKNOWN,NONE,,,SUSPECTED_SUCCESSOR_SAME_INTERFACE,
cmrmtwev0000b11u5g840t1vj,Veer,All-Terrain Cruiser,Cybex,Aton G2 Swivel,ADAPTER,REMOVE,HIGH,Exceeds Veer's exact adapter list. Newer/again-named seat not enumerated on Veer's current exact list.,MANUFACTURER_EXACT_MODEL,MANUFACTURER_EXACT_MODEL,,Veer current adapter compatibility (manufacturer support chart; per audit working file — not re-fetched this pass),,ADAPTER,true,,,,,,,,,,UNKNOWN,NONE,,,SUSPECTED_SUCCESSOR_SAME_INTERFACE,
cmqx4rcl8002f70o0dzwmi95h,Veer,All-Terrain Cruiser,Cybex,Cloud G Pro Comfort Extend,ADAPTER,REMOVE,HIGH,Exceeds Veer's exact adapter list. Newer/again-named seat not enumerated on Veer's current exact list.,MANUFACTURER_EXACT_MODEL,MANUFACTURER_EXACT_MODEL,,Veer current adapter compatibility (manufacturer support chart; per audit working file — not re-fetched this pass),,ADAPTER,true,,,,,,,,,,UNKNOWN,NONE,,,NONE,
cmqt2544r002jfvq8i5uyp63y,Veer,All-Terrain Cruiser,Cybex,Cloud T,ADAPTER,REMOVE,HIGH,Exceeds Veer's exact adapter list. Newer/again-named seat not enumerated on Veer's current exact list.,MANUFACTURER_EXACT_MODEL,MANUFACTURER_EXACT_MODEL,,Veer current adapter compatibility (manufacturer support chart; per audit working file — not re-fetched this pass),,ADAPTER,true,,,,,,,,,,UNKNOWN,NONE,,,NONE,
cmqx4rcgp002b70o07l0dj4hc,Veer,All-Terrain Cruiser,Maxi-Cosi,Ambra,ADAPTER,REMOVE,HIGH,Exceeds Veer's exact adapter list. Newer/again-named seat not enumerated on Veer's current exact list.,MANUFACTURER_EXACT_MODEL,MANUFACTURER_EXACT_MODEL,,Veer current adapter compatibility (manufacturer support chart; per audit working file — not re-fetched this pass),,ADAPTER,true,,,,,,,,,,UNKNOWN,NONE,,,NONE,
cmqt253os0025fvq8rtsm33ju,Veer,All-Terrain Cruiser,Maxi-Cosi,Mico Luxe,ADAPTER,REMOVE,HIGH,Exceeds Veer's exact adapter list. Newer/again-named seat not enumerated on Veer's current exact list.,MANUFACTURER_EXACT_MODEL,MANUFACTURER_EXACT_MODEL,,Veer current adapter compatibility (manufacturer support chart; per audit working file — not re-fetched this pass),,ADAPTER,true,,,,,,,,,,UNKNOWN,NONE,,,SUSPECTED_SHARED_ATTACHMENT_PLATFORM,
cmqt253k80021fvq81fv6kyx1,Veer,All-Terrain Cruiser,Maxi-Cosi,Mico Pro,ADAPTER,REMOVE,HIGH,Exceeds Veer's exact adapter list. Newer/again-named seat not enumerated on Veer's current exact list.,MANUFACTURER_EXACT_MODEL,MANUFACTURER_EXACT_MODEL,,Veer current adapter compatibility (manufacturer support chart; per audit working file — not re-fetched this pass),,ADAPTER,true,,,,,,,,,,UNKNOWN,NONE,,,SUSPECTED_SHARED_ATTACHMENT_PLATFORM,
cmqt253r10027fvq839d3mykm,Veer,All-Terrain Cruiser,Maxi-Cosi,Peri 180,ADAPTER,REMOVE,HIGH,Exceeds Veer's exact adapter list. Newer/again-named seat not enumerated on Veer's current exact list.,MANUFACTURER_EXACT_MODEL,MANUFACTURER_EXACT_MODEL,,Veer current adapter compatibility (manufacturer support chart; per audit working file — not re-fetched this pass),,ADAPTER,true,,,,,,,,,,UNKNOWN,NONE,,,NONE,
cmqt253vl002bfvq84s3zyv9s,Veer,All-Terrain Cruiser,Nuna,PIPA Aire,ADAPTER,REMOVE,HIGH,Exceeds Veer's exact adapter list. Newer/again-named seat not enumerated on Veer's current exact list.,MANUFACTURER_EXACT_MODEL,MANUFACTURER_EXACT_MODEL,,Veer current adapter compatibility (manufacturer support chart; per audit working file — not re-fetched this pass),,ADAPTER,true,,,,,,,,,,SHOULD_WORK_UNVERIFIED,MANUFACTURER_PLATFORM_GROUP,Nuna PIPA Aire rx,https://nunababy.com/usa/pipa-car-seat-adapter-for-uppababy-vista-cruz,SUSPECTED_SHARED_ATTACHMENT_PLATFORM,cmqt253xv002dfvq8p8tfw123
cmqt253xv002dfvq8p8tfw123,Veer,All-Terrain Cruiser,Nuna,PIPA Aire rx,ADAPTER,KEEP_UPDATE,HIGH,On Veer's current exact Cruiser adapter family approved list.,MANUFACTURER_EXACT_MODEL,MANUFACTURER_EXACT_MODEL,https://support.goveer.com/en-US/infant-car-seat-adapter-for-cybex-maxi-cosi-nuna-and-clek-479577,Veer Cruiser ICS Adapter — Cybex/Maxi-Cosi/Nuna/Clek — first-party Veer compatibility manual,Nov 2024 fit list (accessed 2026-09-01),ADAPTER,true,SOLD_SEPARATELY,Veer Cruiser ICS Adapter — Cybex/Maxi-Cosi/Nuna/Clek,,https://support.goveer.com/en-US/infant-car-seat-adapter-for-cybex-maxi-cosi-nuna-and-clek-479577,,,,1,SKU_NOT_PUBLISHED: Veer does not publish a numeric adapter SKU on its first-party manuals.,COMPATIBLE_WITH_ADAPTER,MANUFACTURER_EXACT,,https://support.goveer.com/en-US/infant-car-seat-adapter-for-cybex-maxi-cosi-nuna-and-clek-479577,NONE,
cmqt253tb0029fvq84fnoj9z2,Veer,All-Terrain Cruiser,Nuna,PIPA RX,ADAPTER,KEEP_UPDATE,HIGH,On Veer's current exact Cruiser adapter family approved list.,MANUFACTURER_EXACT_MODEL,MANUFACTURER_EXACT_MODEL,https://support.goveer.com/en-US/infant-car-seat-adapter-for-cybex-maxi-cosi-nuna-and-clek-479577,Veer Cruiser ICS Adapter — Cybex/Maxi-Cosi/Nuna/Clek — first-party Veer compatibility manual,Nov 2024 fit list (accessed 2026-09-01),ADAPTER,true,SOLD_SEPARATELY,Veer Cruiser ICS Adapter — Cybex/Maxi-Cosi/Nuna/Clek,,https://support.goveer.com/en-US/infant-car-seat-adapter-for-cybex-maxi-cosi-nuna-and-clek-479577,,,,1,SKU_NOT_PUBLISHED: Veer does not publish a numeric adapter SKU on its first-party manuals.,COMPATIBLE_WITH_ADAPTER,MANUFACTURER_EXACT,,https://support.goveer.com/en-US/infant-car-seat-adapter-for-cybex-maxi-cosi-nuna-and-clek-479577,NONE,
cmqt25405002ffvq8esap2m9g,Veer,All-Terrain Cruiser,Nuna,PIPA urbn,ADAPTER,REMOVE,HIGH,Exceeds Veer's exact adapter list. Newer/again-named seat not enumerated on Veer's current exact list.,MANUFACTURER_EXACT_MODEL,MANUFACTURER_EXACT_MODEL,,Veer current adapter compatibility (manufacturer support chart; per audit working file — not re-fetched this pass),,ADAPTER,true,,,,,,,,,,SHOULD_WORK_UNVERIFIED,MANUFACTURER_PLATFORM_GROUP,Nuna PIPA Aire rx,https://nunababy.com/usa/pipa-urbn,SUSPECTED_SHARED_ATTACHMENT_PLATFORM,cmqt253xv002dfvq8p8tfw123
cmqx8pgsv0003gq0c0o1j8ux2,Veer,All-Terrain Cruiser,UPPAbaby,Aria,ADAPTER,KEEP_UPDATE,HIGH,On Veer's current exact Cruiser adapter family approved list.,MANUFACTURER_EXACT_MODEL,MANUFACTURER_EXACT_MODEL,https://support.goveer.com/en-US/infant-car-seat-adapter-for-graco-britax-and-uppababy-479257,Veer Cruiser ICS Adapter — Graco/Britax/UPPAbaby — first-party Veer compatibility manual,Nov 2024 fit list (accessed 2026-09-01),ADAPTER,true,SOLD_SEPARATELY,Veer Cruiser ICS Adapter — Graco/Britax/UPPAbaby,,https://support.goveer.com/en-US/infant-car-seat-adapter-for-graco-britax-and-uppababy-479257,,,,1,SKU_NOT_PUBLISHED: Veer does not publish a numeric adapter SKU on its first-party manuals.,COMPATIBLE_WITH_ADAPTER,MANUFACTURER_EXACT,,https://support.goveer.com/en-US/infant-car-seat-adapter-for-graco-britax-and-uppababy-479257,NONE,
cmqx8pgv70005gq0ce6yo0z0s,Veer,All-Terrain Cruiser,UPPAbaby,Aria V2,ADAPTER,REMOVE,HIGH,Exceeds Veer's exact adapter list. Mesa V3 / Aria V2 not on current Veer chart (Mesa/Mesa V2/Mesa Max/Aria only).,MANUFACTURER_EXACT_MODEL,MANUFACTURER_EXACT_MODEL,,Veer current adapter compatibility (manufacturer support chart; per audit working file — not re-fetched this pass),,ADAPTER,true,,,,,,,,,,SHOULD_WORK_UNVERIFIED,DOCUMENTED_SHARED_ATTACHMENT_PLATFORM,UPPAbaby Aria,https://uppababy.com/accessories/strollers-accessories/minu-mesa-bassinet-adapters/,SUSPECTED_SUCCESSOR_SAME_INTERFACE,cmqx8pgsv0003gq0c0o1j8ux2
cmqx8pgxj0007gq0c4pomnnz7,Veer,All-Terrain Cruiser,UPPAbaby,Mesa V3,ADAPTER,REMOVE,HIGH,Exceeds Veer's exact adapter list. Mesa V3 / Aria V2 not on current Veer chart (Mesa/Mesa V2/Mesa Max/Aria only).,MANUFACTURER_EXACT_MODEL,MANUFACTURER_EXACT_MODEL,,Veer current adapter compatibility (manufacturer support chart; per audit working file — not re-fetched this pass),,ADAPTER,true,,,,,,,,,,UNKNOWN,NONE,,,SUSPECTED_SUCCESSOR_SAME_INTERFACE,
cmqx8piyi001xgq0cyfhzib32,Veer,Cruiser,Britax,Cypress S,ADAPTER,VERIFY,MEDIUM,"SOURCE_REVISION_CONFLICT: Nov 2024 guide lists Britax Cypress (production ""Cypress S"") on the Cruiser columns; current Veer adapter pages name no Cruiser adapter for the newer Britax family (routed to Switchback). Downgraded KEEP->VERIFY in V1.2 pending the exact current Cruiser adapter.",SOURCE_REVISION_CONFLICT,SOURCE_REVISION_CONFLICT,https://support.goveer.com/en-US/britax-infant-car-seat-adapter-for-veer-switchback-system-510552,"SOURCE_REVISION_CONFLICT — Nov 2024 Veer guide lists this seat on the Cruiser columns, but current Veer Cruiser adapter pages (479257 = legacy pre-2024 Britax only; 479577 = Britax needs a different adapter) name NO Cruiser adapter for the newer Britax family, and Switchback-Britax page 510552 routes Cypress/Willow/Willow S/Willow SC to the &Roll/&Jog Nuna/Cybex/Maxi-Cosi/Clek adapter.",current Veer adapter pages verified 2026-09-02; guide dated Nov 2024,,,UNIDENTIFIED_CONFLICT,,,,,,,1,"V1.2 downgrade from the V1.1 KEEP. The 479257 / MANUFACTURER_EXACT attribution is RETRACTED (current 479257 lists legacy pre-2024 Britax only). IDENTITY: production ""Cypress S"" = Britax ""Cypress"". Awaiting first-party confirmation of a current Cruiser adapter for Willow/Cypress; else REMOVE (Switchback-only).",UNKNOWN,SOURCE_REVISION_CONFLICT,,,NONE,
cmqx8pitp001tgq0cz0m2wl11,Veer,Cruiser,Britax,Willow S,ADAPTER,VERIFY,MEDIUM,SOURCE_REVISION_CONFLICT: Nov 2024 guide lists Britax Willow S on the Cruiser columns; current Veer adapter pages name no Cruiser adapter for the newer Britax family (routed to Switchback). Downgraded KEEP->VERIFY in V1.2 pending the exact current Cruiser adapter.,SOURCE_REVISION_CONFLICT,SOURCE_REVISION_CONFLICT,https://support.goveer.com/en-US/britax-infant-car-seat-adapter-for-veer-switchback-system-510552,"SOURCE_REVISION_CONFLICT — Nov 2024 Veer guide lists this seat on the Cruiser columns, but current Veer Cruiser adapter pages (479257 = legacy pre-2024 Britax only; 479577 = Britax needs a different adapter) name NO Cruiser adapter for the newer Britax family, and Switchback-Britax page 510552 routes Cypress/Willow/Willow S/Willow SC to the &Roll/&Jog Nuna/Cybex/Maxi-Cosi/Clek adapter.",current Veer adapter pages verified 2026-09-02; guide dated Nov 2024,,,UNIDENTIFIED_CONFLICT,,,,,,,1,V1.2 downgrade from the V1.1 KEEP. The 479257 / MANUFACTURER_EXACT attribution is RETRACTED (current 479257 lists legacy pre-2024 Britax only). Awaiting first-party confirmation of a current Cruiser adapter for Willow/Cypress; else REMOVE (Switchback-only).,UNKNOWN,SOURCE_REVISION_CONFLICT,,,NONE,
cmqx8piw4001vgq0c3yo9iqzi,Veer,Cruiser,Britax,Willow SC,ADAPTER,VERIFY,MEDIUM,SOURCE_REVISION_CONFLICT: Nov 2024 guide lists Britax Willow SC on the Cruiser columns; current Veer adapter pages name no Cruiser adapter for the newer Britax family (routed to Switchback). Downgraded KEEP->VERIFY in V1.2 pending the exact current Cruiser adapter.,SOURCE_REVISION_CONFLICT,SOURCE_REVISION_CONFLICT,https://support.goveer.com/en-US/britax-infant-car-seat-adapter-for-veer-switchback-system-510552,"SOURCE_REVISION_CONFLICT — Nov 2024 Veer guide lists this seat on the Cruiser columns, but current Veer Cruiser adapter pages (479257 = legacy pre-2024 Britax only; 479577 = Britax needs a different adapter) name NO Cruiser adapter for the newer Britax family, and Switchback-Britax page 510552 routes Cypress/Willow/Willow S/Willow SC to the &Roll/&Jog Nuna/Cybex/Maxi-Cosi/Clek adapter.",current Veer adapter pages verified 2026-09-02; guide dated Nov 2024,,,UNIDENTIFIED_CONFLICT,,,,,,,1,V1.2 downgrade from the V1.1 KEEP. The 479257 / MANUFACTURER_EXACT attribution is RETRACTED (current 479257 lists legacy pre-2024 Britax only). Awaiting first-party confirmation of a current Cruiser adapter for Willow/Cypress; else REMOVE (Switchback-only).,UNKNOWN,SOURCE_REVISION_CONFLICT,,,NONE,
cmqx8phln000rgq0ccpqp4dpt,Veer,Cruiser,Cybex,Aton G2,ADAPTER,REMOVE,HIGH,Exceeds Veer's exact adapter list. Newer/again-named seat not enumerated on Veer's current exact list.,MANUFACTURER_EXACT_MODEL,MANUFACTURER_EXACT_MODEL,,Veer current adapter compatibility (manufacturer support chart; per audit working file — not re-fetched this pass),,ADAPTER,true,,,,,,,,,,UNKNOWN,NONE,,,SUSPECTED_SUCCESSOR_SAME_INTERFACE,
cmrmtwf69000l11u5p6h92r0f,Veer,Cruiser,Cybex,Aton G2 Swivel,ADAPTER,REMOVE,HIGH,Exceeds Veer's exact adapter list. Newer/again-named seat not enumerated on Veer's current exact list.,MANUFACTURER_EXACT_MODEL,MANUFACTURER_EXACT_MODEL,,Veer current adapter compatibility (manufacturer support chart; per audit working file — not re-fetched this pass),,ADAPTER,true,,,,,,,,,,UNKNOWN,NONE,,,SUSPECTED_SUCCESSOR_SAME_INTERFACE,
cmqx8phnw000tgq0c4ne8jojd,Veer,Cruiser,Cybex,Cloud G Pro Comfort Extend,ADAPTER,REMOVE,HIGH,Exceeds Veer's exact adapter list. Newer/again-named seat not enumerated on Veer's current exact list.,MANUFACTURER_EXACT_MODEL,MANUFACTURER_EXACT_MODEL,,Veer current adapter compatibility (manufacturer support chart; per audit working file — not re-fetched this pass),,ADAPTER,true,,,,,,,,,,UNKNOWN,NONE,,,NONE,
cmqx8phsf000xgq0cq9sqmlmv,Veer,Cruiser,Cybex,Cloud T,ADAPTER,REMOVE,HIGH,Exceeds Veer's exact adapter list. Newer/again-named seat not enumerated on Veer's current exact list.,MANUFACTURER_EXACT_MODEL,MANUFACTURER_EXACT_MODEL,,Veer current adapter compatibility (manufacturer support chart; per audit working file — not re-fetched this pass),,ADAPTER,true,,,,,,,,,,UNKNOWN,NONE,,,NONE,
cmqx8pi4a0017gq0cjlbu88ji,Veer,Cruiser,Maxi-Cosi,Ambra,ADAPTER,REMOVE,HIGH,Exceeds Veer's exact adapter list. Newer/again-named seat not enumerated on Veer's current exact list.,MANUFACTURER_EXACT_MODEL,MANUFACTURER_EXACT_MODEL,,Veer current adapter compatibility (manufacturer support chart; per audit working file — not re-fetched this pass),,ADAPTER,true,,,,,,,,,,UNKNOWN,NONE,,,NONE,
cmqx8phbz000jgq0c2xi9mjq9,Veer,Cruiser,Maxi-Cosi,Mico Luxe,ADAPTER,REMOVE,HIGH,Exceeds Veer's exact adapter list. Newer/again-named seat not enumerated on Veer's current exact list.,MANUFACTURER_EXACT_MODEL,MANUFACTURER_EXACT_MODEL,,Veer current adapter compatibility (manufacturer support chart; per audit working file — not re-fetched this pass),,ADAPTER,true,,,,,,,,,,UNKNOWN,NONE,,,SUSPECTED_SHARED_ATTACHMENT_PLATFORM,
cmqx8phej000lgq0cxlb1rff0,Veer,Cruiser,Maxi-Cosi,Mico Pro,ADAPTER,REMOVE,HIGH,Exceeds Veer's exact adapter list. Newer/again-named seat not enumerated on Veer's current exact list.,MANUFACTURER_EXACT_MODEL,MANUFACTURER_EXACT_MODEL,,Veer current adapter compatibility (manufacturer support chart; per audit working file — not re-fetched this pass),,ADAPTER,true,,,,,,,,,,UNKNOWN,NONE,,,SUSPECTED_SHARED_ATTACHMENT_PLATFORM,
cmqx8phz80013gq0cxqwha46i,Veer,Cruiser,Maxi-Cosi,Peri 180,ADAPTER,REMOVE,HIGH,Exceeds Veer's exact adapter list. Newer/again-named seat not enumerated on Veer's current exact list.,MANUFACTURER_EXACT_MODEL,MANUFACTURER_EXACT_MODEL,,Veer current adapter compatibility (manufacturer support chart; per audit working file — not re-fetched this pass),,ADAPTER,true,,,,,,,,,,UNKNOWN,NONE,,,NONE,
cmqx8phup000zgq0cqmqy5ieu,Veer,Cruiser,Nuna,PIPA Aire,ADAPTER,REMOVE,HIGH,Exceeds Veer's exact adapter list. Newer/again-named seat not enumerated on Veer's current exact list.,MANUFACTURER_EXACT_MODEL,MANUFACTURER_EXACT_MODEL,,Veer current adapter compatibility (manufacturer support chart; per audit working file — not re-fetched this pass),,ADAPTER,true,,,,,,,,,,SHOULD_WORK_UNVERIFIED,MANUFACTURER_PLATFORM_GROUP,Nuna PIPA Aire rx,https://nunababy.com/usa/pipa-car-seat-adapter-for-uppababy-vista-cruz,SUSPECTED_SHARED_ATTACHMENT_PLATFORM,cmqx8phq5000vgq0cwcnswk7l
cmqx8phq5000vgq0cwcnswk7l,Veer,Cruiser,Nuna,PIPA Aire rx,ADAPTER,KEEP_UPDATE,HIGH,On Veer's current exact Cruiser adapter family approved list.,MANUFACTURER_EXACT_MODEL,MANUFACTURER_EXACT_MODEL,https://support.goveer.com/en-US/infant-car-seat-adapter-for-cybex-maxi-cosi-nuna-and-clek-479577,Veer Cruiser ICS Adapter — Cybex/Maxi-Cosi/Nuna/Clek — first-party Veer compatibility manual,Nov 2024 fit list (accessed 2026-09-01),ADAPTER,true,SOLD_SEPARATELY,Veer Cruiser ICS Adapter — Cybex/Maxi-Cosi/Nuna/Clek,,https://support.goveer.com/en-US/infant-car-seat-adapter-for-cybex-maxi-cosi-nuna-and-clek-479577,,,,1,SKU_NOT_PUBLISHED: Veer does not publish a numeric adapter SKU on its first-party manuals.,COMPATIBLE_WITH_ADAPTER,MANUFACTURER_EXACT,,https://support.goveer.com/en-US/infant-car-seat-adapter-for-cybex-maxi-cosi-nuna-and-clek-479577,NONE,
cmqx8ph95000hgq0cb1ny4823,Veer,Cruiser,Nuna,PIPA RX,ADAPTER,KEEP_UPDATE,HIGH,On Veer's current exact Cruiser adapter family approved list.,MANUFACTURER_EXACT_MODEL,MANUFACTURER_EXACT_MODEL,https://support.goveer.com/en-US/infant-car-seat-adapter-for-cybex-maxi-cosi-nuna-and-clek-479577,Veer Cruiser ICS Adapter — Cybex/Maxi-Cosi/Nuna/Clek — first-party Veer compatibility manual,Nov 2024 fit list (accessed 2026-09-01),ADAPTER,true,SOLD_SEPARATELY,Veer Cruiser ICS Adapter — Cybex/Maxi-Cosi/Nuna/Clek,,https://support.goveer.com/en-US/infant-car-seat-adapter-for-cybex-maxi-cosi-nuna-and-clek-479577,,,,1,SKU_NOT_PUBLISHED: Veer does not publish a numeric adapter SKU on its first-party manuals.,COMPATIBLE_WITH_ADAPTER,MANUFACTURER_EXACT,,https://support.goveer.com/en-US/infant-car-seat-adapter-for-cybex-maxi-cosi-nuna-and-clek-479577,NONE,
cmqx8phwz0011gq0cw56kywvk,Veer,Cruiser,Nuna,PIPA urbn,ADAPTER,REMOVE,HIGH,Exceeds Veer's exact adapter list. Newer/again-named seat not enumerated on Veer's current exact list.,MANUFACTURER_EXACT_MODEL,MANUFACTURER_EXACT_MODEL,,Veer current adapter compatibility (manufacturer support chart; per audit working file — not re-fetched this pass),,ADAPTER,true,,,,,,,,,,SHOULD_WORK_UNVERIFIED,MANUFACTURER_PLATFORM_GROUP,Nuna PIPA Aire rx,https://nunababy.com/usa/pipa-urbn,SUSPECTED_SHARED_ATTACHMENT_PLATFORM,cmqx8phq5000vgq0cwcnswk7l
cmqx8ph2a000bgq0ccpdtlu9c,Veer,Cruiser,UPPAbaby,Aria,ADAPTER,KEEP_UPDATE,HIGH,On Veer's current exact Cruiser adapter family approved list.,MANUFACTURER_EXACT_MODEL,MANUFACTURER_EXACT_MODEL,https://support.goveer.com/en-US/infant-car-seat-adapter-for-graco-britax-and-uppababy-479257,Veer Cruiser ICS Adapter — Graco/Britax/UPPAbaby — first-party Veer compatibility manual,Nov 2024 fit list (accessed 2026-09-01),ADAPTER,true,SOLD_SEPARATELY,Veer Cruiser ICS Adapter — Graco/Britax/UPPAbaby,,https://support.goveer.com/en-US/infant-car-seat-adapter-for-graco-britax-and-uppababy-479257,,,,1,SKU_NOT_PUBLISHED: Veer does not publish a numeric adapter SKU on its first-party manuals.,COMPATIBLE_WITH_ADAPTER,MANUFACTURER_EXACT,,https://support.goveer.com/en-US/infant-car-seat-adapter-for-graco-britax-and-uppababy-479257,NONE,
cmqx8ph4j000dgq0c0qu3a5sh,Veer,Cruiser,UPPAbaby,Aria V2,ADAPTER,REMOVE,HIGH,Exceeds Veer's exact adapter list. Mesa V3 / Aria V2 not on current Veer chart (Mesa/Mesa V2/Mesa Max/Aria only).,MANUFACTURER_EXACT_MODEL,MANUFACTURER_EXACT_MODEL,,Veer current adapter compatibility (manufacturer support chart; per audit working file — not re-fetched this pass),,ADAPTER,true,,,,,,,,,,SHOULD_WORK_UNVERIFIED,DOCUMENTED_SHARED_ATTACHMENT_PLATFORM,UPPAbaby Aria,https://uppababy.com/accessories/strollers-accessories/minu-mesa-bassinet-adapters/,SUSPECTED_SUCCESSOR_SAME_INTERFACE,cmqx8ph2a000bgq0ccpdtlu9c
cmqx8ph6v000fgq0cdss23blr,Veer,Cruiser,UPPAbaby,Mesa V3,ADAPTER,REMOVE,HIGH,Exceeds Veer's exact adapter list. Mesa V3 / Aria V2 not on current Veer chart (Mesa/Mesa V2/Mesa Max/Aria only).,MANUFACTURER_EXACT_MODEL,MANUFACTURER_EXACT_MODEL,,Veer current adapter compatibility (manufacturer support chart; per audit working file — not re-fetched this pass),,ADAPTER,true,,,,,,,,,,UNKNOWN,NONE,,,SUSPECTED_SUCCESSOR_SAME_INTERFACE,
cmqzsb5j7005712dxia550crg,Veer,Cruiser City,Britax,Cypress S,ADAPTER,VERIFY,MEDIUM,"SOURCE_REVISION_CONFLICT: Nov 2024 guide lists Britax Cypress (production ""Cypress S"") on the Cruiser columns; current Veer adapter pages name no Cruiser adapter for the newer Britax family (routed to Switchback). Downgraded KEEP->VERIFY in V1.2 pending the exact current Cruiser adapter.",SOURCE_REVISION_CONFLICT,SOURCE_REVISION_CONFLICT,https://support.goveer.com/en-US/britax-infant-car-seat-adapter-for-veer-switchback-system-510552,"SOURCE_REVISION_CONFLICT — Nov 2024 Veer guide lists this seat on the Cruiser columns, but current Veer Cruiser adapter pages (479257 = legacy pre-2024 Britax only; 479577 = Britax needs a different adapter) name NO Cruiser adapter for the newer Britax family, and Switchback-Britax page 510552 routes Cypress/Willow/Willow S/Willow SC to the &Roll/&Jog Nuna/Cybex/Maxi-Cosi/Clek adapter.",current Veer adapter pages verified 2026-09-02; guide dated Nov 2024,,,UNIDENTIFIED_CONFLICT,,,,,,,1,"V1.2 downgrade from the V1.1 KEEP. The 479257 / MANUFACTURER_EXACT attribution is RETRACTED (current 479257 lists legacy pre-2024 Britax only). IDENTITY: production ""Cypress S"" = Britax ""Cypress"". Awaiting first-party confirmation of a current Cruiser adapter for Willow/Cypress; else REMOVE (Switchback-only).",UNKNOWN,SOURCE_REVISION_CONFLICT,,,NONE,
cmqzsb5em005312dx8k5pstx0,Veer,Cruiser City,Britax,Willow S,ADAPTER,VERIFY,MEDIUM,SOURCE_REVISION_CONFLICT: Nov 2024 guide lists Britax Willow S on the Cruiser columns; current Veer adapter pages name no Cruiser adapter for the newer Britax family (routed to Switchback). Downgraded KEEP->VERIFY in V1.2 pending the exact current Cruiser adapter.,SOURCE_REVISION_CONFLICT,SOURCE_REVISION_CONFLICT,https://support.goveer.com/en-US/britax-infant-car-seat-adapter-for-veer-switchback-system-510552,"SOURCE_REVISION_CONFLICT — Nov 2024 Veer guide lists this seat on the Cruiser columns, but current Veer Cruiser adapter pages (479257 = legacy pre-2024 Britax only; 479577 = Britax needs a different adapter) name NO Cruiser adapter for the newer Britax family, and Switchback-Britax page 510552 routes Cypress/Willow/Willow S/Willow SC to the &Roll/&Jog Nuna/Cybex/Maxi-Cosi/Clek adapter.",current Veer adapter pages verified 2026-09-02; guide dated Nov 2024,,,UNIDENTIFIED_CONFLICT,,,,,,,1,V1.2 downgrade from the V1.1 KEEP. The 479257 / MANUFACTURER_EXACT attribution is RETRACTED (current 479257 lists legacy pre-2024 Britax only). Awaiting first-party confirmation of a current Cruiser adapter for Willow/Cypress; else REMOVE (Switchback-only).,UNKNOWN,SOURCE_REVISION_CONFLICT,,,NONE,
cmqzsb5gy005512dxfsuqy20g,Veer,Cruiser City,Britax,Willow SC,ADAPTER,VERIFY,MEDIUM,SOURCE_REVISION_CONFLICT: Nov 2024 guide lists Britax Willow SC on the Cruiser columns; current Veer adapter pages name no Cruiser adapter for the newer Britax family (routed to Switchback). Downgraded KEEP->VERIFY in V1.2 pending the exact current Cruiser adapter.,SOURCE_REVISION_CONFLICT,SOURCE_REVISION_CONFLICT,https://support.goveer.com/en-US/britax-infant-car-seat-adapter-for-veer-switchback-system-510552,"SOURCE_REVISION_CONFLICT — Nov 2024 Veer guide lists this seat on the Cruiser columns, but current Veer Cruiser adapter pages (479257 = legacy pre-2024 Britax only; 479577 = Britax needs a different adapter) name NO Cruiser adapter for the newer Britax family, and Switchback-Britax page 510552 routes Cypress/Willow/Willow S/Willow SC to the &Roll/&Jog Nuna/Cybex/Maxi-Cosi/Clek adapter.",current Veer adapter pages verified 2026-09-02; guide dated Nov 2024,,,UNIDENTIFIED_CONFLICT,,,,,,,1,V1.2 downgrade from the V1.1 KEEP. The 479257 / MANUFACTURER_EXACT attribution is RETRACTED (current 479257 lists legacy pre-2024 Britax only). Awaiting first-party confirmation of a current Cruiser adapter for Willow/Cypress; else REMOVE (Switchback-only).,UNKNOWN,SOURCE_REVISION_CONFLICT,,,NONE,
cmqzsb4bl004512dxfl6bwx1l,Veer,Cruiser City,Cybex,Aton G2,ADAPTER,REMOVE,HIGH,Exceeds Veer's exact adapter list. Newer/again-named seat not enumerated on Veer's current exact list.,MANUFACTURER_EXACT_MODEL,MANUFACTURER_EXACT_MODEL,,Veer current adapter compatibility (manufacturer support chart; per audit working file — not re-fetched this pass),,ADAPTER,true,,,,,,,,,,UNKNOWN,NONE,,,SUSPECTED_SUCCESSOR_SAME_INTERFACE,
cmrmtwesn000911u5cl0cfhej,Veer,Cruiser City,Cybex,Aton G2 Swivel,ADAPTER,REMOVE,HIGH,Exceeds Veer's exact adapter list. Newer/again-named seat not enumerated on Veer's current exact list.,MANUFACTURER_EXACT_MODEL,MANUFACTURER_EXACT_MODEL,,Veer current adapter compatibility (manufacturer support chart; per audit working file — not re-fetched this pass),,ADAPTER,true,,,,,,,,,,UNKNOWN,NONE,,,SUSPECTED_SUCCESSOR_SAME_INTERFACE,
cmqzsb4dx004712dx01w9b08j,Veer,Cruiser City,Cybex,Cloud G Pro Comfort Extend,ADAPTER,REMOVE,HIGH,Exceeds Veer's exact adapter list. Newer/again-named seat not enumerated on Veer's current exact list.,MANUFACTURER_EXACT_MODEL,MANUFACTURER_EXACT_MODEL,,Veer current adapter compatibility (manufacturer support chart; per audit working file — not re-fetched this pass),,ADAPTER,true,,,,,,,,,,UNKNOWN,NONE,,,NONE,
cmqzsb4ij004b12dxihd1czft,Veer,Cruiser City,Cybex,Cloud T,ADAPTER,REMOVE,HIGH,Exceeds Veer's exact adapter list. Newer/again-named seat not enumerated on Veer's current exact list.,MANUFACTURER_EXACT_MODEL,MANUFACTURER_EXACT_MODEL,,Veer current adapter compatibility (manufacturer support chart; per audit working file — not re-fetched this pass),,ADAPTER,true,,,,,,,,,,UNKNOWN,NONE,,,NONE,
cmqzsb4u3004l12dx046jx4nh,Veer,Cruiser City,Maxi-Cosi,Ambra,ADAPTER,REMOVE,HIGH,Exceeds Veer's exact adapter list. Newer/again-named seat not enumerated on Veer's current exact list.,MANUFACTURER_EXACT_MODEL,MANUFACTURER_EXACT_MODEL,,Veer current adapter compatibility (manufacturer support chart; per audit working file — not re-fetched this pass),,ADAPTER,true,,,,,,,,,,UNKNOWN,NONE,,,NONE,
cmqzsb41w003x12dx8hfos8i5,Veer,Cruiser City,Maxi-Cosi,Mico Luxe,ADAPTER,REMOVE,HIGH,Exceeds Veer's exact adapter list. Newer/again-named seat not enumerated on Veer's current exact list.,MANUFACTURER_EXACT_MODEL,MANUFACTURER_EXACT_MODEL,,Veer current adapter compatibility (manufacturer support chart; per audit working file — not re-fetched this pass),,ADAPTER,true,,,,,,,,,,UNKNOWN,NONE,,,SUSPECTED_SHARED_ATTACHMENT_PLATFORM,
cmqzsb44c003z12dxf6i8h3bo,Veer,Cruiser City,Maxi-Cosi,Mico Pro,ADAPTER,REMOVE,HIGH,Exceeds Veer's exact adapter list. Newer/again-named seat not enumerated on Veer's current exact list.,MANUFACTURER_EXACT_MODEL,MANUFACTURER_EXACT_MODEL,,Veer current adapter compatibility (manufacturer support chart; per audit working file — not re-fetched this pass),,ADAPTER,true,,,,,,,,,,UNKNOWN,NONE,,,SUSPECTED_SHARED_ATTACHMENT_PLATFORM,
cmqzsb4pg004h12dx1b2736pf,Veer,Cruiser City,Maxi-Cosi,Peri 180,ADAPTER,REMOVE,HIGH,Exceeds Veer's exact adapter list. Newer/again-named seat not enumerated on Veer's current exact list.,MANUFACTURER_EXACT_MODEL,MANUFACTURER_EXACT_MODEL,,Veer current adapter compatibility (manufacturer support chart; per audit working file — not re-fetched this pass),,ADAPTER,true,,,,,,,,,,UNKNOWN,NONE,,,NONE,
cmqzsb4ks004d12dx81kxlfd3,Veer,Cruiser City,Nuna,PIPA Aire,ADAPTER,REMOVE,HIGH,Exceeds Veer's exact adapter list. Newer/again-named seat not enumerated on Veer's current exact list.,MANUFACTURER_EXACT_MODEL,MANUFACTURER_EXACT_MODEL,,Veer current adapter compatibility (manufacturer support chart; per audit working file — not re-fetched this pass),,ADAPTER,true,,,,,,,,,,SHOULD_WORK_UNVERIFIED,MANUFACTURER_PLATFORM_GROUP,Nuna PIPA Aire rx,https://nunababy.com/usa/pipa-car-seat-adapter-for-uppababy-vista-cruz,SUSPECTED_SHARED_ATTACHMENT_PLATFORM,cmqzsb4g8004912dxp3m3n8mf
cmqzsb4g8004912dxp3m3n8mf,Veer,Cruiser City,Nuna,PIPA Aire rx,ADAPTER,KEEP_UPDATE,HIGH,On Veer's current exact Cruiser adapter family approved list.,MANUFACTURER_EXACT_MODEL,MANUFACTURER_EXACT_MODEL,https://support.goveer.com/en-US/infant-car-seat-adapter-for-cybex-maxi-cosi-nuna-and-clek-479577,Veer Cruiser ICS Adapter — Cybex/Maxi-Cosi/Nuna/Clek — first-party Veer compatibility manual,Nov 2024 fit list (accessed 2026-09-01),ADAPTER,true,SOLD_SEPARATELY,Veer Cruiser ICS Adapter — Cybex/Maxi-Cosi/Nuna/Clek,,https://support.goveer.com/en-US/infant-car-seat-adapter-for-cybex-maxi-cosi-nuna-and-clek-479577,,,,1,SKU_NOT_PUBLISHED: Veer does not publish a numeric adapter SKU on its first-party manuals.,COMPATIBLE_WITH_ADAPTER,MANUFACTURER_EXACT,,https://support.goveer.com/en-US/infant-car-seat-adapter-for-cybex-maxi-cosi-nuna-and-clek-479577,NONE,
cmqzsb3zj003v12dxj8puj57j,Veer,Cruiser City,Nuna,PIPA RX,ADAPTER,KEEP_UPDATE,HIGH,On Veer's current exact Cruiser adapter family approved list.,MANUFACTURER_EXACT_MODEL,MANUFACTURER_EXACT_MODEL,https://support.goveer.com/en-US/infant-car-seat-adapter-for-cybex-maxi-cosi-nuna-and-clek-479577,Veer Cruiser ICS Adapter — Cybex/Maxi-Cosi/Nuna/Clek — first-party Veer compatibility manual,Nov 2024 fit list (accessed 2026-09-01),ADAPTER,true,SOLD_SEPARATELY,Veer Cruiser ICS Adapter — Cybex/Maxi-Cosi/Nuna/Clek,,https://support.goveer.com/en-US/infant-car-seat-adapter-for-cybex-maxi-cosi-nuna-and-clek-479577,,,,1,SKU_NOT_PUBLISHED: Veer does not publish a numeric adapter SKU on its first-party manuals.,COMPATIBLE_WITH_ADAPTER,MANUFACTURER_EXACT,,https://support.goveer.com/en-US/infant-car-seat-adapter-for-cybex-maxi-cosi-nuna-and-clek-479577,NONE,
cmqzsb4n2004f12dxvkyl81sb,Veer,Cruiser City,Nuna,PIPA urbn,ADAPTER,REMOVE,HIGH,Exceeds Veer's exact adapter list. Newer/again-named seat not enumerated on Veer's current exact list.,MANUFACTURER_EXACT_MODEL,MANUFACTURER_EXACT_MODEL,,Veer current adapter compatibility (manufacturer support chart; per audit working file — not re-fetched this pass),,ADAPTER,true,,,,,,,,,,SHOULD_WORK_UNVERIFIED,MANUFACTURER_PLATFORM_GROUP,Nuna PIPA Aire rx,https://nunababy.com/usa/pipa-urbn,SUSPECTED_SHARED_ATTACHMENT_PLATFORM,cmqzsb4g8004912dxp3m3n8mf
cmqzsb3s3003p12dx12rbtzit,Veer,Cruiser City,UPPAbaby,Aria,ADAPTER,KEEP_UPDATE,HIGH,On Veer's current exact Cruiser adapter family approved list.,MANUFACTURER_EXACT_MODEL,MANUFACTURER_EXACT_MODEL,https://support.goveer.com/en-US/infant-car-seat-adapter-for-graco-britax-and-uppababy-479257,Veer Cruiser ICS Adapter — Graco/Britax/UPPAbaby — first-party Veer compatibility manual,Nov 2024 fit list (accessed 2026-09-01),ADAPTER,true,SOLD_SEPARATELY,Veer Cruiser ICS Adapter — Graco/Britax/UPPAbaby,,https://support.goveer.com/en-US/infant-car-seat-adapter-for-graco-britax-and-uppababy-479257,,,,1,SKU_NOT_PUBLISHED: Veer does not publish a numeric adapter SKU on its first-party manuals.,COMPATIBLE_WITH_ADAPTER,MANUFACTURER_EXACT,,https://support.goveer.com/en-US/infant-car-seat-adapter-for-graco-britax-and-uppababy-479257,NONE,
cmqzsb3ug003r12dxk29lqd57,Veer,Cruiser City,UPPAbaby,Aria V2,ADAPTER,REMOVE,HIGH,Exceeds Veer's exact adapter list. Mesa V3 / Aria V2 not on current Veer chart (Mesa/Mesa V2/Mesa Max/Aria only).,MANUFACTURER_EXACT_MODEL,MANUFACTURER_EXACT_MODEL,,Veer current adapter compatibility (manufacturer support chart; per audit working file — not re-fetched this pass),,ADAPTER,true,,,,,,,,,,SHOULD_WORK_UNVERIFIED,DOCUMENTED_SHARED_ATTACHMENT_PLATFORM,UPPAbaby Aria,https://uppababy.com/accessories/strollers-accessories/minu-mesa-bassinet-adapters/,SUSPECTED_SUCCESSOR_SAME_INTERFACE,cmqzsb3s3003p12dx12rbtzit
cmqzsb3x3003t12dxr9wp75z5,Veer,Cruiser City,UPPAbaby,Mesa V3,ADAPTER,REMOVE,HIGH,Exceeds Veer's exact adapter list. Mesa V3 / Aria V2 not on current Veer chart (Mesa/Mesa V2/Mesa Max/Aria only).,MANUFACTURER_EXACT_MODEL,MANUFACTURER_EXACT_MODEL,,Veer current adapter compatibility (manufacturer support chart; per audit working file — not re-fetched this pass),,ADAPTER,true,,,,,,,,,,UNKNOWN,NONE,,,SUSPECTED_SUCCESSOR_SAME_INTERFACE,
cmqzsb8bz007f12dxgc5qwvfb,Veer,Cruiser City XL Essentials,Britax,Cypress S,ADAPTER,VERIFY,MEDIUM,"SOURCE_REVISION_CONFLICT: Nov 2024 guide lists Britax Cypress (production ""Cypress S"") on the Cruiser columns; current Veer adapter pages name no Cruiser adapter for the newer Britax family (routed to Switchback). Downgraded KEEP->VERIFY in V1.2 pending the exact current Cruiser adapter.",SOURCE_REVISION_CONFLICT,SOURCE_REVISION_CONFLICT,https://support.goveer.com/en-US/britax-infant-car-seat-adapter-for-veer-switchback-system-510552,"SOURCE_REVISION_CONFLICT — Nov 2024 Veer guide lists this seat on the Cruiser columns, but current Veer Cruiser adapter pages (479257 = legacy pre-2024 Britax only; 479577 = Britax needs a different adapter) name NO Cruiser adapter for the newer Britax family, and Switchback-Britax page 510552 routes Cypress/Willow/Willow S/Willow SC to the &Roll/&Jog Nuna/Cybex/Maxi-Cosi/Clek adapter.",current Veer adapter pages verified 2026-09-02; guide dated Nov 2024,,,UNIDENTIFIED_CONFLICT,,,,,,,1,"V1.2 downgrade from the V1.1 KEEP. The 479257 / MANUFACTURER_EXACT attribution is RETRACTED (current 479257 lists legacy pre-2024 Britax only). IDENTITY: production ""Cypress S"" = Britax ""Cypress"". Awaiting first-party confirmation of a current Cruiser adapter for Willow/Cypress; else REMOVE (Switchback-only).",UNKNOWN,SOURCE_REVISION_CONFLICT,,,NONE,
cmqzsb879007b12dxndnstl40,Veer,Cruiser City XL Essentials,Britax,Willow S,ADAPTER,VERIFY,MEDIUM,SOURCE_REVISION_CONFLICT: Nov 2024 guide lists Britax Willow S on the Cruiser columns; current Veer adapter pages name no Cruiser adapter for the newer Britax family (routed to Switchback). Downgraded KEEP->VERIFY in V1.2 pending the exact current Cruiser adapter.,SOURCE_REVISION_CONFLICT,SOURCE_REVISION_CONFLICT,https://support.goveer.com/en-US/britax-infant-car-seat-adapter-for-veer-switchback-system-510552,"SOURCE_REVISION_CONFLICT — Nov 2024 Veer guide lists this seat on the Cruiser columns, but current Veer Cruiser adapter pages (479257 = legacy pre-2024 Britax only; 479577 = Britax needs a different adapter) name NO Cruiser adapter for the newer Britax family, and Switchback-Britax page 510552 routes Cypress/Willow/Willow S/Willow SC to the &Roll/&Jog Nuna/Cybex/Maxi-Cosi/Clek adapter.",current Veer adapter pages verified 2026-09-02; guide dated Nov 2024,,,UNIDENTIFIED_CONFLICT,,,,,,,1,V1.2 downgrade from the V1.1 KEEP. The 479257 / MANUFACTURER_EXACT attribution is RETRACTED (current 479257 lists legacy pre-2024 Britax only). Awaiting first-party confirmation of a current Cruiser adapter for Willow/Cypress; else REMOVE (Switchback-only).,UNKNOWN,SOURCE_REVISION_CONFLICT,,,NONE,
cmqzsb89q007d12dxr1ggo2mq,Veer,Cruiser City XL Essentials,Britax,Willow SC,ADAPTER,VERIFY,MEDIUM,SOURCE_REVISION_CONFLICT: Nov 2024 guide lists Britax Willow SC on the Cruiser columns; current Veer adapter pages name no Cruiser adapter for the newer Britax family (routed to Switchback). Downgraded KEEP->VERIFY in V1.2 pending the exact current Cruiser adapter.,SOURCE_REVISION_CONFLICT,SOURCE_REVISION_CONFLICT,https://support.goveer.com/en-US/britax-infant-car-seat-adapter-for-veer-switchback-system-510552,"SOURCE_REVISION_CONFLICT — Nov 2024 Veer guide lists this seat on the Cruiser columns, but current Veer Cruiser adapter pages (479257 = legacy pre-2024 Britax only; 479577 = Britax needs a different adapter) name NO Cruiser adapter for the newer Britax family, and Switchback-Britax page 510552 routes Cypress/Willow/Willow S/Willow SC to the &Roll/&Jog Nuna/Cybex/Maxi-Cosi/Clek adapter.",current Veer adapter pages verified 2026-09-02; guide dated Nov 2024,,,UNIDENTIFIED_CONFLICT,,,,,,,1,V1.2 downgrade from the V1.1 KEEP. The 479257 / MANUFACTURER_EXACT attribution is RETRACTED (current 479257 lists legacy pre-2024 Britax only). Awaiting first-party confirmation of a current Cruiser adapter for Willow/Cypress; else REMOVE (Switchback-only).,UNKNOWN,SOURCE_REVISION_CONFLICT,,,NONE,
cmqzsb72q006d12dx4rz5xfdl,Veer,Cruiser City XL Essentials,Cybex,Aton G2,ADAPTER,REMOVE,HIGH,Exceeds Veer's exact adapter list. Newer/again-named seat not enumerated on Veer's current exact list.,MANUFACTURER_EXACT_MODEL,MANUFACTURER_EXACT_MODEL,,Veer current adapter compatibility (manufacturer support chart; per audit working file — not re-fetched this pass),,ADAPTER,true,,,,,,,,,,UNKNOWN,NONE,,,SUSPECTED_SUCCESSOR_SAME_INTERFACE,
cmrmtwexa000d11u5atu07vw5,Veer,Cruiser City XL Essentials,Cybex,Aton G2 Swivel,ADAPTER,REMOVE,HIGH,Exceeds Veer's exact adapter list. Newer/again-named seat not enumerated on Veer's current exact list.,MANUFACTURER_EXACT_MODEL,MANUFACTURER_EXACT_MODEL,,Veer current adapter compatibility (manufacturer support chart; per audit working file — not re-fetched this pass),,ADAPTER,true,,,,,,,,,,UNKNOWN,NONE,,,SUSPECTED_SUCCESSOR_SAME_INTERFACE,
cmqzsb750006f12dxabejn1ji,Veer,Cruiser City XL Essentials,Cybex,Cloud G Pro Comfort Extend,ADAPTER,REMOVE,HIGH,Exceeds Veer's exact adapter list. Newer/again-named seat not enumerated on Veer's current exact list.,MANUFACTURER_EXACT_MODEL,MANUFACTURER_EXACT_MODEL,,Veer current adapter compatibility (manufacturer support chart; per audit working file — not re-fetched this pass),,ADAPTER,true,,,,,,,,,,UNKNOWN,NONE,,,NONE,
cmqzsb79n006j12dxfj0bfvh6,Veer,Cruiser City XL Essentials,Cybex,Cloud T,ADAPTER,REMOVE,HIGH,Exceeds Veer's exact adapter list. Newer/again-named seat not enumerated on Veer's current exact list.,MANUFACTURER_EXACT_MODEL,MANUFACTURER_EXACT_MODEL,,Veer current adapter compatibility (manufacturer support chart; per audit working file — not re-fetched this pass),,ADAPTER,true,,,,,,,,,,UNKNOWN,NONE,,,NONE,
cmqzsb7lk006t12dxzu3qm88g,Veer,Cruiser City XL Essentials,Maxi-Cosi,Ambra,ADAPTER,REMOVE,HIGH,Exceeds Veer's exact adapter list. Newer/again-named seat not enumerated on Veer's current exact list.,MANUFACTURER_EXACT_MODEL,MANUFACTURER_EXACT_MODEL,,Veer current adapter compatibility (manufacturer support chart; per audit working file — not re-fetched this pass),,ADAPTER,true,,,,,,,,,,UNKNOWN,NONE,,,NONE,
cmqzsb6tg006512dxcmpqn65i,Veer,Cruiser City XL Essentials,Maxi-Cosi,Mico Luxe,ADAPTER,REMOVE,HIGH,Exceeds Veer's exact adapter list. Newer/again-named seat not enumerated on Veer's current exact list.,MANUFACTURER_EXACT_MODEL,MANUFACTURER_EXACT_MODEL,,Veer current adapter compatibility (manufacturer support chart; per audit working file — not re-fetched this pass),,ADAPTER,true,,,,,,,,,,UNKNOWN,NONE,,,SUSPECTED_SHARED_ATTACHMENT_PLATFORM,
cmqzsb6vp006712dx59atcsbh,Veer,Cruiser City XL Essentials,Maxi-Cosi,Mico Pro,ADAPTER,REMOVE,HIGH,Exceeds Veer's exact adapter list. Newer/again-named seat not enumerated on Veer's current exact list.,MANUFACTURER_EXACT_MODEL,MANUFACTURER_EXACT_MODEL,,Veer current adapter compatibility (manufacturer support chart; per audit working file — not re-fetched this pass),,ADAPTER,true,,,,,,,,,,UNKNOWN,NONE,,,SUSPECTED_SHARED_ATTACHMENT_PLATFORM,
cmqzsb7gs006p12dxtbswbqno,Veer,Cruiser City XL Essentials,Maxi-Cosi,Peri 180,ADAPTER,REMOVE,HIGH,Exceeds Veer's exact adapter list. Newer/again-named seat not enumerated on Veer's current exact list.,MANUFACTURER_EXACT_MODEL,MANUFACTURER_EXACT_MODEL,,Veer current adapter compatibility (manufacturer support chart; per audit working file — not re-fetched this pass),,ADAPTER,true,,,,,,,,,,UNKNOWN,NONE,,,NONE,
cmqzsb7by006l12dxcbldrxvm,Veer,Cruiser City XL Essentials,Nuna,PIPA Aire,ADAPTER,REMOVE,HIGH,Exceeds Veer's exact adapter list. Newer/again-named seat not enumerated on Veer's current exact list.,MANUFACTURER_EXACT_MODEL,MANUFACTURER_EXACT_MODEL,,Veer current adapter compatibility (manufacturer support chart; per audit working file — not re-fetched this pass),,ADAPTER,true,,,,,,,,,,SHOULD_WORK_UNVERIFIED,MANUFACTURER_PLATFORM_GROUP,Nuna PIPA Aire rx,https://nunababy.com/usa/pipa-car-seat-adapter-for-uppababy-vista-cruz,SUSPECTED_SHARED_ATTACHMENT_PLATFORM,cmqzsb77c006h12dxi6c1f037
cmqzsb77c006h12dxi6c1f037,Veer,Cruiser City XL Essentials,Nuna,PIPA Aire rx,ADAPTER,KEEP_UPDATE,HIGH,On Veer's current exact Cruiser adapter family approved list.,MANUFACTURER_EXACT_MODEL,MANUFACTURER_EXACT_MODEL,https://support.goveer.com/en-US/infant-car-seat-adapter-for-cybex-maxi-cosi-nuna-and-clek-479577,Veer Cruiser ICS Adapter — Cybex/Maxi-Cosi/Nuna/Clek — first-party Veer compatibility manual,Nov 2024 fit list (accessed 2026-09-01),ADAPTER,true,SOLD_SEPARATELY,Veer Cruiser ICS Adapter — Cybex/Maxi-Cosi/Nuna/Clek,,https://support.goveer.com/en-US/infant-car-seat-adapter-for-cybex-maxi-cosi-nuna-and-clek-479577,,,,1,SKU_NOT_PUBLISHED: Veer does not publish a numeric adapter SKU on its first-party manuals.,COMPATIBLE_WITH_ADAPTER,MANUFACTURER_EXACT,,https://support.goveer.com/en-US/infant-car-seat-adapter-for-cybex-maxi-cosi-nuna-and-clek-479577,NONE,
cmqzsb6r3006312dx7lh55q29,Veer,Cruiser City XL Essentials,Nuna,PIPA RX,ADAPTER,KEEP_UPDATE,HIGH,On Veer's current exact Cruiser adapter family approved list.,MANUFACTURER_EXACT_MODEL,MANUFACTURER_EXACT_MODEL,https://support.goveer.com/en-US/infant-car-seat-adapter-for-cybex-maxi-cosi-nuna-and-clek-479577,Veer Cruiser ICS Adapter — Cybex/Maxi-Cosi/Nuna/Clek — first-party Veer compatibility manual,Nov 2024 fit list (accessed 2026-09-01),ADAPTER,true,SOLD_SEPARATELY,Veer Cruiser ICS Adapter — Cybex/Maxi-Cosi/Nuna/Clek,,https://support.goveer.com/en-US/infant-car-seat-adapter-for-cybex-maxi-cosi-nuna-and-clek-479577,,,,1,SKU_NOT_PUBLISHED: Veer does not publish a numeric adapter SKU on its first-party manuals.,COMPATIBLE_WITH_ADAPTER,MANUFACTURER_EXACT,,https://support.goveer.com/en-US/infant-car-seat-adapter-for-cybex-maxi-cosi-nuna-and-clek-479577,NONE,
cmqzsb7ea006n12dxkr47vvcm,Veer,Cruiser City XL Essentials,Nuna,PIPA urbn,ADAPTER,REMOVE,HIGH,Exceeds Veer's exact adapter list. Newer/again-named seat not enumerated on Veer's current exact list.,MANUFACTURER_EXACT_MODEL,MANUFACTURER_EXACT_MODEL,,Veer current adapter compatibility (manufacturer support chart; per audit working file — not re-fetched this pass),,ADAPTER,true,,,,,,,,,,SHOULD_WORK_UNVERIFIED,MANUFACTURER_PLATFORM_GROUP,Nuna PIPA Aire rx,https://nunababy.com/usa/pipa-urbn,SUSPECTED_SHARED_ATTACHMENT_PLATFORM,cmqzsb77c006h12dxi6c1f037
cmqzsb6i2005x12dx1l0y5qx8,Veer,Cruiser City XL Essentials,UPPAbaby,Aria,ADAPTER,KEEP_UPDATE,HIGH,On Veer's current exact Cruiser adapter family approved list.,MANUFACTURER_EXACT_MODEL,MANUFACTURER_EXACT_MODEL,https://support.goveer.com/en-US/infant-car-seat-adapter-for-graco-britax-and-uppababy-479257,Veer Cruiser ICS Adapter — Graco/Britax/UPPAbaby — first-party Veer compatibility manual,Nov 2024 fit list (accessed 2026-09-01),ADAPTER,true,SOLD_SEPARATELY,Veer Cruiser ICS Adapter — Graco/Britax/UPPAbaby,,https://support.goveer.com/en-US/infant-car-seat-adapter-for-graco-britax-and-uppababy-479257,,,,1,SKU_NOT_PUBLISHED: Veer does not publish a numeric adapter SKU on its first-party manuals.,COMPATIBLE_WITH_ADAPTER,MANUFACTURER_EXACT,,https://support.goveer.com/en-US/infant-car-seat-adapter-for-graco-britax-and-uppababy-479257,NONE,
cmqzsb6ky005z12dxj0fq6gf0,Veer,Cruiser City XL Essentials,UPPAbaby,Aria V2,ADAPTER,REMOVE,HIGH,Exceeds Veer's exact adapter list. Mesa V3 / Aria V2 not on current Veer chart (Mesa/Mesa V2/Mesa Max/Aria only).,MANUFACTURER_EXACT_MODEL,MANUFACTURER_EXACT_MODEL,,Veer current adapter compatibility (manufacturer support chart; per audit working file — not re-fetched this pass),,ADAPTER,true,,,,,,,,,,SHOULD_WORK_UNVERIFIED,DOCUMENTED_SHARED_ATTACHMENT_PLATFORM,UPPAbaby Aria,https://uppababy.com/accessories/strollers-accessories/minu-mesa-bassinet-adapters/,SUSPECTED_SUCCESSOR_SAME_INTERFACE,cmqzsb6i2005x12dx1l0y5qx8
cmqzsb6nw006112dxbossqs5r,Veer,Cruiser City XL Essentials,UPPAbaby,Mesa V3,ADAPTER,REMOVE,HIGH,Exceeds Veer's exact adapter list. Mesa V3 / Aria V2 not on current Veer chart (Mesa/Mesa V2/Mesa Max/Aria only).,MANUFACTURER_EXACT_MODEL,MANUFACTURER_EXACT_MODEL,,Veer current adapter compatibility (manufacturer support chart; per audit working file — not re-fetched this pass),,ADAPTER,true,,,,,,,,,,UNKNOWN,NONE,,,SUSPECTED_SUCCESSOR_SAME_INTERFACE,
cmqzsbb9h009n12dxfqu5tl7y,Veer,Cruiser Wagon Comfort Seat for Toddlers,Britax,Cypress S,ADAPTER,EXCLUDE_PRODUCT,HIGH,"Accessory (comfort seat / nap system), not a stroller chassis; must not carry compatibility or appear in the picker.",MANUFACTURER_EXACT_MODEL,MANUFACTURER_EXACT_MODEL,,Veer current adapter compatibility (manufacturer support chart; per audit working file — not re-fetched this pass),,ADAPTER,true,,,,,,,,,"IDENTITY: canonicalize Cypress S -> Britax Cypress. Row remains EXCLUDE_PRODUCT — this record is an accessory, not a stroller chassis.",EXCLUDED_PRODUCT,NONE,,,NONE,
cmqzsbb4n009j12dxlsbsksyu,Veer,Cruiser Wagon Comfort Seat for Toddlers,Britax,Willow S,ADAPTER,EXCLUDE_PRODUCT,HIGH,"Accessory (comfort seat / nap system), not a stroller chassis; must not carry compatibility or appear in the picker.",MANUFACTURER_EXACT_MODEL,MANUFACTURER_EXACT_MODEL,,Veer current adapter compatibility (manufacturer support chart; per audit working file — not re-fetched this pass),,ADAPTER,true,,,,,,,,,,EXCLUDED_PRODUCT,NONE,,,NONE,
cmqzsbb72009l12dxwqdeqg85,Veer,Cruiser Wagon Comfort Seat for Toddlers,Britax,Willow SC,ADAPTER,EXCLUDE_PRODUCT,HIGH,"Accessory (comfort seat / nap system), not a stroller chassis; must not carry compatibility or appear in the picker.",MANUFACTURER_EXACT_MODEL,MANUFACTURER_EXACT_MODEL,,Veer current adapter compatibility (manufacturer support chart; per audit working file — not re-fetched this pass),,ADAPTER,true,,,,,,,,,,EXCLUDED_PRODUCT,NONE,,,NONE,
cmqzsb9wj008l12dx8x626iq2,Veer,Cruiser Wagon Comfort Seat for Toddlers,Cybex,Aton G2,ADAPTER,EXCLUDE_PRODUCT,HIGH,"Accessory (comfort seat / nap system), not a stroller chassis; must not carry compatibility or appear in the picker.",MANUFACTURER_EXACT_MODEL,MANUFACTURER_EXACT_MODEL,,Veer current adapter compatibility (manufacturer support chart; per audit working file — not re-fetched this pass),,ADAPTER,true,,,,,,,,,,EXCLUDED_PRODUCT,NONE,,,NONE,
cmrmtwezk000f11u526vrpkyu,Veer,Cruiser Wagon Comfort Seat for Toddlers,Cybex,Aton G2 Swivel,ADAPTER,EXCLUDE_PRODUCT,HIGH,"Accessory (comfort seat / nap system), not a stroller chassis; must not carry compatibility or appear in the picker.",MANUFACTURER_EXACT_MODEL,MANUFACTURER_EXACT_MODEL,,Veer current adapter compatibility (manufacturer support chart; per audit working file — not re-fetched this pass),,ADAPTER,true,,,,,,,,,,EXCLUDED_PRODUCT,NONE,,,NONE,
cmqzsb9yu008n12dx1wy93wnq,Veer,Cruiser Wagon Comfort Seat for Toddlers,Cybex,Cloud G Pro Comfort Extend,ADAPTER,EXCLUDE_PRODUCT,HIGH,"Accessory (comfort seat / nap system), not a stroller chassis; must not carry compatibility or appear in the picker.",MANUFACTURER_EXACT_MODEL,MANUFACTURER_EXACT_MODEL,,Veer current adapter compatibility (manufacturer support chart; per audit working file — not re-fetched this pass),,ADAPTER,true,,,,,,,,,,EXCLUDED_PRODUCT,NONE,,,NONE,
cmqzsba3e008r12dx46mcb69v,Veer,Cruiser Wagon Comfort Seat for Toddlers,Cybex,Cloud T,ADAPTER,EXCLUDE_PRODUCT,HIGH,"Accessory (comfort seat / nap system), not a stroller chassis; must not carry compatibility or appear in the picker.",MANUFACTURER_EXACT_MODEL,MANUFACTURER_EXACT_MODEL,,Veer current adapter compatibility (manufacturer support chart; per audit working file — not re-fetched this pass),,ADAPTER,true,,,,,,,,,,EXCLUDED_PRODUCT,NONE,,,NONE,
cmqzsbafe009112dxgirhhdc8,Veer,Cruiser Wagon Comfort Seat for Toddlers,Maxi-Cosi,Ambra,ADAPTER,EXCLUDE_PRODUCT,HIGH,"Accessory (comfort seat / nap system), not a stroller chassis; must not carry compatibility or appear in the picker.",MANUFACTURER_EXACT_MODEL,MANUFACTURER_EXACT_MODEL,,Veer current adapter compatibility (manufacturer support chart; per audit working file — not re-fetched this pass),,ADAPTER,true,,,,,,,,,,EXCLUDED_PRODUCT,NONE,,,NONE,
cmqzsb9n6008d12dxjaotaayy,Veer,Cruiser Wagon Comfort Seat for Toddlers,Maxi-Cosi,Mico Luxe,ADAPTER,EXCLUDE_PRODUCT,HIGH,"Accessory (comfort seat / nap system), not a stroller chassis; must not carry compatibility or appear in the picker.",MANUFACTURER_EXACT_MODEL,MANUFACTURER_EXACT_MODEL,,Veer current adapter compatibility (manufacturer support chart; per audit working file — not re-fetched this pass),,ADAPTER,true,,,,,,,,,,EXCLUDED_PRODUCT,NONE,,,NONE,
cmqzsb9pk008f12dx0v2w0clc,Veer,Cruiser Wagon Comfort Seat for Toddlers,Maxi-Cosi,Mico Pro,ADAPTER,EXCLUDE_PRODUCT,HIGH,"Accessory (comfort seat / nap system), not a stroller chassis; must not carry compatibility or appear in the picker.",MANUFACTURER_EXACT_MODEL,MANUFACTURER_EXACT_MODEL,,Veer current adapter compatibility (manufacturer support chart; per audit working file — not re-fetched this pass),,ADAPTER,true,,,,,,,,,,EXCLUDED_PRODUCT,NONE,,,NONE,
cmqzsbaaq008x12dx6m6u0xra,Veer,Cruiser Wagon Comfort Seat for Toddlers,Maxi-Cosi,Peri 180,ADAPTER,EXCLUDE_PRODUCT,HIGH,"Accessory (comfort seat / nap system), not a stroller chassis; must not carry compatibility or appear in the picker.",MANUFACTURER_EXACT_MODEL,MANUFACTURER_EXACT_MODEL,,Veer current adapter compatibility (manufacturer support chart; per audit working file — not re-fetched this pass),,ADAPTER,true,,,,,,,,,,EXCLUDED_PRODUCT,NONE,,,NONE,
cmqzsba5s008t12dxvlhlzdej,Veer,Cruiser Wagon Comfort Seat for Toddlers,Nuna,PIPA Aire,ADAPTER,EXCLUDE_PRODUCT,HIGH,"Accessory (comfort seat / nap system), not a stroller chassis; must not carry compatibility or appear in the picker.",MANUFACTURER_EXACT_MODEL,MANUFACTURER_EXACT_MODEL,,Veer current adapter compatibility (manufacturer support chart; per audit working file — not re-fetched this pass),,ADAPTER,true,,,,,,,,,,EXCLUDED_PRODUCT,NONE,,,NONE,
cmqzsba13008p12dx26b9hdba,Veer,Cruiser Wagon Comfort Seat for Toddlers,Nuna,PIPA Aire rx,ADAPTER,EXCLUDE_PRODUCT,HIGH,"Accessory (comfort seat / nap system), not a stroller chassis; must not carry compatibility or appear in the picker.",MANUFACTURER_EXACT_MODEL,MANUFACTURER_EXACT_MODEL,,Veer current adapter compatibility (manufacturer support chart; per audit working file — not re-fetched this pass),,ADAPTER,true,,,,,,,,,,EXCLUDED_PRODUCT,NONE,,,NONE,
cmqzsb9ku008b12dx2sen3j89,Veer,Cruiser Wagon Comfort Seat for Toddlers,Nuna,PIPA RX,ADAPTER,EXCLUDE_PRODUCT,HIGH,"Accessory (comfort seat / nap system), not a stroller chassis; must not carry compatibility or appear in the picker.",MANUFACTURER_EXACT_MODEL,MANUFACTURER_EXACT_MODEL,,Veer current adapter compatibility (manufacturer support chart; per audit working file — not re-fetched this pass),,ADAPTER,true,,,,,,,,,,EXCLUDED_PRODUCT,NONE,,,NONE,
cmqzsba8d008v12dxmzcl0oqo,Veer,Cruiser Wagon Comfort Seat for Toddlers,Nuna,PIPA urbn,ADAPTER,EXCLUDE_PRODUCT,HIGH,"Accessory (comfort seat / nap system), not a stroller chassis; must not carry compatibility or appear in the picker.",MANUFACTURER_EXACT_MODEL,MANUFACTURER_EXACT_MODEL,,Veer current adapter compatibility (manufacturer support chart; per audit working file — not re-fetched this pass),,ADAPTER,true,,,,,,,,,,EXCLUDED_PRODUCT,NONE,,,NONE,
cmqzsb9dq008512dx17b2ez83,Veer,Cruiser Wagon Comfort Seat for Toddlers,UPPAbaby,Aria,ADAPTER,EXCLUDE_PRODUCT,HIGH,"Accessory (comfort seat / nap system), not a stroller chassis; must not carry compatibility or appear in the picker.",MANUFACTURER_EXACT_MODEL,MANUFACTURER_EXACT_MODEL,,Veer current adapter compatibility (manufacturer support chart; per audit working file — not re-fetched this pass),,ADAPTER,true,,,,,,,,,,EXCLUDED_PRODUCT,NONE,,,NONE,
cmqzsb9g4008712dx3cqx70jy,Veer,Cruiser Wagon Comfort Seat for Toddlers,UPPAbaby,Aria V2,ADAPTER,EXCLUDE_PRODUCT,HIGH,"Accessory (comfort seat / nap system), not a stroller chassis; must not carry compatibility or appear in the picker.",MANUFACTURER_EXACT_MODEL,MANUFACTURER_EXACT_MODEL,,Veer current adapter compatibility (manufacturer support chart; per audit working file — not re-fetched this pass),,ADAPTER,true,,,,,,,,,,EXCLUDED_PRODUCT,NONE,,,NONE,
cmqzsb9ii008912dx84tuq4oq,Veer,Cruiser Wagon Comfort Seat for Toddlers,UPPAbaby,Mesa V3,ADAPTER,EXCLUDE_PRODUCT,HIGH,"Accessory (comfort seat / nap system), not a stroller chassis; must not carry compatibility or appear in the picker.",MANUFACTURER_EXACT_MODEL,MANUFACTURER_EXACT_MODEL,,Veer current adapter compatibility (manufacturer support chart; per audit working file — not re-fetched this pass),,ADAPTER,true,,,,,,,,,,EXCLUDED_PRODUCT,NONE,,,NONE,
cmqzsbe3t00bv12dxcq7dqfa7,Veer,Cruiser Wagon XL Comfort Seat for Toddlers,Britax,Cypress S,ADAPTER,EXCLUDE_PRODUCT,HIGH,"Accessory (comfort seat / nap system), not a stroller chassis; must not carry compatibility or appear in the picker.",MANUFACTURER_EXACT_MODEL,MANUFACTURER_EXACT_MODEL,,Veer current adapter compatibility (manufacturer support chart; per audit working file — not re-fetched this pass),,ADAPTER,true,,,,,,,,,"IDENTITY: canonicalize Cypress S -> Britax Cypress. Row remains EXCLUDE_PRODUCT — this record is an accessory, not a stroller chassis.",EXCLUDED_PRODUCT,NONE,,,NONE,
cmqzsbdyc00br12dxqqzu81yw,Veer,Cruiser Wagon XL Comfort Seat for Toddlers,Britax,Willow S,ADAPTER,EXCLUDE_PRODUCT,HIGH,"Accessory (comfort seat / nap system), not a stroller chassis; must not carry compatibility or appear in the picker.",MANUFACTURER_EXACT_MODEL,MANUFACTURER_EXACT_MODEL,,Veer current adapter compatibility (manufacturer support chart; per audit working file — not re-fetched this pass),,ADAPTER,true,,,,,,,,,,EXCLUDED_PRODUCT,NONE,,,NONE,
cmqzsbe1f00bt12dxupui1f3f,Veer,Cruiser Wagon XL Comfort Seat for Toddlers,Britax,Willow SC,ADAPTER,EXCLUDE_PRODUCT,HIGH,"Accessory (comfort seat / nap system), not a stroller chassis; must not carry compatibility or appear in the picker.",MANUFACTURER_EXACT_MODEL,MANUFACTURER_EXACT_MODEL,,Veer current adapter compatibility (manufacturer support chart; per audit working file — not re-fetched this pass),,ADAPTER,true,,,,,,,,,,EXCLUDED_PRODUCT,NONE,,,NONE,
cmqzsbcro00at12dxj98f3agn,Veer,Cruiser Wagon XL Comfort Seat for Toddlers,Cybex,Aton G2,ADAPTER,EXCLUDE_PRODUCT,HIGH,"Accessory (comfort seat / nap system), not a stroller chassis; must not carry compatibility or appear in the picker.",MANUFACTURER_EXACT_MODEL,MANUFACTURER_EXACT_MODEL,,Veer current adapter compatibility (manufacturer support chart; per audit working file — not re-fetched this pass),,ADAPTER,true,,,,,,,,,,EXCLUDED_PRODUCT,NONE,,,NONE,
cmrmtwf1r000h11u5f69l5msk,Veer,Cruiser Wagon XL Comfort Seat for Toddlers,Cybex,Aton G2 Swivel,ADAPTER,EXCLUDE_PRODUCT,HIGH,"Accessory (comfort seat / nap system), not a stroller chassis; must not carry compatibility or appear in the picker.",MANUFACTURER_EXACT_MODEL,MANUFACTURER_EXACT_MODEL,,Veer current adapter compatibility (manufacturer support chart; per audit working file — not re-fetched this pass),,ADAPTER,true,,,,,,,,,,EXCLUDED_PRODUCT,NONE,,,NONE,
cmqzsbcu400av12dx3wreqq9s,Veer,Cruiser Wagon XL Comfort Seat for Toddlers,Cybex,Cloud G Pro Comfort Extend,ADAPTER,EXCLUDE_PRODUCT,HIGH,"Accessory (comfort seat / nap system), not a stroller chassis; must not carry compatibility or appear in the picker.",MANUFACTURER_EXACT_MODEL,MANUFACTURER_EXACT_MODEL,,Veer current adapter compatibility (manufacturer support chart; per audit working file — not re-fetched this pass),,ADAPTER,true,,,,,,,,,,EXCLUDED_PRODUCT,NONE,,,NONE,
cmqzsbcyt00az12dxpq4trxuu,Veer,Cruiser Wagon XL Comfort Seat for Toddlers,Cybex,Cloud T,ADAPTER,EXCLUDE_PRODUCT,HIGH,"Accessory (comfort seat / nap system), not a stroller chassis; must not carry compatibility or appear in the picker.",MANUFACTURER_EXACT_MODEL,MANUFACTURER_EXACT_MODEL,,Veer current adapter compatibility (manufacturer support chart; per audit working file — not re-fetched this pass),,ADAPTER,true,,,,,,,,,,EXCLUDED_PRODUCT,NONE,,,NONE,
cmqzsbdam00b912dx1xcmajt2,Veer,Cruiser Wagon XL Comfort Seat for Toddlers,Maxi-Cosi,Ambra,ADAPTER,EXCLUDE_PRODUCT,HIGH,"Accessory (comfort seat / nap system), not a stroller chassis; must not carry compatibility or appear in the picker.",MANUFACTURER_EXACT_MODEL,MANUFACTURER_EXACT_MODEL,,Veer current adapter compatibility (manufacturer support chart; per audit working file — not re-fetched this pass),,ADAPTER,true,,,,,,,,,,EXCLUDED_PRODUCT,NONE,,,NONE,
cmqzsbcie00al12dxazfeyz7n,Veer,Cruiser Wagon XL Comfort Seat for Toddlers,Maxi-Cosi,Mico Luxe,ADAPTER,EXCLUDE_PRODUCT,HIGH,"Accessory (comfort seat / nap system), not a stroller chassis; must not carry compatibility or appear in the picker.",MANUFACTURER_EXACT_MODEL,MANUFACTURER_EXACT_MODEL,,Veer current adapter compatibility (manufacturer support chart; per audit working file — not re-fetched this pass),,ADAPTER,true,,,,,,,,,,EXCLUDED_PRODUCT,NONE,,,NONE,
cmqzsbcko00an12dx4hvpezki,Veer,Cruiser Wagon XL Comfort Seat for Toddlers,Maxi-Cosi,Mico Pro,ADAPTER,EXCLUDE_PRODUCT,HIGH,"Accessory (comfort seat / nap system), not a stroller chassis; must not carry compatibility or appear in the picker.",MANUFACTURER_EXACT_MODEL,MANUFACTURER_EXACT_MODEL,,Veer current adapter compatibility (manufacturer support chart; per audit working file — not re-fetched this pass),,ADAPTER,true,,,,,,,,,,EXCLUDED_PRODUCT,NONE,,,NONE,
cmqzsbd5w00b512dxnt4s3g04,Veer,Cruiser Wagon XL Comfort Seat for Toddlers,Maxi-Cosi,Peri 180,ADAPTER,EXCLUDE_PRODUCT,HIGH,"Accessory (comfort seat / nap system), not a stroller chassis; must not carry compatibility or appear in the picker.",MANUFACTURER_EXACT_MODEL,MANUFACTURER_EXACT_MODEL,,Veer current adapter compatibility (manufacturer support chart; per audit working file — not re-fetched this pass),,ADAPTER,true,,,,,,,,,,EXCLUDED_PRODUCT,NONE,,,NONE,
cmqzsbd1400b112dx7ixezlt1,Veer,Cruiser Wagon XL Comfort Seat for Toddlers,Nuna,PIPA Aire,ADAPTER,EXCLUDE_PRODUCT,HIGH,"Accessory (comfort seat / nap system), not a stroller chassis; must not carry compatibility or appear in the picker.",MANUFACTURER_EXACT_MODEL,MANUFACTURER_EXACT_MODEL,,Veer current adapter compatibility (manufacturer support chart; per audit working file — not re-fetched this pass),,ADAPTER,true,,,,,,,,,,EXCLUDED_PRODUCT,NONE,,,NONE,
cmqzsbcwi00ax12dxrhdcrklp,Veer,Cruiser Wagon XL Comfort Seat for Toddlers,Nuna,PIPA Aire rx,ADAPTER,EXCLUDE_PRODUCT,HIGH,"Accessory (comfort seat / nap system), not a stroller chassis; must not carry compatibility or appear in the picker.",MANUFACTURER_EXACT_MODEL,MANUFACTURER_EXACT_MODEL,,Veer current adapter compatibility (manufacturer support chart; per audit working file — not re-fetched this pass),,ADAPTER,true,,,,,,,,,,EXCLUDED_PRODUCT,NONE,,,NONE,
cmqzsbcfn00aj12dx1h0xepdq,Veer,Cruiser Wagon XL Comfort Seat for Toddlers,Nuna,PIPA RX,ADAPTER,EXCLUDE_PRODUCT,HIGH,"Accessory (comfort seat / nap system), not a stroller chassis; must not carry compatibility or appear in the picker.",MANUFACTURER_EXACT_MODEL,MANUFACTURER_EXACT_MODEL,,Veer current adapter compatibility (manufacturer support chart; per audit working file — not re-fetched this pass),,ADAPTER,true,,,,,,,,,,EXCLUDED_PRODUCT,NONE,,,NONE,
cmqzsbd3m00b312dxnbk3o76h,Veer,Cruiser Wagon XL Comfort Seat for Toddlers,Nuna,PIPA urbn,ADAPTER,EXCLUDE_PRODUCT,HIGH,"Accessory (comfort seat / nap system), not a stroller chassis; must not carry compatibility or appear in the picker.",MANUFACTURER_EXACT_MODEL,MANUFACTURER_EXACT_MODEL,,Veer current adapter compatibility (manufacturer support chart; per audit working file — not re-fetched this pass),,ADAPTER,true,,,,,,,,,,EXCLUDED_PRODUCT,NONE,,,NONE,
cmqzsbc8n00ad12dxituahz95,Veer,Cruiser Wagon XL Comfort Seat for Toddlers,UPPAbaby,Aria,ADAPTER,EXCLUDE_PRODUCT,HIGH,"Accessory (comfort seat / nap system), not a stroller chassis; must not carry compatibility or appear in the picker.",MANUFACTURER_EXACT_MODEL,MANUFACTURER_EXACT_MODEL,,Veer current adapter compatibility (manufacturer support chart; per audit working file — not re-fetched this pass),,ADAPTER,true,,,,,,,,,,EXCLUDED_PRODUCT,NONE,,,NONE,
cmqzsbcau00af12dx8iijftpk,Veer,Cruiser Wagon XL Comfort Seat for Toddlers,UPPAbaby,Aria V2,ADAPTER,EXCLUDE_PRODUCT,HIGH,"Accessory (comfort seat / nap system), not a stroller chassis; must not carry compatibility or appear in the picker.",MANUFACTURER_EXACT_MODEL,MANUFACTURER_EXACT_MODEL,,Veer current adapter compatibility (manufacturer support chart; per audit working file — not re-fetched this pass),,ADAPTER,true,,,,,,,,,,EXCLUDED_PRODUCT,NONE,,,NONE,
cmqzsbcd400ah12dxdybvm0vw,Veer,Cruiser Wagon XL Comfort Seat for Toddlers,UPPAbaby,Mesa V3,ADAPTER,EXCLUDE_PRODUCT,HIGH,"Accessory (comfort seat / nap system), not a stroller chassis; must not carry compatibility or appear in the picker.",MANUFACTURER_EXACT_MODEL,MANUFACTURER_EXACT_MODEL,,Veer current adapter compatibility (manufacturer support chart; per audit working file — not re-fetched this pass),,ADAPTER,true,,,,,,,,,,EXCLUDED_PRODUCT,NONE,,,NONE,
cmqzsbgvz00e312dxpqk6rokr,Veer,Cruiser XL Nap System,Britax,Cypress S,ADAPTER,EXCLUDE_PRODUCT,HIGH,"Accessory (comfort seat / nap system), not a stroller chassis; must not carry compatibility or appear in the picker.",MANUFACTURER_EXACT_MODEL,MANUFACTURER_EXACT_MODEL,,Veer current adapter compatibility (manufacturer support chart; per audit working file — not re-fetched this pass),,ADAPTER,true,,,,,,,,,"IDENTITY: canonicalize Cypress S -> Britax Cypress. Row remains EXCLUDE_PRODUCT — this record is an accessory, not a stroller chassis.",EXCLUDED_PRODUCT,NONE,,,NONE,
cmqzsbgqm00dz12dx53uet98u,Veer,Cruiser XL Nap System,Britax,Willow S,ADAPTER,EXCLUDE_PRODUCT,HIGH,"Accessory (comfort seat / nap system), not a stroller chassis; must not carry compatibility or appear in the picker.",MANUFACTURER_EXACT_MODEL,MANUFACTURER_EXACT_MODEL,,Veer current adapter compatibility (manufacturer support chart; per audit working file — not re-fetched this pass),,ADAPTER,true,,,,,,,,,,EXCLUDED_PRODUCT,NONE,,,NONE,
cmqzsbgtn00e112dx21yrilmf,Veer,Cruiser XL Nap System,Britax,Willow SC,ADAPTER,EXCLUDE_PRODUCT,HIGH,"Accessory (comfort seat / nap system), not a stroller chassis; must not carry compatibility or appear in the picker.",MANUFACTURER_EXACT_MODEL,MANUFACTURER_EXACT_MODEL,,Veer current adapter compatibility (manufacturer support chart; per audit working file — not re-fetched this pass),,ADAPTER,true,,,,,,,,,,EXCLUDED_PRODUCT,NONE,,,NONE,
cmqzsbfmg00d112dx3h3vaqa2,Veer,Cruiser XL Nap System,Cybex,Aton G2,ADAPTER,EXCLUDE_PRODUCT,HIGH,"Accessory (comfort seat / nap system), not a stroller chassis; must not carry compatibility or appear in the picker.",MANUFACTURER_EXACT_MODEL,MANUFACTURER_EXACT_MODEL,,Veer current adapter compatibility (manufacturer support chart; per audit working file — not re-fetched this pass),,ADAPTER,true,,,,,,,,,,EXCLUDED_PRODUCT,NONE,,,NONE,
cmrmtwf40000j11u5b31hbnri,Veer,Cruiser XL Nap System,Cybex,Aton G2 Swivel,ADAPTER,EXCLUDE_PRODUCT,HIGH,"Accessory (comfort seat / nap system), not a stroller chassis; must not carry compatibility or appear in the picker.",MANUFACTURER_EXACT_MODEL,MANUFACTURER_EXACT_MODEL,,Veer current adapter compatibility (manufacturer support chart; per audit working file — not re-fetched this pass),,ADAPTER,true,,,,,,,,,,EXCLUDED_PRODUCT,NONE,,,NONE,
cmqzsbfop00d312dx9l3d3d1a,Veer,Cruiser XL Nap System,Cybex,Cloud G Pro Comfort Extend,ADAPTER,EXCLUDE_PRODUCT,HIGH,"Accessory (comfort seat / nap system), not a stroller chassis; must not carry compatibility or appear in the picker.",MANUFACTURER_EXACT_MODEL,MANUFACTURER_EXACT_MODEL,,Veer current adapter compatibility (manufacturer support chart; per audit working file — not re-fetched this pass),,ADAPTER,true,,,,,,,,,,EXCLUDED_PRODUCT,NONE,,,NONE,
cmqzsbfta00d712dxruxcqgpq,Veer,Cruiser XL Nap System,Cybex,Cloud T,ADAPTER,EXCLUDE_PRODUCT,HIGH,"Accessory (comfort seat / nap system), not a stroller chassis; must not carry compatibility or appear in the picker.",MANUFACTURER_EXACT_MODEL,MANUFACTURER_EXACT_MODEL,,Veer current adapter compatibility (manufacturer support chart; per audit working file — not re-fetched this pass),,ADAPTER,true,,,,,,,,,,EXCLUDED_PRODUCT,NONE,,,NONE,
cmqzsbg4y00dh12dxb9yhx6jy,Veer,Cruiser XL Nap System,Maxi-Cosi,Ambra,ADAPTER,EXCLUDE_PRODUCT,HIGH,"Accessory (comfort seat / nap system), not a stroller chassis; must not carry compatibility or appear in the picker.",MANUFACTURER_EXACT_MODEL,MANUFACTURER_EXACT_MODEL,,Veer current adapter compatibility (manufacturer support chart; per audit working file — not re-fetched this pass),,ADAPTER,true,,,,,,,,,,EXCLUDED_PRODUCT,NONE,,,NONE,
cmqzsbfd800ct12dxcak7tepb,Veer,Cruiser XL Nap System,Maxi-Cosi,Mico Luxe,ADAPTER,EXCLUDE_PRODUCT,HIGH,"Accessory (comfort seat / nap system), not a stroller chassis; must not carry compatibility or appear in the picker.",MANUFACTURER_EXACT_MODEL,MANUFACTURER_EXACT_MODEL,,Veer current adapter compatibility (manufacturer support chart; per audit working file — not re-fetched this pass),,ADAPTER,true,,,,,,,,,,EXCLUDED_PRODUCT,NONE,,,NONE,
cmqzsbffl00cv12dxnxcuxj12,Veer,Cruiser XL Nap System,Maxi-Cosi,Mico Pro,ADAPTER,EXCLUDE_PRODUCT,HIGH,"Accessory (comfort seat / nap system), not a stroller chassis; must not carry compatibility or appear in the picker.",MANUFACTURER_EXACT_MODEL,MANUFACTURER_EXACT_MODEL,,Veer current adapter compatibility (manufacturer support chart; per audit working file — not re-fetched this pass),,ADAPTER,true,,,,,,,,,,EXCLUDED_PRODUCT,NONE,,,NONE,
cmqzsbg0g00dd12dxjxd0fzqe,Veer,Cruiser XL Nap System,Maxi-Cosi,Peri 180,ADAPTER,EXCLUDE_PRODUCT,HIGH,"Accessory (comfort seat / nap system), not a stroller chassis; must not carry compatibility or appear in the picker.",MANUFACTURER_EXACT_MODEL,MANUFACTURER_EXACT_MODEL,,Veer current adapter compatibility (manufacturer support chart; per audit working file — not re-fetched this pass),,ADAPTER,true,,,,,,,,,,EXCLUDED_PRODUCT,NONE,,,NONE,
cmqzsbfvm00d912dx03vg8rfu,Veer,Cruiser XL Nap System,Nuna,PIPA Aire,ADAPTER,EXCLUDE_PRODUCT,HIGH,"Accessory (comfort seat / nap system), not a stroller chassis; must not carry compatibility or appear in the picker.",MANUFACTURER_EXACT_MODEL,MANUFACTURER_EXACT_MODEL,,Veer current adapter compatibility (manufacturer support chart; per audit working file — not re-fetched this pass),,ADAPTER,true,,,,,,,,,,EXCLUDED_PRODUCT,NONE,,,NONE,
cmqzsbfqz00d512dxllap5zvc,Veer,Cruiser XL Nap System,Nuna,PIPA Aire rx,ADAPTER,EXCLUDE_PRODUCT,HIGH,"Accessory (comfort seat / nap system), not a stroller chassis; must not carry compatibility or appear in the picker.",MANUFACTURER_EXACT_MODEL,MANUFACTURER_EXACT_MODEL,,Veer current adapter compatibility (manufacturer support chart; per audit working file — not re-fetched this pass),,ADAPTER,true,,,,,,,,,,EXCLUDED_PRODUCT,NONE,,,NONE,
cmqzsbfas00cr12dxwidwyhar,Veer,Cruiser XL Nap System,Nuna,PIPA RX,ADAPTER,EXCLUDE_PRODUCT,HIGH,"Accessory (comfort seat / nap system), not a stroller chassis; must not carry compatibility or appear in the picker.",MANUFACTURER_EXACT_MODEL,MANUFACTURER_EXACT_MODEL,,Veer current adapter compatibility (manufacturer support chart; per audit working file — not re-fetched this pass),,ADAPTER,true,,,,,,,,,,EXCLUDED_PRODUCT,NONE,,,NONE,
cmqzsbfy200db12dxen6zw013,Veer,Cruiser XL Nap System,Nuna,PIPA urbn,ADAPTER,EXCLUDE_PRODUCT,HIGH,"Accessory (comfort seat / nap system), not a stroller chassis; must not carry compatibility or appear in the picker.",MANUFACTURER_EXACT_MODEL,MANUFACTURER_EXACT_MODEL,,Veer current adapter compatibility (manufacturer support chart; per audit working file — not re-fetched this pass),,ADAPTER,true,,,,,,,,,,EXCLUDED_PRODUCT,NONE,,,NONE,
cmqzsbf3n00cl12dx6j5o2phf,Veer,Cruiser XL Nap System,UPPAbaby,Aria,ADAPTER,EXCLUDE_PRODUCT,HIGH,"Accessory (comfort seat / nap system), not a stroller chassis; must not carry compatibility or appear in the picker.",MANUFACTURER_EXACT_MODEL,MANUFACTURER_EXACT_MODEL,,Veer current adapter compatibility (manufacturer support chart; per audit working file — not re-fetched this pass),,ADAPTER,true,,,,,,,,,,EXCLUDED_PRODUCT,NONE,,,NONE,
cmqzsbf6000cn12dxyme8ypbs,Veer,Cruiser XL Nap System,UPPAbaby,Aria V2,ADAPTER,EXCLUDE_PRODUCT,HIGH,"Accessory (comfort seat / nap system), not a stroller chassis; must not carry compatibility or appear in the picker.",MANUFACTURER_EXACT_MODEL,MANUFACTURER_EXACT_MODEL,,Veer current adapter compatibility (manufacturer support chart; per audit working file — not re-fetched this pass),,ADAPTER,true,,,,,,,,,,EXCLUDED_PRODUCT,NONE,,,NONE,
cmqzsbf8h00cp12dx62s299ss,Veer,Cruiser XL Nap System,UPPAbaby,Mesa V3,ADAPTER,EXCLUDE_PRODUCT,HIGH,"Accessory (comfort seat / nap system), not a stroller chassis; must not carry compatibility or appear in the picker.",MANUFACTURER_EXACT_MODEL,MANUFACTURER_EXACT_MODEL,,Veer current adapter compatibility (manufacturer support chart; per audit working file — not re-fetched this pass),,ADAPTER,true,,,,,,,,,,EXCLUDED_PRODUCT,NONE,,,NONE,
cmr49vtio001n8smgjyhn67b0,Veer,Switch&Jog,Britax,Cypress S,ADAPTER,KEEP_UPDATE,HIGH,On Veer's current exact Switchback premium adapter approved list.,MANUFACTURER_EXACT_MODEL,MANUFACTURER_EXACT_MODEL,https://support.goveer.com/en-US/maxi-cosi-nuna-clek-and-cybex-infant-car-seat-adapter-for-veer-switchback-system-532224,Veer Switchback ICS Adapter — Maxi-Cosi/Nuna/Clek/Cybex (also covers newer Britax Cypress/Willow family) — first-party Veer compatibility manual,Nov 2024 fit list (accessed 2026-09-01),ADAPTER,true,SOLD_SEPARATELY,Veer Switchback ICS Adapter — Maxi-Cosi/Nuna/Clek/Cybex (also covers newer Britax Cypress/Willow family),,https://support.goveer.com/en-US/maxi-cosi-nuna-clek-and-cybex-infant-car-seat-adapter-for-veer-switchback-system-532224,,,,1,IDENTITY: canonicalize Cypress S -> Britax Cypress (no 'Cypress S' exists). KEEP stands — Cypress is on the Veer Switchback premium adapter list. SKU_NOT_PUBLISHED: Veer does not publish a numeric adapter SKU on its first-party manuals.,COMPATIBLE_WITH_ADAPTER,MANUFACTURER_EXACT,,https://support.goveer.com/en-US/maxi-cosi-nuna-clek-and-cybex-infant-car-seat-adapter-for-veer-switchback-system-532224,NONE,
cmr49vtnc001p8smgjc3vdl8r,Veer,Switch&Jog,Britax,Willow S,ADAPTER,KEEP_UPDATE,HIGH,On Veer's current exact Switchback premium adapter approved list.,MANUFACTURER_EXACT_MODEL,MANUFACTURER_EXACT_MODEL,https://support.goveer.com/en-US/maxi-cosi-nuna-clek-and-cybex-infant-car-seat-adapter-for-veer-switchback-system-532224,Veer Switchback ICS Adapter — Maxi-Cosi/Nuna/Clek/Cybex (also covers newer Britax Cypress/Willow family) — first-party Veer compatibility manual,Nov 2024 fit list (accessed 2026-09-01),ADAPTER,true,SOLD_SEPARATELY,Veer Switchback ICS Adapter — Maxi-Cosi/Nuna/Clek/Cybex (also covers newer Britax Cypress/Willow family),,https://support.goveer.com/en-US/maxi-cosi-nuna-clek-and-cybex-infant-car-seat-adapter-for-veer-switchback-system-532224,,,,1,"Britax Willow-family via NEWER Switchback premium adapter, NOT the legacy Cruiser Britax adapter. SKU_NOT_PUBLISHED: Veer does not publish a numeric adapter SKU on its first-party manuals.",COMPATIBLE_WITH_ADAPTER,MANUFACTURER_EXACT,,https://support.goveer.com/en-US/maxi-cosi-nuna-clek-and-cybex-infant-car-seat-adapter-for-veer-switchback-system-532224,NONE,
cmr49vtry001r8smg13btww4i,Veer,Switch&Jog,Britax,Willow SC,ADAPTER,KEEP_UPDATE,HIGH,On Veer's current exact Switchback premium adapter approved list.,MANUFACTURER_EXACT_MODEL,MANUFACTURER_EXACT_MODEL,https://support.goveer.com/en-US/maxi-cosi-nuna-clek-and-cybex-infant-car-seat-adapter-for-veer-switchback-system-532224,Veer Switchback ICS Adapter — Maxi-Cosi/Nuna/Clek/Cybex (also covers newer Britax Cypress/Willow family) — first-party Veer compatibility manual,Nov 2024 fit list (accessed 2026-09-01),ADAPTER,true,SOLD_SEPARATELY,Veer Switchback ICS Adapter — Maxi-Cosi/Nuna/Clek/Cybex (also covers newer Britax Cypress/Willow family),,https://support.goveer.com/en-US/maxi-cosi-nuna-clek-and-cybex-infant-car-seat-adapter-for-veer-switchback-system-532224,,,,1,"Britax Willow-family via NEWER Switchback premium adapter, NOT the legacy Cruiser Britax adapter. SKU_NOT_PUBLISHED: Veer does not publish a numeric adapter SKU on its first-party manuals.",COMPATIBLE_WITH_ADAPTER,MANUFACTURER_EXACT,,https://support.goveer.com/en-US/maxi-cosi-nuna-clek-and-cybex-infant-car-seat-adapter-for-veer-switchback-system-532224,NONE,
cmrfd5o1n00g9t78145suwbpg,Veer,Switch&Jog,Graco,GoMax,ADAPTER,REMOVE,HIGH,Exceeds Veer's exact adapter list. Newer/again-named seat not enumerated on Veer's current exact list.,MANUFACTURER_EXACT_MODEL,MANUFACTURER_EXACT_MODEL,,Veer current adapter compatibility (manufacturer support chart; per audit working file — not re-fetched this pass),,ADAPTER,true,,,,,,,,,,UNKNOWN,NONE,,,NONE,
cmrfd5o6400gbt7814vroamhp,Veer,Switch&Jog,Graco,SnugRide Lite LX,ADAPTER,REMOVE,HIGH,Exceeds Veer's exact adapter list. Newer/again-named seat not enumerated on Veer's current exact list.,MANUFACTURER_EXACT_MODEL,MANUFACTURER_EXACT_MODEL,,Veer current adapter compatibility (manufacturer support chart; per audit working file — not re-fetched this pass),,ADAPTER,true,,,,,,,,,,UNKNOWN,NONE,,,NONE,
cmrfd5oaj00gdt781g6kuqunu,Veer,Switch&Jog,Graco,SnugRide SnugFit,ADAPTER,REMOVE,HIGH,Exceeds Veer's exact adapter list. Newer/again-named seat not enumerated on Veer's current exact list.,MANUFACTURER_EXACT_MODEL,MANUFACTURER_EXACT_MODEL,,Veer current adapter compatibility (manufacturer support chart; per audit working file — not re-fetched this pass),,ADAPTER,true,,,,,,,,,,UNKNOWN,NONE,,,NONE,
cmrfd5of400gft781f0p1pm0a,Veer,Switch&Jog,Graco,SnugRide SnugFit DLX,ADAPTER,REMOVE,HIGH,Exceeds Veer's exact adapter list. Newer/again-named seat not enumerated on Veer's current exact list.,MANUFACTURER_EXACT_MODEL,MANUFACTURER_EXACT_MODEL,,Veer current adapter compatibility (manufacturer support chart; per audit working file — not re-fetched this pass),,ADAPTER,true,,,,,,,,,,UNKNOWN,NONE,,,NONE,
cmrfd5ojl00ght781oz1ndymg,Veer,Switch&Jog,Graco,SnugRide SnugFit LX,ADAPTER,REMOVE,HIGH,Exceeds Veer's exact adapter list. Newer/again-named seat not enumerated on Veer's current exact list.,MANUFACTURER_EXACT_MODEL,MANUFACTURER_EXACT_MODEL,,Veer current adapter compatibility (manufacturer support chart; per audit working file — not re-fetched this pass),,ADAPTER,true,,,,,,,,,,UNKNOWN,NONE,,,NONE,
cmr0shgyb00h1h1u894gh0rkg,Veer,Switch&Jog,Nuna,PIPA Aire,ADAPTER,REMOVE,HIGH,Exceeds Veer's exact adapter list. Newer/again-named seat not enumerated on Veer's current exact list.,MANUFACTURER_EXACT_MODEL,MANUFACTURER_EXACT_MODEL,,Veer current adapter compatibility (manufacturer support chart; per audit working file — not re-fetched this pass),,ADAPTER,true,,,,,,,,,,SHOULD_WORK_UNVERIFIED,MANUFACTURER_PLATFORM_GROUP,Nuna PIPA Aire rx,https://nunababy.com/usa/pipa-car-seat-adapter-for-uppababy-vista-cruz,SUSPECTED_SHARED_ATTACHMENT_PLATFORM,cmr0shh2v00h3h1u84p9dywlr
cmr0shh2v00h3h1u84p9dywlr,Veer,Switch&Jog,Nuna,PIPA Aire rx,ADAPTER,KEEP_UPDATE,HIGH,On Veer's current exact Switchback premium adapter approved list.,MANUFACTURER_EXACT_MODEL,MANUFACTURER_EXACT_MODEL,https://support.goveer.com/en-US/maxi-cosi-nuna-clek-and-cybex-infant-car-seat-adapter-for-veer-switchback-system-532224,Veer Switchback ICS Adapter — Maxi-Cosi/Nuna/Clek/Cybex (also covers newer Britax Cypress/Willow family) — first-party Veer compatibility manual,Nov 2024 fit list (accessed 2026-09-01),ADAPTER,true,SOLD_SEPARATELY,Veer Switchback ICS Adapter — Maxi-Cosi/Nuna/Clek/Cybex (also covers newer Britax Cypress/Willow family),,https://support.goveer.com/en-US/maxi-cosi-nuna-clek-and-cybex-infant-car-seat-adapter-for-veer-switchback-system-532224,,,,1,SKU_NOT_PUBLISHED: Veer does not publish a numeric adapter SKU on its first-party manuals.,COMPATIBLE_WITH_ADAPTER,MANUFACTURER_EXACT,,https://support.goveer.com/en-US/maxi-cosi-nuna-clek-and-cybex-infant-car-seat-adapter-for-veer-switchback-system-532224,NONE,
cmr0shh7g00h5h1u8dz0hhgyf,Veer,Switch&Jog,Nuna,PIPA RX,ADAPTER,KEEP_UPDATE,HIGH,On Veer's current exact Switchback premium adapter approved list.,MANUFACTURER_EXACT_MODEL,MANUFACTURER_EXACT_MODEL,https://support.goveer.com/en-US/maxi-cosi-nuna-clek-and-cybex-infant-car-seat-adapter-for-veer-switchback-system-532224,Veer Switchback ICS Adapter — Maxi-Cosi/Nuna/Clek/Cybex (also covers newer Britax Cypress/Willow family) — first-party Veer compatibility manual,Nov 2024 fit list (accessed 2026-09-01),ADAPTER,true,SOLD_SEPARATELY,Veer Switchback ICS Adapter — Maxi-Cosi/Nuna/Clek/Cybex (also covers newer Britax Cypress/Willow family),,https://support.goveer.com/en-US/maxi-cosi-nuna-clek-and-cybex-infant-car-seat-adapter-for-veer-switchback-system-532224,,,,1,SKU_NOT_PUBLISHED: Veer does not publish a numeric adapter SKU on its first-party manuals.,COMPATIBLE_WITH_ADAPTER,MANUFACTURER_EXACT,,https://support.goveer.com/en-US/maxi-cosi-nuna-clek-and-cybex-infant-car-seat-adapter-for-veer-switchback-system-532224,NONE,
cmr0shhby00h7h1u866sbh0h4,Veer,Switch&Jog,Nuna,PIPA urbn,ADAPTER,REMOVE,HIGH,Exceeds Veer's exact adapter list. Newer/again-named seat not enumerated on Veer's current exact list.,MANUFACTURER_EXACT_MODEL,MANUFACTURER_EXACT_MODEL,,Veer current adapter compatibility (manufacturer support chart; per audit working file — not re-fetched this pass),,ADAPTER,true,,,,,,,,,,SHOULD_WORK_UNVERIFIED,MANUFACTURER_PLATFORM_GROUP,Nuna PIPA Aire rx,https://nunababy.com/usa/pipa-urbn,SUSPECTED_SHARED_ATTACHMENT_PLATFORM,cmr0shh2v00h3h1u84p9dywlr
cmr49vrrr000x8smgjf4me8pf,Veer,Switch&Jog,UPPAbaby,Aria,ADAPTER,KEEP_UPDATE,HIGH,On Veer's current exact Switchback premium adapter approved list.,MANUFACTURER_EXACT_MODEL,MANUFACTURER_EXACT_MODEL,https://support.goveer.com/en-US/uppababy-infant-car-seat-adapter-for-veer-switchback-system-537495,Veer Switchback ICS Adapter — UPPAbaby — first-party Veer compatibility manual,Nov 2024 fit list (accessed 2026-09-01),ADAPTER,true,SOLD_SEPARATELY,Veer Switchback ICS Adapter — UPPAbaby,,https://support.goveer.com/en-US/uppababy-infant-car-seat-adapter-for-veer-switchback-system-537495,,,,1,SKU_NOT_PUBLISHED: Veer does not publish a numeric adapter SKU on its first-party manuals.,COMPATIBLE_WITH_ADAPTER,MANUFACTURER_EXACT,,https://support.goveer.com/en-US/uppababy-infant-car-seat-adapter-for-veer-switchback-system-537495,NONE,
cmr49vrwd000z8smgx5k59wd6,Veer,Switch&Jog,UPPAbaby,Aria V2,ADAPTER,REMOVE,HIGH,Exceeds Veer's exact adapter list. Mesa V3 / Aria V2 not on current Veer chart (Mesa/Mesa V2/Mesa Max/Aria only).,MANUFACTURER_EXACT_MODEL,MANUFACTURER_EXACT_MODEL,,Veer current adapter compatibility (manufacturer support chart; per audit working file — not re-fetched this pass),,ADAPTER,true,,,,,,,,,,SHOULD_WORK_UNVERIFIED,DOCUMENTED_SHARED_ATTACHMENT_PLATFORM,UPPAbaby Aria,https://uppababy.com/accessories/strollers-accessories/minu-mesa-bassinet-adapters/,SUSPECTED_SUCCESSOR_SAME_INTERFACE,cmr49vrrr000x8smgjf4me8pf
cmr49vs5s00138smgv9x4zjet,Veer,Switch&Jog,UPPAbaby,Mesa V3,ADAPTER,REMOVE,HIGH,Exceeds Veer's exact adapter list. Mesa V3 / Aria V2 not on current Veer chart (Mesa/Mesa V2/Mesa Max/Aria only).,MANUFACTURER_EXACT_MODEL,MANUFACTURER_EXACT_MODEL,,Veer current adapter compatibility (manufacturer support chart; per audit working file — not re-fetched this pass),,ADAPTER,true,,,,,,,,,,UNKNOWN,NONE,,,SUSPECTED_SUCCESSOR_SAME_INTERFACE,
cmr49vvvj002j8smg4ovph6jx,Veer,Switch&Jog Jogging,Britax,Cypress S,ADAPTER,REMOVE,HIGH,Duplicate chassis record of Switch&Jog (alias/duplicate identity); canonicalize — the compatible pair is represented on the canonical Switch&Jog record. Not a manufacturer incompatibility.,MANUFACTURER_BRAND_LEVEL,,,,,,,,,,,,,,,PENDING_IDENTITY resolved: Switch&Jog Jogging = Switch&Jog; merge records; compatibility represented on canonical Switch&Jog.,IDENTITY_DEDUP,NONE,,,NONE,
cmr49vw07002l8smgggask6lt,Veer,Switch&Jog Jogging,Britax,Willow S,ADAPTER,REMOVE,HIGH,Duplicate chassis record of Switch&Jog (alias/duplicate identity); canonicalize — the compatible pair is represented on the canonical Switch&Jog record. Not a manufacturer incompatibility.,MANUFACTURER_BRAND_LEVEL,,,,,,,,,,,,,,,PENDING_IDENTITY resolved: Switch&Jog Jogging = Switch&Jog; merge records; compatibility represented on canonical Switch&Jog.,IDENTITY_DEDUP,NONE,,,NONE,
cmr49vw4n002n8smgf5d87gfi,Veer,Switch&Jog Jogging,Britax,Willow SC,ADAPTER,REMOVE,HIGH,Duplicate chassis record of Switch&Jog (alias/duplicate identity); canonicalize — the compatible pair is represented on the canonical Switch&Jog record. Not a manufacturer incompatibility.,MANUFACTURER_BRAND_LEVEL,,,,,,,,,,,,,,,PENDING_IDENTITY resolved: Switch&Jog Jogging = Switch&Jog; merge records; compatibility represented on canonical Switch&Jog.,IDENTITY_DEDUP,NONE,,,NONE,
cmrfd5plm00gjt781ek5v56vw,Veer,Switch&Jog Jogging,Graco,GoMax,ADAPTER,REMOVE,HIGH,Exceeds Veer's exact adapter list. Newer/again-named seat not enumerated on Veer's current exact list.,MANUFACTURER_EXACT_MODEL,MANUFACTURER_EXACT_MODEL,,Veer current adapter compatibility (manufacturer support chart; per audit working file — not re-fetched this pass),,ADAPTER,true,,,,,,,,, Chassis duplicate of Switch&Jog — canonicalize identity.,IDENTITY_DEDUP,NONE,,,NONE,
cmrfd5pq300glt7817ptkjpwl,Veer,Switch&Jog Jogging,Graco,SnugRide Lite LX,ADAPTER,REMOVE,HIGH,Exceeds Veer's exact adapter list. Newer/again-named seat not enumerated on Veer's current exact list.,MANUFACTURER_EXACT_MODEL,MANUFACTURER_EXACT_MODEL,,Veer current adapter compatibility (manufacturer support chart; per audit working file — not re-fetched this pass),,ADAPTER,true,,,,,,,,, Chassis duplicate of Switch&Jog — canonicalize identity.,IDENTITY_DEDUP,NONE,,,NONE,
cmrfd5pul00gnt781eh2h9tcr,Veer,Switch&Jog Jogging,Graco,SnugRide SnugFit,ADAPTER,REMOVE,HIGH,Exceeds Veer's exact adapter list. Newer/again-named seat not enumerated on Veer's current exact list.,MANUFACTURER_EXACT_MODEL,MANUFACTURER_EXACT_MODEL,,Veer current adapter compatibility (manufacturer support chart; per audit working file — not re-fetched this pass),,ADAPTER,true,,,,,,,,, Chassis duplicate of Switch&Jog — canonicalize identity.,IDENTITY_DEDUP,NONE,,,NONE,
cmrfd5pz200gpt781e3ut97r7,Veer,Switch&Jog Jogging,Graco,SnugRide SnugFit DLX,ADAPTER,REMOVE,HIGH,Exceeds Veer's exact adapter list. Newer/again-named seat not enumerated on Veer's current exact list.,MANUFACTURER_EXACT_MODEL,MANUFACTURER_EXACT_MODEL,,Veer current adapter compatibility (manufacturer support chart; per audit working file — not re-fetched this pass),,ADAPTER,true,,,,,,,,, Chassis duplicate of Switch&Jog — canonicalize identity.,IDENTITY_DEDUP,NONE,,,NONE,
cmrfd5q3z00grt781nkhhgb3p,Veer,Switch&Jog Jogging,Graco,SnugRide SnugFit LX,ADAPTER,REMOVE,HIGH,Exceeds Veer's exact adapter list. Newer/again-named seat not enumerated on Veer's current exact list.,MANUFACTURER_EXACT_MODEL,MANUFACTURER_EXACT_MODEL,,Veer current adapter compatibility (manufacturer support chart; per audit working file — not re-fetched this pass),,ADAPTER,true,,,,,,,,, Chassis duplicate of Switch&Jog — canonicalize identity.,IDENTITY_DEDUP,NONE,,,NONE,
cmr0shhgh00h9h1u82jmtgsxk,Veer,Switch&Jog Jogging,Nuna,PIPA Aire,ADAPTER,REMOVE,HIGH,Exceeds Veer's exact adapter list. Newer/again-named seat not enumerated on Veer's current exact list.,MANUFACTURER_EXACT_MODEL,MANUFACTURER_EXACT_MODEL,,Veer current adapter compatibility (manufacturer support chart; per audit working file — not re-fetched this pass),,ADAPTER,true,,,,,,,,, Chassis duplicate of Switch&Jog — canonicalize identity.,IDENTITY_DEDUP,NONE,,,NONE,
cmr0shhlf00hbh1u8vuasoh3n,Veer,Switch&Jog Jogging,Nuna,PIPA Aire rx,ADAPTER,REMOVE,HIGH,Duplicate chassis record of Switch&Jog (alias/duplicate identity); canonicalize — the compatible pair is represented on the canonical Switch&Jog record. Not a manufacturer incompatibility.,MANUFACTURER_BRAND_LEVEL,,,,,,,,,,,,,,,PENDING_IDENTITY resolved: Switch&Jog Jogging = Switch&Jog; merge records; compatibility represented on canonical Switch&Jog.,IDENTITY_DEDUP,NONE,,,NONE,
cmr0shhq900hdh1u8fzc1p58l,Veer,Switch&Jog Jogging,Nuna,PIPA RX,ADAPTER,REMOVE,HIGH,Duplicate chassis record of Switch&Jog (alias/duplicate identity); canonicalize — the compatible pair is represented on the canonical Switch&Jog record. Not a manufacturer incompatibility.,MANUFACTURER_BRAND_LEVEL,,,,,,,,,,,,,,,PENDING_IDENTITY resolved: Switch&Jog Jogging = Switch&Jog; merge records; compatibility represented on canonical Switch&Jog.,IDENTITY_DEDUP,NONE,,,NONE,
cmr0shhva00hfh1u8el4wwu0l,Veer,Switch&Jog Jogging,Nuna,PIPA urbn,ADAPTER,REMOVE,HIGH,Exceeds Veer's exact adapter list. Newer/again-named seat not enumerated on Veer's current exact list.,MANUFACTURER_EXACT_MODEL,MANUFACTURER_EXACT_MODEL,,Veer current adapter compatibility (manufacturer support chart; per audit working file — not re-fetched this pass),,ADAPTER,true,,,,,,,,, Chassis duplicate of Switch&Jog — canonicalize identity.,IDENTITY_DEDUP,NONE,,,NONE,
cmr49vu5t001t8smg131b7dit,Veer,Switch&Jog Jogging,UPPAbaby,Aria,ADAPTER,REMOVE,HIGH,Duplicate chassis record of Switch&Jog (alias/duplicate identity); canonicalize — the compatible pair is represented on the canonical Switch&Jog record. Not a manufacturer incompatibility.,MANUFACTURER_BRAND_LEVEL,,,,,,,,,,,,,,,PENDING_IDENTITY resolved: Switch&Jog Jogging = Switch&Jog; merge records; compatibility represented on canonical Switch&Jog.,IDENTITY_DEDUP,NONE,,,NONE,
cmr49vuai001v8smg1ptsq9h1,Veer,Switch&Jog Jogging,UPPAbaby,Aria V2,ADAPTER,REMOVE,HIGH,Exceeds Veer's exact adapter list. Mesa V3 / Aria V2 not on current Veer chart (Mesa/Mesa V2/Mesa Max/Aria only).,MANUFACTURER_EXACT_MODEL,MANUFACTURER_EXACT_MODEL,,Veer current adapter compatibility (manufacturer support chart; per audit working file — not re-fetched this pass),,ADAPTER,true,,,,,,,,, Chassis duplicate of Switch&Jog — canonicalize identity.,IDENTITY_DEDUP,NONE,,,NONE,
cmr49vujr001z8smgxyuyfebf,Veer,Switch&Jog Jogging,UPPAbaby,Mesa V3,ADAPTER,REMOVE,HIGH,Exceeds Veer's exact adapter list. Mesa V3 / Aria V2 not on current Veer chart (Mesa/Mesa V2/Mesa Max/Aria only).,MANUFACTURER_EXACT_MODEL,MANUFACTURER_EXACT_MODEL,,Veer current adapter compatibility (manufacturer support chart; per audit working file — not re-fetched this pass),,ADAPTER,true,,,,,,,,, Chassis duplicate of Switch&Jog — canonicalize identity.,IDENTITY_DEDUP,NONE,,,NONE,
cmr49vyfw003f8smg7kx0harf,Veer,Switch&Roll,Britax,Cypress S,ADAPTER,KEEP_UPDATE,HIGH,On Veer's current exact Switchback premium adapter approved list.,MANUFACTURER_EXACT_MODEL,MANUFACTURER_EXACT_MODEL,https://support.goveer.com/en-US/maxi-cosi-nuna-clek-and-cybex-infant-car-seat-adapter-for-veer-switchback-system-532224,Veer Switchback ICS Adapter — Maxi-Cosi/Nuna/Clek/Cybex (also covers newer Britax Cypress/Willow family) — first-party Veer compatibility manual,Nov 2024 fit list (accessed 2026-09-01),ADAPTER,true,SOLD_SEPARATELY,Veer Switchback ICS Adapter — Maxi-Cosi/Nuna/Clek/Cybex (also covers newer Britax Cypress/Willow family),,https://support.goveer.com/en-US/maxi-cosi-nuna-clek-and-cybex-infant-car-seat-adapter-for-veer-switchback-system-532224,,,single or double (upper riser + lower post),2 (Second Seat Adapter Kit required for 2),IDENTITY: canonicalize Cypress S -> Britax Cypress (no 'Cypress S' exists). KEEP stands — Cypress is on the Veer Switchback premium adapter list. SKU_NOT_PUBLISHED: Veer does not publish a numeric adapter SKU on its first-party manuals.,COMPATIBLE_WITH_ADAPTER,MANUFACTURER_EXACT,,https://support.goveer.com/en-US/maxi-cosi-nuna-clek-and-cybex-infant-car-seat-adapter-for-veer-switchback-system-532224,NONE,
cmr49vykg003h8smg3b20thq1,Veer,Switch&Roll,Britax,Willow S,ADAPTER,KEEP_UPDATE,HIGH,On Veer's current exact Switchback premium adapter approved list.,MANUFACTURER_EXACT_MODEL,MANUFACTURER_EXACT_MODEL,https://support.goveer.com/en-US/maxi-cosi-nuna-clek-and-cybex-infant-car-seat-adapter-for-veer-switchback-system-532224,Veer Switchback ICS Adapter — Maxi-Cosi/Nuna/Clek/Cybex (also covers newer Britax Cypress/Willow family) — first-party Veer compatibility manual,Nov 2024 fit list (accessed 2026-09-01),ADAPTER,true,SOLD_SEPARATELY,Veer Switchback ICS Adapter — Maxi-Cosi/Nuna/Clek/Cybex (also covers newer Britax Cypress/Willow family),,https://support.goveer.com/en-US/maxi-cosi-nuna-clek-and-cybex-infant-car-seat-adapter-for-veer-switchback-system-532224,,,single or double (upper riser + lower post),2 (Second Seat Adapter Kit required for 2),"Britax Willow-family via NEWER Switchback premium adapter, NOT the legacy Cruiser Britax adapter. SKU_NOT_PUBLISHED: Veer does not publish a numeric adapter SKU on its first-party manuals.",COMPATIBLE_WITH_ADAPTER,MANUFACTURER_EXACT,,https://support.goveer.com/en-US/maxi-cosi-nuna-clek-and-cybex-infant-car-seat-adapter-for-veer-switchback-system-532224,NONE,
cmr49vyp3003j8smg8hivh76p,Veer,Switch&Roll,Britax,Willow SC,ADAPTER,KEEP_UPDATE,HIGH,On Veer's current exact Switchback premium adapter approved list.,MANUFACTURER_EXACT_MODEL,MANUFACTURER_EXACT_MODEL,https://support.goveer.com/en-US/maxi-cosi-nuna-clek-and-cybex-infant-car-seat-adapter-for-veer-switchback-system-532224,Veer Switchback ICS Adapter — Maxi-Cosi/Nuna/Clek/Cybex (also covers newer Britax Cypress/Willow family) — first-party Veer compatibility manual,Nov 2024 fit list (accessed 2026-09-01),ADAPTER,true,SOLD_SEPARATELY,Veer Switchback ICS Adapter — Maxi-Cosi/Nuna/Clek/Cybex (also covers newer Britax Cypress/Willow family),,https://support.goveer.com/en-US/maxi-cosi-nuna-clek-and-cybex-infant-car-seat-adapter-for-veer-switchback-system-532224,,,single or double (upper riser + lower post),2 (Second Seat Adapter Kit required for 2),"Britax Willow-family via NEWER Switchback premium adapter, NOT the legacy Cruiser Britax adapter. SKU_NOT_PUBLISHED: Veer does not publish a numeric adapter SKU on its first-party manuals.",COMPATIBLE_WITH_ADAPTER,MANUFACTURER_EXACT,,https://support.goveer.com/en-US/maxi-cosi-nuna-clek-and-cybex-infant-car-seat-adapter-for-veer-switchback-system-532224,NONE,
cmrfd5r7y00gtt781lwgljlze,Veer,Switch&Roll,Graco,GoMax,ADAPTER,REMOVE,HIGH,Exceeds Veer's exact adapter list. Newer/again-named seat not enumerated on Veer's current exact list.,MANUFACTURER_EXACT_MODEL,MANUFACTURER_EXACT_MODEL,,Veer current adapter compatibility (manufacturer support chart; per audit working file — not re-fetched this pass),,ADAPTER,true,,,,,,,,,,UNKNOWN,NONE,,,NONE,
cmrfd5rci00gvt781n4a3ztku,Veer,Switch&Roll,Graco,SnugRide Lite LX,ADAPTER,REMOVE,HIGH,Exceeds Veer's exact adapter list. Newer/again-named seat not enumerated on Veer's current exact list.,MANUFACTURER_EXACT_MODEL,MANUFACTURER_EXACT_MODEL,,Veer current adapter compatibility (manufacturer support chart; per audit working file — not re-fetched this pass),,ADAPTER,true,,,,,,,,,,UNKNOWN,NONE,,,NONE,
cmrfd5rh200gxt7817c5nrsv9,Veer,Switch&Roll,Graco,SnugRide SnugFit,ADAPTER,REMOVE,HIGH,Exceeds Veer's exact adapter list. Newer/again-named seat not enumerated on Veer's current exact list.,MANUFACTURER_EXACT_MODEL,MANUFACTURER_EXACT_MODEL,,Veer current adapter compatibility (manufacturer support chart; per audit working file — not re-fetched this pass),,ADAPTER,true,,,,,,,,,,UNKNOWN,NONE,,,NONE,
cmrfd5rlk00gzt781g3ylmos3,Veer,Switch&Roll,Graco,SnugRide SnugFit DLX,ADAPTER,REMOVE,HIGH,Exceeds Veer's exact adapter list. Newer/again-named seat not enumerated on Veer's current exact list.,MANUFACTURER_EXACT_MODEL,MANUFACTURER_EXACT_MODEL,,Veer current adapter compatibility (manufacturer support chart; per audit working file — not re-fetched this pass),,ADAPTER,true,,,,,,,,,,UNKNOWN,NONE,,,NONE,
cmrfd5rq100h1t7817boz4tv2,Veer,Switch&Roll,Graco,SnugRide SnugFit LX,ADAPTER,REMOVE,HIGH,Exceeds Veer's exact adapter list. Newer/again-named seat not enumerated on Veer's current exact list.,MANUFACTURER_EXACT_MODEL,MANUFACTURER_EXACT_MODEL,,Veer current adapter compatibility (manufacturer support chart; per audit working file — not re-fetched this pass),,ADAPTER,true,,,,,,,,,,UNKNOWN,NONE,,,NONE,
cmr0shi0d00hhh1u88xq6jwgh,Veer,Switch&Roll,Nuna,PIPA Aire,ADAPTER,REMOVE,HIGH,Exceeds Veer's exact adapter list. Newer/again-named seat not enumerated on Veer's current exact list.,MANUFACTURER_EXACT_MODEL,MANUFACTURER_EXACT_MODEL,,Veer current adapter compatibility (manufacturer support chart; per audit working file — not re-fetched this pass),,ADAPTER,true,,,,,,,,,,SHOULD_WORK_UNVERIFIED,MANUFACTURER_PLATFORM_GROUP,Nuna PIPA Aire rx,https://nunababy.com/usa/pipa-car-seat-adapter-for-uppababy-vista-cruz,SUSPECTED_SHARED_ATTACHMENT_PLATFORM,cmr0shi5100hjh1u8wf2io5r6
cmr0shi5100hjh1u8wf2io5r6,Veer,Switch&Roll,Nuna,PIPA Aire rx,ADAPTER,KEEP_UPDATE,HIGH,On Veer's current exact Switchback premium adapter approved list.,MANUFACTURER_EXACT_MODEL,MANUFACTURER_EXACT_MODEL,https://support.goveer.com/en-US/maxi-cosi-nuna-clek-and-cybex-infant-car-seat-adapter-for-veer-switchback-system-532224,Veer Switchback ICS Adapter — Maxi-Cosi/Nuna/Clek/Cybex (also covers newer Britax Cypress/Willow family) — first-party Veer compatibility manual,Nov 2024 fit list (accessed 2026-09-01),ADAPTER,true,SOLD_SEPARATELY,Veer Switchback ICS Adapter — Maxi-Cosi/Nuna/Clek/Cybex (also covers newer Britax Cypress/Willow family),,https://support.goveer.com/en-US/maxi-cosi-nuna-clek-and-cybex-infant-car-seat-adapter-for-veer-switchback-system-532224,,,single or double (upper riser + lower post),2 (Second Seat Adapter Kit required for 2),SKU_NOT_PUBLISHED: Veer does not publish a numeric adapter SKU on its first-party manuals.,COMPATIBLE_WITH_ADAPTER,MANUFACTURER_EXACT,,https://support.goveer.com/en-US/maxi-cosi-nuna-clek-and-cybex-infant-car-seat-adapter-for-veer-switchback-system-532224,NONE,
cmr0shi9u00hlh1u8m4w637rp,Veer,Switch&Roll,Nuna,PIPA RX,ADAPTER,KEEP_UPDATE,HIGH,On Veer's current exact Switchback premium adapter approved list.,MANUFACTURER_EXACT_MODEL,MANUFACTURER_EXACT_MODEL,https://support.goveer.com/en-US/maxi-cosi-nuna-clek-and-cybex-infant-car-seat-adapter-for-veer-switchback-system-532224,Veer Switchback ICS Adapter — Maxi-Cosi/Nuna/Clek/Cybex (also covers newer Britax Cypress/Willow family) — first-party Veer compatibility manual,Nov 2024 fit list (accessed 2026-09-01),ADAPTER,true,SOLD_SEPARATELY,Veer Switchback ICS Adapter — Maxi-Cosi/Nuna/Clek/Cybex (also covers newer Britax Cypress/Willow family),,https://support.goveer.com/en-US/maxi-cosi-nuna-clek-and-cybex-infant-car-seat-adapter-for-veer-switchback-system-532224,,,single or double (upper riser + lower post),2 (Second Seat Adapter Kit required for 2),SKU_NOT_PUBLISHED: Veer does not publish a numeric adapter SKU on its first-party manuals.,COMPATIBLE_WITH_ADAPTER,MANUFACTURER_EXACT,,https://support.goveer.com/en-US/maxi-cosi-nuna-clek-and-cybex-infant-car-seat-adapter-for-veer-switchback-system-532224,NONE,
cmr0shiel00hnh1u8391w5z1u,Veer,Switch&Roll,Nuna,PIPA urbn,ADAPTER,REMOVE,HIGH,Exceeds Veer's exact adapter list. Newer/again-named seat not enumerated on Veer's current exact list.,MANUFACTURER_EXACT_MODEL,MANUFACTURER_EXACT_MODEL,,Veer current adapter compatibility (manufacturer support chart; per audit working file — not re-fetched this pass),,ADAPTER,true,,,,,,,,,,SHOULD_WORK_UNVERIFIED,MANUFACTURER_PLATFORM_GROUP,Nuna PIPA Aire rx,https://nunababy.com/usa/pipa-urbn,SUSPECTED_SHARED_ATTACHMENT_PLATFORM,cmr0shi5100hjh1u8wf2io5r6
cmr49vwio002p8smgh0if2xoo,Veer,Switch&Roll,UPPAbaby,Aria,ADAPTER,KEEP_UPDATE,HIGH,On Veer's current exact Switchback premium adapter approved list.,MANUFACTURER_EXACT_MODEL,MANUFACTURER_EXACT_MODEL,https://support.goveer.com/en-US/uppababy-infant-car-seat-adapter-for-veer-switchback-system-537495,Veer Switchback ICS Adapter — UPPAbaby — first-party Veer compatibility manual,Nov 2024 fit list (accessed 2026-09-01),ADAPTER,true,SOLD_SEPARATELY,Veer Switchback ICS Adapter — UPPAbaby,,https://support.goveer.com/en-US/uppababy-infant-car-seat-adapter-for-veer-switchback-system-537495,,,single or double (upper riser + lower post),2 (Second Seat Adapter Kit required for 2),SKU_NOT_PUBLISHED: Veer does not publish a numeric adapter SKU on its first-party manuals.,COMPATIBLE_WITH_ADAPTER,MANUFACTURER_EXACT,,https://support.goveer.com/en-US/uppababy-infant-car-seat-adapter-for-veer-switchback-system-537495,NONE,
cmr49vwvl002r8smg7pfc6xk0,Veer,Switch&Roll,UPPAbaby,Aria V2,ADAPTER,REMOVE,HIGH,Exceeds Veer's exact adapter list. Mesa V3 / Aria V2 not on current Veer chart (Mesa/Mesa V2/Mesa Max/Aria only).,MANUFACTURER_EXACT_MODEL,MANUFACTURER_EXACT_MODEL,,Veer current adapter compatibility (manufacturer support chart; per audit working file — not re-fetched this pass),,ADAPTER,true,,,,,,,,,,SHOULD_WORK_UNVERIFIED,DOCUMENTED_SHARED_ATTACHMENT_PLATFORM,UPPAbaby Aria,https://uppababy.com/accessories/strollers-accessories/minu-mesa-bassinet-adapters/,SUSPECTED_SUCCESSOR_SAME_INTERFACE,cmr49vwio002p8smgh0if2xoo
cmr49vx55002v8smg1khbag56,Veer,Switch&Roll,UPPAbaby,Mesa V3,ADAPTER,REMOVE,HIGH,Exceeds Veer's exact adapter list. Mesa V3 / Aria V2 not on current Veer chart (Mesa/Mesa V2/Mesa Max/Aria only).,MANUFACTURER_EXACT_MODEL,MANUFACTURER_EXACT_MODEL,,Veer current adapter compatibility (manufacturer support chart; per audit working file — not re-fetched this pass),,ADAPTER,true,,,,,,,,,,UNKNOWN,NONE,,,SUSPECTED_SUCCESSOR_SAME_INTERFACE,
