id,provider,brand,title,canonicalBrand,canonicalName,tmbcCategory,productType,review_status,needs_review,active_in_feed,retailer,itemGroupId,price,productUrl
cmqu6xehf008uqut18bqsl0bi,awin_anbbaby,7AM Enfant,7 AM Enfant Adult Warmmuffs Stroller Gloves with Universal Fit - Heather Grey,7AM Enfant,7 AM Enfant Adult Warmmuffs Stroller Gloves with Universal Fit - Heather Grey,Strollers,full-size stroller,REVIEWED,f,t,ANB Baby,,48,
cmr6sh12t008o4ubx6noxzxef,impact_goodbuygear,AmorosO,"AmorosO Twin Lightweight Umbrella Stroller, 2017, Red/Black",AmorosO,Twin Umbrella,Strollers,umbrella stroller,AUTO_CATEGORIZED,f,t,GoodBuyGear,,73.99,
cmqphgr1z005rdqwreo6dwjci,babylist_impact,Baby Jogger,Baby Jogger City Mini Air Stroller in Rich Black,Baby Jogger,Baby Jogger City Mini Air Stroller in Rich Black,Strollers,compact stroller,AUTO_CATEGORIZED,f,t,Babylist,50397,499.99,https://www.babylist.com/gp/baby-jogger-city-mini-air-stroller/50397/2096077
cmqu6xw8w00doqut11167xx0j,awin_anbbaby,Baby Jogger,Baby Jogger City Mini GT2 Baby Stroller - Stone Grey,Baby Jogger,Baby Jogger City Mini GT2 Baby Stroller - Stone Grey,Strollers,full-size stroller,REVIEWED,f,t,ANB Baby,,429.99,
cmqphgruw0060dqwr215m86y5,babylist_impact,Baby Jogger,Baby Jogger City Mini GT2 Double Stroller in Jet,Baby Jogger,Baby Jogger City Mini GT2 Double Stroller in Jet,Strollers,double stroller,AUTO_CATEGORIZED,f,t,Babylist,17846,749.99,https://www.babylist.com/gp/baby-jogger-city-mini-gt2-double-stroller/17846/352733
cmqzu8hn0000613vrrb91bqti,shopify_macrobaby,Baby Jogger,"Baby Jogger City Mini GT3 All Terrain Stroller, Sierra Sand",Baby Jogger,City Mini GT3,Strollers,jogging stroller,AUTO_CATEGORIZED,f,t,MacroBaby,7539215171643,519.99,https://www.macrobaby.com/products/baby-jogger-city-mini-gt3-all-terrain-stroller-sierra-sand?_j=taylormadebabyco.com
cmqx4jjyh005f3a8upomg749o,shopify_macrobaby,Baby Jogger,"Baby Jogger - City Mini GT3 Single Stroller, Frosted Ivory",Baby Jogger,City Mini GT3 Single,Strollers,jogging stroller,REVIEWED,f,t,MacroBaby,7461921325115,519.99,https://www.macrobaby.com/products/baby-jogger-city-mini-gt3-single-stroller-frosted-ivory?_j=taylormadebabyco.com
cmqphgtp6006ldqwrcciu7je9,babylist_impact,Baby Jogger,Baby Jogger City Prix Jogger Stroller in Ambition Black,Baby Jogger,Baby Jogger City Prix Jogger Stroller in Ambition Black,Strollers,jogging stroller,REVIEWED,f,t,Babylist,55793,699.99,https://www.babylist.com/gp/baby-jogger-city-prix-jogger-stroller/55793/2096073
cmqzu97os000c13vrcdwrwa7c,shopify_macrobaby,Baby Jogger,"Baby Jogger - City Select 2 Single to-Double Stroller, Radiant Slate",Baby Jogger,City Select 2,Strollers,single-to-double stroller,AUTO_CATEGORIZED,f,t,MacroBaby,6719661047867,659.99,https://www.macrobaby.com/products/baby-jogger-stroller-city-select-2-bj-radiant-slate?_j=taylormadebabyco.com
cmqphgvam0073dqwrhwjqc4we,babylist_impact,Baby Jogger,"""Baby Jogger City Select 2 Stroller, Eco Collection in Lunar Black Size 35"""" x 23.8"""" x 41.1""""""",Baby Jogger,"""Baby Jogger City Select 2 Stroller, Eco Collection in Lunar Black Size 35"""" x 23.8"""" x 41.1""""""",Strollers,single-to-double stroller,REVIEWED,f,t,Babylist,22652,749.99,https://www.babylist.com/gp/baby-jogger-city-select-2-stroller-eco-collection/22652/882925
cmqu6wmpo0013qut1lc1gdxcg,awin_anbbaby,Baby Jogger,BABY JOGGER City Select LUX Double Stroller - Granite,Baby Jogger,BABY JOGGER City Select LUX Double Stroller - Granite,Strollers,double stroller,REVIEWED,f,t,ANB Baby,,819.99,
cmqu6wm5z000xqut1s79hf083,awin_anbbaby,Baby Jogger,BABY JOGGER City Select LUX Stroller - Granite,Baby Jogger,BABY JOGGER City Select LUX Stroller - Granite,Strollers,full-size stroller,REVIEWED,f,t,ANB Baby,,619.99,
cmqphgvju0076dqwrl9pmxyy5,babylist_impact,Baby Jogger,Baby Jogger City Tour 2 Double Stroller in Jet,Baby Jogger,Baby Jogger City Tour 2 Double Stroller in Jet,Strollers,double stroller,REVIEWED,f,t,Babylist,15025,499.99,https://www.babylist.com/gp/baby-jogger-city-tour-2-double-stroller/15025/184757
cmqx4kh9k00fr3a8umtyshc42,shopify_macrobaby,Baby Jogger,"Baby Jogger - City Tour 2 Single Stroller, Coastal",Baby Jogger,City Tour 2 Single,Strollers,travel stroller,AUTO_CATEGORIZED,f,t,MacroBaby,7133391978555,299.99,https://www.macrobaby.com/products/baby-jogger-city-tour-2-single-stroller-coastal?_j=taylormadebabyco.com
cmqphgw32007cdqwrn3dwhfhf,babylist_impact,Baby Jogger,"""Baby Jogger City Tour 2 Stroller, Eco Collection in Eco Black Size 37.75"""" x 19.6"""" x 39.5""""""",Baby Jogger,"""Baby Jogger City Tour 2 Stroller, Eco Collection in Eco Black Size 37.75"""" x 19.6"""" x 39.5""""""",Strollers,travel stroller,REVIEWED,f,t,Babylist,50398,389.99,https://www.babylist.com/gp/baby-jogger-city-tour-2-stroller-eco-collection/50398/1900515
cmqu6wtpx0033qut10ugu9k9f,awin_anbbaby,Baby Jogger,BABY JOGGER City Tour 2 Stroller - Everett Green,Baby Jogger,BABY JOGGER City Tour 2 Stroller - Everett Green,Strollers,travel stroller,AUTO_CATEGORIZED,f,t,ANB Baby,,319.99,
cmqu6wss9002uqut129tfkh6y,awin_anbbaby,Baby Jogger,BABY JOGGER City Tour 2 Stroller - Pitch Jet,Baby Jogger,BABY JOGGER City Tour 2 Stroller - Pitch Jet,Strollers,travel stroller,AUTO_CATEGORIZED,f,t,ANB Baby,,339.99,
cmqu6wtdw0030qut1080ly19a,awin_anbbaby,Baby Jogger,BABY JOGGER City Tour 2 Stroller - Seacrest,Baby Jogger,BABY JOGGER City Tour 2 Stroller - Seacrest,Strollers,travel stroller,AUTO_CATEGORIZED,f,t,ANB Baby,,319.99,
cmqu6wt20002xqut1a23r4c57,awin_anbbaby,Baby Jogger,BABY JOGGER City Tour 2 Stroller - Slate,Baby Jogger,BABY JOGGER City Tour 2 Stroller - Slate,Strollers,travel stroller,AUTO_CATEGORIZED,f,t,ANB Baby,,319.99,
cmqx4kyqy00l63a8uwt9sy9vk,shopify_macrobaby,Baby Jogger,Baby Jogger Stroller City Mini Gt3 Bj Rich Black,Baby Jogger,Baby Jogger Stroller City Mini Gt3 Bj Rich Black,Strollers,jogging stroller,AUTO_CATEGORIZED,f,t,MacroBaby,7590258147387,479.99,https://www.macrobaby.com/products/baby-jogger-stroller-city-mini-gt3-bj-rich-black?_j=taylormadebabyco.com
cmqu6xivt00a0qut1mgfzih4q,awin_anbbaby,Baby Jogger,Baby Jogger Summit X3 Double Jogging Stroller - Black/Gray,Baby Jogger,Baby Jogger Summit X3 Double Jogging Stroller - Black/Gray,Strollers,double jogging stroller,AUTO_CATEGORIZED,f,t,ANB Baby,,649.99,
cmqphgy8g0080dqwr6c6femvz,babylist_impact,Baby Jogger,"""Baby Jogger Summit X3 Double Jogging Stroller in Midnight Black Size 53.15"""" x 32.48"""" x 40.55""""""",Baby Jogger,"""Baby Jogger Summit X3 Double Jogging Stroller in Midnight Black Size 53.15"""" x 32.48"""" x 40.55""""""",Strollers,double stroller,REVIEWED,f,t,Babylist,11862,799.99,https://www.babylist.com/gp/baby-jogger-summit-x3-double-stroller/11862/1563137
cmqzu998d000f13vrhhrvtubo,shopify_macrobaby,Baby Jogger,"Baby Jogger - Summit X3 Jogging Single Stroller, Midnight Black",Baby Jogger,Summit X3 Single,Strollers,jogging stroller,AUTO_CATEGORIZED,f,t,MacroBaby,7187357794363,579.99,https://www.macrobaby.com/products/baby-jogger-summit-x3-jogging-single-stroller-midnight-black?_j=taylormadebabyco.com
cmr6scfdh000i4ubxr87bshya,impact_goodbuygear,Baby Trend,"Baby Trend Expedition 2-in-1 Stroller Wagon, 2023, Smokey Navy",Baby Trend,Expedition 2-in-1,Strollers,wagon,AUTO_CATEGORIZED,f,t,GoodBuyGear,,179.99,
cmqphh4us00a3dqwrfvylk03n,babylist_impact,Baby Trend,Baby Trend Expedition 2-in-1 Stroller Wagon PLUS in Ultra Gray,Baby Trend,Baby Trend Expedition 2-in-1 Stroller Wagon PLUS in Ultra Gray,Strollers,wagon,AUTO_CATEGORIZED,f,t,Babylist,24777,324.99,https://www.babylist.com/gp/baby-trend-expedition-2-in-1-stroller-wagon-plus/24777/1103801
cmr6sh9kn009i4ubxmq4in9uy,impact_goodbuygear,Baby Trend,"Baby Trend Expedition Double Jogging Stroller, 2025, Centennial",Baby Trend,Expedition Double,Strollers,double jogging stroller,AUTO_CATEGORIZED,f,t,GoodBuyGear,,179.99,
cmr6sdreb00234ubxmz2hxl38,impact_goodbuygear,Baby Trend,"Baby Trend Expedition Jogging Stroller, 2025, Dash Pink",Baby Trend,Expedition,Strollers,jogging stroller,AUTO_CATEGORIZED,f,t,GoodBuyGear,,119.99,
cmqsnhpae02t0rfr6yqbent1f,impact_goodbuygear,Baby Trend,"Baby Trend Expedition LTE 2-in-1 Stroller Wagon, 2024, Desert Blue",Baby Trend,Expedition LTE 2-in-1,Strollers,wagon,AUTO_CATEGORIZED,f,t,GoodBuyGear,,102.88,
cmr6sh0sz008l4ubx8f56c00o,impact_goodbuygear,Baby Trend,"Baby Trend Expedition Race Tec Plus Jogger Stroller, Ultra Black, 2025",Baby Trend,Expedition Race Tec Plus Jogger,Strollers,jogging stroller,AUTO_CATEGORIZED,f,t,GoodBuyGear,,127.99,
cmqphh1ys0096dqwrmd720o33,babylist_impact,Baby Trend,Baby Trend Expedition Zero Flat Jogger with LED Lights in Dash Grey,Baby Trend,Baby Trend Expedition Zero Flat Jogger with LED Lights in Dash Grey,Strollers,jogging stroller,AUTO_CATEGORIZED,f,t,Babylist,64700,179.99,https://www.babylist.com/gp/baby-trend-expedition-zero-flat-jogger-with-led-lights/64700/2214107
cmqsnhci102p3rfr6nqy8miqs,impact_goodbuygear,Baby Trend,"Baby Trend Journey Jogger Stroller, 2025, Stellar Grey",Baby Trend,Journey Jogger,Strollers,jogging stroller,AUTO_CATEGORIZED,f,t,GoodBuyGear,,108.99,
cmr6sdzm900294ubxyk0vkyg1,impact_goodbuygear,Baby Trend,"Baby Trend Navigator 2-in-1 Stroller Wagon, 2025, Desert Tan",Baby Trend,Navigator 2-in-1,Strollers,wagon,AUTO_CATEGORIZED,f,t,GoodBuyGear,,164.99,
cmr6sdlmn001x4ubx2x8wldyc,impact_goodbuygear,Baby Trend,"Baby Trend Navigator PRO 2-in-1 Stroller, 2025, Dash Sage",Baby Trend,Navigator PRO 2-in-1,Strollers,full-size stroller,AUTO_CATEGORIZED,f,t,GoodBuyGear,,269.99,
cmqphh30p009idqwrujd14rtn,babylist_impact,Baby Trend,"""Baby Trend Passport Bassinet Stroller in Silver Sky Size 22.50"""" x 30.75"""" x 16.38""""""",Baby Trend,"""Baby Trend Passport Bassinet Stroller in Silver Sky Size 22.50"""" x 30.75"""" x 16.38""""""",Strollers,travel stroller,REVIEWED,f,t,Babylist,26787,154.99,https://www.babylist.com/gp/baby-trend-passport-bassinet-stroller/26787/1290690
cmqsnevg601y3rfr6n28jk1fr,impact_goodbuygear,Baby Trend,"Baby Trend Passport Cargo Stroller, 2025, Pink Bamboo",Baby Trend,Passport Cargo,Strollers,full-size stroller,AUTO_CATEGORIZED,f,t,GoodBuyGear,,71.24,
cmr6silul00dl4ubxfxlewt2z,impact_goodbuygear,Baby Trend,"Baby Trend Passport Carriage Stroller, 2025, Dash Pink",Baby Trend,Passport Carriage,Strollers,full-size stroller,AUTO_CATEGORIZED,f,t,GoodBuyGear,,115.99,
cmqsnh46202mirfr6x2llkhfd,impact_goodbuygear,Baby Trend,"Baby Trend Passport Seasons Stroller, 2026, Journey Black",Baby Trend,Passport Seasons,Strollers,full-size stroller,AUTO_CATEGORIZED,f,t,GoodBuyGear,,93.99,
cmqsnb1gh00rrrfr62bou2m65,impact_goodbuygear,Baby Trend,"Baby Trend Tango 3 All-Terrain Stroller, 2025, Ultra Pink",Baby Trend,Tango 3,Strollers,full-size stroller,AUTO_CATEGORIZED,f,t,GoodBuyGear,,166.24,
cmqsn8n550016rfr6i9jd966j,impact_goodbuygear,Baby Trend,"Baby Trend Tango Stroller, Kona, 2025",Baby Trend,Tango,Strollers,full-size stroller,AUTO_CATEGORIZED,f,t,GoodBuyGear,,89.99,
cmqsnazrh00r9rfr6qe66je8a,impact_goodbuygear,Baby Trend,"Baby Trend Tour 2-in-1 Stroller Wagon, 2024, Mars Red",Baby Trend,Tour 2-in-1,Strollers,wagon,AUTO_CATEGORIZED,f,t,GoodBuyGear,,149.99,
cmqsng50w02bxrfr6xtygxm6b,impact_goodbuygear,Baby Trend,"Baby Trend Tour™ 2-in-1 Stroller Wagon, Mars Red",Baby Trend,Tour™ 2-in-1,Strollers,wagon,AUTO_CATEGORIZED,f,t,GoodBuyGear,,199.99,
cmqsnfbdw0230rfr6rbricr6t,impact_goodbuygear,Baby Trend,"Baby Trend Tour LTE 2-in-1 Stroller Wagon, 2022, Mars Red",Baby Trend,Tour LTE 2-in-1,Strollers,wagon,AUTO_CATEGORIZED,f,t,GoodBuyGear,,149.99,
cmr6skf2a00kf4ubxl5607a75,impact_goodbuygear,BabyVista,"BabyVista All-Terrain Stroller Wagon, Black",BabyVista,"",Strollers,wagon,AUTO_CATEGORIZED,f,t,GoodBuyGear,,187,
cmqphkz5201hfdqwrmwwjntlm,babylist_impact,Bellini,Bellini Juno Compact Auto-Folding Stroller in Black,Bellini,Bellini Juno Compact Auto-Folding Stroller in Black,Strollers,travel stroller,AUTO_CATEGORIZED,f,t,Babylist,64777,479.99,https://www.babylist.com/gp/bellini-juno-compact-auto-folding-stroller/64777/2214395
cmqsn9txn00e6rfr6km6xl1y0,impact_goodbuygear,Bellini,"Bellini Juno Compact Everyday & Travel Stroller, Taupe, 2024",Bellini,Juno Everyday & Travel,Strollers,travel stroller,AUTO_CATEGORIZED,f,t,GoodBuyGear,,254.5,
cmr3ybotf00037qpph7wzi4gl,babylist_impact,BOB,BOB Gear Revolution Flex 3.0 Duallie Double Jogging Stroller,BOB,Revolution Flex 3.0 Duallie,Strollers,double jogging stroller,REVIEWED,f,t,Babylist,,899.99,
cmr3ybob800007qppi7nm4yb5,babylist_impact,BOB,BOB Gear Revolution Flex 3.0 Single Jogging Stroller,BOB,Revolution Flex 3.0,Strollers,jogging stroller,REVIEWED,f,t,Babylist,,519.99,
cmqx4jq4t007c3a8ulidzgu1k,shopify_macrobaby,BOB,BOB Jogging Stroller Double In Black,BOB,BOB Jogging Stroller Double In Black,Strollers,double jogging stroller,AUTO_CATEGORIZED,f,t,MacroBaby,6811407417403,899.99,https://www.macrobaby.com/products/bob-jogging-stroller-double-in-black?_j=taylormadebabyco.com
cmqx4jmv2006c3a8ut19hemjk,shopify_macrobaby,BOB,"BOB - Wayfinder Jogging Stroller, Nightfall",BOB,Wayfinder,Strollers,jogging stroller,AUTO_CATEGORIZED,f,t,MacroBaby,7176592064571,679.99,https://www.macrobaby.com/products/bob-wayfinder-jogging-stroller-nightfall?_j=taylormadebabyco.com
cmqsnccak0160rfr679d0y7jx,impact_goodbuygear,BOB,"BOB Wayfinder Single Jogging Stroller, Nightfall, 2025",BOB,Wayfinder Single,Strollers,jogging stroller,AUTO_CATEGORIZED,f,t,GoodBuyGear,,562.99,
cmqu6xdwc008oqut15uxobn9i,awin_anbbaby,BOB Gear,BOB Gear Revolution Flex 3.0 Duallie Double Jogging Stroller - Graphite Black,BOB Gear,BOB Gear Revolution Flex 3.0 Duallie Double Jogging Stroller - Graphite Black,Strollers,double jogging stroller,AUTO_CATEGORIZED,f,t,ANB Baby,,899.99,
cmrdwvahx00077tmaw3zd0flj,manual_tmbc,Bombi,Bombi Bēbee Twin V2,Bombi,Bēbee Twin V2,Strollers,double stroller,REVIEWED,f,t,Bombi,,,
cmr4c3khg0000n624sckd5u29,bombi_direct,Bombi,Bombi Bēbee V3 Lightweight Stroller,Bombi,Bēbee V3,Strollers,travel stroller,REVIEWED,f,t,Bombi,,225,https://www.amazon.com/Bombi-B%C4%93bee-V2-Lightweight-Stroller/dp/B0DX8BW2Z2?linkCode=ll1&tag=taylormadebab-20&language=en_US&ref_=as_li_ss_tl
cmqsnbp5200yxrfr6uigp6adz,impact_goodbuygear,Britax,"Britax B-Free Stroller, 2019, Midnight",Britax,B-Free,Strollers,full-size stroller,AUTO_CATEGORIZED,f,t,GoodBuyGear,,150.4,
cmqx4jvbt008x3a8uh4i85w7n,shopify_macrobaby,Britax,Britax - Brook+ Modular Baby Stroller,Britax,Brook+ Modular Baby,Strollers,full-size stroller,AUTO_CATEGORIZED,f,t,MacroBaby,7257907167291,329.99,https://www.macrobaby.com/products/britax-brook-modular-baby-stroller?_j=taylormadebabyco.com
cmqphmh7401ycdqwr0c0r66uy,babylist_impact,Britax,Britax Grove Modular Stroller in Pindot Stone,Britax,Britax Grove Modular Stroller in Pindot Stone,Strollers,full-size stroller,AUTO_CATEGORIZED,f,t,Babylist,45771,379.99,https://www.babylist.com/gp/britax-grove-modular-stroller/45771/1791046
cmqx4kljx00h33a8ux6lq2s9q,shopify_macrobaby,Britax,"Britax - Juniper Compact On-The-Go Stroller, Raven Black",Britax,Juniper On-The-Go,Strollers,travel stroller,AUTO_CATEGORIZED,f,t,MacroBaby,7374580023355,239.99,https://www.macrobaby.com/products/britax-juniper-compact-on-the-go-stroller-raven-black?_j=taylormadebabyco.com
cmqphmjuh01z6dqwrkglgusdl,babylist_impact,Britax,Britax Prism Modular Stroller in Teak,Britax,Britax Prism Modular Stroller in Teak,Strollers,full-size stroller,AUTO_CATEGORIZED,f,t,Babylist,83869,479.99,https://www.babylist.com/gp/britax-prism-modular-stroller/83869/3316787
cmqsnex2t01ylrfr6y1usvh7c,impact_goodbuygear,Bugaboo,"Bugaboo Ant Stroller, Aluminum, Steel Blue, Steel Blue, unknown",Bugaboo,Ant,Strollers,full-size stroller,AUTO_CATEGORIZED,f,t,GoodBuyGear,,157.62,
cmqsnekut01uurfr64o5u6gq9,impact_goodbuygear,Bugaboo,"Bugaboo Bee5 Stroller, 2016, Black, Black, Sunrise Yellow",Bugaboo,"Bugaboo Bee5 Stroller, 2016, Black, Black, Sunrise Yellow",Strollers,full-size stroller,REVIEWED,f,t,GoodBuyGear,,265.99,
cmqsndlr601k0rfr64zqrx534,impact_goodbuygear,Bugaboo,"Bugaboo Bee5 Stroller, 2018, Black, Botanic, Botanic",Bugaboo,"Bugaboo Bee5 Stroller, 2018, Black, Botanic, Botanic",Strollers,full-size stroller,REVIEWED,f,t,GoodBuyGear,,266.21,
cmqu6xjhh00a6qut1rhpflehp,awin_anbbaby,Bugaboo,Bugaboo Bee 6 Complete Stroller - Alu/Grey Melange,Bugaboo,Bugaboo Bee 6 Complete Stroller - Alu/Grey Melange,Strollers,full-size stroller,REVIEWED,f,t,ANB Baby,,779,
cmqphmm8t01zxdqwr7ub3izx6,babylist_impact,Bugaboo,Bugaboo Butterfly 2 Complete Stroller,Bugaboo,Butterfly 2,Strollers,travel stroller,REVIEWED,f,t,Babylist,74320,599,https://www.babylist.com/gp/bugaboo-butterfly-2-complete-stroller/74320/2491084
cmqphmmil0200dqwrmc2m0xyo,babylist_impact,Bugaboo,"""Bugaboo Butterfly 2 Complete Stroller in Desert Taupe Size 17.6"""" x 37.2"""" x 40.5"""" | 100% Polyester""",Bugaboo,"""Bugaboo Butterfly 2 Complete Stroller in Desert Taupe Size 17.6"""" x 37.2"""" x 40.5"""" | 100% Polyester""",Strollers,travel stroller,REVIEWED,f,t,Babylist,74320,599,https://www.babylist.com/gp/bugaboo-butterfly-2-complete-stroller/74320/2491085
cmscagpfw0000c9k8wic4yk19,manual_tmbc,Bugaboo,Bugaboo Butterfly 2 Plus,Bugaboo,,Strollers,Compact,REVIEWED,f,t,Babylist,,,
cmqsnb16m00rorfr67n3y9r1b,impact_goodbuygear,Bugaboo,"Bugaboo Cameleon3 Stroller, 2017, Black, Black, Black",Bugaboo,Cameleon3,Strollers,full-size stroller,AUTO_CATEGORIZED,f,t,GoodBuyGear,,191.65,
cmqsn9sv500durfr62qbr7ulf,impact_goodbuygear,Bugaboo,"Bugaboo Donkey 3 Duo Stroller, 2021, Black, Grey Melange, Grey Melange",Bugaboo,"Bugaboo Donkey 3 Duo Stroller, 2021, Black, Grey Melange, Grey Melange",Strollers,single-to-double stroller,REVIEWED,f,t,GoodBuyGear,,879.99,
cmqu6xjr500a9qut151d2weqr,awin_anbbaby,Bugaboo,"Bugaboo Donkey 3 Mineral, Mono Complete Stroller - Aluminum / Grey Melange-Red",Bugaboo,"Bugaboo Donkey 3 Mineral, Mono Complete Stroller - Aluminum / Grey Melange-Red",Strollers,single-to-double stroller,REVIEWED,f,t,ANB Baby,,900.99,
cmqsnapgp00o0rfr6c4snju5i,impact_goodbuygear,Bugaboo,"Bugaboo Donkey 5 Duo Stroller, 2021, Graphite, Stormy Blue, Stormy Blue",Bugaboo,Donkey 5 Duo,Strollers,single-to-double stroller,AUTO_CATEGORIZED,f,t,GoodBuyGear,,1325.99,
cmqsnbaiw00ufrfr67izzzz8j,impact_goodbuygear,Bugaboo,"Bugaboo Donkey 5 Mono Stroller, Black, Washed Black, Washed Black, 2025",Bugaboo,Donkey 5 Mono,Strollers,single-to-double stroller,AUTO_CATEGORIZED,f,t,GoodBuyGear,,1048.99,
cmqx4juio008o3a8uxvt6qdu9,shopify_macrobaby,Bugaboo,Bugaboo Donkey 6 Complete Stroller Black/Fern Green,Bugaboo,Donkey 6,Strollers,single-to-double stroller,REVIEWED,f,t,MacroBaby,7554456977467,1699.99,https://www.macrobaby.com/products/bugaboo-donkey-6-complete-stroller-black-fern-green?_j=taylormadebabyco.com
cmqsnf698021frfr6gbf8w68o,impact_goodbuygear,Bugaboo,"Bugaboo Donkey Tailored Fabric Set, Grey Melange",Bugaboo,Donkey Tailored Fabric Set,Strollers,single-to-double stroller,AUTO_CATEGORIZED,f,t,GoodBuyGear,,64.07,
cmr2vgyjp0003ea9ue8ipbpja,babylist_impact,Bugaboo,Bugaboo Dragonfly Plus Seat Stroller,Bugaboo,Dragonfly Plus,Strollers,compact stroller,REVIEWED,f,t,Babylist,,1099,
cmr6skjqh00l34ubx04xvvhz5,impact_goodbuygear,Bugaboo,"Bugaboo Dragonfly Seat Complete, Midnight Black",Bugaboo,Dragonfly Seat,Strollers,compact stroller,AUTO_CATEGORIZED,f,t,GoodBuyGear,,179.99,
cmqsndwqb01nfrfr6h93mmk04,impact_goodbuygear,Bugaboo,"Bugaboo Dragonfly Stroller, 2024, Black, Dark Cherry, Dark Cherry",Bugaboo,Dragonfly,Strollers,compact stroller,AUTO_CATEGORIZED,f,t,GoodBuyGear,,499.99,
cmqphmwza0239dqwry404x3ry,babylist_impact,Bugaboo,Bugaboo Fox 5 Renew Complete Stroller,Bugaboo,Fox 5,Strollers,full-size stroller,REVIEWED,f,t,Babylist,71205,1499,https://www.babylist.com/gp/bugaboo-fox-5-renew-complete-stroller-bassinet/71205/2365261
cmqphmxid023fdqwr46ojaxu2,babylist_impact,Bugaboo,"""Bugaboo Fox 5 Renew Complete Stroller & Bassinet in Fern Green Size 36.6"""" x 23.6"""" x 41.3""""""",Bugaboo,"""Bugaboo Fox 5 Renew Complete Stroller & Bassinet in Fern Green Size 36.6"""" x 23.6"""" x 41.3""""""",Strollers,full-size stroller,REVIEWED,f,t,Babylist,71205,1499,https://www.babylist.com/gp/bugaboo-fox-5-renew-complete-stroller-bassinet/71205/3094061
cmqu6wjjg0009qut10ln0ztig,awin_anbbaby,Bugaboo,Bugaboo Fox Complete Stroller - Alu/Black-Grey Melange,Bugaboo,Bugaboo Fox Complete Stroller - Alu/Black-Grey Melange,Strollers,full-size stroller,REVIEWED,f,t,ANB Baby,,1209,
cmqsnghce02frrfr63xcu982p,impact_goodbuygear,Bugaboo,"Bugaboo Fox Stroller, 2018, Black, Grey Melange, Grey Melange",Bugaboo,Fox,Strollers,full-size stroller,AUTO_CATEGORIZED,f,t,GoodBuyGear,,419.99,
cmqphn5ug0260dqwrhxcoo6sx,babylist_impact,Bugaboo,Bugaboo Kangaroo Stroller in Moon Grey,Bugaboo,Bugaboo Kangaroo Stroller in Moon Grey,Strollers,single-to-double stroller,REVIEWED,f,t,Babylist,80467,1099,https://www.babylist.com/gp/bugaboo-kangaroo-stroller/80467/2927292
cmqu6xk2w00acqut17q61r485,awin_anbbaby,Bugaboo,Bugaboo Lynx Complete Stroller - Aluminum / Steel Blue,Bugaboo,Bugaboo Lynx Complete Stroller - Aluminum / Steel Blue,Strollers,full-size stroller,REVIEWED,f,t,ANB Baby,,949,
cmqphncu00286dqwr6bcqto8d,babylist_impact,Bumbleride,Bumbleride Era Stroller in Dusk | 100% Recycled,Bumbleride,Bumbleride Era Stroller in Dusk | 100% Recycled,Strollers,full-size stroller,AUTO_CATEGORIZED,f,t,Babylist,37542,949,https://www.babylist.com/gp/bumbleride-era-stroller/37542/2586969
cmqphnde3028cdqwrfgp9xwx7,babylist_impact,Bumbleride,Bumbleride Indie in Black | 100% Recycled,Bumbleride,Bumbleride Indie in Black | 100% Recycled,Strollers,jogging stroller,REVIEWED,f,t,Babylist,37544,799,https://www.babylist.com/gp/bumbleride-indie/37544/2072904
cmqphndx9028idqwr1i87155l,babylist_impact,Bumbleride,Bumbleride Indie in Ocean | 100% Recycled,Bumbleride,Bumbleride Indie in Ocean | 100% Recycled,Strollers,jogging stroller,REVIEWED,f,t,Babylist,37544,799,https://www.babylist.com/gp/bumbleride-indie/37544/2586973
cmqphndnl028fdqwrv317s6c6,babylist_impact,Bumbleride,Bumbleride Indie in Sand Beige | 100% Recycled,Bumbleride,Bumbleride Indie in Sand Beige | 100% Recycled,Strollers,jogging stroller,REVIEWED,f,t,Babylist,37544,799,https://www.babylist.com/gp/bumbleride-indie/37544/2072905
cmqsn8vuu003urfr6hrpfpowk,impact_goodbuygear,Bumbleride,"Bumbleride Indie Stroller, 2025, Black",Bumbleride,Indie,Strollers,jogging stroller,REVIEWED,f,t,GoodBuyGear,,685.05,
cmqphnesd028rdqwrthlnrs00,babylist_impact,Bumbleride,Bumbleride Indie Twin Double Jogging Stroller,Bumbleride,Indie Twin,Strollers,double jogging stroller,REVIEWED,f,t,Babylist,37545,1099,https://www.babylist.com/gp/bumbleride-indie-twin-double-jogging-stroller/37545/2072906
cmqphnf23028udqwrvqw4lnd5,babylist_impact,Bumbleride,Bumbleride Indie Twin Double Jogging Stroller in Dusk Grey | 100% Recycled,Bumbleride,Bumbleride Indie Twin Double Jogging Stroller in Dusk Grey | 100% Recycled,Strollers,double jogging stroller,REVIEWED,f,t,Babylist,37545,1099,https://www.babylist.com/gp/bumbleride-indie-twin-double-jogging-stroller/37545/2072907
cmqphnhq6029odqwrhhgyupo5,babylist_impact,Bumbleride,Bumbleride Speed Stroller in Black | 100% Recycled,Bumbleride,Bumbleride Speed Stroller in Black | 100% Recycled,Strollers,jogging stroller,AUTO_CATEGORIZED,f,t,Babylist,13352,799,https://www.babylist.com/gp/bumbleride-speed-stroller/13352/2586974
cmqx4k6aq00cc3a8u7ojpy434,shopify_macrobaby,Chicco,"Chicco BravoFor2 Standing/Sitting Double Stroller, Iron",Chicco,BravoFor2 Standing/Sitting Double,Strollers,double stroller,AUTO_CATEGORIZED,f,t,MacroBaby,7137445314619,379.99,https://www.macrobaby.com/products/chicco-bravofor2-standing-sitting-double-stroller-iron?_j=taylormadebabyco.com
cmqphrjcd03jcdqwr2xsxmo9v,babylist_impact,Chicco,"""Chicco Bravo LE ClearTex Quick-Fold Stroller in Pewter Size 35.2"""" x 22.8"""" x 22.8""""""",Chicco,"""Chicco Bravo LE ClearTex Quick-Fold Stroller in Pewter Size 35.2"""" x 22.8"""" x 22.8""""""",Strollers,full-size stroller,AUTO_CATEGORIZED,f,t,Babylist,24730,329.99,https://www.babylist.com/gp/chicco-bravo-le-cleartex-quick-fold-stroller/24730/1101933
cmqsnclhg018urfr6shyc5mhi,impact_goodbuygear,Chicco,"Chicco Bravo LE Stroller, 2024, Driftwood",Chicco,Bravo LE,Strollers,full-size stroller,AUTO_CATEGORIZED,f,t,GoodBuyGear,,156.12,
cmqsnce7f016lrfr6kx12j6e5,impact_goodbuygear,Chicco,"Chicco Bravo Primo Quick-Fold Stroller, 2025, Summit",Chicco,Bravo Primo Quick-Fold,Strollers,full-size stroller,AUTO_CATEGORIZED,f,t,GoodBuyGear,,358.99,
cmr6sk5hg00jc4ubxkbe36tfz,impact_goodbuygear,Chicco,"Chicco Bravo Primo Trio Stroller Only, Calla, 2025",Chicco,Bravo Primo Trio,Strollers,full-size stroller,AUTO_CATEGORIZED,f,t,GoodBuyGear,,201.99,
cmr6sgimc00794ubx7wxw827i,impact_goodbuygear,Chicco,"Chicco Bravo Quick-Fold Stroller, 2025, Black",Chicco,Bravo Quick-Fold,Strollers,full-size stroller,AUTO_CATEGORIZED,f,t,GoodBuyGear,,189.99,
cmqphrkeg03jodqwrpkrjy56l,babylist_impact,Chicco,"""Chicco Bravo Quick-Fold Stroller in Black Size 35.2"""" x 22.8"""" x 22.8""""""",Chicco,"""Chicco Bravo Quick-Fold Stroller in Black Size 35.2"""" x 22.8"""" x 22.8""""""",Strollers,full-size stroller,REVIEWED,f,t,Babylist,22801,299.99,https://www.babylist.com/gp/chicco-bravo-quick-fold-stroller/22801/902324
cmr6sh915009f4ubx17fleibw,impact_goodbuygear,Chicco,"Chicco Bravo Sport Stroller, 2026, Iron",Chicco,Bravo Sport,Strollers,full-size stroller,AUTO_CATEGORIZED,f,t,GoodBuyGear,,149.99,
cmr6sbytj00034ubxrcdqav33,impact_goodbuygear,Chicco,"Chicco Corso Flex Convertible Stroller, 2023, Legend",Chicco,Corso Flex Convertible,Strollers,single-to-double stroller,AUTO_CATEGORIZED,f,t,GoodBuyGear,,487.99,
cmqphrm0i03k6dqwrqei5083i,babylist_impact,Chicco,"""Chicco Corso Flex Convertible Stroller in Legend Size 45.5"""" x 26.3"""" x 43""""""",Chicco,"""Chicco Corso Flex Convertible Stroller in Legend Size 45.5"""" x 26.3"""" x 43""""""",Strollers,single-to-double stroller,REVIEWED,f,t,Babylist,45999,679.99,https://www.babylist.com/gp/chicco-corso-flex-convertible-stroller/45999/1800985
cmqphrnun03krdqwrhzp3luu1,babylist_impact,Chicco,Chicco Corso Primo Modular Stroller in Summit,Chicco,Chicco Corso Primo Modular Stroller in Summit,Strollers,full-size stroller,REVIEWED,f,t,Babylist,78231,599.99,https://www.babylist.com/gp/chicco-corso-primo-modular-stroller/78231/2764454
cmqsn9xdr00f9rfr6wxudjt5d,impact_goodbuygear,Chicco,"Chicco Corso Primo Stroller, 2025, Summit",Chicco,Corso Primo,Strollers,full-size stroller,AUTO_CATEGORIZED,f,t,GoodBuyGear,,491.99,
cmqx4k0c500ai3a8uphbcw5mw,shopify_macrobaby,Chicco,"Chicco Cortina Together Double Stroller, Minerale",Chicco,Cortina Together Double,Strollers,double stroller,AUTO_CATEGORIZED,f,t,MacroBaby,6679286743099,389.99,https://www.macrobaby.com/products/chicco-cortina-together-double-stroller-minerale?_j=taylormadebabyco.com
cmr6scppq00104ubxkmvcu7l8,impact_goodbuygear,Chicco,"Chicco Liteway Stroller, 2025, Dune",Chicco,Liteway,Strollers,umbrella stroller,AUTO_CATEGORIZED,f,t,GoodBuyGear,,73.14,
cmqphs1m803p0dqwr2vxhza4c,babylist_impact,Chicco,"""Chicco TRE Jogging Stroller in Galaxy Size 47.5"""" x 25.5"""" x 42""""""",Chicco,"""Chicco TRE Jogging Stroller in Galaxy Size 47.5"""" x 25.5"""" x 42""""""",Strollers,jogging stroller,AUTO_CATEGORIZED,f,t,Babylist,56823,499.99,https://www.babylist.com/gp/chicco-tre-jogging-stroller/56823/2123397
cmr6sidoz00cx4ubxkgoq7k0h,impact_goodbuygear,Cochildor,"Cochildor Citi 2.0 Pro Baby Stroller, Black",Cochildor,Citi 2.0 Pro Baby,Strollers,full-size stroller,AUTO_CATEGORIZED,f,t,GoodBuyGear,,164.99,
cmqsnbzqn0123rfr67jixwfoj,impact_goodbuygear,Colugo,"Colugo Compact Stroller, 2019, Navy",Colugo,"",Strollers,travel stroller,AUTO_CATEGORIZED,f,t,GoodBuyGear,,93.3,
cmqsneln001v3rfr60nrwfkpl,impact_goodbuygear,Colugo,"Colugo Compact Stroller, 2020, Cool Grey",Colugo,"",Strollers,travel stroller,AUTO_CATEGORIZED,f,t,GoodBuyGear,,79.41,
cmqsna0tl00gcrfr669kebyxt,impact_goodbuygear,Colugo,"Colugo Compact Stroller, 2022, Cool Grey",Colugo,"",Strollers,travel stroller,AUTO_CATEGORIZED,f,t,GoodBuyGear,,140.99,
cmqsne4ff01prrfr6x7i5ftma,impact_goodbuygear,Colugo,"Colugo Compact Stroller, 2023, Navy",Colugo,"",Strollers,travel stroller,AUTO_CATEGORIZED,f,t,GoodBuyGear,,134.39,
cmqsnbntj00yirfr60wpsfjcs,impact_goodbuygear,Colugo,"Colugo Compact Stroller, 2023, Olive",Colugo,"",Strollers,travel stroller,AUTO_CATEGORIZED,f,t,GoodBuyGear,,134.39,
cmqsna69b00i0rfr6y1jfszg2,impact_goodbuygear,Colugo,"Colugo Compact Stroller+, 2025, Black/Black",Colugo,"",Strollers,travel stroller,AUTO_CATEGORIZED,f,t,GoodBuyGear,,112.99,
cmr6sjjnh00h94ubxs4g2m016,impact_goodbuygear,Colugo,"Colugo Compact Stroller, Wild Child, 2023",Colugo,"",Strollers,travel stroller,AUTO_CATEGORIZED,f,t,GoodBuyGear,,152.99,
cmqsn97tr007crfr6gpz0qfyb,impact_goodbuygear,Colugo,"Colugo The One Stroller, Black, 2023",Colugo,The One,Strollers,full-size stroller,AUTO_CATEGORIZED,f,t,GoodBuyGear,,165.29,
cmqu6xxz900e6qut1nprvvzwy,awin_anbbaby,Cybex,Cybex AVI,Cybex,Cybex AVI Jogging Stroller - All Black,Strollers,jogging stroller,REVIEWED,f,t,ANB Baby,,347.97,
cmqu6xz7100eiqut15f8w067s,awin_anbbaby,Cybex,Cybex AVI Jogging Stroller - Sand Sea,Cybex,Cybex AVI Jogging Stroller - Sand Sea,Strollers,jogging stroller,REVIEWED,f,t,ANB Baby,,579.95,
cmr6sk7iq00ji4ubx7a7fx55e,impact_goodbuygear,Cybex,"Cybex Avi Spin Jogging Stroller, 2025, Moon Black",Cybex,Avi Spin,Strollers,jogging stroller,AUTO_CATEGORIZED,f,t,GoodBuyGear,,679.99,
cmqphu8mj04dodqwr0go1zdm8,babylist_impact,Cybex,Cybex Balios S Lux Stroller in Moon Black,Cybex,Cybex Balios S Lux Stroller in Moon Black,Strollers,full-size stroller,AUTO_CATEGORIZED,f,t,Babylist,22411,699.95,https://www.babylist.com/gp/cybex-balios-s-lux-stroller/22411/2847010
cmqphugqz04g9dqwryt8ucl65,babylist_impact,Cybex,Cybex Coya Stroller in Matte Black/Mirage Grey,Cybex,Cybex Coya Stroller in Matte Black/Mirage Grey,Strollers,travel stroller,AUTO_CATEGORIZED,f,t,Babylist,82587,599.95,https://www.babylist.com/gp/cybex-coya-stroller/82587/2045294
cmqu6x8370070qut1gv5qfl8q,awin_anbbaby,Cybex,Cybex Eezy S+2 Stroller - Deep Black,Cybex,Cybex Eezy S+2 Stroller - Deep Black,Strollers,travel stroller,AUTO_CATEGORIZED,f,t,ANB Baby,,399.95,
cmqu6x7te006xqut1mzi3ibkh,awin_anbbaby,Cybex,Cybex Eezy S+2 Stroller - Navy Blue,Cybex,Eezy S Twist 2,Strollers,compact stroller,REVIEWED,f,t,ANB Baby,,279.97,
cmqu6x8cr0073qut187rfp3j2,awin_anbbaby,Cybex,Cybex Eezy S+2 Stroller - River Blue,Cybex,Cybex Eezy S+2 Stroller - River Blue,Strollers,travel stroller,AUTO_CATEGORIZED,f,t,ANB Baby,,399.95,
cmqphuo6g04ildqwrnpjce8ux,babylist_impact,Cybex,Cybex eGazelle S Electronic Assist Stroller in Black Frame/Moon Black Seat,Cybex,Cybex eGazelle S Electronic Assist Stroller in Black Frame/Moon Black Seat,Strollers,single-to-double stroller,REVIEWED,f,t,Babylist,56938,1199.95,https://www.babylist.com/gp/cybex-egazelle-s-electronic-assist-stroller/56938/2134402
cmqsncwvv01ccrfr6itubobfh,impact_goodbuygear,Cybex,"Cybex e-Gazelle S Stroller, 2024, Almond Beige, Black",Cybex,"Cybex e-Gazelle S Stroller, 2024, Almond Beige, Black",Strollers,single-to-double stroller,REVIEWED,f,t,GoodBuyGear,,690.99,
cmqsnfagu022rrfr6tcep8t4j,impact_goodbuygear,Cybex,"Cybex e-Gazelle S Stroller, 2024, Moon Black, Silver",Cybex,"Cybex e-Gazelle S Stroller, 2024, Moon Black, Silver",Strollers,single-to-double stroller,REVIEWED,f,t,GoodBuyGear,,791.69,
cmqsnbppt00z3rfr69w3ubwdf,impact_goodbuygear,Cybex,"Cybex e-Gazelle S Stroller, 2024, Ocean Blue, Silver",Cybex,"Cybex e-Gazelle S Stroller, 2024, Ocean Blue, Silver",Strollers,single-to-double stroller,REVIEWED,f,t,GoodBuyGear,,791.69,
cmr6sillj00di4ubx0hxclfk5,impact_goodbuygear,Cybex,"Cybex e-Gazelle S Stroller, 2024, Ocean Blue, Silver",Cybex,e-Gazelle S,Strollers,single-to-double stroller,REVIEWED,f,t,GoodBuyGear,,791.69,
cmqphupht04j0dqwruo4lig31,babylist_impact,Cybex,Cybex eGazelle S Stroller + Cloud G Pro Travel System in Black Frame/Moon Black,Cybex,Cybex eGazelle S Stroller + Cloud G Pro Travel System in Black Frame/Moon Black,Strollers,single-to-double stroller,REVIEWED,f,t,Babylist,80260,1699.95,https://www.babylist.com/gp/cybex-egazelle-s-stroller-cloud-g-pro-travel-system/80260/3093719
cmqsn9kzc00bfrfr667vjtqdm,impact_goodbuygear,Cybex,"Cybex Eos Lux Stroller, 2024, Lava Grey",Cybex,Eos Lux,Strollers,full-size stroller,AUTO_CATEGORIZED,f,t,GoodBuyGear,,185.99,
cmqsnd58t01exrfr6j4l499yy,impact_goodbuygear,Cybex,"Cybex Eos Stroller, 2024, Black, Ocean Blue",Cybex,Eos,Strollers,full-size stroller,AUTO_CATEGORIZED,f,t,GoodBuyGear,,172.99,
cmqsn8x6i0049rfr6rqac7eje,impact_goodbuygear,Cybex,"Cybex E-PRIAM2 Stroller, Rose Gold, Sepia Black, 2024",Cybex,E-PRIAM2,Strollers,full-size stroller,AUTO_CATEGORIZED,f,t,GoodBuyGear,,599.25,
cmr6sgb8f006o4ubx9vou1htk,impact_goodbuygear,Cybex,"Cybex E-PRIAM Electric Stroller, 2021, Chrome With Black Details, Deep Black, without Battery",Cybex,e-Priam Electric,Strollers,full-size stroller,REVIEWED,f,t,GoodBuyGear,,329.99,
cmqphujgt04h3dqwr6g1vgey5,babylist_impact,Cybex,Cybex e-PRIAM Stroller in Matte Black Frame/Cozy Beige Lux Seat,Cybex,Cybex e-PRIAM Stroller in Matte Black Frame/Cozy Beige Lux Seat,Strollers,full-size stroller,REVIEWED,f,t,Babylist,81324,1599.95,https://www.babylist.com/gp/cybex-e-priam-stroller/81324/3045861
cmqu6x9u5007iqut16zz1v9sc,awin_anbbaby,Cybex,Cybex Gazelle S Complete Stroller - Classic Beige,Cybex,Cybex Gazelle S Complete Stroller - Classic Beige,Strollers,single-to-double stroller,REVIEWED,f,t,ANB Baby,,1049.95,
cmqu6x9i4007fqut1k4s56y06,awin_anbbaby,Cybex,Cybex Gazelle S Complete Stroller - Deep Black,Cybex,Cybex Gazelle S Complete Stroller - Deep Black,Strollers,single-to-double stroller,REVIEWED,f,t,ANB Baby,,1049.95,
cmqu6x8yr0079qut1fji7xl5j,awin_anbbaby,Cybex,Cybex Gazelle S Complete Stroller - Navy Blue,Cybex,Cybex Gazelle S Complete Stroller - Navy Blue,Strollers,single-to-double stroller,REVIEWED,f,t,ANB Baby,,1049.95,
cmqu6x987007cqut1fu0olk2y,awin_anbbaby,Cybex,Cybex Gazelle S Complete Stroller - Soho Grey,Cybex,Cybex Gazelle S Complete Stroller - Soho Grey,Strollers,single-to-double stroller,REVIEWED,f,t,ANB Baby,,1049.95,
cmqsna7kf00ifrfr6xz5el8re,impact_goodbuygear,Cybex,"Cybex Gazelle S Modular Stroller, 2020, Moon Black, Silver Frame",Cybex,"Cybex Gazelle S Modular Stroller, 2020, Moon Black, Silver Frame",Strollers,single-to-double stroller,REVIEWED,f,t,GoodBuyGear,,472.49,
cmqsnf2fi0209rfr6sixnzbfj,impact_goodbuygear,Cybex,"Cybex Gazelle S Modular Stroller, 2022, Moon Black, Silver Frame",Cybex,"Cybex Gazelle S Modular Stroller, 2022, Moon Black, Silver Frame",Strollers,single-to-double stroller,REVIEWED,f,t,GoodBuyGear,,594.29,
cmqsndeec01hrrfr6874591e2,impact_goodbuygear,Cybex,"Cybex Gazelle S Modular Stroller, 2023, Black Frame, Moon Black",Cybex,"Cybex Gazelle S Modular Stroller, 2023, Black Frame, Moon Black",Strollers,single-to-double stroller,REVIEWED,f,t,GoodBuyGear,,472.49,
cmqsndj8901j9rfr6gghtfvyd,impact_goodbuygear,Cybex,"Cybex Gazelle S Modular Stroller, 2023, Moon Black, Silver Frame",Cybex,"Cybex Gazelle S Modular Stroller, 2023, Moon Black, Silver Frame",Strollers,single-to-double stroller,REVIEWED,f,t,GoodBuyGear,,594.29,
cmqsnd6xz01ffrfr6kla4qf0h,impact_goodbuygear,Cybex,"Cybex Gazelle S Modular Stroller, 2023, Seashell Beige, Taupe Frame",Cybex,"Cybex Gazelle S Modular Stroller, 2023, Seashell Beige, Taupe Frame",Strollers,single-to-double stroller,REVIEWED,f,t,GoodBuyGear,,594.29,
cmqsn9bw2008lrfr6r5bv7fp4,impact_goodbuygear,Cybex,"Cybex Gazelle S Modular Stroller, 2024, Moon Black, Silver Frame",Cybex,"Cybex Gazelle S Modular Stroller, 2024, Moon Black, Silver Frame",Strollers,single-to-double stroller,REVIEWED,f,t,GoodBuyGear,,504.99,
cmqsnf6s1021lrfr6f7niqfsb,impact_goodbuygear,Cybex,"Cybex Gazelle S Modular Stroller, 2024, Seashell Beige, Taupe Frame",Cybex,"Cybex Gazelle S Modular Stroller, 2024, Seashell Beige, Taupe Frame",Strollers,single-to-double stroller,REVIEWED,f,t,GoodBuyGear,,594.29,
cmqsnav9q00purfr602rg4kxs,impact_goodbuygear,Cybex,"Cybex Gazelle S Modular Stroller, 2025, Black Frame, Moon Black",Cybex,"Cybex Gazelle S Modular Stroller, 2025, Black Frame, Moon Black",Strollers,single-to-double stroller,REVIEWED,f,t,GoodBuyGear,,472.49,
cmqphurwr04jrdqwrg0035oof,babylist_impact,Cybex,Cybex Gazelle S Single to Double Stroller + Cot Bundle in Moon Black/Silver Frame,Cybex,Cybex Gazelle S Single to Double Stroller + Cot Bundle in Moon Black/Silver Frame,Strollers,single-to-double stroller,REVIEWED,f,t,Babylist,63407,1349.95,https://www.babylist.com/gp/cybex-gazelle-s-single-to-double-stroller-cot-bundle/63407/2204845
cmqzu9v64000o13vrjyl1eba6,shopify_macrobaby,Cybex,"Cybex Gazelle S Single-to-Double Stroller, Silver Frame With Stone Grey Seat",Cybex,Gazelle S,Strollers,single-to-double stroller,REVIEWED,f,t,MacroBaby,7660536463419,899.95,https://www.macrobaby.com/products/cybex-gazelle-s-single-to-double-stroller-silver-frame-with-stone-grey-seat?_j=taylormadebabyco.com
cmqphuu1t04kfdqwrxokykewd,babylist_impact,Cybex,Cybex Gazelle S Stroller + Cloud G Pro Travel System in Black Frame/Moon Black,Cybex,Cybex Gazelle S Stroller + Cloud G Pro Travel System in Black Frame/Moon Black,Strollers,single-to-double stroller,REVIEWED,f,t,Babylist,80258,1499.95,https://www.babylist.com/gp/cybex-gazelle-s-stroller-cloud-g-pro-travel-system/80258/3050114
cmqphuuua04kodqwr25w5ji96,babylist_impact,Cybex,Cybex Gazelle S Stroller + Cloud G Pro Travel System in Silver Frame/Moon Black,Cybex,Cybex Gazelle S Stroller + Cloud G Pro Travel System in Silver Frame/Moon Black,Strollers,single-to-double stroller,REVIEWED,f,t,Babylist,80258,1499.95,https://www.babylist.com/gp/cybex-gazelle-s-stroller-cloud-g-pro-travel-system/80258/3050117
cmqphuukp04kldqwr4gun50ot,babylist_impact,Cybex,Cybex Gazelle S Stroller + Cloud G Pro Travel System in Silver Frame/Stone Grey,Cybex,Cybex Gazelle S Stroller + Cloud G Pro Travel System in Silver Frame/Stone Grey,Strollers,single-to-double stroller,REVIEWED,f,t,Babylist,80258,1499.95,https://www.babylist.com/gp/cybex-gazelle-s-stroller-cloud-g-pro-travel-system/80258/3050116
cmqphuub904kidqwrwxwdmht7,babylist_impact,Cybex,Cybex Gazelle S Stroller + Cloud G Pro Travel System in Taupe Frame/Almond Beige,Cybex,Cybex Gazelle S Stroller + Cloud G Pro Travel System in Taupe Frame/Almond Beige,Strollers,single-to-double stroller,REVIEWED,f,t,Babylist,80258,1499.95,https://www.babylist.com/gp/cybex-gazelle-s-stroller-cloud-g-pro-travel-system/80258/3050115
cmqphuv3q04krdqwr9i3v1wgm,babylist_impact,Cybex,Cybex Gazelle S Stroller + Cloud G Pro Travel System in Taupe Frame/Moon Black,Cybex,Cybex Gazelle S Stroller + Cloud G Pro Travel System in Taupe Frame/Moon Black,Strollers,single-to-double stroller,REVIEWED,f,t,Babylist,80258,1499.95,https://www.babylist.com/gp/cybex-gazelle-s-stroller-cloud-g-pro-travel-system/80258/3050119
cmqphutsk04kcdqwrebznvcvv,babylist_impact,Cybex,Cybex Gazelle S Stroller + Cloud G Pro Travel System in Taupe Frame/Stormy Blue,Cybex,Cybex Gazelle S Stroller + Cloud G Pro Travel System in Taupe Frame/Stormy Blue,Strollers,single-to-double stroller,REVIEWED,f,t,Babylist,80258,1499.95,https://www.babylist.com/gp/cybex-gazelle-s-stroller-cloud-g-pro-travel-system/80258/3050113
cmqphusfn04jxdqwrdle7m6i0,babylist_impact,Cybex,Cybex Gazelle S Stroller in Almond Beige Seat/Taupe Frame,Cybex,Cybex Gazelle S Stroller in Almond Beige Seat/Taupe Frame,Strollers,single-to-double stroller,REVIEWED,f,t,Babylist,38515,899.95,https://www.babylist.com/gp/cybex-gazelle-s-stroller-1749563054/38515/2458469
cmqphut7v04k6dqwrn5nmjke1,babylist_impact,Cybex,Cybex Gazelle S Stroller in Moon Black Frame,Cybex,Cybex Gazelle S Stroller in Moon Black Frame,Strollers,single-to-double stroller,REVIEWED,f,t,Babylist,38515,899.95,https://www.babylist.com/gp/cybex-gazelle-s-stroller-1749563054/38515/2862287
cmqphus6a04judqwrnsrrndpt,babylist_impact,Cybex,Cybex Gazelle S Stroller in Moon Black/Silver Frame,Cybex,Cybex Gazelle S Stroller in Moon Black/Silver Frame,Strollers,single-to-double stroller,REVIEWED,f,t,Babylist,38515,899.95,https://www.babylist.com/gp/cybex-gazelle-s-stroller-1749563054/38515/1502010
cmqphutjh04k9dqwryznjedlc,babylist_impact,Cybex,Cybex Gazelle S Stroller in Moon Black/Taupe Frame,Cybex,Cybex Gazelle S Stroller in Moon Black/Taupe Frame,Strollers,single-to-double stroller,REVIEWED,f,t,Babylist,38515,899.95,https://www.babylist.com/gp/cybex-gazelle-s-stroller-1749563054/38515/3045840
cmqphusp404k0dqwr5wnkxkxk,babylist_impact,Cybex,Cybex Gazelle S Stroller in Stone Grey Seat/Silver Frame,Cybex,Cybex Gazelle S Stroller in Stone Grey Seat/Silver Frame,Strollers,single-to-double stroller,REVIEWED,f,t,Babylist,38515,899.95,https://www.babylist.com/gp/cybex-gazelle-s-stroller-1749563054/38515/2847007
cmqphusyk04k3dqwrcz74e7oh,babylist_impact,Cybex,Cybex Gazelle S Stroller in Stormy Blue/Taupe Frame,Cybex,Cybex Gazelle S Stroller in Stormy Blue/Taupe Frame,Strollers,single-to-double stroller,REVIEWED,f,t,Babylist,38515,899.95,https://www.babylist.com/gp/cybex-gazelle-s-stroller-1749563054/38515/2847008
cmqu6x8om0076qut10amwuzdx,awin_anbbaby,Cybex,Cybex Gazelle S Stroller - Navy Blue,Cybex,Cybex Gazelle S Stroller - Navy Blue,Strollers,single-to-double stroller,REVIEWED,f,t,ANB Baby,,359.99,
cmqphv0jr04midqwrdco75yjp,babylist_impact,Cybex,Cybex Libelle Stroller Travel Bag in Black,Cybex,Cybex Libelle Stroller Travel Bag in Black,Strollers,travel stroller,REVIEWED,f,t,Babylist,38014,89.95,https://www.babylist.com/gp/cybex-libelle-stroller-travel-bag/38014/1441264
cmqphv0t204mldqwruonyd8gw,babylist_impact,Cybex,Cybex LIBELLE Ultra Lightweight Travel Stroller in Magic Black,Cybex,Cybex LIBELLE Ultra Lightweight Travel Stroller in Magic Black,Strollers,travel stroller,REVIEWED,f,t,Babylist,81557,349.95,https://www.babylist.com/gp/cybex-libelle-ultra-lightweight-travel-stroller/81557/3142527
cmqsn9rs000dirfr6v89jbbfp,impact_goodbuygear,Cybex,"Cybex Mios3 Stroller, 2024, Rosegold, Sepia Black",Cybex,Mios3,Strollers,full-size stroller,AUTO_CATEGORIZED,f,t,GoodBuyGear,,449.99,
cmqu6xx3n00dxqut1czs62mj6,awin_anbbaby,Cybex,Cybex Mios Color Pack / Comfort Inlay,Cybex,Cybex Mios Color Pack / Comfort Inlay,Strollers,compact stroller,AUTO_CATEGORIZED,f,t,ANB Baby,,59.99,
cmqsna6ru00i6rfr6atc9ngtb,impact_goodbuygear,Cybex,"Cybex Mios Seat And Frame, 2021, Chrome/Brown",Cybex,"Cybex Mios Seat And Frame, 2021, Chrome/Brown",Strollers,compact stroller,REVIEWED,f,t,GoodBuyGear,,247.28,
cmqsnf6ig021irfr6xxatg1lz,impact_goodbuygear,Cybex,"Cybex Mios Seat And Frame, 2022, Chrome/Brown",Cybex,"Cybex Mios Seat And Frame, 2022, Chrome/Brown",Strollers,compact stroller,REVIEWED,f,t,GoodBuyGear,,247.28,
cmqsnam6s00n0rfr6tyvbexxx,impact_goodbuygear,Cybex,"Cybex MIOS Stroller, 2024, Mirage Grey, Rose Gold",Cybex,MIOS,Strollers,compact stroller,REVIEWED,f,t,GoodBuyGear,,359.99,
cmqsn9ahz0086rfr6veqv5405,impact_goodbuygear,Cybex,"Cybex Priam4 Stroller, 2024, Chrome/Black, Mirage Grey",Cybex,"Cybex Priam4 Stroller, 2024, Chrome/Black, Mirage Grey",Strollers,full-size stroller,REVIEWED,f,t,GoodBuyGear,,599.99,
cmqsneed701surfr6ybrrt0kg,impact_goodbuygear,Cybex,"Cybex Priam4 Stroller, 2024, Chrome/Black, Sepia Black",Cybex,"Cybex Priam4 Stroller, 2024, Chrome/Black, Sepia Black",Strollers,full-size stroller,REVIEWED,f,t,GoodBuyGear,,599.99,
cmqsneudp01xrrfr6biuppj5p,impact_goodbuygear,Cybex,"Cybex Priam4 Stroller, 2024, Mirage Grey, Rosegold",Cybex,"Cybex Priam4 Stroller, 2024, Mirage Grey, Rosegold",Strollers,full-size stroller,REVIEWED,f,t,GoodBuyGear,,599.99,
cmqsnfwph029crfr62rz400iy,impact_goodbuygear,Cybex,"Cybex Priam4 Stroller, 2025, Rose Gold, Sepia Black",Cybex,"Cybex Priam4 Stroller, 2025, Rose Gold, Sepia Black",Strollers,full-size stroller,REVIEWED,f,t,GoodBuyGear,,599.99,
cmqphv59j04o0dqwr74bl73m8,babylist_impact,Cybex,Cybex Priam 4 Stroller in Rose Gold/Mirage Grey,Cybex,Cybex Priam 4 Stroller in Rose Gold/Mirage Grey,Strollers,full-size stroller,REVIEWED,f,t,Babylist,26547,1199.95,https://www.babylist.com/gp/cybex-priam-4-stroller/26547/2458471
cmqsnf0ke01zorfr6llntzsqw,impact_goodbuygear,Cybex,"Cybex Priam4 Stroller, Matte Black, Mirage Grey, 2024",Cybex,"Cybex Priam4 Stroller, Matte Black, Mirage Grey, 2024",Strollers,full-size stroller,REVIEWED,f,t,GoodBuyGear,,599.99,
cmqsndg8t01icrfr6hepsrlva,impact_goodbuygear,Cybex,"Cybex Priam4 Stroller, Rosegold, Mirage Grey, 2024",Cybex,"Cybex Priam4 Stroller, Rosegold, Mirage Grey, 2024",Strollers,full-size stroller,REVIEWED,f,t,GoodBuyGear,,599.99,
cmqphv5iv04o3dqwrtcr1ec0l,babylist_impact,Cybex,Cybex Priam Comfort Stroller in Matte Black Frame/Cozy Beige Lux Seat,Cybex,Cybex Priam Comfort Stroller in Matte Black Frame/Cozy Beige Lux Seat,Strollers,full-size stroller,REVIEWED,f,t,Babylist,82563,999.95,https://www.babylist.com/gp/cybex-priam-comfort-stroller/82563/3045817
cmqsnb8xu00txrfr6xtvrhe1y,impact_goodbuygear,Cybex,"Cybex PRIAM Stroller, Manhattan Grey, Rose Gold, unknown",Cybex,PRIAM,Strollers,full-size stroller,REVIEWED,f,t,GoodBuyGear,,634.45,
cmqsnbyy6011urfr6b5oz2blt,impact_goodbuygear,Cybex,"Cybex Talos S Lux Stroller, 2020, River Blue",Cybex,Talos S Lux,Strollers,full-size stroller,AUTO_CATEGORIZED,f,t,GoodBuyGear,,183.34,
cmqx4kht300fx3a8ud6k3t7y5,shopify_macrobaby,Delta,"Delta Children - Baby Gap 2-In-1 Carriage Stroller, Camo Blue",Delta,BabyGap 2-in-1 Carriage,Strollers,compact stroller,REVIEWED,f,t,MacroBaby,7310414446651,244.79,https://www.macrobaby.com/products/delta-children-baby-gap-2-in-1-carriage-stroller-camo-blue?_j=taylormadebabyco.com
cmqx4kbf400dx3a8u2u7usaqc,shopify_macrobaby,Delta,"Delta Children - BabyGap Classic Side-by-Side Double Stroller, Navy Camo",Delta,Children - BabyGap Classic Side-by-Side Double,Strollers,double stroller,AUTO_CATEGORIZED,f,t,MacroBaby,7148656689211,244.99,https://www.macrobaby.com/products/delta-children-babygap-classic-side-by-side-double-stroller-navy-camo?_j=taylormadebabyco.com
cmqx4k4xs00bx3a8u4jqad1u3,shopify_macrobaby,Delta,"Delta Children - BabyGap Classic Stroller, Pink Stripes",Delta,Children - BabyGap Classic,Strollers,umbrella stroller,AUTO_CATEGORIZED,f,t,MacroBaby,7148658458683,148.99,https://www.macrobaby.com/products/delta-children-babygap-classic-stroller-pink-stripes?_j=taylormadebabyco.com
cmqx4kny700hu3a8up33u63e9,shopify_macrobaby,Delta,Delta - Gap Classic Umbrella Lightweight Stroller Grey,Delta,Gap Classic Umbrella,Strollers,umbrella stroller,AUTO_CATEGORIZED,f,t,MacroBaby,7210343432251,148.99,https://www.macrobaby.com/products/delta-gap-classic-stroller-grey?_j=taylormadebabyco.com
cmqx4kqy400ir3a8u4ddkq6v5,shopify_macrobaby,Delta,"Delta - Jeep Adventureglyde Stroller By Delta Children, Black With Grey",Delta,Jeep Adventureglyde,Strollers,umbrella stroller,AUTO_CATEGORIZED,f,t,MacroBaby,7425270546491,99.99,https://www.macrobaby.com/products/delta-jeep-adventureglyde-stroller-by-delta-children-black-with-grey?_j=taylormadebabyco.com
cmqphxd4x05cxdqwrhdtbjq03,babylist_impact,Delta Children,Delta Children Icon Ultra Compact Lightweight Everyday & Travel Stroller in Navy,Delta Children,Delta Children Icon Ultra Compact Lightweight Everyday & Travel Stroller in Navy,Strollers,travel stroller,AUTO_CATEGORIZED,f,t,Babylist,58010,199.99,https://www.babylist.com/gp/delta-children-icon-ultra-compact-lightweight-everyday-travel-stroller/58010/2173515
cmqphxcvd05cudqwrj04zj5nb,babylist_impact,Delta Children,Delta Children Jeep Aries Stroller Wagon in Black/Green,Delta Children,Delta Children Jeep Aries Stroller Wagon in Black/Green,Strollers,wagon,AUTO_CATEGORIZED,f,t,Babylist,55787,399.99,https://www.babylist.com/gp/delta-children-jeep-aries-stroller-wagon/55787/2095382
cmr6sefh200334ubx8uymrnd2,impact_goodbuygear,Delta Children,"Delta Children Jeep Sport All-Terrain Stroller Wagon, Grey with Olive Green",Delta Children,Jeep Sport,Strollers,wagon,AUTO_CATEGORIZED,f,t,GoodBuyGear,,195.29,
cmqphxdwy05d6dqwr02959n5p,babylist_impact,Delta Children,Delta Children Jeep Sport All-Terrain Stroller Wagon in Grey/Blue Moon,Delta Children,Delta Children Jeep Sport All-Terrain Stroller Wagon in Grey/Blue Moon,Strollers,wagon,AUTO_CATEGORIZED,f,t,Babylist,55788,249.99,https://www.babylist.com/gp/delta-children-jeep-sport-all-terrain-stroller-wagon/55788/2095384
cmr6sgayy006l4ubxa49s48mv,impact_goodbuygear,Delta Children,"Delta Children Jeep TurboGlyde Jogging Stroller, Black, 2025",Delta Children,Jeep TurboGlyde,Strollers,jogging stroller,AUTO_CATEGORIZED,f,t,GoodBuyGear,,127,
cmr6sevkv003l4ubxhw13r8az,impact_goodbuygear,Delta Children,"Delta Children Jeep TurboGlyde Plus Stroller, Black, 2023",Delta Children,Jeep TurboGlyde Plus,Strollers,full-size stroller,AUTO_CATEGORIZED,f,t,GoodBuyGear,,67,
cmr6sj8r600g94ubx5myggmbj,impact_goodbuygear,Delta Children,"Delta Children Jeep TurboGlyde Side by Side Double Stroller, 2025, Black 2454",Delta Children,Jeep TurboGlyde Side by Side Double,Strollers,double stroller,AUTO_CATEGORIZED,f,t,GoodBuyGear,,67.99,
cmqphxe6e05d9dqwr58ht8ka4,babylist_impact,Delta Children,Delta Children Jeep Wrangler Deluxe 4 Seater Stroller Wagon in Grey,Delta Children,Delta Children Jeep Wrangler Deluxe 4 Seater Stroller Wagon in Grey,Strollers,wagon,AUTO_CATEGORIZED,f,t,Babylist,55786,599.99,https://www.babylist.com/gp/delta-children-jeep-wrangler-deluxe-4-seater-stroller-wagon/55786/2095381
cmqsnbkkv00xirfr6e32al7gx,impact_goodbuygear,Delta Children,"Delta Children LX Side by Side Tandem Umbrella Stroller, 2025, Night Sky",Delta Children,LX Side by Side Tandem Umbrella,Strollers,double stroller,AUTO_CATEGORIZED,f,t,GoodBuyGear,,77.99,
cmqsnekkh01urrfr6c69yqune,impact_goodbuygear,Delta Children,"Delta Children The Clutch Travel Stroller, 2025, Black",Delta Children,The Clutch Travel,Strollers,travel stroller,AUTO_CATEGORIZED,f,t,GoodBuyGear,,77.99,
cmqphxmog05fxdqwr529hihye,babylist_impact,DFY,DFY R1 Stroller in Grey/Gunmetal,DFY,DFY R1 Stroller in Grey/Gunmetal,Strollers,full-size stroller,AUTO_CATEGORIZED,f,t,Babylist,74206,650,https://www.babylist.com/gp/dfy-r1-stroller/74206/2473739
cmqsngviu02jurfr6xajsor46,impact_goodbuygear,Dream,"Dream On Me Coast Rider Travel Stroller, Pink",Dream,On Me Coast Rider Travel,Strollers,travel stroller,AUTO_CATEGORIZED,f,t,GoodBuyGear,,70.99,
cmr6sg0pz005x4ubxsmfp5zay,impact_goodbuygear,Dream,"Dream On Me Rover Convenience Baby Stroller, Black",Dream,On Me Rover Convenience Baby,Strollers,full-size stroller,AUTO_CATEGORIZED,f,t,GoodBuyGear,,29.99,
cmqsnc94k0150rfr677kv1q3i,impact_goodbuygear,Dream,"Dream On Me Twin Venture Umbrella Stroller, 2025, Red",Dream,On Me Twin Venture Umbrella,Strollers,umbrella stroller,AUTO_CATEGORIZED,f,t,GoodBuyGear,,74.99,
cmqx4kzjd00lf3a8udo4gnwvb,shopify_macrobaby,Ergobaby,"Ergobaby Metro 3 Deluxe Baby Stroller, Willow Green",Ergobaby,Metro 3 Deluxe Baby,Strollers,travel stroller,AUTO_CATEGORIZED,f,t,MacroBaby,7609149292603,499,https://www.macrobaby.com/products/ergobaby-metro-3-deluxe-baby-stroller-willow-green?_j=taylormadebabyco.com
cmqx4kosf00i33a8u7p2sufx1,shopify_macrobaby,Ergobaby,"Ergobaby Metro 3 Travel Stroller, Onyx Black",Ergobaby,Metro 3 Travel,Strollers,travel stroller,AUTO_CATEGORIZED,f,t,MacroBaby,7407813361723,399,https://www.macrobaby.com/products/ergobaby-metro-3-all-in-one-compact-baby-stroller-lightweight-travel-stroller-onyx-black?_j=taylormadebabyco.com
cmqx4jljy005x3a8ucipalfq9,shopify_macrobaby,Ergobaby,"Ergobaby Metro+ Deluxe Compact Baby Stroller, London Grey",Ergobaby,Metro+ Deluxe Baby,Strollers,travel stroller,AUTO_CATEGORIZED,f,t,MacroBaby,7098652655675,400,https://www.macrobaby.com/products/ergobaby-compact-comfort-metro-deluxe-stroller-london-grey?_j=taylormadebabyco.com
cmqsnccw50166rfr6meaovgvm,impact_goodbuygear,Evenflo,"Evenflo GOLD Otto Self-Folding Lightweight Travel Stroller, 2022, Sapphire Blue",Evenflo,GOLD Otto Self-Folding Travel,Strollers,travel stroller,AUTO_CATEGORIZED,f,t,GoodBuyGear,,68.99,
cmqpi08ve069ldqwrrh9ee0gw,babylist_impact,Evenflo,Evenflo Hummingbird Carbon Fiber Lightweight Stroller in Crest Grey,Evenflo,Evenflo Hummingbird Carbon Fiber Lightweight Stroller in Crest Grey,Strollers,travel stroller,AUTO_CATEGORIZED,f,t,Babylist,67156,329.99,https://www.babylist.com/gp/evenflo-hummingbird-carbon-fiber-lightweight-stroller/67156/2243114
cmqsndpia01l6rfr6yn59g77p,impact_goodbuygear,Evenflo,"Evenflo Hummingbird Ultra-Lightweight Carbon Fiber Stroller, 2024, Crest Gray",Evenflo,Hummingbird Ultra- Carbon Fiber,Strollers,full-size stroller,AUTO_CATEGORIZED,f,t,GoodBuyGear,,153.99,
cmqsn93kt0060rfr67w932zrs,impact_goodbuygear,Evenflo,"Evenflo Omni Crew 3-in-1 Stroller Wagon, Oyster Grey",Evenflo,Omni Crew 3-in-1,Strollers,wagon,AUTO_CATEGORIZED,f,t,GoodBuyGear,,172.99,
cmqsnbqi000zcrfr6nqa4s08n,impact_goodbuygear,Evenflo,"Evenflo Omni Plus Stroller, 2026, Tasi Blue",Evenflo,Omni Plus,Strollers,full-size stroller,AUTO_CATEGORIZED,f,t,GoodBuyGear,,86.99,
cmqsnah5400lfrfr6pdl489jm,impact_goodbuygear,Evenflo,"Evenflo Omni Signature Stroller, 2024, Porto Black",Evenflo,Omni Signature,Strollers,full-size stroller,AUTO_CATEGORIZED,f,t,GoodBuyGear,,151.99,
cmqsn9iu100arrfr6i8n6enpv,impact_goodbuygear,Evenflo,"Evenflo Omni Ultra Stroller, Caviar Black, 2025",Evenflo,Omni Ultra,Strollers,full-size stroller,AUTO_CATEGORIZED,f,t,GoodBuyGear,,151.99,
cmr6shmm600ai4ubx6uqi0so8,impact_goodbuygear,Evenflo,"Evenflo Pivot Modular Stroller, 2026, Dusty Rose",Evenflo,Pivot Modular,Strollers,full-size stroller,AUTO_CATEGORIZED,f,t,GoodBuyGear,,189.99,
cmr6sgick00764ubxk5ve2e29,impact_goodbuygear,Evenflo,"Evenflo Pivot NXT Stroller, 2025, Latte Tan",Evenflo,Pivot NXT,Strollers,full-size stroller,AUTO_CATEGORIZED,f,t,GoodBuyGear,,89.99,
cmqsnagm300l9rfr64qyqdlzn,impact_goodbuygear,Evenflo,"Evenflo Pivot Xpand Modular Stroller, 2025, Sabino Gray",Evenflo,Pivot Xpand Modular,Strollers,single-to-double stroller,AUTO_CATEGORIZED,f,t,GoodBuyGear,,332.99,
cmqpi0c0n06acdqwru9dsmeyb,babylist_impact,Evenflo,"""Evenflo Pivot Xpand Modular Stroller in Sabino Gray Size 26.5"""" x 39.25"""" x 39""""""",Evenflo,"""Evenflo Pivot Xpand Modular Stroller in Sabino Gray Size 26.5"""" x 39.25"""" x 39""""""",Strollers,single-to-double stroller,REVIEWED,f,t,Babylist,25509,439.99,https://www.babylist.com/gp/evenflo-pivot-xpand-modular-stroller/25509/1465364
cmqpi0cj406aidqwrfhi8rhfv,babylist_impact,Evenflo,Evenflo Pivot Xpand NXT Stroller in Coal Black,Evenflo,Evenflo Pivot Xpand NXT Stroller in Coal Black,Strollers,single-to-double stroller,AUTO_CATEGORIZED,f,t,Babylist,81556,349.99,https://www.babylist.com/gp/evenflo-pivot-xpand-nxt-stroller/81556/3142526
cmr6sj71j00g34ubx5uijssof,impact_goodbuygear,Evenflo,"Evenflo Pivot Xplore All-Terrain Double Stroller Wagon, 2022, Wayfarer Black",Evenflo,Pivot Xplore Double,Strollers,wagon,AUTO_CATEGORIZED,f,t,GoodBuyGear,,254.99,
cmqpi0d1y06aodqwr3i0sww5c,babylist_impact,Evenflo,Evenflo Pivot Xplore All-Terrain Stroller Wagon in Adventurer,Evenflo,Evenflo Pivot Xplore All-Terrain Stroller Wagon in Adventurer,Strollers,wagon,AUTO_CATEGORIZED,f,t,Babylist,15595,399.99,https://www.babylist.com/gp/evenflo-pivot-xplore-all-terrain-stroller-wagon/15595/495146
cmqpi0dke06audqwrbt05t7gj,babylist_impact,Evenflo,"""Evenflo Pivot Xplore Dreamz All-Terrain Stroller Wagon with Bassinet Insert in Voyager Gray Size 27.5"""" x 21.5"""" x 39""""""",Evenflo,"""Evenflo Pivot Xplore Dreamz All-Terrain Stroller Wagon with Bassinet Insert in Voyager Gray Size 27.5"""" x 21.5"""" x 39""""""",Strollers,wagon,AUTO_CATEGORIZED,f,t,Babylist,46023,449.99,https://www.babylist.com/gp/evenflo-pivot-xplore-dreamz-all-terrain-stroller-wagon-with-bassinet-insert/46023/1818728
cmr6sc3go000c4ubxbg81uzxh,impact_goodbuygear,Evenflo,"Evenflo Reversi Lightweight Reversible Stroller, 2025, Leonis Green",Evenflo,Reversi,Strollers,compact stroller,AUTO_CATEGORIZED,f,t,GoodBuyGear,,63.99,
cmqpi0fvj06bldqwrvllt73fi,babylist_impact,Evenflo,Evenflo Shyft Intuiti+ Stroller in Dubhan Black,Evenflo,Evenflo Shyft Intuiti+ Stroller in Dubhan Black,Strollers,full-size stroller,AUTO_CATEGORIZED,f,t,Babylist,73004,459.99,https://www.babylist.com/gp/evenflo-shyft-intuiti-stroller/73004/2419705
cmqpi0gne06budqwrehvml2zx,babylist_impact,Evenflo,Evenflo Shyft Intuiti+ Stroller with Green & Gentle Fabric in Agate,Evenflo,Evenflo Shyft Intuiti+ Stroller with Green & Gentle Fabric in Agate,Strollers,full-size stroller,AUTO_CATEGORIZED,f,t,Babylist,75676,489.99,https://www.babylist.com/gp/evenflo-shyft-intuiti-stroller-with-green-gentle-fabric/75676/2615951
cmqsnckyd018orfr6lwzwakis,impact_goodbuygear,Evenflo,"Evenflo Shyft Rideshare All-Terrain Performance Stroller Wagon, 2023, Sterling Black",Evenflo,Shyft Rideshare Performance,Strollers,wagon,AUTO_CATEGORIZED,f,t,GoodBuyGear,,273.59,
cmqsnc0sg012frfr6ggg0hyu1,impact_goodbuygear,Graco,"Graco FastAction Fold Jogger Stroller with Quick Connect, 2022, Gotham",Graco,FastAction Fold Jogger,Strollers,jogging stroller,AUTO_CATEGORIZED,f,t,GoodBuyGear,,122.6,
cmqpi2clt06x3dqwr706nyj8v,babylist_impact,Graco,Graco FastAction Jogger LX Stroller in Redmond,Graco,Graco FastAction Jogger LX Stroller in Redmond,Strollers,jogging stroller,AUTO_CATEGORIZED,f,t,Babylist,17833,219.99,https://www.babylist.com/gp/graco-fastaction-jogger-lx-stroller/17833/1816452
cmqpi2exa06xudqwrftmrqili,babylist_impact,Graco,Graco Merge Stroller in Sable,Graco,Graco Merge Stroller in Sable,Strollers,compact stroller,AUTO_CATEGORIZED,f,t,Babylist,79453,319.99,https://www.babylist.com/gp/graco-merge-stroller/79453/2840203
cmqsncrhr01aorfr6nvkmf8hv,impact_goodbuygear,Graco,"Graco Modes Closer Stroller, 2022, Nash",Graco,Modes Closer,Strollers,full-size stroller,AUTO_CATEGORIZED,f,t,GoodBuyGear,,97.01,
cmr6sj5ko00fu4ubxsjisrhb8,impact_goodbuygear,Graco,"Graco Modes Element LX Stroller, 2024, Canter",Graco,Modes Element LX,Strollers,full-size stroller,AUTO_CATEGORIZED,f,t,GoodBuyGear,,104.99,
cmqpi2htn06yrdqwr8fuabrhj,babylist_impact,Graco,Graco Modes Nest2Grow Stroller in Maison,Graco,Graco Modes Nest2Grow Stroller in Maison,Strollers,full-size stroller,REVIEWED,f,t,Babylist,24872,479.99,https://www.babylist.com/gp/graco-modes-nest2grow-stroller/24872/1111863
cmqpi2gi506ycdqwr0w943px1,babylist_impact,Graco,Graco Modes Nest Stroller in Nico,Graco,Graco Modes Nest Stroller in Nico,Strollers,full-size stroller,REVIEWED,f,t,Babylist,17815,379.99,https://www.babylist.com/gp/graco-modes-nest-stroller/17815/1317036
cmqpi2jdy06z9dqwrdh3baoiu,babylist_impact,Graco,Graco Modes Pramette Stroller in Pierce,Graco,Graco Modes Pramette Stroller in Pierce,Strollers,full-size stroller,AUTO_CATEGORIZED,f,t,Babylist,17829,249.99,https://www.babylist.com/gp/graco-modes-pramette-stroller/17829/1317042
cmqpi2l7l06zudqwr2csjt3cb,babylist_impact,Graco,Graco Outpace LX Stroller in Cohen,Graco,Graco Outpace LX Stroller in Cohen,Strollers,jogging stroller,AUTO_CATEGORIZED,f,t,Babylist,45759,199.99,https://www.babylist.com/gp/graco-outpace-lx-stroller/45759/1789490
cmqsna5dz00hrrfr6zxvrk61s,impact_goodbuygear,Graco,"Graco Premier Modes Merge Stroller, 2025, Midtown",Graco,Premier Modes Merge,Strollers,full-size stroller,AUTO_CATEGORIZED,f,t,GoodBuyGear,,405.64,
cmqpi2qnj071ldqwrnkadh121,babylist_impact,Graco,"""Graco Ready2Grow 2.0 Double Stroller in Rafa Size 42.75"""" x 25.625"""" x 14.50""""""",Graco,"""Graco Ready2Grow 2.0 Double Stroller in Rafa Size 42.75"""" x 25.625"""" x 14.50""""""",Strollers,double stroller,AUTO_CATEGORIZED,f,t,Babylist,21208,299.99,https://www.babylist.com/gp/graco-ready2grow-2-0-double-stroller/21208/666765
cmqpi2qww071odqwrzwpvujch,babylist_impact,Graco,"""Graco Ready2Grow LX 2.0 Double Stroller in Clark Size 42.75"""" x 25.625"""" x 14.50""""""",Graco,"""Graco Ready2Grow LX 2.0 Double Stroller in Clark Size 42.75"""" x 25.625"""" x 14.50""""""",Strollers,double stroller,AUTO_CATEGORIZED,f,t,Babylist,21209,329.99,https://www.babylist.com/gp/graco-ready2grow-lx-2-0-double-stroller/21209/666766
cmqpi2rfi071udqwrhfacwwmx,babylist_impact,Graco,Graco Ready2Jet Compact Stroller,Graco,Graco Ready2Jet Compact Stroller,Strollers,travel stroller,AUTO_CATEGORIZED,f,t,Babylist,54551,189.99,https://www.babylist.com/gp/graco-ready2jet-compact-stroller/54551/2022705
cmqpi33z0075udqwrppnb3npb,babylist_impact,Guava Family,Guava Family Roam Jogging Stroller,Guava Family,Guava Family Roam Jogging Stroller,Strollers,jogging stroller,AUTO_CATEGORIZED,f,t,Babylist,22302,649.95,https://www.babylist.com/gp/guava-family-roam-jogging-stroller/22302/824315
cmr6shcqc009o4ubxnvvu93c5,impact_goodbuygear,HARPPA,"HARPPA Lightweight Baby Stroller, Black",HARPPA,Baby,Strollers,full-size stroller,AUTO_CATEGORIZED,f,t,GoodBuyGear,,119.99,
cmqsnd4yv01eurfr62d6eu8cz,impact_goodbuygear,Ingenuity,"Ingenuity 3D Mini Convenience Stroller, Dusty Rose Pink",Ingenuity,3D Mini Convenience,Strollers,full-size stroller,AUTO_CATEGORIZED,f,t,GoodBuyGear,,49.99,
cmqsnduvu01murfr6u0ylt4xb,impact_goodbuygear,Ingenuity,"Ingenuity 3Dquickclose CS+ Compact Fold Stroller, Grey",Ingenuity,3Dquickclose CS+ Fold,Strollers,full-size stroller,AUTO_CATEGORIZED,f,t,GoodBuyGear,,60.99,
cmqpi6tue08c6dqwrfoc38it0,babylist_impact,Ingenuity,Ingenuity 3DSuite Modular Stroller with Reversible Seat in Cashew,Ingenuity,Ingenuity 3DSuite Modular Stroller with Reversible Seat in Cashew,Strollers,full-size stroller,AUTO_CATEGORIZED,f,t,Babylist,81266,229.99,https://www.babylist.com/gp/ingenuity-3dsuite-modular-stroller-with-reversible-seat/81266/3004828
cmqsnbhfy00wirfr6q2hfbheu,impact_goodbuygear,Ingenuity,"Summer by Ingenuity 3Dlite ST Convenience Stroller, Black&Gray",Ingenuity,Summer by Ingenuity 3Dlite ST Convenience,Strollers,umbrella stroller,AUTO_CATEGORIZED,f,t,GoodBuyGear,,53.99,
cmqsnf9xf022lrfr6i8fvi7nu,impact_goodbuygear,Ingenuity,"Summer By Ingenuity 3D Mini Stroller, 2025, Grey/Black",Ingenuity,Summer By Ingenuity 3D Mini,Strollers,full-size stroller,AUTO_CATEGORIZED,f,t,GoodBuyGear,,34.99,
cmr6sisu000el4ubx3kegwtin,impact_goodbuygear,Ingenuity,"Summer by Ingenuity 3D Quick Close CS+ Stroller, Gray, 2024",Ingenuity,Summer by Ingenuity 3D Quick Close CS+,Strollers,full-size stroller,AUTO_CATEGORIZED,f,t,GoodBuyGear,,60.99,
cmqsn8va1003orfr6fj8eoeef,impact_goodbuygear,Ingenuity,"Summer Infant 3Dlite Convenience Stroller, 2023, Black",Ingenuity,Summer Infant 3Dlite Convenience,Strollers,umbrella stroller,AUTO_CATEGORIZED,f,t,GoodBuyGear,,65.87,
cmqsncgbm0179rfr6ac02iljc,impact_goodbuygear,Ingenuity,"Summer Infant 3D Mini Stroller, Grey/Black, 2025",Ingenuity,Summer Infant 3D Mini,Strollers,full-size stroller,AUTO_CATEGORIZED,f,t,GoodBuyGear,,46.99,
cmqsnhiax02qurfr61glenln3,impact_goodbuygear,Ingenuity,"Summer Infant Ingenuity 3Dlite Wagon Convenience Stroller, Black/Red",Ingenuity,Summer Infant Ingenuity 3Dlite Wagon Convenience,Strollers,wagon,AUTO_CATEGORIZED,f,t,GoodBuyGear,,64.97,
cmqsnc3600136rfr6ql795kk1,impact_goodbuygear,Inglesina,"Inglesina Electa Stroller, 2022, Chelsea Gray",Inglesina,Electa,Strollers,compact stroller,AUTO_CATEGORIZED,f,t,GoodBuyGear,,240.06,
cmqpi75z408g0dqwrh027en1n,babylist_impact,Inglesina,Inglesina Quid³ Stroller in Lunar Beige,Inglesina,Inglesina Quid³ Stroller in Lunar Beige,Strollers,travel stroller,AUTO_CATEGORIZED,f,t,Babylist,74915,399,https://www.babylist.com/gp/inglesina-quid-stroller/74915/2514365
cmqsnawbf00q6rfr6co0soyb4,impact_goodbuygear,Jeep,"Jeep Powerglyde Pro Jogger Stroller, Soft Grey",Jeep,Powerglyde Pro Jogger,Strollers,jogging stroller,AUTO_CATEGORIZED,f,t,GoodBuyGear,,339.99,
cmqsn9uh000ecrfr68iiloeif,impact_goodbuygear,Jeep,Jeep Powerglyde Stroller,Jeep,Powerglyde,Strollers,full-size stroller,AUTO_CATEGORIZED,f,t,GoodBuyGear,,71.99,
cmqsnav0500prrfr6l5s3nhrd,impact_goodbuygear,Jeep,Jeep Wrangler Wagon,Jeep,Wrangler Wagon,Strollers,wagon,AUTO_CATEGORIZED,f,t,GoodBuyGear,,271.99,
cmqpi8rti08ycdqwro74vav9c,babylist_impact,Joie,Joie Caraway Whirl Stroller in Blush,Joie,Joie Caraway Whirl Stroller in Blush,Strollers,travel stroller,AUTO_CATEGORIZED,f,t,Babylist,77688,299.99,https://www.babylist.com/gp/joie-caraway-whirl-stroller/77688/2719337
cmqpi8xkp0906dqwrd1wkaxf0,babylist_impact,Joie,Joie Chive Single to Double Stroller in Dove,Joie,Joie Chive Single to Double Stroller in Dove,Strollers,single-to-double stroller,AUTO_CATEGORIZED,f,t,Babylist,74114,499.99,https://www.babylist.com/gp/joie-chive-single-to-double-stroller/74114/2460587
cmqsncs4301aurfr6o21g0ng9,impact_goodbuygear,Joie,"Joie Ginger 4-In-1 Pramette Stroller, 2024, Shale",Joie,Ginger 4-In-1 Pramette,Strollers,full-size stroller,AUTO_CATEGORIZED,f,t,GoodBuyGear,,282.23,
cmqsnc48m013irfr6f9wgpz1g,impact_goodbuygear,Joie,"Joie Ginger DLX 4-in-1 All-Terrain Pramette Stroller, 2025, Blush",Joie,Ginger DLX 4-in-1 Pramette,Strollers,full-size stroller,AUTO_CATEGORIZED,f,t,GoodBuyGear,,309.21,
cmqpi92bx091fdqwrxkfm7rcn,babylist_impact,Joie,Joie Ginger DLX Stroller in Dove,Joie,Joie Ginger DLX Stroller in Dove,Strollers,full-size stroller,AUTO_CATEGORIZED,f,t,Babylist,77672,399.99,https://www.babylist.com/gp/joie-ginger-dlx-stroller/77672/2719300
cmqpi933z091odqwrtl6wvm9a,babylist_impact,Joie,Joie Ginger Stroller in Mocha,Joie,Joie Ginger Stroller in Mocha,Strollers,full-size stroller,AUTO_CATEGORIZED,f,t,Babylist,54925,329.99,https://www.babylist.com/gp/joie-ginger-stroller/54925/2058097
cmr6skir200ku4ubxr5bkl6mv,impact_goodbuygear,Joie,"Joie Kava 3-in-1 Stroller, Shale, 2025",Joie,Kava 3-in-1,Strollers,full-size stroller,AUTO_CATEGORIZED,f,t,GoodBuyGear,,297.55,
cmqpi95fy092fdqwrlios7e6p,babylist_impact,Joie,Joie Kava Stroller in Dove,Joie,Joie Kava Stroller in Dove,Strollers,full-size stroller,AUTO_CATEGORIZED,f,t,Babylist,68268,399.99,https://www.babylist.com/gp/joie-kava-stroller/68268/2254720
cmqpi98kf093fdqwrvryaemfx,babylist_impact,Joie,Joie Nutmeg Stroller in Shale,Joie,Joie Nutmeg Stroller in Shale,Strollers,travel stroller,AUTO_CATEGORIZED,f,t,Babylist,54924,239.99,https://www.babylist.com/gp/joie-nutmeg-stroller/54924/2038033
cmqpi9an10943dqwrwn4lzaex,babylist_impact,Joie,Joie Poppy Whirl in Shale,Joie,Poppy Whirl,Strollers,compact stroller,AUTO_CATEGORIZED,f,t,Babylist,77676,449.99,https://www.babylist.com/gp/joie-poppy-whirl/77676/2719308
cmqpi9bye094idqwr1c7mi4ly,babylist_impact,Joie,Joie Rosemary Double Stroller in Shale/Thunder,Joie,Joie Rosemary Double Stroller in Shale/Thunder,Strollers,double stroller,AUTO_CATEGORIZED,f,t,Babylist,68267,299.99,https://www.babylist.com/gp/joie-rosemary-double-stroller/68267/2868254
cmqpi8p7608xidqwramknagkv,babylist_impact,Joie,Joie Tansy Stroller in Shale,Joie,Joie Tansy Stroller in Shale,Strollers,umbrella stroller,AUTO_CATEGORIZED,f,t,Babylist,54927,99.99,https://www.babylist.com/gp/joie-baby-tansy-stroller/54927/2038040
cmqpi9suj099udqwr6lqfh8v4,babylist_impact,Joolz,Joolz Aer2 Stroller in Dark Navy,Joolz,Joolz Aer2 Stroller in Dark Navy,Strollers,travel stroller,AUTO_CATEGORIZED,f,t,Babylist,75214,579,https://www.babylist.com/gp/joolz-aer2-stroller/75214/2575186
cmqx4jkrd005o3a8uq0rnhjhr,shopify_macrobaby,Joolz,Joolz - Aer+ Lightweight Compact Stroller Sage Green,Joolz,Aer+,Strollers,travel stroller,REVIEWED,f,t,MacroBaby,7250555240507,499,https://www.macrobaby.com/products/joolz-aer-lightweight-compact-stroller-sage-green-2?_j=taylormadebabyco.com
cmr6sf9w5004l4ubxkfpqpjvu,impact_goodbuygear,Joolz,"Joolz Aer+ Stroller, 2024, Sandy Taupe",Joolz,Aer+,Strollers,travel stroller,AUTO_CATEGORIZED,f,t,GoodBuyGear,,299.99,
cmqsn95pg006orfr6djwq8qk6,impact_goodbuygear,Joolz,"Joolz Day 3 Stroller, 2019, Classic Blue",Joolz,Day 3,Strollers,full-size stroller,AUTO_CATEGORIZED,f,t,GoodBuyGear,,370.06,
cmqpi9uhc09acdqwre0vhb86b,babylist_impact,Joolz,"""Joolz Day+ Complete Stroller in Navy Blue Size 37"""" x 23.4"""" x 13.8""""""",Joolz,"""Joolz Day+ Complete Stroller in Navy Blue Size 37"""" x 23.4"""" x 13.8""""""",Strollers,full-size stroller,REVIEWED,f,t,Babylist,22381,1099,https://www.babylist.com/gp/joolz-day-complete-stroller/22381/842287
cmqx4jogq006u3a8uj6yv505p,shopify_macrobaby,Joolz,"Joolz Dot Ultra Lightweight Travel Stroller, Lagoon Blue",Joolz,Dot Ultra Travel,Strollers,travel stroller,REVIEWED,f,t,MacroBaby,7579423965243,399,https://www.macrobaby.com/products/joolz-dot-ultra-lightweight-travel-stroller-lagoon-blue?_j=taylormadebabyco.com
cmqsn9u7c00e9rfr6kdto4b74,impact_goodbuygear,Joolz,"Joolz Geo2 Stroller, 2017, Gorgeous Grey",Joolz,Geo2,Strollers,full-size stroller,AUTO_CATEGORIZED,f,t,GoodBuyGear,,426.87,
cmqpi9wcf09axdqwrewrthuv2,babylist_impact,Joolz,Joolz Hub² Stroller in Sandy Taupe,Joolz,Hub2,Strollers,compact stroller,REVIEWED,f,t,Babylist,71326,849,https://www.babylist.com/gp/joolz-hub-stroller-1741715957/71326/2374733
cmqsnd1gf01drrfr6wakiy2ls,impact_goodbuygear,Joolz,"Joolz Hub Stroller, 2018, Briliant Black",Joolz,"Joolz Hub Stroller, 2018, Briliant Black",Strollers,compact stroller,REVIEWED,f,t,GoodBuyGear,,230.13,
cmqsnf71f021orfr6uc9siulh,impact_goodbuygear,Joolz,"Joolz Hub Stroller, 2019, Classic Blue",Joolz,"Joolz Hub Stroller, 2019, Classic Blue",Strollers,compact stroller,REVIEWED,f,t,GoodBuyGear,,230.13,
cmqsn8p2e001rrfr6ex5hf52b,impact_goodbuygear,Joolz,"Joolz Hub Stroller, 2019, Gorgeous Grey",Joolz,"Joolz Hub Stroller, 2019, Gorgeous Grey",Strollers,compact stroller,REVIEWED,f,t,GoodBuyGear,,230.13,
cmqsnga3802dirfr6vvs71tjm,impact_goodbuygear,Joovy,"Joovy Qool Stroller, 2022, Jet",Joovy,Qool,Strollers,travel stroller,AUTO_CATEGORIZED,f,t,GoodBuyGear,,199.99,
cmqpijw6h0cf6dqwroctpdx67,babylist_impact,Larktale,"""Larktale Caravan Coupe Quad Stroller Wagon in Gray/Green Size 49.5"""" x 30"""" x 42.5""""""",Larktale,"""Larktale Caravan Coupe Quad Stroller Wagon in Gray/Green Size 49.5"""" x 30"""" x 42.5""""""",Strollers,wagon,AUTO_CATEGORIZED,f,t,Babylist,52214,749.99,https://www.babylist.com/gp/larktale-caravan-coupe-quad-stroller-wagon/52214/1965831
cmqpijwp20cfcdqwrzw40ups8,babylist_impact,Larktale,"""Larktale Caravan Coupe V2 Stroller Wagon in Gray/Blue Size 49.5"""" x 25"""" x 42.5""""""",Larktale,"""Larktale Caravan Coupe V2 Stroller Wagon in Gray/Blue Size 49.5"""" x 25"""" x 42.5""""""",Strollers,wagon,AUTO_CATEGORIZED,f,t,Babylist,52213,649.99,https://www.babylist.com/gp/larktale-caravan-coupe-v2-stroller-wagon/52213/1965827
cmqpijx7m0cfidqwrieagqys0,babylist_impact,Larktale,"""Larktale Caravan Quad Stroller Wagon in Byron Black Size 54.5"""" x 29.5"""" x 45""""""",Larktale,"""Larktale Caravan Quad Stroller Wagon in Byron Black Size 54.5"""" x 29.5"""" x 45""""""",Strollers,wagon,AUTO_CATEGORIZED,f,t,Babylist,52212,849.99,https://www.babylist.com/gp/larktale-caravan-quad-stroller-wagon/52212/1965825
cmr6sfpc100564ubx97jg1eao,impact_goodbuygear,Mama,"Mama & Baby Packa Travel Stroller, Gray, 2024",Mama,& Baby Packa Travel,Strollers,travel stroller,AUTO_CATEGORIZED,f,t,GoodBuyGear,,89.99,
cmqx4jkhy005l3a8ueiwlvnf7,shopify_macrobaby,Maxi-Cosi,"Maxi-Cosi - Fame Modular Stroller, Twillic Black",Maxi-Cosi,Fame Modular,Strollers,full-size stroller,AUTO_CATEGORIZED,f,t,MacroBaby,7481575637051,999.99,https://www.macrobaby.com/products/maxi-cosi-fame-modular-stroller-twillic-black?_j=taylormadebabyco.com
cmqpioype0e09dqwr98jsfijd,babylist_impact,Maxi-Cosi,Maxi-Cosi Oxford Cabin Travel Stroller in Sea Shadow,Maxi-Cosi,Maxi-Cosi Oxford Cabin Travel Stroller in Sea Shadow,Strollers,travel stroller,AUTO_CATEGORIZED,f,t,Babylist,79503,399.99,https://www.babylist.com/gp/maxi-cosi-oxford-cabin-travel-stroller/79503/2848465
cmqsnepxz01wfrfr6hu50xi2t,impact_goodbuygear,Maxi-Cosi,"Maxi-Cosi Tana 360° Rotating Modular Stroller, 2024, Onyx Heritage",Maxi-Cosi,Tana 360° Rotating Modular,Strollers,full-size stroller,AUTO_CATEGORIZED,f,t,GoodBuyGear,,556.69,
cmqpip3yi0e1xdqwrpiw35ct7,babylist_impact,Maxi-Cosi,"""Maxi-Cosi Tayla Max Modular Stroller in Desert Wonder Size 41"""" x 26.2"""" x 17.5""""""",Maxi-Cosi,"""Maxi-Cosi Tayla Max Modular Stroller in Desert Wonder Size 41"""" x 26.2"""" x 17.5""""""",Strollers,full-size stroller,REVIEWED,f,t,Babylist,44325,499.99,https://www.babylist.com/gp/maxi-cosi-tayla-max-modular-stroller/44325/1677207
cmqsncp0z019xrfr6yly4w7xi,impact_goodbuygear,Maxi-Cosi,"Maxi-Cosi Tayla Max Stroller, 2024, Desert Wonder",Maxi-Cosi,Tayla Max,Strollers,full-size stroller,AUTO_CATEGORIZED,f,t,GoodBuyGear,,277.06,
cmqsn97ak0076rfr6kr45ovoq,impact_goodbuygear,Maxi-Cosi,"Maxi-Cosi Tayla Stroller, 2020, Essential Black",Maxi-Cosi,Tayla,Strollers,full-size stroller,AUTO_CATEGORIZED,f,t,GoodBuyGear,,148,
cmqsnafkh00kxrfr6xflnomsi,impact_goodbuygear,Maxi-Cosi,"Maxi-Cosi Zelia2 Luxe Stroller Only, 2025, New Hope Tan",Maxi-Cosi,Zelia2 Luxe,Strollers,full-size stroller,AUTO_CATEGORIZED,f,t,GoodBuyGear,,157.99,
cmr6sezj5003r4ubxtrq3agsx,impact_goodbuygear,Maxi-Cosi,"Maxi-Cosi Zelia Pro Stroller, 2025, Caspian Caviar",Maxi-Cosi,Zelia Pro,Strollers,full-size stroller,AUTO_CATEGORIZED,f,t,GoodBuyGear,,164.99,
cmqx4kz0t00l93a8uj41ab0df,shopify_macrobaby,Mercedes,"Mercedes Amg Gt² Single Stroller, 622 Sienabraun",Mercedes,Amg Gt² Single,Strollers,full-size stroller,AUTO_CATEGORIZED,f,t,MacroBaby,7608913035323,2849.99,https://www.macrobaby.com/products/mercedes-amg-gt-single-stroller-622-sienabraun?_j=taylormadebabyco.com
cmqx4kza800lc3a8u2qchgg1q,shopify_macrobaby,Mercedes,"Mercedes Performance Single Stroller, 616 Truffle",Mercedes,Performance Single,Strollers,full-size stroller,AUTO_CATEGORIZED,f,t,MacroBaby,7608913756219,2849.99,https://www.macrobaby.com/products/mercedes-performance-single-stroller-616-tartufo?_j=taylormadebabyco.com
cmrcy3fq7000310o0lkyp5ahv,manual_tmbc,Mima,Mima Creo Stroller,Mima,,Strollers,compact stroller,REVIEWED,f,t,MacroBaby,,1199.99,
cmrcy3ffh000010o0ipc3qslf,manual_tmbc,Mima,Mima Miro Stroller,Mima,,Strollers,travel stroller,REVIEWED,f,t,MacroBaby,,549.99,
cmrcy3fvh000610o08lr7vw08,manual_tmbc,Mima,Mima Xari Stroller,Mima,,Strollers,full-size stroller,REVIEWED,f,t,MacroBaby,,1499.99,
cmqsnampl00n6rfr697a4h1de,impact_goodbuygear,Mima,"Mima Xari Stroller, 2021, Black, Black, Black",Mima,Xari Max,Strollers,full-size stroller,REVIEWED,f,t,GoodBuyGear,,1092.99,
cmr6sk24c00j34ubxjj9glf81,impact_goodbuygear,Minikid,"Minikid 2 Seater Stroller Wagon with Adjustable Handlebar, Blue",Minikid,2 Seater,Strollers,wagon,AUTO_CATEGORIZED,f,t,GoodBuyGear,,202,
cmqpipzr80ec0dqwr7pm1yi2h,babylist_impact,Mockingbird,Mockingbird Bassinet Stand in Black,Mockingbird,Single-to-Double,Strollers,single-to-double stroller,REVIEWED,f,t,Babylist,26558,105,https://www.babylist.com/gp/mockingbird-bassinet-stand/26558/1263558
cmqsnae7y00kirfr6y0ng8wkc,impact_goodbuygear,Mockingbird,"Mockingbird Single 2.0 Stroller, 2025, Black, Silver With Penny Leather, Windowpane",Mockingbird,Single 2.0,Strollers,full-size stroller,AUTO_CATEGORIZED,f,t,GoodBuyGear,,304.99,
cmr6si6bz00c94ubxxdb39ivc,impact_goodbuygear,Mockingbird,"Mockingbird Single 3.0 Stroller, 2025, Black Windowpane, Charcoal with Penny Leather",Mockingbird,Single 3.0,Strollers,full-size stroller,AUTO_CATEGORIZED,f,t,GoodBuyGear,,297.99,
cmrm8ejq70000105ni3vl5ahe,manual_tmbc,Mockingbird,Mockingbird Single Stroller 3.0,Mockingbird,Single Stroller 3.0,Strollers,full-size stroller,REVIEWED,f,t,Babylist,,,
cmqpiq4f80edidqwrr9lfn4cl,babylist_impact,Mockingbird,Mockingbird Single Stroller 3.0 in Black,Mockingbird,Single-to-Double,Strollers,single-to-double stroller,REVIEWED,f,t,Babylist,77453,475,https://www.babylist.com/gp/mockingbird-single-stroller-3-0/77453/2715251
cmqpiq45x0edfdqwrgogvvwbq,babylist_impact,Mockingbird,Mockingbird Single Stroller 3.0 in Black Windowpane,Mockingbird,Single-to-Double,Strollers,single-to-double stroller,REVIEWED,f,t,Babylist,77453,475,https://www.babylist.com/gp/mockingbird-single-stroller-3-0/77453/2715250
cmqpiq3mz0ed9dqwreaxuz6en,babylist_impact,Mockingbird,Mockingbird Single Stroller 3.0 in Heather Grey,Mockingbird,Single-to-Double,Strollers,single-to-double stroller,REVIEWED,f,t,Babylist,77453,475,https://www.babylist.com/gp/mockingbird-single-stroller-3-0/77453/2715248
cmqpiq3wj0edcdqwrnseu8rym,babylist_impact,Mockingbird,Mockingbird Single Stroller 3.0 in Oat,Mockingbird,Single-to-Double,Strollers,single-to-double stroller,REVIEWED,f,t,Babylist,77453,475,https://www.babylist.com/gp/mockingbird-single-stroller-3-0/77453/2715249
cmqpiq3480ed3dqwrvkb8luo1,babylist_impact,Mockingbird,Mockingbird Single Stroller 3.0 in Rose,Mockingbird,Single-to-Double,Strollers,single-to-double stroller,REVIEWED,f,t,Babylist,77453,475,https://www.babylist.com/gp/mockingbird-single-stroller-3-0/77453/2715246
cmqpiq3dl0ed6dqwrf5nuojs7,babylist_impact,Mockingbird,Mockingbird Single Stroller 3.0 in Sage,Mockingbird,Single-to-Double,Strollers,single-to-double stroller,REVIEWED,f,t,Babylist,77453,475,https://www.babylist.com/gp/mockingbird-single-stroller-3-0/77453/2715247
cmqpiq4on0edldqwr5tcyinyp,babylist_impact,Mockingbird,Mockingbird Single Stroller 3.0 in Sea,Mockingbird,Single-to-Double,Strollers,single-to-double stroller,REVIEWED,f,t,Babylist,77453,475,https://www.babylist.com/gp/mockingbird-single-stroller-3-0/77453/2715253
cmqpiq2uz0ed0dqwr74746s9m,babylist_impact,Mockingbird,Mockingbird Single Stroller 3.0 in Stone Blue,Mockingbird,Single-to-Double,Strollers,single-to-double stroller,REVIEWED,f,t,Babylist,77453,475,https://www.babylist.com/gp/mockingbird-single-stroller-3-0/77453/2715245
cmqsncaoq015irfr63vom8j8r,impact_goodbuygear,Mockingbird,"Mockingbird Single to Double 2.0 Stroller, 2025, Sea, Silver With Black Leather, Windowpane",Mockingbird,2.0,Strollers,single-to-double stroller,AUTO_CATEGORIZED,f,t,GoodBuyGear,,349.99,
cmr6sgsrj00894ubx4ahy1l90,impact_goodbuygear,Mockingbird,"Mockingbird Single to Double 3.0 Stroller, 2025, Sage, Silver with Penny Leather",Mockingbird,3.0,Strollers,single-to-double stroller,AUTO_CATEGORIZED,f,t,GoodBuyGear,,431.99,
cmqsnd2rw01e6rfr6jzxidtoh,impact_goodbuygear,Mockingbird,"Mockingbird Single to Double Stroller, 2021, Sea, Silver with Brown Leather, Windowpane",Mockingbird,"",Strollers,single-to-double stroller,AUTO_CATEGORIZED,f,t,GoodBuyGear,,180.99,
cmqpiq7tk0eeldqwr65v4nl4x,babylist_impact,Mockingbird,Mockingbird Single-to-Double Stroller 3.0 and Bassinet Bundle in Black,Mockingbird,Single-to-Double,Strollers,single-to-double stroller,REVIEWED,f,t,Babylist,79821,709,https://www.babylist.com/gp/mockingbird-single-to-double-stroller-3-0-and-bassinet-bundle/79821/2870220
cmqpiq71h0eecdqwrk8lgr3rg,babylist_impact,Mockingbird,Mockingbird Single-to-Double Stroller 3.0 and Bassinet Bundle in Black Windowpane,Mockingbird,Single-to-Double,Strollers,single-to-double stroller,REVIEWED,f,t,Babylist,79821,709,https://www.babylist.com/gp/mockingbird-single-to-double-stroller-3-0-and-bassinet-bundle/79821/2870208
cmqpiq8360eeodqwrk8kan0cc,babylist_impact,Mockingbird,Mockingbird Single-to-Double Stroller 3.0 and Bassinet Bundle in Heather Grey,Mockingbird,Single-to-Double,Strollers,single-to-double stroller,REVIEWED,f,t,Babylist,79821,709,https://www.babylist.com/gp/mockingbird-single-to-double-stroller-3-0-and-bassinet-bundle/79821/2870224
cmqpiq8cj0eerdqwra2doqbld,babylist_impact,Mockingbird,Mockingbird Single-to-Double Stroller 3.0 and Bassinet Bundle in Oat,Mockingbird,Single-to-Double,Strollers,single-to-double stroller,REVIEWED,f,t,Babylist,79821,709,https://www.babylist.com/gp/mockingbird-single-to-double-stroller-3-0-and-bassinet-bundle/79821/2870227
cmqpiq8m80eeudqwr2i1xm9td,babylist_impact,Mockingbird,Mockingbird Single-to-Double Stroller 3.0 and Bassinet Bundle in Rose,Mockingbird,Single-to-Double,Strollers,single-to-double stroller,REVIEWED,f,t,Babylist,79821,709,https://www.babylist.com/gp/mockingbird-single-to-double-stroller-3-0-and-bassinet-bundle/79821/2975319
cmqpiq8vj0eexdqwrgq7wm1xc,babylist_impact,Mockingbird,Mockingbird Single-to-Double Stroller 3.0 and Bassinet Bundle in Sage,Mockingbird,Single-to-Double,Strollers,single-to-double stroller,REVIEWED,f,t,Babylist,79821,709,https://www.babylist.com/gp/mockingbird-single-to-double-stroller-3-0-and-bassinet-bundle/79821/2975357
cmqpiq7k20eeidqwrfw7n8twy,babylist_impact,Mockingbird,Mockingbird Single-to-Double Stroller 3.0 and Bassinet Bundle in Sea,Mockingbird,Single-to-Double,Strollers,single-to-double stroller,REVIEWED,f,t,Babylist,79821,709,https://www.babylist.com/gp/mockingbird-single-to-double-stroller-3-0-and-bassinet-bundle/79821/2870217
cmqpiq7ap0eefdqwrlcm57zo4,babylist_impact,Mockingbird,Mockingbird Single-to-Double Stroller 3.0 and Bassinet Bundle in Stone Blue,Mockingbird,Single-to-Double,Strollers,single-to-double stroller,REVIEWED,f,t,Babylist,79821,709,https://www.babylist.com/gp/mockingbird-single-to-double-stroller-3-0-and-bassinet-bundle/79821/2870214
cmqpiq4y20edodqwrryk1b6o7,babylist_impact,Mockingbird,Mockingbird Single-to-Double Stroller 3.0 in Black,Mockingbird,Single-to-Double,Strollers,single-to-double stroller,REVIEWED,f,t,Babylist,77456,549,https://www.babylist.com/gp/mockingbird-single-to-double-stroller-3-0/77456/2715259
cmqpiq57s0edrdqwrlnp2la69,babylist_impact,Mockingbird,Mockingbird Single-to-Double Stroller 3.0 in Black Windowpane,Mockingbird,Single-to-Double,Strollers,single-to-double stroller,REVIEWED,f,t,Babylist,77456,549,https://www.babylist.com/gp/mockingbird-single-to-double-stroller-3-0/77456/2715260
cmqpiq6ip0ee6dqwrjbsz6sj6,babylist_impact,Mockingbird,Mockingbird Single-to-Double Stroller 3.0 in Heather Grey,Mockingbird,Single-to-Double,Strollers,single-to-double stroller,REVIEWED,f,t,Babylist,77456,549,https://www.babylist.com/gp/mockingbird-single-to-double-stroller-3-0/77456/2715265
cmqpiq6s30ee9dqwrwhb3t9i7,babylist_impact,Mockingbird,Mockingbird Single-to-Double Stroller 3.0 in Oat,Mockingbird,Single-to-Double,Strollers,single-to-double stroller,REVIEWED,f,t,Babylist,77456,549,https://www.babylist.com/gp/mockingbird-single-to-double-stroller-3-0/77456/2715266
cmqpiq5zq0ee0dqwr7ectjmud,babylist_impact,Mockingbird,Mockingbird Single-to-Double Stroller 3.0 in Rose,Mockingbird,Single-to-Double,Strollers,single-to-double stroller,REVIEWED,f,t,Babylist,77456,549,https://www.babylist.com/gp/mockingbird-single-to-double-stroller-3-0/77456/2715263
cmqpiq6990ee3dqwrb614hu01,babylist_impact,Mockingbird,Mockingbird Single-to-Double Stroller 3.0 in Sage,Mockingbird,Single-to-Double,Strollers,single-to-double stroller,REVIEWED,f,t,Babylist,77456,549,https://www.babylist.com/gp/mockingbird-single-to-double-stroller-3-0/77456/2715264
cmqpiq5h90edudqwrdik3tnzo,babylist_impact,Mockingbird,Mockingbird Single-to-Double Stroller 3.0 in Sea,Mockingbird,Single-to-Double,Strollers,single-to-double stroller,REVIEWED,f,t,Babylist,77456,549,https://www.babylist.com/gp/mockingbird-single-to-double-stroller-3-0/77456/2715261
cmqpiq5qh0edxdqwr393tpi3k,babylist_impact,Mockingbird,Mockingbird Single-to-Double Stroller 3.0 in Stone Blue,Mockingbird,Single-to-Double,Strollers,single-to-double stroller,REVIEWED,f,t,Babylist,77456,549,https://www.babylist.com/gp/mockingbird-single-to-double-stroller-3-0/77456/2715262
cmqsnaqsm00ofrfr6ffv6w88l,impact_goodbuygear,Momcozy,"Momcozy ChangeGO Baby Stroller, Black, 2025",Momcozy,ChangeGO Baby,Strollers,full-size stroller,AUTO_CATEGORIZED,f,t,GoodBuyGear,,561.74,
cmqpiqeou0egrdqwrjcf67wr0,babylist_impact,Momcozy,"""Momcozy ChangeGo Baby Stroller in Black Size 43"""" x 35.4"""" x 19.2""""""",Momcozy,"""Momcozy ChangeGo Baby Stroller in Black Size 43"""" x 35.4"""" x 19.2""""""",Strollers,single-to-double stroller,REVIEWED,f,t,Babylist,69809,699.99,https://www.babylist.com/gp/momcozy-changego-baby-stroller/69809/2317734
cmqx4kwjq00ki3a8uhc4w7860,shopify_macrobaby,Momcozy,"Momcozy Clickgo Lightweight Stroller, Black",Momcozy,Clickgo,Strollers,travel stroller,REVIEWED,f,t,MacroBaby,7531241439291,299.99,https://www.macrobaby.com/products/momcozy-clickgo-lightweight-stroller-black?_j=taylormadebabyco.com
cmqpiqefh0egodqwrm9xluvob,babylist_impact,Momcozy,"""Momcozy ClickGo Lightweight Stroller in Black Size 40.55"""" x 20"""" x 33.66""""""",Momcozy,"""Momcozy ClickGo Lightweight Stroller in Black Size 40.55"""" x 20"""" x 33.66""""""",Strollers,travel stroller,AUTO_CATEGORIZED,f,t,Babylist,69808,299.99,https://www.babylist.com/gp/momcozy-clickgo-lightweight-stroller/69808/2317733
cmqsnepec01w9rfr6e18a8cmb,impact_goodbuygear,Mompush,"Mompush Jeto Lightweight Travel Stroller, 2025, Grey",Mompush,Jeto Travel,Strollers,travel stroller,AUTO_CATEGORIZED,f,t,GoodBuyGear,,67.99,
cmr6skcni00k34ubx27pnyqfz,impact_goodbuygear,Mompush,"Mompush Lithe Double Stroller, 2025, Grey",Mompush,Lithe Double,Strollers,double stroller,AUTO_CATEGORIZED,f,t,GoodBuyGear,,157.99,
cmqpirj2s0etldqwry36glk3b,babylist_impact,Mompush,"""Mompush Lithe Double Stroller in Gray Size 30.3"""" x 23.6"""" x 10.6"""" | 100% Polyester""",Mompush,"""Mompush Lithe Double Stroller in Gray Size 30.3"""" x 23.6"""" x 10.6"""" | 100% Polyester""",Strollers,double stroller,REVIEWED,f,t,Babylist,74929,239.99,https://www.babylist.com/gp/mompush-lithe-double-stroller/74929/2536440
cmqsnec8901s6rfr68ygs2452,impact_goodbuygear,Mompush,"Mompush Lithe V2 Stroller, 2024, Grey",Mompush,Lithe V2,Strollers,travel stroller,AUTO_CATEGORIZED,f,t,GoodBuyGear,,159.99,
cmqpirjlg0etrdqwrcnzg1qtj,babylist_impact,Mompush,"""Mompush Lithe V2 Stroller in Gray Size 11.02"""" x 21.26"""" x 26.97""""""",Mompush,"""Mompush Lithe V2 Stroller in Gray Size 11.02"""" x 21.26"""" x 26.97""""""",Strollers,travel stroller,REVIEWED,f,t,Babylist,74925,179.99,https://www.babylist.com/gp/mompush-lithe-v2-stroller/74925/2536423
cmqpirkn40eu3dqwrnnr412zm,babylist_impact,Mompush,"""Mompush Meteor 2 Stroller in Navy Size 33.9"""" x 25.2"""" x 16.7""""""",Mompush,"""Mompush Meteor 2 Stroller in Navy Size 33.9"""" x 25.2"""" x 16.7""""""",Strollers,compact stroller,AUTO_CATEGORIZED,f,t,Babylist,74926,189.99,https://www.babylist.com/gp/mompush-meteor-2-stroller/74926/2536429
cmr6sj5ba00fr4ubx9u73lecj,impact_goodbuygear,Mompush,"Mompush Nexis Carbon Travel Stroller, 2024, Gray",Mompush,Nexis Carbon Travel,Strollers,travel stroller,AUTO_CATEGORIZED,f,t,GoodBuyGear,,151.99,
cmqsnf1d501zxrfr6ap1skj8b,impact_goodbuygear,Mompush,"Mompush Nova Stroller, 2025, Black",Mompush,Nova,Strollers,full-size stroller,AUTO_CATEGORIZED,f,t,GoodBuyGear,,136.99,
cmqpirlqr0eufdqwrr8zdxyu7,babylist_impact,Mompush,"""Mompush Ultimate 2 Seat Stroller in Gray Size 15.4"""" x 25.6"""" x 35.4""""""",Mompush,"""Mompush Ultimate 2 Seat Stroller in Gray Size 15.4"""" x 25.6"""" x 35.4""""""",Strollers,full-size stroller,AUTO_CATEGORIZED,f,t,Babylist,74928,329.99,https://www.babylist.com/gp/mompush-ultimate-2-seat-stroller/74928/2536438
cmqpirm9o0euldqwrrxulc5eb,babylist_impact,Mompush,"""Mompush Ultimate 2 Stroller & Bassinet in Gray Size 15.4"""" x 25.6"""" x 35.4""""""",Mompush,"""Mompush Ultimate 2 Stroller & Bassinet in Gray Size 15.4"""" x 25.6"""" x 35.4""""""",Strollers,full-size stroller,AUTO_CATEGORIZED,f,t,Babylist,74927,429.99,https://www.babylist.com/gp/mompush-ultimate-2-stroller-bassinet/74927/2536435
cmqsnbf1c00vrrfr6im91hjyn,impact_goodbuygear,Mompush,"Mompush Velo Lightweight Travel Stroller, 2024, Gray",Mompush,Velo Travel,Strollers,travel stroller,AUTO_CATEGORIZED,f,t,GoodBuyGear,,224.99,
cmqpirmsn0eurdqwr7d0r1yuz,babylist_impact,Mompush,"""Mompush Velo Travel Stroller in Gray Size 17.13"""" x 8.27"""" x 20.08"""" | 100% Polyester""",Mompush,"""Mompush Velo Travel Stroller in Gray Size 17.13"""" x 8.27"""" x 20.08"""" | 100% Polyester""",Strollers,travel stroller,REVIEWED,f,t,Babylist,74923,299.99,https://www.babylist.com/gp/mompush-velo-travel-stroller/74923/2536411
cmqsn9s2900dlrfr6b75elwlf,impact_goodbuygear,Mompush,"Mompush Wiz Pro 4-in-1 Baby Stroller, Pink, 2026",Mompush,Wiz Pro 4-in-1 Baby,Strollers,full-size stroller,AUTO_CATEGORIZED,f,t,GoodBuyGear,,100.99,
cmqsn8rzh002orfr61ztpbarv,impact_goodbuygear,Mompush,"Mompush Wiz Stroller, 2025, Grey",Mompush,Wiz,Strollers,full-size stroller,AUTO_CATEGORIZED,f,t,GoodBuyGear,,99.99,
cmqpiro550ev6dqwrhmv2djn7,babylist_impact,Mompush,"""Mompush Wiz Stroller in Gray Size 43.3"""" x 24.4"""" x 14.2""""""",Mompush,"""Mompush Wiz Stroller in Gray Size 43.3"""" x 24.4"""" x 14.2""""""",Strollers,full-size stroller,REVIEWED,f,t,Babylist,74924,159.99,https://www.babylist.com/gp/mompush-wiz-stroller/74924/2536418
cmqsnfgoi024frfr6e1dfitcl,impact_goodbuygear,Monbebe,"Monbebe Bizou Stroller, 2024, Astros",Monbebe,Bizou,Strollers,full-size stroller,AUTO_CATEGORIZED,f,t,GoodBuyGear,,108.29,
cmqsnhaal02ofrfr6z181jlu2,impact_goodbuygear,Monbebe,"Monbebe Everyday Outings Wagon Stroller, Watercolor Geo",Monbebe,Everyday Outings Wagon,Strollers,wagon,AUTO_CATEGORIZED,f,t,GoodBuyGear,,121.74,
cmqsn9yyu00frrfr6j4oror0w,impact_goodbuygear,Mountain Buggy,"Mountain Buggy Cosmopolitan Stroller, 2.0, Geo",Mountain Buggy,Cosmopolitan,Strollers,full-size stroller,AUTO_CATEGORIZED,f,t,GoodBuyGear,,469.99,
cmqsn8udo003frfr6iq2nvaj8,impact_goodbuygear,Mountain Buggy,"Mountain Buggy Nano Duo Stroller, 2023, Black",Mountain Buggy,Nano Duo,Strollers,double stroller,AUTO_CATEGORIZED,f,t,GoodBuyGear,,329.99,
cmqsngec602eurfr6vz1qd107,impact_goodbuygear,Mountain Buggy,"Mountain Buggy Nano Stroller, 2018, Black",Mountain Buggy,Nano,Strollers,full-size stroller,AUTO_CATEGORIZED,f,t,GoodBuyGear,,131.99,
cmqsna42700hcrfr6i2gruzgi,impact_goodbuygear,Mountain Buggy,"Mountain Buggy Nano V3 Stroller, 2024, Black",Mountain Buggy,Nano V3,Strollers,full-size stroller,AUTO_CATEGORIZED,f,t,GoodBuyGear,,154.34,
cmqu6xotd00blqut1gw2cuj29,awin_anbbaby,Mountain Buggy,Mountain Buggy Terrain V3 Stroller - Graphite,Mountain Buggy,Mountain Buggy Terrain V3 Stroller - Graphite,Strollers,full-size stroller,REVIEWED,f,t,ANB Baby,,719.99,
cmqsnbk2900xcrfr6nr60zr6p,impact_goodbuygear,Munchkin,"Munchkin Night Owl Stroller, 2024, Black",Munchkin,Night Owl,Strollers,full-size stroller,AUTO_CATEGORIZED,f,t,GoodBuyGear,,199.49,
cmr6sef0g00304ubxodwacxio,impact_goodbuygear,Munchkin,"Munchkin Sparrow Ultra Compact Stroller, 2025, Black",Munchkin,Sparrow Ultra,Strollers,travel stroller,AUTO_CATEGORIZED,f,t,GoodBuyGear,,149.99,
cmqpiuowr0fsxdqwr953s831v,babylist_impact,Nuna,Nuna DEMI icon in Caviar,Nuna,DEMI Icon,Strollers,full-size stroller,REVIEWED,f,t,Babylist,81555,900,https://www.babylist.com/gp/nuna-demi-icon/81555/3142525
cmqpiuq7l0ftcdqwrtn2qfzkr,babylist_impact,Nuna,Nuna DEMI next Stroller in Granite,Nuna,Nuna DEMI next Stroller in Granite,Strollers,single-to-double stroller,AUTO_CATEGORIZED,f,t,Babylist,45001,1000,https://www.babylist.com/gp/nuna-demi-next-stroller-1730394523/45001/1741073
cmrh1syoz0003a1k428eg982e,manual_tmbc,Nuna,Nuna FLEX Stroller,,,Strollers,compact stroller,REVIEWED,f,t,Babylist,,400,
cmqpiuwcx0fv9dqwr15315gmb,babylist_impact,Nuna,"""Nuna MIXX next in Biscotti Size 32.7"""" x 23.6"""" x 45.3""""""",Nuna,"""Nuna MIXX next in Biscotti Size 32.7"""" x 23.6"""" x 45.3""""""",Strollers,full-size stroller,REVIEWED,f,t,Babylist,21607,900,https://www.babylist.com/gp/nuna-mixx-next/21607/2072845
cmqpiux540fvidqwrj2itcobp,babylist_impact,Nuna,"""Nuna MIXX next in Caviar/Chocolate Size 32.7"""" x 23.6"""" x 45.3""""""",Nuna,"""Nuna MIXX next in Caviar/Chocolate Size 32.7"""" x 23.6"""" x 45.3""""""",Strollers,full-size stroller,REVIEWED,f,t,Babylist,21607,900,https://www.babylist.com/gp/nuna-mixx-next/21607/2903081
cmqpiuwm40fvcdqwrl57s9k7w,babylist_impact,Nuna,"""Nuna MIXX next in Cedar Size 32.7"""" x 23.6"""" x 45.3""""""",Nuna,"""Nuna MIXX next in Cedar Size 32.7"""" x 23.6"""" x 45.3""""""",Strollers,full-size stroller,REVIEWED,f,t,Babylist,21607,900,https://www.babylist.com/gp/nuna-mixx-next/21607/2127168
cmqpiuvu40fv3dqwrhmf2vsx0,babylist_impact,Nuna,"""Nuna MIXX next in Granite Size 32.7"""" x 23.6"""" x 45.3""""""",Nuna,"""Nuna MIXX next in Granite Size 32.7"""" x 23.6"""" x 45.3""""""",Strollers,full-size stroller,REVIEWED,f,t,Babylist,21607,900,https://www.babylist.com/gp/nuna-mixx-next/21607/731998
cmqpiuwvr0fvfdqwrnfbebjeo,babylist_impact,Nuna,"""Nuna MIXX next in Macaron Size 32.7"""" x 23.6"""" x 45.3""""""",Nuna,"""Nuna MIXX next in Macaron Size 32.7"""" x 23.6"""" x 45.3""""""",Strollers,full-size stroller,REVIEWED,f,t,Babylist,21607,900,https://www.babylist.com/gp/nuna-mixx-next/21607/2323349
cmqsneoum01w3rfr63zj2yh2x,impact_goodbuygear,Nuna,"Nuna MIXX Next Stroller, 2022, Caviar",Nuna,"Nuna MIXX Next Stroller, 2022, Caviar",Strollers,full-size stroller,REVIEWED,f,t,GoodBuyGear,,477.5,
cmqsnc5ea013urfr63ut7htvz,impact_goodbuygear,Nuna,"Nuna MIXX Next Stroller, 2024, Droplet Dot",Nuna,"Nuna MIXX Next Stroller, 2024, Droplet Dot",Strollers,full-size stroller,REVIEWED,f,t,GoodBuyGear,,742.89,
cmqsneldn01v0rfr6bw7lfqn5,impact_goodbuygear,Nuna,"Nuna MIXX Next Stroller, 2024, Edgehill",Nuna,"Nuna MIXX Next Stroller, 2024, Edgehill",Strollers,full-size stroller,REVIEWED,f,t,GoodBuyGear,,649.99,
cmqsnaaz700jirfr6w2ynpov0,impact_goodbuygear,Nuna,"Nuna MIXX Next Stroller, 2025, Sterling",Nuna,"Nuna MIXX Next Stroller, 2025, Sterling",Strollers,full-size stroller,REVIEWED,f,t,GoodBuyGear,,579.99,
cmqsnefzc01tcrfr6m5m8fsaf,impact_goodbuygear,Nuna,"Nuna MIXX Next Stroller, Caviar, 2023",Nuna,"Nuna MIXX Next Stroller, Caviar, 2023",Strollers,full-size stroller,REVIEWED,f,t,GoodBuyGear,,579.99,
cmqu6xgqh009fqut1rjua4lpv,awin_anbbaby,Nuna,Nuna Mixx Next Stroller - Cedar,Nuna,Nuna Mixx Next Stroller - Cedar,Strollers,full-size stroller,REVIEWED,f,t,ANB Baby,,900,
cmqu6xh28009iqut1agnil62d,awin_anbbaby,Nuna,Nuna Mixx Next Stroller - Element - BMW,Nuna,Nuna Mixx Next Stroller - Element - BMW,Strollers,full-size stroller,REVIEWED,f,t,ANB Baby,,900,
cmqpivcse0g0cdqwrm4vexibf,babylist_impact,Nuna,Nuna SWIV in Cedar,Nuna,Nuna SWIV in Cedar,Strollers,compact stroller,AUTO_CATEGORIZED,f,t,Babylist,54962,1000,https://www.babylist.com/gp/nuna-swiv/54962/2042625
cmqx4jnnj006l3a8um8jebv89,shopify_macrobaby,Nuna,Nuna - Tavo Next Granite Stroller,Nuna,Tavo Next,Strollers,full-size stroller,REVIEWED,f,t,MacroBaby,6686003200059,700,https://www.macrobaby.com/products/nuna-tavo-next-baby-stroller-granite?_j=taylormadebabyco.com
cmqscecqt00003rwobclrqtmv,manual_tmbc,Nuna,Nuna TRIV LX Stroller,,,Strollers,compact stroller,REVIEWED,f,t,Babylist,,950,
cmqpivf5f0g13dqwrmv73d0ym,babylist_impact,Nuna,Nuna TRIV next in Thistle,Nuna,Nuna TRIV next in Thistle,Strollers,compact stroller,AUTO_CATEGORIZED,f,t,Babylist,35739,800,https://www.babylist.com/gp/nuna-triv-next/35739/2134095
cmqpivh1v0g1odqwrpagtqmat,babylist_impact,Nuna,Nuna TRVL,Nuna,TRVL,Strollers,travel stroller,REVIEWED,f,t,Babylist,24317,575,https://www.babylist.com/gp/nuna-trvl-easy-fold-compact-stroller-carry-bag/24317/1051516
cmqpivfya0g1cdqwrc961372x,babylist_impact,Nuna,Nuna TRVL DUBL,Nuna,TRVL DUBL,Strollers,double stroller,REVIEWED,f,t,Babylist,54963,900,https://www.babylist.com/gp/nuna-trvl-dubl/54963/2042627
cmqpivhto0g1xdqwrfs5ydapo,babylist_impact,Nuna,Nuna TRVL LX,Nuna,TRVL LX,Strollers,travel stroller,REVIEWED,f,t,Babylist,46284,600,https://www.babylist.com/gp/nuna-trvl-lx/46284/1871701
cmqsn9wbw00exrfr6cu0v7m2c,impact_goodbuygear,Nuna,"Nuna Trvl Stroller, 2023, Droplet Dot",Nuna,"Nuna Trvl Stroller, 2023, Droplet Dot",Strollers,full-size stroller,REVIEWED,f,t,GoodBuyGear,,403.99,
cmr49dbek0010o2uorf5bxhlw,shopify_macrobaby,Nuna,Nuna VIAA CABN Ultra-Compact Stroller,Nuna,VIAA CABN,Strollers,travel stroller,REVIEWED,f,t,MacroBaby,,550,https://www.macrobaby.com/products/nuna-viaa-cabn-ultra-compact-stroller-caviar?_j=taylormadebabyco.com
cmqpiuzrm0fwcdqwr7rowtjqn,babylist_impact,Nuna,"""Nuna x BMW MIXX next Stroller in Element Size 32.7"""" x 23.6"""" x 45.3""""""",Nuna,"""Nuna x BMW MIXX next Stroller in Element Size 32.7"""" x 23.6"""" x 45.3""""""",Strollers,full-size stroller,REVIEWED,f,t,Babylist,63550,900,https://www.babylist.com/gp/nuna-nuna-x-bmw-mixx-next-stroller/63550/2210168
cmqpiv0110fwfdqwr8uit7gvs,babylist_impact,Nuna,Nuna x BMW TRIV next Stroller in Graphene,Nuna,Nuna x BMW TRIV next Stroller in Graphene,Strollers,compact stroller,AUTO_CATEGORIZED,f,t,Babylist,63549,800,https://www.babylist.com/gp/nuna-nuna-x-bmw-triv-next-stroller/63549/2210167
cmqpiv0ad0fwidqwrmq0z66kh,babylist_impact,Nuna,Nuna x BMW TRVL lx Stroller in Mica,Nuna,Nuna x BMW TRVL lx Stroller in Mica,Strollers,travel stroller,REVIEWED,f,t,Babylist,63551,600,https://www.babylist.com/gp/nuna-nuna-x-bmw-trvl-lx-stroller/63551/2210169
cmr4a8nkj0000g0jdydxmuttk,shopify_macrobaby,Orbit Baby,Orbit Baby G5 Stroller,Orbit Baby,G5,Strollers,full-size stroller,REVIEWED,f,t,MacroBaby,,1200,https://www.macrobaby.com/products/g5-stroller?_pos=5&_psq=orbit+baby+g&_psid=39ccf00bd&_ss=e&_v=1.0&_j=taylormadebabyco.com
cmqx4kyhn00l33a8utc8fi05j,shopify_macrobaby,Orbit Baby,"Orbit Baby M+ Compact Stroller, Black/Black",Orbit Baby,M+,Strollers,travel stroller,REVIEWED,f,t,MacroBaby,7585715650619,699.99,https://www.macrobaby.com/products/orbit-baby-g5-four-seasons-stroller-cover-black?_j=taylormadebabyco.com
cmqsnayfy00qurfr6uqq6le1g,impact_goodbuygear,Orbit Baby,"Orbit Baby M Plus+ Stroller, 2025, Black, Gold",Orbit Baby,M Plus+,Strollers,travel stroller,REVIEWED,f,t,GoodBuyGear,,443.99,
cmqsnaj9000m3rfr68n26tpui,impact_goodbuygear,Orbit Baby,"Orbit Baby M Plus+ Stroller, 2025, Black Luxe, Blush Mod Mosaic",Orbit Baby,M Plus+,Strollers,travel stroller,REVIEWED,f,t,GoodBuyGear,,450.99,
cmqsn8k7j0009rfr6idxasxoo,impact_goodbuygear,Orbit Baby,"Orbit Baby M Plus+ Stroller, 2025, Black Luxe, Surf Spray",Orbit Baby,M Plus+,Strollers,travel stroller,REVIEWED,f,t,GoodBuyGear,,570.94,
cmqsnem5x01v9rfr6bcwm75iq,impact_goodbuygear,Orbit Baby,"Orbit Baby M Plus+ Stroller, Black, 2025, Black Luxe",Orbit Baby,M Plus+,Strollers,travel stroller,REVIEWED,f,t,GoodBuyGear,,570.94,
cmqsngxe702kfrfr6eqkn0b7g,impact_goodbuygear,Orbit Baby,"Orbit Baby M Plus+ Stroller, Black, 2025, Black Luxe",Orbit Baby,M Plus+,Strollers,travel stroller,REVIEWED,f,t,GoodBuyGear,,570.94,
cmqsnhbfw02orrfr6n8lu9090,impact_goodbuygear,Orbit Baby,"Orbit Baby M Plus+ Stroller, Black, 2025, Gold",Orbit Baby,M Plus+,Strollers,travel stroller,REVIEWED,f,t,GoodBuyGear,,570.94,
cmrhaf10d0000dqkh9xsw925c,manual_tmbc,Orbit Baby,Orbit Baby M+ Stroller,Orbit Baby,M+,Strollers,travel stroller,REVIEWED,f,t,GoodBuy Gear,,570.94,
cmr6sh6ne00934ubxg0wvnct7,impact_goodbuygear,Orbit Baby,"Orbit Baby X5 Jogging Stroller, Black, 2025",Orbit Baby,X5,Strollers,jogging stroller,REVIEWED,f,t,GoodBuyGear,,475,
cmr03hxi90000y6k2v63h9ozm,shopify_macrobaby,Peg Perego,Peg-Perego - City Loop Full-Size Reversible Stroller,,,Strollers,compact stroller,REVIEWED,f,t,MacroBaby,,,
cmqx4jqzb007l3a8ufvo81xyy,shopify_macrobaby,Peg Perego,Peg Perego Vivace Stroller - Astral (Beige),Peg Perego,Vivace,Strollers,full-size stroller,AUTO_CATEGORIZED,f,t,MacroBaby,7472493461563,639.99,https://www.macrobaby.com/products/peg-perego-vivace-stroller-astral-beige?_j=taylormadebabyco.com
cmqx4l0cv00lo3a8udxmtxrzt,shopify_macrobaby,Peg Perego,"Peg Perego - Volo, Ultra Lightweight Carry On Compliant Travel Stroller, Blue Shine (Blue & Copper)",Peg Perego,Volo,Strollers,travel stroller,AUTO_CATEGORIZED,f,t,MacroBaby,7619109814331,279.99,https://www.macrobaby.com/products/peg-perego-volo-ultra-lightweight-carry-on-compliant-travel-stroller-blue-shine-blue-copper?_j=taylormadebabyco.com
cmqx4l0m400lr3a8ub3qjdhw2,shopify_macrobaby,Peg Perego,"Peg Perego Volo Ultra Lightweight Carry On Compliant Travel Stroller, True Black",Peg Perego,Volo Ultra Carry On Compliant Travel,Strollers,travel stroller,REVIEWED,f,t,MacroBaby,7619109847099,279.99,https://www.macrobaby.com/products/peg-perego-volo-ultra-lightweight-carry-on-compliant-travel-stroller-true-black-black?_j=taylormadebabyco.com
cmqzu9mqk000i13vr3za3zzyh,shopify_macrobaby,Peg Perego,"Peg-Perego Ypsi Single to Double Stroller, True Black",Peg Perego,Ypsi,Strollers,single-to-double stroller,AUTO_CATEGORIZED,f,t,MacroBaby,7488912523323,719.99,https://www.macrobaby.com/products/peg-perego-ypsi-new-single-to-double-stroller-true-black-black?_j=taylormadebabyco.com
cmqsn8osl001orfr63y1frmsh,impact_goodbuygear,Phil & Teds,"Phil & Teds Dash Inline Stroller, 2017, Grey Mari",Phil & Teds,Dash Inline,Strollers,full-size stroller,AUTO_CATEGORIZED,f,t,GoodBuyGear,,312.26,
cmqx4kfnt00f93a8uibiq8jb6,shopify_macrobaby,Radio Flyer,"Radio Flyer - Voya XT Baby Stroller Wagon, Gray",Radio Flyer,Voya XT Baby,Strollers,wagon,AUTO_CATEGORIZED,f,t,MacroBaby,7513026035771,599.99,https://www.macrobaby.com/products/radio-flyer-voya-xt-baby-stroller-wagon-gray?_j=taylormadebabyco.com
cmqpiyd440gyfdqwr2rdw12fv,babylist_impact,Romer,Romer Tura Stroller in Pearl,Romer,Romer Tura Stroller in Pearl,Strollers,full-size stroller,AUTO_CATEGORIZED,f,t,Babylist,68661,949.99,https://www.babylist.com/gp/romer-tura-stroller/68661/2262736
cmqx4koil00i03a8uftvb460g,shopify_macrobaby,Safety 1st,"Safety 1St - Disney Baby Character Umbrella Stroller, Eye-catching, Hide & Seek Mickey",Safety 1st,Disney Baby Character Umbrella,Strollers,umbrella stroller,AUTO_CATEGORIZED,f,t,MacroBaby,7278091927611,49.99,https://www.macrobaby.com/products/safety-1st-disney-baby-character-umbrella-stroller-eye-catching-hide-seek-mickey?_j=taylormadebabyco.com
cmqpiyf7y0gz3dqwrgvw7iuvq,babylist_impact,Safety 1st,Safety 1st Easy-Fold Compact Stroller in Dorsal,Safety 1st,Safety 1st Easy-Fold Compact Stroller in Dorsal,Strollers,travel stroller,AUTO_CATEGORIZED,f,t,Babylist,64778,149.99,https://www.babylist.com/gp/safety-1st-easy-fold-compact-stroller/64778/2214402
cmqsnbeia00vlrfr64p6pdw3q,impact_goodbuygear,Safety 1st,"Safety 1st Step Lite Compact Stroller, 2024, Greyhound",Safety 1st,Step Lite,Strollers,travel stroller,AUTO_CATEGORIZED,f,t,GoodBuyGear,,55.95,
cmqpiyjx30h0ldqwrtao8r26n,babylist_impact,Safety 1st,Safety 1st Summit Quad Wagon Stroller in Navy Ink,Safety 1st,Safety 1st Summit Quad Wagon Stroller in Navy Ink,Strollers,wagon,AUTO_CATEGORIZED,f,t,Babylist,58023,349.99,https://www.babylist.com/gp/safety-1st-summit-quad-wagon-stroller/58023/2177935
cmqsng4r602burfr6e0ye4bss,impact_goodbuygear,Safety 1st,"Safety 1st Summit Sprint Quad Wagon Stroller, Olive Haze",Safety 1st,Summit Sprint Quad Wagon,Strollers,wagon,AUTO_CATEGORIZED,f,t,GoodBuyGear,,121.83,
cmqsnds5701m0rfr6zu7uslbu,impact_goodbuygear,Safety 1st,"Safety 1st Summit Wagon Stroller, 2023, Wave Runner",Safety 1st,Summit Wagon,Strollers,wagon,AUTO_CATEGORIZED,f,t,GoodBuyGear,,164.99,
cmqx4ka3m00di3a8uug1dw80o,shopify_macrobaby,Silver Cross,"Silver Cross - Breez Compact Stroller, Onyx",Silver Cross,Breez,Strollers,compact stroller,AUTO_CATEGORIZED,f,t,MacroBaby,7522792833083,849.99,https://www.macrobaby.com/products/silver-cross-breez-compact-stroller-onyx?_j=taylormadebabyco.com
cmqpiyxaf0h4udqwrf99o3l88,babylist_impact,Silver Cross,Silver Cross Clic Compact Stroller in Latte,Silver Cross,Silver Cross Clic Compact Stroller in Latte,Strollers,travel stroller,AUTO_CATEGORIZED,f,t,Babylist,74323,399.99,https://www.babylist.com/gp/silver-cross-clic-compact-stroller/74323/2491093
cmr6sfyqr005o4ubxaj1psgse,impact_goodbuygear,Silver Cross,"Silver Cross Clic Super Compact Lightweight Stroller, 2025, Latte",Silver Cross,Clic Super,Strollers,travel stroller,AUTO_CATEGORIZED,f,t,GoodBuyGear,,337.99,
cmqsn8jxy0006rfr6yuwo9nan,impact_goodbuygear,Silver Cross,"Silver Cross Coast Stroller, Flint",Silver Cross,Coast,Strollers,full-size stroller,AUTO_CATEGORIZED,f,t,GoodBuyGear,,486.44,
cmqx4l1qc00m33a8ubl89owlv,shopify_macrobaby,Silver Cross,"Silver Cross Cove 2 Full-Size All-Terrain Stroller, Pewter",Silver Cross,Cove 2,Strollers,full-size stroller,AUTO_CATEGORIZED,f,t,MacroBaby,7659500568635,999.99,https://www.macrobaby.com/products/silver-cross-cove-2-full-size-all-terrain-stroller-pewter?_j=taylormadebabyco.com
cmr6sfxmo005l4ubxj4anpipo,impact_goodbuygear,Silver Cross,"Silver Cross Jet 5 Super Compact Stroller, 2024, Sage",Silver Cross,Jet 5 Super,Strollers,travel stroller,AUTO_CATEGORIZED,f,t,GoodBuyGear,,329.99,
cmqpiyzfr0h5idqwr7f4myapi,babylist_impact,Silver Cross,Silver Cross Jet Double Stroller,Silver Cross,Silver Cross Jet Double Stroller,Strollers,double stroller,AUTO_CATEGORIZED,f,t,Babylist,56937,799.99,https://www.babylist.com/gp/silver-cross-jet-double-stroller/56937/2134387
cmqpiyzp80h5ldqwrrnx26hmt,babylist_impact,Silver Cross,Silver Cross Jet Double Stroller and Accessory Bundle in Black,Silver Cross,Silver Cross Jet Double Stroller and Accessory Bundle in Black,Strollers,double stroller,AUTO_CATEGORIZED,f,t,Babylist,76467,1109.99,https://www.babylist.com/gp/silver-cross-jet-double-stroller-and-accessory-bundle/76467/2653687
cmqx4kamn00do3a8u0knxz3d3,shopify_macrobaby,Silver Cross,"Silver Cross - Nia Compact Travel Stroller, Conifer",Silver Cross,Nia Travel,Strollers,travel stroller,AUTO_CATEGORIZED,f,t,MacroBaby,7522776842299,549.99,https://www.macrobaby.com/products/silver-cross-nia-compact-travel-stroller-conifer?_j=taylormadebabyco.com
cmqpiz07t0h5rdqwr99jsutk2,babylist_impact,Silver Cross,Silver Cross Reef 2 Stroller in Espresso,Silver Cross,Silver Cross Reef 2 Stroller in Espresso,Strollers,full-size stroller,AUTO_CATEGORIZED,f,t,Babylist,25564,1299.99,https://www.babylist.com/gp/silver-cross-reef-2-stroller/25564/2544371
cmr6sfvsh005f4ubxglotjiur,impact_goodbuygear,Silver Cross,"Silver Cross Stroller Phone Holder, Black",Silver Cross,"",Strollers,full-size stroller,AUTO_CATEGORIZED,f,t,GoodBuyGear,,29.99,
cmqpiz1rm0h69dqwregxo1kdq,babylist_impact,Silver Cross,Silver Cross Wave 3 Single to Double Stroller in Caramel,Silver Cross,Silver Cross Wave 3 Single to Double Stroller in Caramel,Strollers,single-to-double stroller,REVIEWED,f,t,Babylist,24664,1699.99,https://www.babylist.com/gp/silver-cross-wave-3-single-to-double-stroller/24664/2049267
cmr6scl7u000r4ubx5uvzrkmz,impact_goodbuygear,Silver Cross,"Silver Cross Wave 3 Stroller, 2025, Caramel",Silver Cross,Wave 3,Strollers,single-to-double stroller,AUTO_CATEGORIZED,f,t,GoodBuyGear,,907.99,
cmqzu89ps000313vr2xtqks2p,shopify_macrobaby,Silver Cross,"Silver Cross - Wave Single-to-Double Stroller, Onyx",Silver Cross,Wave,Strollers,single-to-double stroller,REVIEWED,f,t,MacroBaby,7156211580987,1119.99,https://www.macrobaby.com/products/silver-cross-wave-baby-stroller-single-to-double-stroller-onyx?_j=taylormadebabyco.com
cmqsnblyn00xxrfr6nzbtjyjx,impact_goodbuygear,Silver Cross,"Silver Cross Wave Stroller, 2023, Lunar",Silver Cross,Wave,Strollers,single-to-double stroller,AUTO_CATEGORIZED,f,t,GoodBuyGear,,690.99,
cmqsnh1fl02lorfr6zrue8nih,impact_goodbuygear,Stokke,"Stokke Xplory Stroller, 2018, Ruby Red",Stokke,Xplory,Strollers,full-size stroller,AUTO_CATEGORIZED,f,t,GoodBuyGear,,399.99,
cmrh4hd9c0009106c0brt6hdc,manual_tmbc,Stokke,Stokke YOYO 3 Stroller,,,Strollers,travel stroller,REVIEWED,f,t,Babylist,,499,
cmqsnf8v80229rfr6nah99mw5,impact_goodbuygear,Strolee,"Strolee Destination Stroller, 2025, Fawn",Strolee,Destination,Strollers,full-size stroller,AUTO_CATEGORIZED,f,t,GoodBuyGear,,147.99,
cmqsndvoe01n3rfr6rre0hylt,impact_goodbuygear,Strolee,"Strolee Double LITE Stroller, 2025, Blue",Strolee,Double LITE,Strollers,full-size stroller,AUTO_CATEGORIZED,f,t,GoodBuyGear,,339.99,
cmqsneipo01u6rfr6s2gv2br4,impact_goodbuygear,Strolee,"Strolee LinQ V2 Compact Stroller, 2025, Blue",Strolee,LinQ V2,Strollers,travel stroller,AUTO_CATEGORIZED,f,t,GoodBuyGear,,137.99,
cmqsnecs701scrfr6dfmrudo7,impact_goodbuygear,Strolee,"Strolee LinQ V3 Compact Stroller, 2025, Sage",Strolee,LinQ V3,Strollers,travel stroller,AUTO_CATEGORIZED,f,t,GoodBuyGear,,171.99,
cmqsnbqrn00zfrfr6h84bbchy,impact_goodbuygear,Strolee,"Strolee V2 Double Stroller, 2025, Fawn",Strolee,V2 Double,Strollers,double stroller,AUTO_CATEGORIZED,f,t,GoodBuyGear,,389.99,
cmqx4kuqm00jx3a8uib60e7yr,shopify_macrobaby,TernX,"Ternx - Carry On Luggage Stroller, Black& Grey",TernX,Carry On Luggage,Strollers,travel stroller,REVIEWED,f,t,MacroBaby,7469630554171,699,https://www.macrobaby.com/products/ternx-carry-on-luggage-stroller-black-grey?_j=taylormadebabyco.com
cmqu6xbe3007xqut1b5d56zog,awin_anbbaby,The Puppet Company,"The Puppet Company Animal Capes, Donkey",The Puppet Company,"The Puppet Company Animal Capes, Donkey",Strollers,single-to-double stroller,AUTO_CATEGORIZED,f,t,ANB Baby,,11.99,
cmrm8b1yc0003uapdcn0dftt6,manual_tmbc,Thule,Thule Shine,Thule,Shine,Strollers,compact stroller,REVIEWED,f,t,Amazon,,,
cmqsn8r6w002frfr6yh99gbnr,impact_goodbuygear,Thule,"Thule Shine Stroller, Aluminum, 2023, Grey Melange",Thule,Shine,Strollers,compact stroller,REVIEWED,f,t,GoodBuyGear,,260.29,
cmqpj4tq90izrdqwric1k9sjd,babylist_impact,Thule,"""Thule Spring 2 Stroller in Black Size 19.5"""" x 17.7"""" x 15.3""""""",Thule,"""Thule Spring 2 Stroller in Black Size 19.5"""" x 17.7"""" x 15.3""""""",Strollers,jogging stroller,AUTO_CATEGORIZED,f,t,Babylist,79496,499.95,https://www.babylist.com/gp/thule-spring-2-stroller/79496/2846998
cmqsn9ebm009crfr6oa0lcxtw,impact_goodbuygear,Thule,"Thule Spring Stroller, 2022, Alu Sh Grey, Aluminum",Thule,Spring,Strollers,full-size stroller,REVIEWED,f,t,GoodBuyGear,,255.54,
cmrm8b1on0000uapda5ou0gzj,manual_tmbc,Thule,Thule Urban Glide 3 Double,Thule,Urban Glide 3 Double,Strollers,double stroller,REVIEWED,f,t,Babylist,,,
cmqsn9kq100bcrfr6ecsjumsv,impact_goodbuygear,Thule,"Thule Urban Glide 3 Double Stroller, Black, 2024, Click In Buckle",Thule,Urban Glide 3 Double,Strollers,double jogging stroller,AUTO_CATEGORIZED,f,t,GoodBuyGear,,907.24,
cmqpj4vsr0j0fdqwr4y68gsmp,babylist_impact,Thule,"""Thule Urban Glide 3 in Black Size 34.6"""" x 22.8"""" x 12.2""""""",Thule,"""Thule Urban Glide 3 in Black Size 34.6"""" x 22.8"""" x 12.2""""""",Strollers,jogging stroller,AUTO_CATEGORIZED,f,t,Babylist,47016,799.95,https://www.babylist.com/gp/thule-urban-glide-3/47016/2687774
cmqpj4y4d0j16dqwr4a3udt8r,babylist_impact,Thule,"""Thule Urban Glide 4-wheel in Black Size 34.6"""" x 22.8"""" x 11""""""",Thule,"""Thule Urban Glide 4-wheel in Black Size 34.6"""" x 22.8"""" x 11""""""",Strollers,full-size stroller,AUTO_CATEGORIZED,f,t,Babylist,47018,598.95,https://www.babylist.com/gp/thule-urban-glide-4-wheel-1764794124/47018/1883230
cmr6se84m002o4ubxk9q00ri7,impact_goodbuygear,Unknown,"Unknown Stroller, Black",Unknown,"",Strollers,full-size stroller,AUTO_CATEGORIZED,f,t,GoodBuyGear,,67.99,
cmqsnffpb0246rfr6oa8jtk7i,impact_goodbuygear,UPPAbaby,"UPPAbaby CRUZ Stroller, 2019, Emmett (Green Melange)",UPPAbaby,CRUZ,Strollers,full-size stroller,AUTO_CATEGORIZED,f,t,GoodBuyGear,,289.99,
cmqsnehe201trrfr6czqdn10n,impact_goodbuygear,UPPAbaby,"UPPAbaby CRUZ V2 Stroller, 2020, Noa (Navy)",UPPAbaby,CRUZ V2,Strollers,full-size stroller,AUTO_CATEGORIZED,f,t,GoodBuyGear,,631.74,
cmqpj8v3m0ka0dqwr7hddnmni,babylist_impact,UPPAbaby,UPPAbaby Cruz V3 Stroller & Bassinet V3 Bundle in Ada,UPPAbaby,UPPAbaby Cruz V3 Stroller & Bassinet V3 Bundle in Ada,Strollers,full-size stroller,AUTO_CATEGORIZED,f,t,Babylist,80480,1179.98,https://www.babylist.com/gp/uppababy-cruz-v3-stroller-bassinet-v3-bundle/80480/3133829
cmqpj8ryy0k90dqwrphmrj0pe,babylist_impact,UPPAbaby,UPPAbaby Cruz V3 Stroller in Ada,UPPAbaby,UPPAbaby Cruz V3 Stroller in Ada,Strollers,full-size stroller,AUTO_CATEGORIZED,f,t,Babylist,74891,899.99,https://www.babylist.com/gp/uppababy-cruz-v3-stroller/74891/2848480
cmrdwvamt000a7tmar3y91u6t,manual_tmbc,UPPAbaby,UPPAbaby Kona,UPPAbaby,,Strollers,compact stroller,REVIEWED,f,t,Shop,,,
cmr5bd3y40009iulwqbap9kn6,babylist_impact,UPPAbaby,UPPAbaby Minu Duo Stroller,UPPAbaby,Minu Duo,Strollers,double stroller,REVIEWED,f,t,Babylist,,749.99,https://babylist.pxf.io/c/6560395/1056628/13580?u=https%3A%2F%2Fwww.babylist.com%2Fgp%2Fuppababy-minu-duo-stroller%2F69531%2F3240242&partnerpropertyid=7490466
cmqpib9gl09qcdqwrrwo8oi38,babylist_impact,UPPAbaby,UPPAbaby Minu V3 Stroller in Ada,UPPAbaby,UPPAbaby Minu V3 Stroller in Ada,Strollers,travel stroller,AUTO_CATEGORIZED,f,t,Babylist,70504,499.99,https://www.babylist.com/gp/uppababy-minu-v3-stroller/70504/2848467
cmqpibi4309t3dqwr36qaniir,babylist_impact,UPPAbaby,UPPAbaby Ridge V2 Stroller in Evelyn,UPPAbaby,UPPAbaby Ridge V2 Stroller in Evelyn,Strollers,jogging stroller,AUTO_CATEGORIZED,f,t,Babylist,79450,699.99,https://www.babylist.com/gp/uppababy-ridge-v2-stroller/79450/2839938
cmr6si02l00bl4ubxkkrkl4zv,impact_goodbuygear,UPPAbaby,"UPPAbaby VISTA Stroller, 2018, Pascal (Grey)",UPPAbaby,VISTA,Strollers,single-to-double stroller,AUTO_CATEGORIZED,f,t,GoodBuyGear,,339.99,
cmqsnfij20250rfr67yywp1hi,impact_goodbuygear,UPPAbaby,"UPPAbaby VISTA V2 Stroller, 2023, Declan (Oat Melange)",UPPAbaby,VISTA V2,Strollers,single-to-double stroller,AUTO_CATEGORIZED,f,t,GoodBuyGear,,429.99,
cmqsnh7x202norfr6rlfdbstr,impact_goodbuygear,UPPAbaby,"UPPAbaby Vista V3 Stroller, 2024, Jake (Charcoal)",UPPAbaby,Vista V3,Strollers,single-to-double stroller,AUTO_CATEGORIZED,f,t,GoodBuyGear,,691.59,
cmqpibsly09wfdqwr1ensedgs,babylist_impact,UPPAbaby,"""UPPAbaby Vista V3 Stroller in Ada Size 16.3"""" x 25.7"""" x 33.8""""""",UPPAbaby,"""UPPAbaby Vista V3 Stroller in Ada Size 16.3"""" x 25.7"""" x 33.8""""""",Strollers,single-to-double stroller,REVIEWED,f,t,Babylist,54909,999.99,https://www.babylist.com/gp/uppababy-vista-v3-stroller/54909/2848472
cmqpiby4309y6dqwrq9zxzn4y,babylist_impact,UPPAbaby,"""UPPAbaby Vista V3 Stroller & V3 Bassinet Bundle in Ada Size 16.3"""" x 25.7"""" x 33.8""""""",UPPAbaby,"""UPPAbaby Vista V3 Stroller & V3 Bassinet Bundle in Ada Size 16.3"""" x 25.7"""" x 33.8""""""",Strollers,single-to-double stroller,AUTO_CATEGORIZED,f,t,Babylist,55801,1279.98,https://www.babylist.com/gp/uppababy-vista-v3-stroller-v3-bassinet-bundle/55801/2934395
cmqpic23609zfdqwruy3wr5he,babylist_impact,Veer,Veer All-Terrain Cruiser,Veer,Veer All-Terrain Cruiser,Strollers,wagon,AUTO_CATEGORIZED,f,t,Babylist,16064,699,https://www.babylist.com/gp/veer-all-terrain-cruiser/16064/53959
cmqpic34i09zrdqwrgdpecy3w,babylist_impact,Veer,Veer Cruiser City,Veer,Veer Cruiser City,Strollers,wagon,AUTO_CATEGORIZED,f,t,Babylist,47021,799,https://www.babylist.com/gp/veer-cruiser-city/47021/1883285
cmqpicbsl0a2idqwr2taeq02a,babylist_impact,Veer,Veer Switch&Jog Jogging Stroller in Natural,Veer,Veer Switch&Jog Jogging Stroller in Natural,Strollers,jogging stroller,AUTO_CATEGORIZED,f,t,Babylist,75210,899,https://www.babylist.com/gp/veer-switch-jog-jogging-stroller/75210/2571246
cmqpicdci0a30dqwr7557si3g,babylist_impact,Veer,Veer Switch&Roll Stroller in Natural,Veer,Veer Switch&Roll Stroller in Natural,Strollers,single-to-double stroller,REVIEWED,f,t,Babylist,74090,949,https://www.babylist.com/gp/veer-switch-roll-stroller/74090/2571237
cmqsnc6zy014crfr6xbwkz6dg,impact_goodbuygear,Venice,"Venice Child Maverick Single To Double Stroller, Twilight",Venice,Child Maverick,Strollers,single-to-double stroller,AUTO_CATEGORIZED,f,t,GoodBuyGear,,284.99,
cmqx4ked200eu3a8ujchiwf5e,shopify_macrobaby,WonderFold,"Wonderfold - L2 Double 2-Seater Stroller Wagon, Grey",WonderFold,L2 Double 2-Seater,Strollers,wagon,AUTO_CATEGORIZED,f,t,MacroBaby,7402829119547,799.99,https://www.macrobaby.com/products/wonderfold-l2-double-2-seater-stroller-wagon-grey?_j=taylormadebabyco.com
cmqx4kdrz00eo3a8u5l6qoets,shopify_macrobaby,WonderFold,WonderFold - L4 Quad Stroller Wagon (4 Seater) Grey,WonderFold,L4 Quad,Strollers,wagon,AUTO_CATEGORIZED,f,t,MacroBaby,7361326710843,949.99,https://www.macrobaby.com/products/wonderfold-l4-quad-stroller-wagon-4-seater-grey?_j=taylormadebabyco.com
cmqsnbfu700w0rfr69fzcll74,impact_goodbuygear,WonderFold,"Wonderfold S1 Utility Folding Wagon, Black",WonderFold,S1 Utility Folding Wagon,Strollers,wagon,AUTO_CATEGORIZED,f,t,GoodBuyGear,,79.41,
cmqsndoz501l0rfr6wbwwiess,impact_goodbuygear,WonderFold,"Wonderfold S3 Outdoor Utility Wagon, Red",WonderFold,S3 Outdoor Utility Wagon,Strollers,wagon,AUTO_CATEGORIZED,f,t,GoodBuyGear,,131.66,
cmqsn8l00000irfr67r7nxzrj,impact_goodbuygear,WonderFold,"Wonderfold S5 Convertible Utility Wagon, Black",WonderFold,S5 Convertible Utility Wagon,Strollers,wagon,AUTO_CATEGORIZED,f,t,GoodBuyGear,,249.99,
cmqsnd6cu01f9rfr6yi5ddco7,impact_goodbuygear,WonderFold,"Wonderfold Stroller Wagon Mittens, Large",WonderFold,"",Strollers,wagon,AUTO_CATEGORIZED,f,t,GoodBuyGear,,33.38,
cmqx4kc7j00e63a8u8c3emd92,shopify_macrobaby,WonderFold,"WonderFold - Volkswagon Special Edition Double Stroller Wagon (4 Seater), Bondi Blue",WonderFold,Volkswagon Special Edition Double,Strollers,wagon,AUTO_CATEGORIZED,f,t,MacroBaby,6887363182651,1499,https://www.macrobaby.com/products/wonderfold-volskwagon-special-wagon-stroller?_j=taylormadebabyco.com
cmr6scaup000f4ubxad3tr0dt,impact_goodbuygear,WonderFold,"Wonderfold VW4 Volkswagon Stroller Wagon, 2023, Bondi Blue",WonderFold,VW4 Volkswagon,Strollers,wagon,AUTO_CATEGORIZED,f,t,GoodBuyGear,,1124.99,
cmqsnd17601dorfr6y7v4t62g,impact_goodbuygear,WonderFold,"Wonderfold W2 Elite Pro Stroller Wagon, 2025, Jet Black",WonderFold,W2 Elite Pro,Strollers,wagon,AUTO_CATEGORIZED,f,t,GoodBuyGear,,355.58,
cmqx4kch500e93a8ump8bt77d,shopify_macrobaby,WonderFold,"WonderFold - W2 Luxe Double Stroller Wagon, Black",WonderFold,W2 Luxe Double,Strollers,wagon,AUTO_CATEGORIZED,f,t,MacroBaby,7068696412219,599.99,https://www.macrobaby.com/products/wonderfold-w2-luxe-double-stroller-wagon-black-1?_j=taylormadebabyco.com
cmqsn9jn400b0rfr6slxmiq6v,impact_goodbuygear,WonderFold,"Wonderfold W2 Luxe Multifunctional Double Stroller Wagon, 2024, Charcoal Gray",WonderFold,W2 Luxe Multifunctional Double,Strollers,wagon,AUTO_CATEGORIZED,f,t,GoodBuyGear,,423.35,
cmqsn931h005urfr644cu310s,impact_goodbuygear,WonderFold,"Wonderfold W2 Luxe Pro Double Stroller Wagon, 2 Seater, Jet Black",WonderFold,W2 Luxe Pro Double,Strollers,wagon,AUTO_CATEGORIZED,f,t,GoodBuyGear,,401.78,
cmqsn90d60050rfr6zd1ph68h,impact_goodbuygear,WonderFold,"Wonderfold W2 Original Multifunctional Double Stroller Wagon, Black, 2025",WonderFold,W2 Original Multifunctional Double,Strollers,wagon,AUTO_CATEGORIZED,f,t,GoodBuyGear,,275.99,
cmqx4ke3k00er3a8uaow8c0df,shopify_macrobaby,WonderFold,"Wonderfold - W4 Luxe Pro Quad Stroller For 4 Kids, Charcoal Gray",WonderFold,W4 Luxe Pro Quad,Strollers,wagon,AUTO_CATEGORIZED,f,t,MacroBaby,7363078881339,899,https://www.macrobaby.com/products/wonderfold-w4-luxe-pro-quad-stroller-for-4-kids-charcoal-gray?_j=taylormadebabyco.com
cmqsnbmhb00y3rfr60q4vzieo,impact_goodbuygear,WonderFold,"Wonderfold W4 Luxe Pro Stroller Wagon, 2025, Charcoal Gray",WonderFold,W4 Luxe Pro,Strollers,wagon,AUTO_CATEGORIZED,f,t,GoodBuyGear,,539.99,
cmqpid1g40aaldqwrrgenuyrs,babylist_impact,WonderFold Wagon,WonderFold Wagon L2 Double Stroller Wagon in Black,WonderFold Wagon,WonderFold Wagon L2 Double Stroller Wagon in Black,Strollers,wagon,AUTO_CATEGORIZED,f,t,Babylist,73053,799,https://www.babylist.com/gp/wonderfold-wagon-l2-double-stroller-wagon/73053/2426258
cmqpid1ys0aardqwrwtr1gofy,babylist_impact,WonderFold Wagon,WonderFold Wagon L4 Quad Stroller Wagon in Gray,WonderFold Wagon,WonderFold Wagon L4 Quad Stroller Wagon in Gray,Strollers,wagon,AUTO_CATEGORIZED,f,t,Babylist,73054,999,https://www.babylist.com/gp/wonderfold-wagon-l4-quad-stroller-wagon/73054/2426261
cmqpid28l0aaudqwrb7emifhk,babylist_impact,WonderFold Wagon,WonderFold Wagon VW Edition Quad Stroller Wagon (2 Seater) in Bondi Blue,WonderFold Wagon,WonderFold Wagon VW Edition Quad Stroller Wagon (2 Seater) in Bondi Blue,Strollers,wagon,AUTO_CATEGORIZED,f,t,Babylist,58141,999,https://www.babylist.com/gp/wonderfold-wagon-vw-edition-quad-stroller-wagon-2-seater/58141/2181927
cmqpid2im0aaxdqwrftj0yfna,babylist_impact,WonderFold Wagon,WonderFold Wagon W2 Elite Pro Stroller Wagon in Jet Black | 100% Polyester,WonderFold Wagon,WonderFold Wagon W2 Elite Pro Stroller Wagon in Jet Black | 100% Polyester,Strollers,wagon,AUTO_CATEGORIZED,f,t,Babylist,71174,599,https://www.babylist.com/gp/wonderfold-wagon-w2-elite-pro-stroller-wagon/71174/2351345
cmqpid3430ab3dqwrcqnosxiw,babylist_impact,WonderFold Wagon,WonderFold Wagon W2 Luxe Pro Double Seater Stroller Wagon in Jet Black | 100% Polyester,WonderFold Wagon,WonderFold Wagon W2 Luxe Pro Double Seater Stroller Wagon in Jet Black | 100% Polyester,Strollers,wagon,AUTO_CATEGORIZED,f,t,Babylist,71171,699,https://www.babylist.com/gp/wonderfold-wagon-w2-luxe-pro-double-seater-stroller-wagon/71171/2351341
cmqpid3vz0abcdqwrxkit3pt8,babylist_impact,WonderFold Wagon,WonderFold Wagon W4 Elite Pro Stroller Wagon in Charcoal Gray | 100% Polyester,WonderFold Wagon,WonderFold Wagon W4 Elite Pro Stroller Wagon in Charcoal Gray | 100% Polyester,Strollers,wagon,AUTO_CATEGORIZED,f,t,Babylist,71173,699,https://www.babylist.com/gp/wonderfold-wagon-w4-elite-pro-stroller-wagon/71173/2351344
cmqpid45a0abfdqwr3qezo5s2,babylist_impact,WonderFold Wagon,WonderFold Wagon W4 Luxe Pro Stroller Wagon in Charcoal Gray | 100% Polyester,WonderFold Wagon,WonderFold Wagon W4 Luxe Pro Stroller Wagon in Charcoal Gray | 100% Polyester,Strollers,wagon,AUTO_CATEGORIZED,f,t,Babylist,70613,899,https://www.babylist.com/gp/wonderfold-wagon-w4-luxe-pro-stroller-wagon/70613/2351340
cmqpid4ek0abidqwr4z2x1f7i,babylist_impact,WonderFold Wagon,WonderFold Wagon W6 Luxe Pro Stroller Wagon in Jet Black | 100% Polyester,WonderFold Wagon,WonderFold Wagon W6 Luxe Pro Stroller Wagon in Jet Black | 100% Polyester,Strollers,wagon,AUTO_CATEGORIZED,f,t,Babylist,70612,1199,https://www.babylist.com/gp/wonderfold-wagon-w6-luxe-pro-stroller-wagon/70612/2351337
cmqpidjwm0ag6dqwrwsvuwn6v,babylist_impact,Zoe,Zoe Single Stroller Storage Backpack in Black,Zoe,Zoe Single Stroller Storage Backpack in Black,Strollers,full-size stroller,REVIEWED,f,t,Babylist,55629,40,https://www.babylist.com/gp/zoe-single-stroller-storage-backpack/55629/2082714
cmqpidnka0ahcdqwr7wd7pxtx,babylist_impact,Zoe,Zoe The Journey Stroller in Oat,Zoe,Zoe The Journey Stroller in Oat,Strollers,full-size stroller,AUTO_CATEGORIZED,f,t,Babylist,69890,799,https://www.babylist.com/gp/zoe-the-journey-stroller/69890/2332507
cmr6sifal00d34ubxag6l9xc3,impact_goodbuygear,Zoe,"Zoe The Tour Stroller, Black, V2, 2025",Zoe,The Tour,Strollers,full-size stroller,AUTO_CATEGORIZED,f,t,GoodBuyGear,,194.99,
cmr6sjrxd00i34ubx08nxfyrf,impact_goodbuygear,Zoe,"Zoe The Traveler Stroller, 2024, Black",Zoe,The Traveler,Strollers,full-size stroller,AUTO_CATEGORIZED,f,t,GoodBuyGear,,186.99,
cmr6sf4ny00404ubx0nmd7z0s,impact_goodbuygear,Zoe,"Zoe The Twin V2 Double Stroller, 2025, Ocean",Zoe,The Twin V2 Double,Strollers,double stroller,AUTO_CATEGORIZED,f,t,GoodBuyGear,,489.99,
cmqsndayn01gorfr6awu7bt56,impact_goodbuygear,Zoe,"Zoe The Twin V2 Double Stroller, Sand, 2025",Zoe,"Zoe The Twin V2 Double Stroller, Sand, 2025",Strollers,double stroller,REVIEWED,f,t,GoodBuyGear,,489.99,
cmqpidouv0ahrdqwr0j86m45g,babylist_impact,Zoe,Zoe Tourᵛ³ Single Stroller in Fern,Zoe,Zoe Tourᵛ³ Single Stroller in Fern,Strollers,travel stroller,REVIEWED,f,t,Babylist,84181,299,https://www.babylist.com/gp/zoe-tour-single-stroller-1781549429/84181/3362467
cmqpidola0ahodqwrnv2wu1w7,babylist_impact,Zoe,Zoe Tour v3 Single Stroller,Zoe,Tour,Strollers,compact stroller,REVIEWED,f,t,Babylist,84181,299,https://www.babylist.com/gp/zoe-tour-single-stroller-1781549429/84181/3362466
cmqpidqf80ai9dqwrjk8qdmqf,babylist_impact,Zoe,"""Zoe Traveler in Sand Size 18.5"""" x 21.5"""" x 9.5""""""",Zoe,"""Zoe Traveler in Sand Size 18.5"""" x 21.5"""" x 9.5""""""",Strollers,travel stroller,AUTO_CATEGORIZED,f,t,Babylist,56875,279,https://www.babylist.com/gp/zoe-traveler/56875/2847030
cmqpidrhw0aildqwr5c1kln3f,babylist_impact,Zoe,Zoe Twinᵛ³ Double Stroller in Sand,Zoe,Zoe Twinᵛ³ Double Stroller in Sand,Strollers,double stroller,REVIEWED,f,t,Babylist,84186,599,https://www.babylist.com/gp/zoe-twin-double-stroller-1781549466/84186/3362550
cmqpidr8e0aiidqwr47qrk5sm,babylist_impact,Zoe,Zoe Twin v3 Double Stroller,Zoe,Twin,Strollers,double stroller,REVIEWED,f,t,Babylist,84186,599,https://www.babylist.com/gp/zoe-twin-double-stroller-1781549466/84186/3362549
