id,stroller_brand,stroller_model,stroller_id,car_seat_brand,car_seat_model,car_seat_id,car_seat_type,compatibility_type,adapter_required,adapter_type,confidence,notes,adapter_url,adapter_price,adapter_sku,createdAt,updatedAt
cmqu9hrum000bbq8ec0c3sozo,Baby Jogger,City Mini 2,baby-jogger-city-mini-2,Britax,Cypress S,britax-cypress-s,INFANT,ADAPTER,t,BABY JOGGER City Mini 2 Car Seat Adapter For Britax - Black,MEDIUM,"Inferred from the catalog adapter ""BABY JOGGER City Mini 2 Car Seat Adapter For Britax - Black"".",https://www.awin1.com/cread.php?awinmid=75150&awinaffid=2588613&ued=https%3A%2F%2Fwww.anbbaby.com%2Fproducts%2Fcity-mini-2-car-seat-adapter-for-britax%3Fvariant%3D49935880290590,49.99,,2026-06-26 01:38:01.918,2026-06-26 01:38:01.918
cmqu9hroj0007bq8e8njithgf,Baby Jogger,City Mini 2,baby-jogger-city-mini-2,Britax,Willow S,britax-willow-s,INFANT,ADAPTER,t,BABY JOGGER City Mini 2 Car Seat Adapter For Britax - Black,MEDIUM,"Inferred from the catalog adapter ""BABY JOGGER City Mini 2 Car Seat Adapter For Britax - Black"".",https://www.awin1.com/cread.php?awinmid=75150&awinaffid=2588613&ued=https%3A%2F%2Fwww.anbbaby.com%2Fproducts%2Fcity-mini-2-car-seat-adapter-for-britax%3Fvariant%3D49935880290590,49.99,,2026-06-26 01:38:01.698,2026-06-26 01:38:01.698
cmqu9hrs30009bq8ebl6e6qga,Baby Jogger,City Mini 2,baby-jogger-city-mini-2,Britax,Willow SC,cmqt1dq4e00043u44vihpznhm,INFANT,ADAPTER,t,BABY JOGGER City Mini 2 Car Seat Adapter For Britax - Black,MEDIUM,"Inferred from the catalog adapter ""BABY JOGGER City Mini 2 Car Seat Adapter For Britax - Black"".",https://www.awin1.com/cread.php?awinmid=75150&awinaffid=2588613&ued=https%3A%2F%2Fwww.anbbaby.com%2Fproducts%2Fcity-mini-2-car-seat-adapter-for-britax%3Fvariant%3D49935880290590,49.99,,2026-06-26 01:38:01.828,2026-06-26 01:38:01.828
baby-jogger-city-mini-2__clek-liing,Baby Jogger,City Mini 2,baby-jogger-city-mini-2,Clek,Liing,clek-liing,INFANT,ADAPTER,t,Baby Jogger car seat adapter for Clek,HIGH,Clek Liing fits the Baby Jogger City Mini 2 via a Baby Jogger Clek infant seat adapter. Confirm the correct adapter SKU for your stroller model before purchase.,,,,2026-06-15 20:33:14.735,2026-06-15 20:33:14.735
baby-jogger-city-mini-2__clek-liingo,Baby Jogger,City Mini 2,baby-jogger-city-mini-2,Clek,Liingo,clek-liingo,INFANT,ADAPTER,t,Baby Jogger car seat adapter for Clek,HIGH,Clek Liingo fits the Baby Jogger City Mini 2 via a Baby Jogger Clek infant seat adapter. Confirm the correct adapter SKU for your stroller model before purchase.,,,,2026-06-15 20:33:14.735,2026-06-15 20:33:14.735
cmqx4rdts003h70o04abpoh6z,Baby Jogger,City Mini 2,baby-jogger-city-mini-2,Cybex,Aton G2,cmqx4qpgs00073835wm1de2we,INFANT,ADAPTER,t,BABY JOGGER City Mini 2 / Mini GT 2 Cybex / Clek Car Seat Adapter - Black,MEDIUM,"Inferred from the catalog adapter ""BABY JOGGER City Mini 2 / Mini GT 2 Cybex / Clek Car Seat Adapter - Black"".",https://www.awin1.com/cread.php?awinmid=75150&awinaffid=2588613&ued=https%3A%2F%2Fwww.anbbaby.com%2Fproducts%2Fcity-mini-2-mini-gt-2-cybex-cybex-car-seat-adapter%3Fvariant%3D49935879700766,49.99,,2026-06-28 01:48:50.753,2026-06-28 01:48:50.753
cmrmtwf8i000n11u5i97sta6g,Baby Jogger,City Mini 2,baby-jogger-city-mini-2,Cybex,Aton G2 Swivel,cmrdwvbsy000u7tmavhnk64ww,INFANT,ADAPTER,t,BABY JOGGER City Mini 2 / Mini GT 2 Cybex / Clek Car Seat Adapter - Black,MEDIUM,"Inferred from the catalog adapter ""BABY JOGGER City Mini 2 / Mini GT 2 Cybex / Clek Car Seat Adapter - Black"".",https://www.awin1.com/cread.php?awinmid=75150&awinaffid=2588613&ued=https%3A%2F%2Fwww.anbbaby.com%2Fproducts%2Fcity-mini-2-mini-gt-2-cybex-cybex-car-seat-adapter%3Fvariant%3D49935879700766,49.99,,2026-07-16 01:26:50.658,2026-07-16 01:26:50.658
cmqx4rdw4003j70o0sy0v76bt,Baby Jogger,City Mini 2,baby-jogger-city-mini-2,Cybex,Cloud G Pro Comfort Extend,cmqx4qpj400083835htva49ii,INFANT,ADAPTER,t,BABY JOGGER City Mini 2 / Mini GT 2 Cybex / Clek Car Seat Adapter - Black,MEDIUM,"Inferred from the catalog adapter ""BABY JOGGER City Mini 2 / Mini GT 2 Cybex / Clek Car Seat Adapter - Black"".",https://www.awin1.com/cread.php?awinmid=75150&awinaffid=2588613&ued=https%3A%2F%2Fwww.anbbaby.com%2Fproducts%2Fcity-mini-2-mini-gt-2-cybex-cybex-car-seat-adapter%3Fvariant%3D49935879700766,49.99,,2026-06-28 01:48:50.836,2026-06-28 01:48:50.836
baby-jogger-city-mini-2__cybex-cloud-t,Baby Jogger,City Mini 2,baby-jogger-city-mini-2,Cybex,Cloud T,cybex-cloud-t,INFANT,ADAPTER,t,Baby Jogger adapter for Maxi-Cosi / Nuna / CYBEX / Clek infant seats,MEDIUM,"Cloud T has a wider premium adapter lane than most, but it is still an adapter decision on this stroller.",,,,2026-03-22 17:19:43.93,2026-03-22 17:19:43.93
cmqx4rdp2003d70o0570fidnc,Baby Jogger,City Mini 2,baby-jogger-city-mini-2,Maxi-Cosi,Ambra,cmqx4qqbg000k3835k8b3mf6l,INFANT,ADAPTER,t,"Baby Jogger Maxi-Cosi Car Seat Adapter, City Mini 2, City Mini GT2 - Black",MEDIUM,"Inferred from the catalog adapter ""Baby Jogger Maxi-Cosi Car Seat Adapter, City Mini 2, City Mini GT2 - Black"".",https://www.awin1.com/cread.php?awinmid=75150&awinaffid=2588613&ued=https%3A%2F%2Fwww.anbbaby.com%2Fproducts%2Fcity-mini-2-gt-2-maxi-cosi-car-seat-adapter%3Fvariant%3D49919751749918,49.99,,2026-06-28 01:48:50.583,2026-06-28 01:48:50.583
baby-jogger-city-mini-2__maxi-cosi-mico-luxe,Baby Jogger,City Mini 2,baby-jogger-city-mini-2,Maxi-Cosi,Mico Luxe,maxi-cosi-mico-luxe,INFANT,ADAPTER,t,Baby Jogger car seat adapter for Maxi-Cosi,MEDIUM,Maxi-Cosi Mico Luxe fits the Baby Jogger City Mini 2 via a Baby Jogger Maxi-Cosi adapter. Confirm the correct adapter SKU for your stroller model before purchase.,,,,2026-03-22 17:19:43.856,2026-06-15 20:33:14.735
baby-jogger-city-mini-2__maxi-cosi-mico-pro,Baby Jogger,City Mini 2,baby-jogger-city-mini-2,Maxi-Cosi,Mico Pro,maxi-cosi-mico-pro,INFANT,ADAPTER,t,Baby Jogger car seat adapter for Maxi-Cosi,MEDIUM,Maxi-Cosi Mico Pro fits the Baby Jogger City Mini 2 via a Baby Jogger Maxi-Cosi adapter. Confirm the correct adapter SKU for your stroller model before purchase.,,,,2026-06-13 20:48:32.741,2026-06-15 20:33:14.735
baby-jogger-city-mini-2__maxi-cosi-peri,Baby Jogger,City Mini 2,baby-jogger-city-mini-2,Maxi-Cosi,Peri 180,maxi-cosi-peri,INFANT,ADAPTER,t,Baby Jogger car seat adapter for Maxi-Cosi,MEDIUM,Maxi-Cosi Peri 180 fits the Baby Jogger City Mini 2 via a Baby Jogger Maxi-Cosi adapter. Confirm the correct adapter SKU for your stroller model before purchase.,,,,2026-03-22 17:19:43.93,2026-06-15 20:33:14.735
baby-jogger-city-mini-2__nuna-pipa-lite-rx,Baby Jogger,City Mini 2,baby-jogger-city-mini-2,Nuna,PIPA Aire,nuna-pipa-lite-rx,INFANT,ADAPTER,t,Baby Jogger car seat adapter for Nuna,HIGH,Nuna PIPA Aire fits the Baby Jogger City Mini 2 via a Baby Jogger Nuna adapter. Confirm the correct adapter SKU for your stroller model before purchase.,https://babylist.pxf.io/c/6560395/1160375/13580?prodsku=2444114&u=https%3A%2F%2Fwww.babylist.com%2Fgp%2Fbaby-jogger-city-mini-gt3-car-seat-adapter-nuna%2F73653%2F2444114&intsrc=APIG_8981,49.99,product_8981_2444114,2026-06-15 20:33:14.735,2026-06-21 03:52:05.987
baby-jogger-city-mini-2__nuna-pipa-aire-rx,Baby Jogger,City Mini 2,baby-jogger-city-mini-2,Nuna,PIPA Aire rx,nuna-pipa-aire-rx,INFANT,ADAPTER,t,Baby Jogger car seat adapter for Nuna,MEDIUM,Nuna PIPA Aire rx fits the Baby Jogger City Mini 2 via a Baby Jogger Nuna adapter. Confirm the correct adapter SKU for your stroller model before purchase.,https://babylist.pxf.io/c/6560395/1160375/13580?prodsku=2444114&u=https%3A%2F%2Fwww.babylist.com%2Fgp%2Fbaby-jogger-city-mini-gt3-car-seat-adapter-nuna%2F73653%2F2444114&intsrc=APIG_8981,49.99,product_8981_2444114,2026-06-13 20:48:32.741,2026-06-21 03:52:05.943
baby-jogger-city-mini-2__nuna-pipa-rx,Baby Jogger,City Mini 2,baby-jogger-city-mini-2,Nuna,PIPA RX,nuna-pipa-rx,INFANT,ADAPTER,t,Baby Jogger car seat adapter for Nuna,MEDIUM,Nuna PIPA RX fits the Baby Jogger City Mini 2 via a Baby Jogger Nuna adapter. Confirm the correct adapter SKU for your stroller model before purchase.,https://babylist.pxf.io/c/6560395/1160375/13580?prodsku=2444114&u=https%3A%2F%2Fwww.babylist.com%2Fgp%2Fbaby-jogger-city-mini-gt3-car-seat-adapter-nuna%2F73653%2F2444114&intsrc=APIG_8981,49.99,product_8981_2444114,2026-03-22 17:19:43.856,2026-06-21 03:52:05.98
baby-jogger-city-mini-2__nuna-pipa-urbn,Baby Jogger,City Mini 2,baby-jogger-city-mini-2,Nuna,PIPA urbn,nuna-pipa-urbn,INFANT,ADAPTER,t,Baby Jogger car seat adapter for Nuna,HIGH,Nuna PIPA urbn fits the Baby Jogger City Mini 2 via a Baby Jogger Nuna adapter. Confirm the correct adapter SKU for your stroller model before purchase.,https://babylist.pxf.io/c/6560395/1160375/13580?prodsku=2444114&u=https%3A%2F%2Fwww.babylist.com%2Fgp%2Fbaby-jogger-city-mini-gt3-car-seat-adapter-nuna%2F73653%2F2444114&intsrc=APIG_8981,49.99,product_8981_2444114,2026-06-15 20:33:14.735,2026-06-21 03:52:05.937
cmri597ys001vkfwpfb7jvjy3,Baby Jogger,City Mini Air,cmqpqqwk300007qlluagi0835,Clek,Liing,clek-liing,INFANT,ADAPTER,t,,HIGH,,https://amzn.to/4wBoFO1,,,2026-07-12 18:45:52.657,2026-07-12 18:48:12.756
cmri597yq001tkfwp893apuhc,Baby Jogger,City Mini Air,cmqpqqwk300007qlluagi0835,Clek,Liingo,clek-liingo,INFANT,ADAPTER,t,,HIGH,,https://amzn.to/4wBoFO1,,,2026-07-12 18:45:52.657,2026-07-12 18:48:12.756
cmri5c82c002akfwpuexmlf26,Baby Jogger,City Mini Air,cmqpqqwk300007qlluagi0835,Cybex,Aton G2,cmqx4qpgs00073835wm1de2we,INFANT,ADAPTER,t,,HIGH,,https://amzn.to/4wBoFO1,,,2026-07-12 18:48:12.756,2026-07-12 18:48:12.756
cmri599bv0021kfwp93nk952m,Baby Jogger,City Mini Air,cmqpqqwk300007qlluagi0835,Cybex,Aton G2 Swivel,cmrdwvbsy000u7tmavhnk64ww,INFANT,ADAPTER,t,,HIGH,,https://amzn.to/4wBoFO1,,,2026-07-12 18:45:52.657,2026-07-12 18:48:12.756
cmri598bo001xkfwp6t32vkff,Baby Jogger,City Mini Air,cmqpqqwk300007qlluagi0835,Cybex,Cloud G Pro Comfort Extend,cmqx4qpj400083835htva49ii,INFANT,ADAPTER,t,,HIGH,,https://amzn.to/4wBoFO1,,,2026-07-12 18:45:52.657,2026-07-12 18:48:12.755
cmri5c82j002dkfwpnksqxycm,Baby Jogger,City Mini Air,cmqpqqwk300007qlluagi0835,Cybex,Cloud T,cybex-cloud-t,INFANT,ADAPTER,t,,HIGH,,https://amzn.to/4wBoFO1,,,2026-07-12 18:48:12.756,2026-07-12 18:48:12.756
cmri58gge001jkfwptzggbt2r,Baby Jogger,City Mini Air,cmqpqqwk300007qlluagi0835,Maxi-Cosi,Ambra,cmqx4qqbg000k3835k8b3mf6l,INFANT,ADAPTER,t,,HIGH,,https://amzn.to/4w1ON4V,,,2026-07-12 18:45:17.003,2026-07-12 18:45:17.003
cmri58ggb001bkfwpjadrvpy8,Baby Jogger,City Mini Air,cmqpqqwk300007qlluagi0835,Maxi-Cosi,Mico Luxe,maxi-cosi-mico-luxe,INFANT,ADAPTER,t,,HIGH,,https://amzn.to/4w1ON4V,,,2026-07-12 18:45:17.003,2026-07-12 18:45:17.003
cmri58ggc001fkfwpu6d0ivaz,Baby Jogger,City Mini Air,cmqpqqwk300007qlluagi0835,Maxi-Cosi,Mico Pro,maxi-cosi-mico-pro,INFANT,ADAPTER,t,,HIGH,,https://amzn.to/4w1ON4V,,,2026-07-12 18:45:17.003,2026-07-12 18:45:17.003
cmri58ggo001pkfwpoe6wbkyx,Baby Jogger,City Mini Air,cmqpqqwk300007qlluagi0835,Maxi-Cosi,Peri 180,maxi-cosi-peri,INFANT,ADAPTER,t,,HIGH,,https://amzn.to/4w1ON4V,,,2026-07-12 18:45:17.003,2026-07-12 18:45:17.003
cmr0rqcop002jsp62vmi6f9w4,Baby Jogger,City Mini Air,cmqpqqwk300007qlluagi0835,Nuna,PIPA Aire,nuna-pipa-lite-rx,INFANT,ADAPTER,t,,HIGH,,https://amzn.to/4w1ON4V,,,2026-06-30 14:55:12.312,2026-07-12 18:45:17.003
cmr0rqctl002lsp62lhg0739r,Baby Jogger,City Mini Air,cmqpqqwk300007qlluagi0835,Nuna,PIPA Aire rx,nuna-pipa-aire-rx,INFANT,ADAPTER,t,,HIGH,,https://amzn.to/4w1ON4V,,,2026-06-30 14:55:12.489,2026-07-12 18:45:17.003
cmr0rqcy5002nsp62p9b0azz4,Baby Jogger,City Mini Air,cmqpqqwk300007qlluagi0835,Nuna,PIPA RX,nuna-pipa-rx,INFANT,ADAPTER,t,,HIGH,,https://amzn.to/4w1ON4V,,,2026-06-30 14:55:12.653,2026-07-12 18:45:17.003
cmr0rqd2l002psp62b1yhdw4w,Baby Jogger,City Mini Air,cmqpqqwk300007qlluagi0835,Nuna,PIPA urbn,nuna-pipa-urbn,INFANT,ADAPTER,t,,HIGH,,https://amzn.to/4w1ON4V,,,2026-06-30 14:55:12.813,2026-07-12 18:45:17.003
cmrbbtr7s0019yulimxcp08s4,Baby Jogger,City Mini Double,baby-jogger-city-mini-double,Britax,Cypress S,britax-cypress-s,INFANT,ADAPTER,t,"Baby Jogger Britax Mounting Bracket Car Seat Adapter for City Mini, Black",MEDIUM,"Inferred from the catalog adapter ""Baby Jogger Britax Mounting Bracket Car Seat Adapter for City Mini, Black"".",https://www.awin1.com/cread.php?awinmid=75150&awinaffid=2588613&ued=https%3A%2F%2Fwww.anbbaby.com%2Fproducts%2Fbaby-jogger-britax-mounting-bracket-car-seat-adapter-for-city-mini-black%3Fvariant%3D31251708051542,29.95,,2026-07-08 00:15:25.192,2026-07-08 00:15:25.192
cmrbbtr330015yulippcbor5h,Baby Jogger,City Mini Double,baby-jogger-city-mini-double,Britax,Willow S,britax-willow-s,INFANT,ADAPTER,t,"Baby Jogger Britax Mounting Bracket Car Seat Adapter for City Mini, Black",MEDIUM,"Inferred from the catalog adapter ""Baby Jogger Britax Mounting Bracket Car Seat Adapter for City Mini, Black"".",https://www.awin1.com/cread.php?awinmid=75150&awinaffid=2588613&ued=https%3A%2F%2Fwww.anbbaby.com%2Fproducts%2Fbaby-jogger-britax-mounting-bracket-car-seat-adapter-for-city-mini-black%3Fvariant%3D31251708051542,29.95,,2026-07-08 00:15:25.023,2026-07-08 00:15:25.023
cmrbbtr5j0017yulirtfrtjqx,Baby Jogger,City Mini Double,baby-jogger-city-mini-double,Britax,Willow SC,cmqt1dq4e00043u44vihpznhm,INFANT,ADAPTER,t,"Baby Jogger Britax Mounting Bracket Car Seat Adapter for City Mini, Black",MEDIUM,"Inferred from the catalog adapter ""Baby Jogger Britax Mounting Bracket Car Seat Adapter for City Mini, Black"".",https://www.awin1.com/cread.php?awinmid=75150&awinaffid=2588613&ued=https%3A%2F%2Fwww.anbbaby.com%2Fproducts%2Fbaby-jogger-britax-mounting-bracket-car-seat-adapter-for-city-mini-black%3Fvariant%3D31251708051542,29.95,,2026-07-08 00:15:25.111,2026-07-08 00:15:25.111
cms0ty157001m11tx40wlvwwt,Baby Jogger,City Mini Double,baby-jogger-city-mini-double,Clek,Liing,clek-liing,INFANT,ADAPTER,t,,HIGH,,https://www.babyjogger.com/accessories/baby-jogger-car-seat-adapter-for-city-mini-2-double-gt2-double-pushchair-for-maxi-cosi-be-safe-cybex-infant-car-seats/SAP_2104669.html,,,2026-07-25 20:36:52.171,2026-07-25 20:36:52.171
cms0ty157001l11txlmx4iyqj,Baby Jogger,City Mini Double,baby-jogger-city-mini-double,Clek,Liingo,clek-liingo,INFANT,ADAPTER,t,,HIGH,,https://www.babyjogger.com/accessories/baby-jogger-car-seat-adapter-for-city-mini-2-double-gt2-double-pushchair-for-maxi-cosi-be-safe-cybex-infant-car-seats/SAP_2104669.html,,,2026-07-25 20:36:52.171,2026-07-25 20:36:52.171
cms0ty16h002011txack3508k,Baby Jogger,City Mini Double,baby-jogger-city-mini-double,Cybex,Aton G2,cmqx4qpgs00073835wm1de2we,INFANT,ADAPTER,t,,HIGH,,https://www.babyjogger.com/accessories/baby-jogger-car-seat-adapter-for-city-mini-2-double-gt2-double-pushchair-for-maxi-cosi-be-safe-cybex-infant-car-seats/SAP_2104669.html,,,2026-07-25 20:36:52.172,2026-07-25 20:36:52.172
cms0ty15r001q11txrgesptxi,Baby Jogger,City Mini Double,baby-jogger-city-mini-double,Cybex,Aton G2 Swivel,cmrdwvbsy000u7tmavhnk64ww,INFANT,ADAPTER,t,,HIGH,,https://www.babyjogger.com/accessories/baby-jogger-car-seat-adapter-for-city-mini-2-double-gt2-double-pushchair-for-maxi-cosi-be-safe-cybex-infant-car-seats/SAP_2104669.html,,,2026-07-25 20:36:52.172,2026-07-25 20:36:52.172
cms0ty15s001u11txeut2hzdr,Baby Jogger,City Mini Double,baby-jogger-city-mini-double,Cybex,Cloud G Pro Comfort Extend,cmqx4qpj400083835htva49ii,INFANT,ADAPTER,t,,HIGH,,https://www.babyjogger.com/accessories/baby-jogger-car-seat-adapter-for-city-mini-2-double-gt2-double-pushchair-for-maxi-cosi-be-safe-cybex-infant-car-seats/SAP_2104669.html,,,2026-07-25 20:36:52.172,2026-07-25 20:36:52.172
baby-jogger-city-mini-double__cybex-cloud-t,Baby Jogger,City Mini Double,baby-jogger-city-mini-double,Cybex,Cloud T,cybex-cloud-t,INFANT,ADAPTER,t,,HIGH,,https://www.babyjogger.com/accessories/baby-jogger-car-seat-adapter-for-city-mini-2-double-gt2-double-pushchair-for-maxi-cosi-be-safe-cybex-infant-car-seats/SAP_2104669.html,,,2026-03-22 17:19:43.93,2026-07-25 20:36:52.172
cmri5l26j003skfwpo0583rh3,Baby Jogger,City Mini Double,baby-jogger-city-mini-double,Maxi-Cosi,Ambra,cmqx4qqbg000k3835k8b3mf6l,INFANT,ADAPTER,t,,HIGH,,https://www.babyjogger.com/accessories/baby-jogger-car-seat-adapter-for-city-mini-2-double-gt2-double-pushchair-for-maxi-cosi-be-safe-cybex-infant-car-seats/SAP_2104669.html,,,2026-07-12 18:55:05.033,2026-07-25 20:37:28.892
baby-jogger-city-mini-double__maxi-cosi-mico-luxe,Baby Jogger,City Mini Double,baby-jogger-city-mini-double,Maxi-Cosi,Mico Luxe,maxi-cosi-mico-luxe,INFANT,ADAPTER,t,,HIGH,,https://www.babyjogger.com/accessories/baby-jogger-car-seat-adapter-for-city-mini-2-double-gt2-double-pushchair-for-maxi-cosi-be-safe-cybex-infant-car-seats/SAP_2104669.html,,,2026-03-22 17:19:43.856,2026-07-25 20:37:28.893
baby-jogger-city-mini-double__maxi-cosi-mico-pro,Baby Jogger,City Mini Double,baby-jogger-city-mini-double,Maxi-Cosi,Mico Pro,maxi-cosi-mico-pro,INFANT,ADAPTER,t,,HIGH,,https://www.babyjogger.com/accessories/baby-jogger-car-seat-adapter-for-city-mini-2-double-gt2-double-pushchair-for-maxi-cosi-be-safe-cybex-infant-car-seats/SAP_2104669.html,,,2026-06-13 20:48:32.741,2026-07-25 20:37:28.892
cms0tythp002m11tx1lka6k7x,Baby Jogger,City Mini Double,baby-jogger-city-mini-double,Maxi-Cosi,Mico XP,cmry6pa5o001ovblfjcngmv5n,INFANT,ADAPTER,t,,HIGH,,https://www.babyjogger.com/accessories/baby-jogger-car-seat-adapter-for-city-mini-2-double-gt2-double-pushchair-for-maxi-cosi-be-safe-cybex-infant-car-seats/SAP_2104669.html,,,2026-07-25 20:37:28.893,2026-07-25 20:37:28.893
baby-jogger-city-mini-double__maxi-cosi-peri,Baby Jogger,City Mini Double,baby-jogger-city-mini-double,Maxi-Cosi,Peri 180,maxi-cosi-peri,INFANT,ADAPTER,t,,HIGH,,https://www.babyjogger.com/accessories/baby-jogger-car-seat-adapter-for-city-mini-2-double-gt2-double-pushchair-for-maxi-cosi-be-safe-cybex-infant-car-seats/SAP_2104669.html,,,2026-03-22 17:19:43.93,2026-07-25 20:37:28.893
cmri5l26x0040kfwp5bita3s9,Baby Jogger,City Mini Double,baby-jogger-city-mini-double,Nuna,PIPA Aire,nuna-pipa-lite-rx,INFANT,ADAPTER,t,,HIGH,,https://www.babyjogger.com/accessories/baby-jogger-car-seat-adapter-for-city-mini-2-double-gt2-double-pushchair-for-maxi-cosi-be-safe-cybex-infant-car-seats/SAP_2104669.html,,,2026-07-12 18:55:05.033,2026-07-25 20:37:28.893
baby-jogger-city-mini-double__nuna-pipa-aire-rx,Baby Jogger,City Mini Double,baby-jogger-city-mini-double,Nuna,PIPA Aire rx,nuna-pipa-aire-rx,INFANT,ADAPTER,t,,HIGH,,https://www.babyjogger.com/accessories/baby-jogger-car-seat-adapter-for-city-mini-2-double-gt2-double-pushchair-for-maxi-cosi-be-safe-cybex-infant-car-seats/SAP_2104669.html,,,2026-06-13 20:48:32.741,2026-07-25 20:37:28.893
baby-jogger-city-mini-double__nuna-pipa-rx,Baby Jogger,City Mini Double,baby-jogger-city-mini-double,Nuna,PIPA RX,nuna-pipa-rx,INFANT,ADAPTER,t,,HIGH,,https://www.babyjogger.com/accessories/baby-jogger-car-seat-adapter-for-city-mini-2-double-gt2-double-pushchair-for-maxi-cosi-be-safe-cybex-infant-car-seats/SAP_2104669.html,,,2026-03-22 17:19:43.856,2026-07-25 20:37:28.893
cmr5mqbip000v10s61rzwkdei,Baby Jogger,City Mini Double,baby-jogger-city-mini-double,Nuna,PIPA urbn,nuna-pipa-urbn,INFANT,ADAPTER,t,,HIGH,,https://www.babyjogger.com/accessories/baby-jogger-car-seat-adapter-for-city-mini-2-double-gt2-double-pushchair-for-maxi-cosi-be-safe-cybex-infant-car-seats/SAP_2104669.html,,,2026-07-04 00:34:03.601,2026-07-25 20:37:28.893
baby-jogger-city-mini-gt2__cybex-cloud-t,Baby Jogger,City Mini GT2,baby-jogger-city-mini-gt2,Cybex,Cloud T,cybex-cloud-t,INFANT,ADAPTER,t,Baby Jogger adapter for Maxi-Cosi / Nuna / CYBEX / Clek infant seats,MEDIUM,"Cloud T has a wider premium adapter lane than most, but it is still an adapter decision on this stroller.",,,,2026-03-22 17:19:43.93,2026-03-22 17:19:43.93
cmri5fc4r002mkfwp1frx3xan,Baby Jogger,City Mini GT2,baby-jogger-city-mini-gt2,Graco,GoMax,cmqx4qpx8000e3835nvrnxr0i,INFANT,ADAPTER,t,,HIGH,,https://amzn.to/4vZlujg,,,2026-07-12 18:50:37.995,2026-07-12 18:50:37.995
cmri5fc4r002pkfwpuj3yycnk,Baby Jogger,City Mini GT2,baby-jogger-city-mini-gt2,Graco,SnugRide Lite LX,cmqx4qpzp000f3835i6cp9pth,INFANT,ADAPTER,t,,HIGH,,https://amzn.to/4vZlujg,,,2026-07-12 18:50:37.995,2026-07-12 18:50:37.995
cmri5fc4r002nkfwpur8cj5zw,Baby Jogger,City Mini GT2,baby-jogger-city-mini-gt2,Graco,SnugRide SnugFit,cmqx4qq4h000h3835n8ni2r9m,INFANT,ADAPTER,t,,HIGH,,https://amzn.to/4vZlujg,,,2026-07-12 18:50:37.995,2026-07-12 18:50:37.995
cmri5fc4r002lkfwpwddd9q1d,Baby Jogger,City Mini GT2,baby-jogger-city-mini-gt2,Graco,SnugRide SnugFit DLX,cmqx4qq26000g3835g3mh924j,INFANT,ADAPTER,t,,HIGH,,https://amzn.to/4vZlujg,,,2026-07-12 18:50:37.995,2026-07-12 18:50:37.995
cmri5fc4t002rkfwpn64vq218,Baby Jogger,City Mini GT2,baby-jogger-city-mini-gt2,Graco,SnugRide SnugFit LX,cmqx4qq6u000i3835j7t2euy8,INFANT,ADAPTER,t,,HIGH,,https://amzn.to/4vZlujg,,,2026-07-12 18:50:37.995,2026-07-12 18:50:37.995
cmqx4rdri003f70o0cdjwyr3d,Baby Jogger,City Mini GT2,baby-jogger-city-mini-gt2,Maxi-Cosi,Ambra,cmqx4qqbg000k3835k8b3mf6l,INFANT,ADAPTER,t,"Baby Jogger Maxi-Cosi Car Seat Adapter, City Mini 2, City Mini GT2 - Black",MEDIUM,"Inferred from the catalog adapter ""Baby Jogger Maxi-Cosi Car Seat Adapter, City Mini 2, City Mini GT2 - Black"".",https://www.awin1.com/cread.php?awinmid=75150&awinaffid=2588613&ued=https%3A%2F%2Fwww.anbbaby.com%2Fproducts%2Fcity-mini-2-gt-2-maxi-cosi-car-seat-adapter%3Fvariant%3D49919751749918,49.99,,2026-06-28 01:48:50.67,2026-06-28 01:48:50.67
baby-jogger-city-mini-gt2__maxi-cosi-mico-luxe,Baby Jogger,City Mini GT2,baby-jogger-city-mini-gt2,Maxi-Cosi,Mico Luxe,maxi-cosi-mico-luxe,INFANT,ADAPTER,t,Baby Jogger adapter for Maxi-Cosi / Nuna / CYBEX / Clek infant seats,MEDIUM,"Maxi-Cosi Mico Luxe lives in one of the most universal travel-system lanes, but it is still an adapter story on this stroller.",,,,2026-03-22 17:19:43.856,2026-03-22 17:19:43.93
baby-jogger-city-mini-gt2__maxi-cosi-mico-pro,Baby Jogger,City Mini GT2,baby-jogger-city-mini-gt2,Maxi-Cosi,Mico Pro,maxi-cosi-mico-pro,INFANT,ADAPTER,t,Baby Jogger adapter for Maxi-Cosi / Nuna / CYBEX / Clek infant seats,MEDIUM,Compatible via same Maxi-Cosi click connector as Mico Luxe.,,,,2026-06-13 20:48:32.741,2026-06-13 20:48:32.741
baby-jogger-city-mini-gt2__maxi-cosi-peri,Baby Jogger,City Mini GT2,baby-jogger-city-mini-gt2,Maxi-Cosi,Peri 180,maxi-cosi-peri,INFANT,ADAPTER,t,Baby Jogger adapter for Maxi-Cosi / Nuna / CYBEX / Clek infant seats,MEDIUM,"Maxi-Cosi Peri 180 lives in one of the most universal travel-system lanes, but it is still an adapter story on this stroller.",,,,2026-03-22 17:19:43.93,2026-03-22 17:19:43.93
baby-jogger-city-mini-gt2__nuna-pipa-aire-rx,Baby Jogger,City Mini GT2,baby-jogger-city-mini-gt2,Nuna,PIPA Aire rx,nuna-pipa-aire-rx,INFANT,ADAPTER,t,Baby Jogger adapter for Maxi-Cosi / Nuna / CYBEX / Clek infant seats,MEDIUM,Compatible via same adapter path as Nuna PIPA rx.,https://babylist.pxf.io/c/6560395/1160375/13580?prodsku=2444114&u=https%3A%2F%2Fwww.babylist.com%2Fgp%2Fbaby-jogger-city-mini-gt3-car-seat-adapter-nuna%2F73653%2F2444114&intsrc=APIG_8981,49.99,product_8981_2444114,2026-06-13 20:48:32.741,2026-06-21 03:52:05.924
baby-jogger-city-mini-gt2__nuna-pipa-rx,Baby Jogger,City Mini GT2,baby-jogger-city-mini-gt2,Nuna,PIPA RX,nuna-pipa-rx,INFANT,ADAPTER,t,Baby Jogger adapter for Maxi-Cosi / Nuna / CYBEX / Clek infant seats,MEDIUM,Baby Jogger uses an adapter-based travel system path for Nuna PIPA RX.,https://babylist.pxf.io/c/6560395/1160375/13580?prodsku=2444114&u=https%3A%2F%2Fwww.babylist.com%2Fgp%2Fbaby-jogger-city-mini-gt3-car-seat-adapter-nuna%2F73653%2F2444114&intsrc=APIG_8981,49.99,product_8981_2444114,2026-03-22 17:19:43.856,2026-06-21 03:52:06.007
cmr5mq8kr000d10s6sy3ktmgv,Baby Jogger,City Mini GT2,baby-jogger-city-mini-gt2,Nuna,PIPA urbn,nuna-pipa-urbn,INFANT,ADAPTER,t,Baby Jogger adapter for Maxi-Cosi / Nuna / CYBEX / Clek infant seats,MEDIUM,Compatible via same adapter path as Nuna PIPA rx.,https://babylist.pxf.io/c/6560395/1160375/13580?prodsku=2444114&u=https%3A%2F%2Fwww.babylist.com%2Fgp%2Fbaby-jogger-city-mini-gt3-car-seat-adapter-nuna%2F73653%2F2444114&intsrc=APIG_8981,49.99,product_8981_2444114,2026-07-04 00:33:59.788,2026-07-04 00:33:59.788
cmri5k6dx0039kfwpwmvleoo4,Baby Jogger,City Mini GT2 Double,cmqpqqwou00017qllo1wcl8jj,Clek,Liing,clek-liing,INFANT,ADAPTER,t,,HIGH,,https://amzn.to/44lVrXw,,,2026-07-12 18:54:23.829,2026-07-12 18:57:54.19
cmri5k6e9003ikfwp5xfbavo5,Baby Jogger,City Mini GT2 Double,cmqpqqwou00017qllo1wcl8jj,Clek,Liingo,clek-liingo,INFANT,ADAPTER,t,,HIGH,,https://amzn.to/4fdX0fd,,,2026-07-12 18:54:23.829,2026-07-12 18:54:23.829
cmri5k6dx0038kfwpavjc73jv,Baby Jogger,City Mini GT2 Double,cmqpqqwou00017qllo1wcl8jj,Cybex,Aton G2,cmqx4qpgs00073835wm1de2we,INFANT,ADAPTER,t,,HIGH,,https://amzn.to/4fdX0fd,,,2026-07-12 18:54:23.829,2026-07-12 18:54:23.829
cmri5k6e4003gkfwptmz3ex6o,Baby Jogger,City Mini GT2 Double,cmqpqqwou00017qllo1wcl8jj,Cybex,Aton G2 Swivel,cmrdwvbsy000u7tmavhnk64ww,INFANT,ADAPTER,t,,HIGH,,https://amzn.to/4fdX0fd,,,2026-07-12 18:54:23.829,2026-07-12 18:54:23.829
cmri5k6dx0037kfwp2dhtcsdl,Baby Jogger,City Mini GT2 Double,cmqpqqwou00017qllo1wcl8jj,Cybex,Cloud G Pro Comfort Extend,cmqx4qpj400083835htva49ii,INFANT,ADAPTER,t,,HIGH,,https://amzn.to/4fdX0fd,,,2026-07-12 18:54:23.829,2026-07-12 18:54:23.829
cmqu8m5jw000dwwsbojteig66,Baby Jogger,City Mini GT2 Double,cmqpqqwou00017qllo1wcl8jj,Cybex,Cloud T,cybex-cloud-t,INFANT,ADAPTER,t,,HIGH,,https://amzn.to/4fdX0fd,,,2026-06-26 01:13:26.684,2026-07-12 18:54:23.829
cmri5gv7e002ukfwpon6sjebn,Baby Jogger,City Mini GT2 Double,cmqpqqwou00017qllo1wcl8jj,Graco,GoMax,cmqx4qpx8000e3835nvrnxr0i,INFANT,ADAPTER,t,,HIGH,,https://amzn.to/4vZlujg,,,2026-07-12 18:51:49.369,2026-07-12 18:51:49.369
cmri5gv7e0031kfwp8t278101,Baby Jogger,City Mini GT2 Double,cmqpqqwou00017qllo1wcl8jj,Graco,SnugRide Lite LX,cmqx4qpzp000f3835i6cp9pth,INFANT,ADAPTER,t,,HIGH,,https://amzn.to/4vZlujg,,,2026-07-12 18:51:49.369,2026-07-12 18:51:49.369
cmri5gv7e002wkfwpfqgqlqt0,Baby Jogger,City Mini GT2 Double,cmqpqqwou00017qllo1wcl8jj,Graco,SnugRide SnugFit,cmqx4qq4h000h3835n8ni2r9m,INFANT,ADAPTER,t,,HIGH,,https://amzn.to/4vZlujg,,,2026-07-12 18:51:49.369,2026-07-12 18:51:49.369
cmri5gv7e0030kfwpp206tm2u,Baby Jogger,City Mini GT2 Double,cmqpqqwou00017qllo1wcl8jj,Graco,SnugRide SnugFit DLX,cmqx4qq26000g3835g3mh924j,INFANT,ADAPTER,t,,HIGH,,https://amzn.to/4vZlujg,,,2026-07-12 18:51:49.369,2026-07-12 18:51:49.369
cmri5gv7e0032kfwp7nlfft06,Baby Jogger,City Mini GT2 Double,cmqpqqwou00017qllo1wcl8jj,Graco,SnugRide SnugFit LX,cmqx4qq6u000i3835j7t2euy8,INFANT,ADAPTER,t,,HIGH,,https://amzn.to/4vZlujg,,,2026-07-12 18:51:49.369,2026-07-12 18:51:49.369
cmrbbtq5e000dyuli3n1cc5ie,Baby Jogger,City Mini GT2 Double,cmqpqqwou00017qllo1wcl8jj,Maxi-Cosi,Ambra,cmqx4qqbg000k3835k8b3mf6l,INFANT,ADAPTER,t,,HIGH,,https://amzn.to/44lVrXw,,,2026-07-08 00:15:23.811,2026-07-12 19:00:03.865
cmqu8m5a80007wwsbbelpnhri,Baby Jogger,City Mini GT2 Double,cmqpqqwou00017qllo1wcl8jj,Maxi-Cosi,Mico Luxe,maxi-cosi-mico-luxe,INFANT,ADAPTER,t,,HIGH,,https://amzn.to/44lVrXw,,,2026-06-26 01:13:26.336,2026-07-12 19:00:03.865
cmqu8m5m9000fwwsb4l1sv4z9,Baby Jogger,City Mini GT2 Double,cmqpqqwou00017qllo1wcl8jj,Maxi-Cosi,Mico Pro,maxi-cosi-mico-pro,INFANT,ADAPTER,t,,HIGH,,https://amzn.to/44lVrXw,,,2026-06-26 01:13:26.769,2026-07-12 19:00:03.865
cmqu8m5hh000bwwsbox3vp667,Baby Jogger,City Mini GT2 Double,cmqpqqwou00017qllo1wcl8jj,Maxi-Cosi,Peri 180,maxi-cosi-peri,INFANT,ADAPTER,t,,HIGH,,https://amzn.to/44lVrXw,,,2026-06-26 01:13:26.597,2026-07-12 19:00:03.865
cmri5rgrf0049kfwpajf0tolv,Baby Jogger,City Mini GT2 Double,cmqpqqwou00017qllo1wcl8jj,Nuna,PIPA Aire,nuna-pipa-lite-rx,INFANT,ADAPTER,t,,HIGH,,https://amzn.to/44lVrXw,,,2026-07-12 19:00:03.865,2026-07-12 19:00:03.865
cmqu8m55a0003wwsbqi5eykvv,Baby Jogger,City Mini GT2 Double,cmqpqqwou00017qllo1wcl8jj,Nuna,PIPA Aire rx,nuna-pipa-aire-rx,INFANT,ADAPTER,t,,HIGH,,https://amzn.to/44lVrXw,,,2026-06-26 01:13:26.158,2026-07-12 19:00:03.865
cmqu8m5w1000lwwsbl7ypx464,Baby Jogger,City Mini GT2 Double,cmqpqqwou00017qllo1wcl8jj,Nuna,PIPA RX,nuna-pipa-rx,INFANT,ADAPTER,t,,HIGH,,https://amzn.to/44lVrXw,,,2026-06-26 01:13:27.122,2026-07-12 19:00:03.866
cmr5mqbye000x10s6g3941afr,Baby Jogger,City Mini GT2 Double,cmqpqqwou00017qllo1wcl8jj,Nuna,PIPA urbn,nuna-pipa-urbn,INFANT,ADAPTER,t,,HIGH,,https://amzn.to/44lVrXw,,,2026-07-04 00:34:04.167,2026-07-12 19:00:03.866
cmrzf89zd001dppjuiwxcu5my,Baby Jogger,City Mini GT3,cmqx8d2vr000313kps957hgge,Clek,Liing,clek-liing,INFANT,ADAPTER,t,,HIGH,,https://amzn.to/45jR9QL,,,2026-07-24 20:57:09.767,2026-07-24 20:57:09.767
cmrzf89zd001bppju1an4zati,Baby Jogger,City Mini GT3,cmqx8d2vr000313kps957hgge,Clek,Liingo,clek-liingo,INFANT,ADAPTER,t,,HIGH,,https://amzn.to/45jR9QL,,,2026-07-24 20:57:09.767,2026-07-24 20:57:09.767
cmrzf89zc0017ppju4df2b4fe,Baby Jogger,City Mini GT3,cmqx8d2vr000313kps957hgge,Cybex,Aton G2,cmqx4qpgs00073835wm1de2we,INFANT,ADAPTER,t,,HIGH,,https://amzn.to/45jR9QL,,,2026-07-24 20:57:09.767,2026-07-24 20:57:09.767
cmrzf89zq001lppjumeowyzw2,Baby Jogger,City Mini GT3,cmqx8d2vr000313kps957hgge,Cybex,Aton G2 Swivel,cmrdwvbsy000u7tmavhnk64ww,INFANT,ADAPTER,t,,HIGH,,https://amzn.to/45jR9QL,,,2026-07-24 20:57:09.767,2026-07-24 20:57:09.767
cmrzf89zc0019ppjua759mfwv,Baby Jogger,City Mini GT3,cmqx8d2vr000313kps957hgge,Cybex,Cloud G Pro Comfort Extend,cmqx4qpj400083835htva49ii,INFANT,ADAPTER,t,,HIGH,,https://amzn.to/45jR9QL,,,2026-07-24 20:57:09.767,2026-07-24 20:57:09.767
cmrzf89zq001jppju09grkrti,Baby Jogger,City Mini GT3,cmqx8d2vr000313kps957hgge,Cybex,Cloud T,cybex-cloud-t,INFANT,ADAPTER,t,,HIGH,,https://amzn.to/45jR9QL,,,2026-07-24 20:57:09.767,2026-07-24 20:57:09.767
cmrzf67cw000lppju9trlpzc8,Baby Jogger,City Mini GT3,cmqx8d2vr000313kps957hgge,Maxi-Cosi,Ambra,cmqx4qqbg000k3835k8b3mf6l,INFANT,ADAPTER,t,,HIGH,,https://amzn.to/4x5wEmY,,,2026-07-24 20:55:32.986,2026-07-24 20:55:32.986
cmrzf67dw0011ppjur6w1gblr,Baby Jogger,City Mini GT3,cmqx8d2vr000313kps957hgge,Maxi-Cosi,Mico Luxe,maxi-cosi-mico-luxe,INFANT,ADAPTER,t,,HIGH,,https://amzn.to/4x5wEmY,,,2026-07-24 20:55:32.986,2026-07-24 20:55:32.986
cmrzf67az000hppjundeyvviw,Baby Jogger,City Mini GT3,cmqx8d2vr000313kps957hgge,Maxi-Cosi,Mico Pro,maxi-cosi-mico-pro,INFANT,ADAPTER,t,,HIGH,,https://amzn.to/4x5wEmY,,,2026-07-24 20:55:32.986,2026-07-24 20:55:32.986
cmrzf67dj000tppjuvvhqasra,Baby Jogger,City Mini GT3,cmqx8d2vr000313kps957hgge,Maxi-Cosi,Mico XP,cmry6pa5o001ovblfjcngmv5n,INFANT,ADAPTER,t,,HIGH,,https://amzn.to/4x5wEmY,,,2026-07-24 20:55:32.986,2026-07-24 20:55:32.986
cmrzf67cw000nppjuguib2n42,Baby Jogger,City Mini GT3,cmqx8d2vr000313kps957hgge,Maxi-Cosi,Peri 180,maxi-cosi-peri,INFANT,ADAPTER,t,,HIGH,,https://amzn.to/4x5wEmY,,,2026-07-24 20:55:32.986,2026-07-24 20:55:32.986
cmqx8i13r0005bcx5ju4rpzao,Baby Jogger,City Mini GT3,cmqx8d2vr000313kps957hgge,Nuna,PIPA Aire,nuna-pipa-lite-rx,INFANT,ADAPTER,t,,HIGH,,https://amzn.to/4x5wEmY,,,2026-06-28 03:33:32.823,2026-07-24 20:55:32.986
cmqx8i11f0003bcx5rg7lhycq,Baby Jogger,City Mini GT3,cmqx8d2vr000313kps957hgge,Nuna,PIPA Aire rx,nuna-pipa-aire-rx,INFANT,ADAPTER,t,,HIGH,,https://amzn.to/4x5wEmY,,,2026-06-28 03:33:32.74,2026-07-24 20:55:32.986
cmqx8i0wo0001bcx5vx48ah0e,Baby Jogger,City Mini GT3,cmqx8d2vr000313kps957hgge,Nuna,PIPA RX,nuna-pipa-rx,INFANT,ADAPTER,t,,HIGH,,https://amzn.to/4x5wEmY,,,2026-06-28 03:33:32.568,2026-07-24 20:55:32.986
cmqx8i1640007bcx5nkuvq0xg,Baby Jogger,City Mini GT3,cmqx8d2vr000313kps957hgge,Nuna,PIPA urbn,nuna-pipa-urbn,INFANT,ADAPTER,t,,HIGH,,https://amzn.to/4x5wEmY,,,2026-06-28 03:33:32.908,2026-07-24 20:55:32.986
cmqu9hvf8002rbq8e5jvqqbj0,Baby Jogger,City Select 2,baby-jogger-city-select-2,Britax,Cypress S,britax-cypress-s,INFANT,ADAPTER,t,"Baby Jogger Britax Car Seat Adapter, City Select 2, Black",MEDIUM,"Inferred from the catalog adapter ""Baby Jogger Britax Car Seat Adapter, City Select 2, Black"".",https://www.awin1.com/cread.php?awinmid=75150&awinaffid=2588613&ued=https%3A%2F%2Fwww.anbbaby.com%2Fproducts%2Fbaby-jogger-britax-car-seat-adapter-city-select-2-black%3Fvariant%3D39484248293462,54.99,,2026-06-26 01:38:06.548,2026-06-26 01:38:06.548
cmqu9hv90002nbq8ecapvxumd,Baby Jogger,City Select 2,baby-jogger-city-select-2,Britax,Willow S,britax-willow-s,INFANT,ADAPTER,t,"Baby Jogger Britax Car Seat Adapter, City Select 2, Black",MEDIUM,"Inferred from the catalog adapter ""Baby Jogger Britax Car Seat Adapter, City Select 2, Black"".",https://www.awin1.com/cread.php?awinmid=75150&awinaffid=2588613&ued=https%3A%2F%2Fwww.anbbaby.com%2Fproducts%2Fbaby-jogger-britax-car-seat-adapter-city-select-2-black%3Fvariant%3D39484248293462,54.99,,2026-06-26 01:38:06.324,2026-06-26 01:38:06.324
cmqu9hvbl002pbq8e1vdc0sa0,Baby Jogger,City Select 2,baby-jogger-city-select-2,Britax,Willow SC,cmqt1dq4e00043u44vihpznhm,INFANT,ADAPTER,t,"Baby Jogger Britax Car Seat Adapter, City Select 2, Black",MEDIUM,"Inferred from the catalog adapter ""Baby Jogger Britax Car Seat Adapter, City Select 2, Black"".",https://www.awin1.com/cread.php?awinmid=75150&awinaffid=2588613&ued=https%3A%2F%2Fwww.anbbaby.com%2Fproducts%2Fbaby-jogger-britax-car-seat-adapter-city-select-2-black%3Fvariant%3D39484248293462,54.99,,2026-06-26 01:38:06.417,2026-06-26 01:38:06.417
cmrgtc36i000p8zko0gswa5an,Baby Jogger,City Select 2,baby-jogger-city-select-2,Chicco,KeyFit 30,chicco-keyfit-30,INFANT,ADAPTER,t,,HIGH,,https://amzn.to/4w0zARJ,,,2026-07-11 20:24:24.858,2026-07-11 20:24:24.858
cmrgtc36i000m8zko0v8cli5t,Baby Jogger,City Select 2,baby-jogger-city-select-2,Chicco,KeyFit 30 ClearTex,cmqx4qp6y00033835pgtlizxk,INFANT,ADAPTER,t,,HIGH,,https://amzn.to/4w0zARJ,,,2026-07-11 20:24:24.858,2026-07-11 20:24:24.858
cmrgtc36i000n8zkoucxlalvg,Baby Jogger,City Select 2,baby-jogger-city-select-2,Chicco,KeyFit Max ClearTex,cmqx4qp9s00043835h85g6sl0,INFANT,ADAPTER,t,,HIGH,,https://amzn.to/4w0zARJ,,,2026-07-11 20:24:24.858,2026-07-11 20:24:24.858
cmrgtc36j000r8zkoz95jqm74,Baby Jogger,City Select 2,baby-jogger-city-select-2,Chicco,KeyFit Max Zip ClearLux,cmqx4qpc50005383512d994gn,INFANT,ADAPTER,t,,HIGH,,https://amzn.to/4w0zARJ,,,2026-07-11 20:24:24.858,2026-07-11 20:24:24.858
cmrgtc377000u8zko7xzokncz,Baby Jogger,City Select 2,baby-jogger-city-select-2,Chicco,KeyFit Max Zip ClearTex,cmqx4qpeg00063835eten1p5s,INFANT,ADAPTER,t,,HIGH,,https://amzn.to/4w0zARJ,,,2026-07-11 20:24:24.858,2026-07-11 20:24:24.858
cmrjl3m6700evq6lxf29me7rh,Baby Jogger,City Select 2,baby-jogger-city-select-2,Clek,Liing,clek-liing,INFANT,ADAPTER,t,,HIGH,,https://www.babyjogger.com/accessories/shop-all-accessories/city-select-accessories/baby-jogger-car-seat-adapters-for-city-select-2-city-select-and-city-select-lux-strollers-and-maxi-cosicybex-infant-car-seats/SAP_2013551.html,,,2026-07-13 18:57:11.164,2026-07-17 19:59:35.714
cmrjl3m6600erq6lxq3bqz2y1,Baby Jogger,City Select 2,baby-jogger-city-select-2,Clek,Liingo,clek-liingo,INFANT,ADAPTER,t,,HIGH,,https://www.babyjogger.com/accessories/shop-all-accessories/city-select-accessories/baby-jogger-car-seat-adapters-for-city-select-2-city-select-and-city-select-lux-strollers-and-maxi-cosicybex-infant-car-seats/SAP_2013551.html,,,2026-07-13 18:57:11.164,2026-07-17 19:59:35.715
cmrjl3m6700euq6lxkyu6t28h,Baby Jogger,City Select 2,baby-jogger-city-select-2,Cybex,Aton G2,cmqx4qpgs00073835wm1de2we,INFANT,ADAPTER,t,,HIGH,,https://www.babyjogger.com/accessories/shop-all-accessories/city-select-accessories/baby-jogger-car-seat-adapters-for-city-select-2-city-select-and-city-select-lux-strollers-and-maxi-cosicybex-infant-car-seats/SAP_2013551.html,,,2026-07-13 18:57:11.164,2026-07-17 19:59:35.714
cmrjl3m7000ezq6lxmkvzv48n,Baby Jogger,City Select 2,baby-jogger-city-select-2,Cybex,Aton G2 Swivel,cmrdwvbsy000u7tmavhnk64ww,INFANT,ADAPTER,t,,HIGH,,https://www.babyjogger.com/accessories/shop-all-accessories/city-select-accessories/baby-jogger-car-seat-adapters-for-city-select-2-city-select-and-city-select-lux-strollers-and-maxi-cosicybex-infant-car-seats/SAP_2013551.html,,,2026-07-13 18:57:11.165,2026-07-17 19:59:35.714
cmrjl3m7000f0q6lxjfvp9sxa,Baby Jogger,City Select 2,baby-jogger-city-select-2,Cybex,Cloud G Pro Comfort Extend,cmqx4qpj400083835htva49ii,INFANT,ADAPTER,t,,HIGH,,https://www.babyjogger.com/accessories/shop-all-accessories/city-select-accessories/baby-jogger-car-seat-adapters-for-city-select-2-city-select-and-city-select-lux-strollers-and-maxi-cosicybex-infant-car-seats/SAP_2013551.html,,,2026-07-13 18:57:11.164,2026-07-17 19:59:35.714
baby-jogger-city-select-2__cybex-cloud-t,Baby Jogger,City Select 2,baby-jogger-city-select-2,Cybex,Cloud T,cybex-cloud-t,INFANT,ADAPTER,t,,HIGH,,https://www.babyjogger.com/accessories/shop-all-accessories/city-select-accessories/baby-jogger-car-seat-adapters-for-city-select-2-city-select-and-city-select-lux-strollers-and-maxi-cosicybex-infant-car-seats/SAP_2013551.html,,,2026-03-22 17:19:43.93,2026-07-17 19:59:35.715
cmrgtfmtw00188zko8cuudmqh,Baby Jogger,City Select 2,baby-jogger-city-select-2,Graco,GoMax,cmqx4qpx8000e3835nvrnxr0i,INFANT,ADAPTER,t,,HIGH,,https://amzn.to/44pQKfe,,,2026-07-11 20:27:10.291,2026-07-11 20:27:10.291
cmrgtfmtw001a8zkovodmbfnx,Baby Jogger,City Select 2,baby-jogger-city-select-2,Graco,SnugRide Lite LX,cmqx4qpzp000f3835i6cp9pth,INFANT,ADAPTER,t,,HIGH,,https://amzn.to/44pQKfe,,,2026-07-11 20:27:10.291,2026-07-11 20:27:10.291
cmrgtfmtw00198zko4q3gi87r,Baby Jogger,City Select 2,baby-jogger-city-select-2,Graco,SnugRide SnugFit,cmqx4qq4h000h3835n8ni2r9m,INFANT,ADAPTER,t,,HIGH,,https://amzn.to/44pQKfe,,,2026-07-11 20:27:10.291,2026-07-11 20:27:10.291
cmrgtfmtw001c8zkof6nub28y,Baby Jogger,City Select 2,baby-jogger-city-select-2,Graco,SnugRide SnugFit DLX,cmqx4qq26000g3835g3mh924j,INFANT,ADAPTER,t,,HIGH,,https://amzn.to/44pQKfe,,,2026-07-11 20:27:10.291,2026-07-11 20:27:10.291
cmrgtfmuo001e8zko0ui41dul,Baby Jogger,City Select 2,baby-jogger-city-select-2,Graco,SnugRide SnugFit LX,cmqx4qq6u000i3835j7t2euy8,INFANT,ADAPTER,t,,HIGH,,https://amzn.to/44pQKfe,,,2026-07-11 20:27:10.291,2026-07-11 20:27:10.291
cmrjl4i7c00fdq6lx1dswcbp5,Baby Jogger,City Select 2,baby-jogger-city-select-2,Maxi-Cosi,Ambra,cmqx4qqbg000k3835k8b3mf6l,INFANT,ADAPTER,t,,HIGH,,https://www.babyjogger.com/accessories/shop-all-accessories/city-select-accessories/baby-jogger-car-seat-adapters-for-city-select-2-city-select-and-city-select-lux-strollers-and-maxi-cosicybex-infant-car-seats/SAP_2013551.html,,,2026-07-13 18:57:52.674,2026-07-17 19:57:57.866
baby-jogger-city-select-2__maxi-cosi-mico-luxe,Baby Jogger,City Select 2,baby-jogger-city-select-2,Maxi-Cosi,Mico Luxe,maxi-cosi-mico-luxe,INFANT,ADAPTER,t,,HIGH,,https://www.babyjogger.com/accessories/shop-all-accessories/city-select-accessories/baby-jogger-car-seat-adapters-for-city-select-2-city-select-and-city-select-lux-strollers-and-maxi-cosicybex-infant-car-seats/SAP_2013551.html,,,2026-03-22 17:19:43.856,2026-07-17 19:57:57.866
baby-jogger-city-select-2__maxi-cosi-mico-pro,Baby Jogger,City Select 2,baby-jogger-city-select-2,Maxi-Cosi,Mico Pro,maxi-cosi-mico-pro,INFANT,ADAPTER,t,,HIGH,,https://www.babyjogger.com/accessories/shop-all-accessories/city-select-accessories/baby-jogger-car-seat-adapters-for-city-select-2-city-select-and-city-select-lux-strollers-and-maxi-cosicybex-infant-car-seats/SAP_2013551.html,,,2026-06-13 20:48:32.741,2026-07-17 19:57:57.866
baby-jogger-city-select-2__maxi-cosi-peri,Baby Jogger,City Select 2,baby-jogger-city-select-2,Maxi-Cosi,Peri 180,maxi-cosi-peri,INFANT,ADAPTER,t,,HIGH,,https://www.babyjogger.com/accessories/shop-all-accessories/city-select-accessories/baby-jogger-car-seat-adapters-for-city-select-2-city-select-and-city-select-lux-strollers-and-maxi-cosicybex-infant-car-seats/SAP_2013551.html,,,2026-03-22 17:19:43.93,2026-07-17 19:57:57.866
baby-jogger-city-select-2__nuna-pipa-lite-rx,Baby Jogger,City Select 2,baby-jogger-city-select-2,Nuna,PIPA Aire,nuna-pipa-lite-rx,INFANT,ADAPTER,t,,HIGH,,https://www.babyjogger.com/accessories/shop-all-accessories/city-select-accessories/baby-jogger-car-seat-adapters-for-city-select-2-city-select-and-city-select-lux-strollers-and-maxi-cosicybex-infant-car-seats/SAP_2013551.html,,,2026-06-15 20:33:14.735,2026-07-17 19:57:57.866
baby-jogger-city-select-2__nuna-pipa-aire-rx,Baby Jogger,City Select 2,baby-jogger-city-select-2,Nuna,PIPA Aire rx,nuna-pipa-aire-rx,INFANT,ADAPTER,t,,HIGH,,https://www.babyjogger.com/accessories/shop-all-accessories/city-select-accessories/baby-jogger-car-seat-adapters-for-city-select-2-city-select-and-city-select-lux-strollers-and-maxi-cosicybex-infant-car-seats/SAP_2013551.html,,,2026-06-13 20:48:32.741,2026-07-17 19:57:57.866
baby-jogger-city-select-2__nuna-pipa-rx,Baby Jogger,City Select 2,baby-jogger-city-select-2,Nuna,PIPA RX,nuna-pipa-rx,INFANT,ADAPTER,t,,HIGH,,https://www.babyjogger.com/accessories/shop-all-accessories/city-select-accessories/baby-jogger-car-seat-adapters-for-city-select-2-city-select-and-city-select-lux-strollers-and-maxi-cosicybex-infant-car-seats/SAP_2013551.html,,,2026-03-22 17:19:43.856,2026-07-17 19:57:57.866
baby-jogger-city-select-2__nuna-pipa-urbn,Baby Jogger,City Select 2,baby-jogger-city-select-2,Nuna,PIPA urbn,nuna-pipa-urbn,INFANT,ADAPTER,t,,HIGH,,https://www.babyjogger.com/accessories/shop-all-accessories/city-select-accessories/baby-jogger-car-seat-adapters-for-city-select-2-city-select-and-city-select-lux-strollers-and-maxi-cosicybex-infant-car-seats/SAP_2013551.html,,,2026-06-15 20:33:14.735,2026-07-17 19:57:57.866
cmrgtcyz3000x8zkodka12ipi,Baby Jogger,City Select 2,baby-jogger-city-select-2,Peg Perego,Primo Viaggio 4-35,peg-perego-primo-viaggio-4-35,INFANT,ADAPTER,t,,HIGH,,https://amzn.to/4w0zARJ,,,2026-07-11 20:25:06.062,2026-07-11 20:25:06.062
cmrgtcyz3000z8zkotxf82tf8,Baby Jogger,City Select 2,baby-jogger-city-select-2,Peg Perego,Primo Viaggio Lounge,cmqx4qqg6000m3835m0yyofjb,INFANT,ADAPTER,t,,HIGH,,https://amzn.to/4w0zARJ,,,2026-07-11 20:25:06.062,2026-07-11 20:25:06.062
cmrgtcyz300118zkom0lj3ajj,Baby Jogger,City Select 2,baby-jogger-city-select-2,Peg Perego,Primo Viaggio Nido,cmqx4qqif000n3835uubq8mpy,INFANT,ADAPTER,t,,HIGH,,https://amzn.to/4w0zARJ,,,2026-07-11 20:25:06.062,2026-07-11 20:25:06.062
cmqx4rhp2006r70o0t86uy088,Baby Jogger,City Sights,baby-jogger-city-sights,Cybex,Aton G2,cmqx4qpgs00073835wm1de2we,INFANT,ADAPTER,t,"Baby Jogger - Car Seat Adapter for City Sights, Maxi-Cosi/Nuna/Cybex",MEDIUM,"Inferred from the catalog adapter ""Baby Jogger - Car Seat Adapter for City Sights, Maxi-Cosi/Nuna/Cybex"".",https://www.macrobaby.com/products/baby-jogger-car-seat-adapter-for-city-sights-maxi-cosi-nuna-cybex?_j=taylormadebabyco.com,54.99,,2026-06-28 01:48:55.766,2026-06-28 01:48:55.766
cmrmtwha8002d11u5czd8zv8m,Baby Jogger,City Sights,baby-jogger-city-sights,Cybex,Aton G2 Swivel,cmrdwvbsy000u7tmavhnk64ww,INFANT,ADAPTER,t,"Baby Jogger - Car Seat Adapter for City Sights, Maxi-Cosi/Nuna/Cybex",MEDIUM,"Inferred from the catalog adapter ""Baby Jogger - Car Seat Adapter for City Sights, Maxi-Cosi/Nuna/Cybex"".",https://www.macrobaby.com/products/baby-jogger-car-seat-adapter-for-city-sights-maxi-cosi-nuna-cybex?_j=taylormadebabyco.com,54.99,,2026-07-16 01:26:53.312,2026-07-16 01:26:53.312
cmqx4rhrj006t70o0qx9ng6qy,Baby Jogger,City Sights,baby-jogger-city-sights,Cybex,Cloud G Pro Comfort Extend,cmqx4qpj400083835htva49ii,INFANT,ADAPTER,t,"Baby Jogger - Car Seat Adapter for City Sights, Maxi-Cosi/Nuna/Cybex",MEDIUM,"Inferred from the catalog adapter ""Baby Jogger - Car Seat Adapter for City Sights, Maxi-Cosi/Nuna/Cybex"".",https://www.macrobaby.com/products/baby-jogger-car-seat-adapter-for-city-sights-maxi-cosi-nuna-cybex?_j=taylormadebabyco.com,54.99,,2026-06-28 01:48:55.855,2026-06-28 01:48:55.855
baby-jogger-city-sights__cybex-cloud-t,Baby Jogger,City Sights,baby-jogger-city-sights,Cybex,Cloud T,cybex-cloud-t,INFANT,ADAPTER,t,Baby Jogger adapter for Maxi-Cosi / Nuna / CYBEX / Clek infant seats,MEDIUM,"Cloud T has a wider premium adapter lane than most, but it is still an adapter decision on this stroller.",,,,2026-03-22 17:19:43.93,2026-03-22 17:19:43.93
cmqx4rhhg006l70o0nax2crmi,Baby Jogger,City Sights,baby-jogger-city-sights,Maxi-Cosi,Ambra,cmqx4qqbg000k3835k8b3mf6l,INFANT,ADAPTER,t,"Baby Jogger - Car Seat Adapter for City Sights, Maxi-Cosi/Nuna/Cybex",MEDIUM,"Inferred from the catalog adapter ""Baby Jogger - Car Seat Adapter for City Sights, Maxi-Cosi/Nuna/Cybex"".",https://www.macrobaby.com/products/baby-jogger-car-seat-adapter-for-city-sights-maxi-cosi-nuna-cybex?_j=taylormadebabyco.com,54.99,,2026-06-28 01:48:55.492,2026-06-28 01:48:55.492
baby-jogger-city-sights__maxi-cosi-mico-luxe,Baby Jogger,City Sights,baby-jogger-city-sights,Maxi-Cosi,Mico Luxe,maxi-cosi-mico-luxe,INFANT,ADAPTER,t,Baby Jogger adapter for Maxi-Cosi / Nuna / CYBEX / Clek infant seats,MEDIUM,"Maxi-Cosi Mico Luxe lives in one of the most universal travel-system lanes, but it is still an adapter story on this stroller.",,,,2026-03-22 17:19:43.856,2026-03-22 17:19:43.93
baby-jogger-city-sights__maxi-cosi-mico-pro,Baby Jogger,City Sights,baby-jogger-city-sights,Maxi-Cosi,Mico Pro,maxi-cosi-mico-pro,INFANT,ADAPTER,t,Baby Jogger adapter for Maxi-Cosi / Nuna / CYBEX / Clek infant seats,MEDIUM,Compatible via same Maxi-Cosi click connector as Mico Luxe.,,,,2026-06-13 20:48:32.741,2026-06-13 20:48:32.741
baby-jogger-city-sights__maxi-cosi-peri,Baby Jogger,City Sights,baby-jogger-city-sights,Maxi-Cosi,Peri 180,maxi-cosi-peri,INFANT,ADAPTER,t,Baby Jogger adapter for Maxi-Cosi / Nuna / CYBEX / Clek infant seats,MEDIUM,"Maxi-Cosi Peri 180 lives in one of the most universal travel-system lanes, but it is still an adapter story on this stroller.",,,,2026-03-22 17:19:43.93,2026-03-22 17:19:43.93
cmqx4rhjr006n70o0ipfcpccf,Baby Jogger,City Sights,baby-jogger-city-sights,Nuna,PIPA Aire,nuna-pipa-lite-rx,INFANT,ADAPTER,t,"Baby Jogger - Car Seat Adapter for City Sights, Maxi-Cosi/Nuna/Cybex",MEDIUM,"Inferred from the catalog adapter ""Baby Jogger - Car Seat Adapter for City Sights, Maxi-Cosi/Nuna/Cybex"".",https://www.macrobaby.com/products/baby-jogger-car-seat-adapter-for-city-sights-maxi-cosi-nuna-cybex?_j=taylormadebabyco.com,54.99,,2026-06-28 01:48:55.575,2026-06-28 01:48:55.575
baby-jogger-city-sights__nuna-pipa-aire-rx,Baby Jogger,City Sights,baby-jogger-city-sights,Nuna,PIPA Aire rx,nuna-pipa-aire-rx,INFANT,ADAPTER,t,Baby Jogger adapter for Maxi-Cosi / Nuna / CYBEX / Clek infant seats,MEDIUM,Compatible via same adapter path as Nuna PIPA rx.,https://babylist.pxf.io/c/6560395/1160375/13580?prodsku=2444114&u=https%3A%2F%2Fwww.babylist.com%2Fgp%2Fbaby-jogger-city-mini-gt3-car-seat-adapter-nuna%2F73653%2F2444114&intsrc=APIG_8981,49.99,product_8981_2444114,2026-06-13 20:48:32.741,2026-06-21 03:52:05.961
baby-jogger-city-sights__nuna-pipa-rx,Baby Jogger,City Sights,baby-jogger-city-sights,Nuna,PIPA RX,nuna-pipa-rx,INFANT,ADAPTER,t,Baby Jogger adapter for Maxi-Cosi / Nuna / CYBEX / Clek infant seats,MEDIUM,Baby Jogger uses an adapter-based travel system path for Nuna PIPA RX.,https://babylist.pxf.io/c/6560395/1160375/13580?prodsku=2444114&u=https%3A%2F%2Fwww.babylist.com%2Fgp%2Fbaby-jogger-city-mini-gt3-car-seat-adapter-nuna%2F73653%2F2444114&intsrc=APIG_8981,49.99,product_8981_2444114,2026-03-22 17:19:43.856,2026-06-21 03:52:05.931
cmqx4rhm9006p70o0eisb37th,Baby Jogger,City Sights,baby-jogger-city-sights,Nuna,PIPA urbn,nuna-pipa-urbn,INFANT,ADAPTER,t,"Baby Jogger - Car Seat Adapter for City Sights, Maxi-Cosi/Nuna/Cybex",MEDIUM,"Inferred from the catalog adapter ""Baby Jogger - Car Seat Adapter for City Sights, Maxi-Cosi/Nuna/Cybex"".",https://www.macrobaby.com/products/baby-jogger-car-seat-adapter-for-city-sights-maxi-cosi-nuna-cybex?_j=taylormadebabyco.com,54.99,,2026-06-28 01:48:55.665,2026-06-28 01:48:55.665
cmrzfedw0001wppjuqm6akxop,Baby Jogger,City Tour 2,baby-jogger-city-tour-2,Baby Jogger,City GO 2,baby-jogger-city-go-2,INFANT,ADAPTER,t,,HIGH,,https://amzn.to/4wncWTK,,,2026-07-24 21:01:54.767,2026-07-24 21:01:54.767
cmrzfedw1001yppju7l2eyrjp,Baby Jogger,City Tour 2,baby-jogger-city-tour-2,Baby Trend,EZ-Lift Pro,cmqx4qowc000038356zwhetli,INFANT,ADAPTER,t,,HIGH,,https://amzn.to/4wncWTK,,,2026-07-24 21:01:54.767,2026-07-24 21:01:54.767
cmrgt7evb00038zko3wc5076b,Baby Jogger,City Tour 2,baby-jogger-city-tour-2,Graco,GoMax,cmqx4qpx8000e3835nvrnxr0i,INFANT,ADAPTER,t,,HIGH,,https://amzn.to/44t37qX,,,2026-07-11 20:20:46.726,2026-07-11 20:20:46.726
cmrgt7evb00048zko6jx3a9bu,Baby Jogger,City Tour 2,baby-jogger-city-tour-2,Graco,SnugRide Lite LX,cmqx4qpzp000f3835i6cp9pth,INFANT,ADAPTER,t,,HIGH,,https://amzn.to/44t37qX,,,2026-07-11 20:20:46.726,2026-07-11 20:20:46.726
cmrgt7evc00078zkoemz8z1at,Baby Jogger,City Tour 2,baby-jogger-city-tour-2,Graco,SnugRide SnugFit,cmqx4qq4h000h3835n8ni2r9m,INFANT,ADAPTER,t,,HIGH,,https://amzn.to/44t37qX,,,2026-07-11 20:20:46.726,2026-07-11 20:20:46.726
cmrgt7evb00058zko4hunhynn,Baby Jogger,City Tour 2,baby-jogger-city-tour-2,Graco,SnugRide SnugFit DLX,cmqx4qq26000g3835g3mh924j,INFANT,ADAPTER,t,,HIGH,,https://amzn.to/44t37qX,,,2026-07-11 20:20:46.726,2026-07-11 20:20:46.726
cmrgt7ew800098zko13r3dy1x,Baby Jogger,City Tour 2,baby-jogger-city-tour-2,Graco,SnugRide SnugFit LX,cmqx4qq6u000i3835j7t2euy8,INFANT,ADAPTER,t,,HIGH,,https://amzn.to/44t37qX,,,2026-07-11 20:20:46.726,2026-07-11 20:20:46.726
cmqu8m6mx0011wwsby6dk9x6u,Baby Jogger,City Tour 2 Double,cmqpqqwyc00057qllcxfjsi2l,Cybex,Cloud T,cybex-cloud-t,INFANT,ADAPTER,t,Baby Jogger adapter for Maxi-Cosi / Nuna / CYBEX / Clek infant seats,MEDIUM,"Cloud T has a wider premium adapter lane than most, but it is still an adapter decision on this stroller.",,,,2026-06-26 01:13:28.089,2026-06-26 01:13:28.089
cmqu8m6da000vwwsbz9u5kn86,Baby Jogger,City Tour 2 Double,cmqpqqwyc00057qllcxfjsi2l,Maxi-Cosi,Mico Luxe,maxi-cosi-mico-luxe,INFANT,ADAPTER,t,Baby Jogger adapter for Maxi-Cosi / Nuna / CYBEX / Clek infant seats,MEDIUM,"Maxi-Cosi Mico Luxe lives in one of the most universal travel-system lanes, but it is still an adapter story on this stroller.",,,,2026-06-26 01:13:27.742,2026-06-26 01:13:27.742
cmqu8m6pe0013wwsbv2au6ynj,Baby Jogger,City Tour 2 Double,cmqpqqwyc00057qllcxfjsi2l,Maxi-Cosi,Mico Pro,maxi-cosi-mico-pro,INFANT,ADAPTER,t,Baby Jogger adapter for Maxi-Cosi / Nuna / CYBEX / Clek infant seats,MEDIUM,Compatible via same Maxi-Cosi click connector as Mico Luxe.,,,,2026-06-26 01:13:28.179,2026-06-26 01:13:28.179
cmqu8m6i8000zwwsb0ro4ap6v,Baby Jogger,City Tour 2 Double,cmqpqqwyc00057qllcxfjsi2l,Maxi-Cosi,Peri 180,maxi-cosi-peri,INFANT,ADAPTER,t,Baby Jogger adapter for Maxi-Cosi / Nuna / CYBEX / Clek infant seats,MEDIUM,"Maxi-Cosi Peri 180 lives in one of the most universal travel-system lanes, but it is still an adapter story on this stroller.",,,,2026-06-26 01:13:27.92,2026-06-26 01:13:27.92
cmqu8m6u80017wwsbu21g6oh4,Baby Jogger,City Tour 2 Double,cmqpqqwyc00057qllcxfjsi2l,Nuna,PIPA Aire rx,nuna-pipa-aire-rx,INFANT,ADAPTER,t,Baby Jogger adapter for Maxi-Cosi / Nuna / CYBEX / Clek infant seats,MEDIUM,Compatible via same adapter path as Nuna PIPA rx.,https://babylist.pxf.io/c/6560395/1160375/13580?prodsku=2444114&u=https%3A%2F%2Fwww.babylist.com%2Fgp%2Fbaby-jogger-city-mini-gt3-car-seat-adapter-nuna%2F73653%2F2444114&intsrc=APIG_8981,49.99,product_8981_2444114,2026-06-26 01:13:28.353,2026-06-26 01:13:28.353
cmqu8m6wq0019wwsbfmkn310g,Baby Jogger,City Tour 2 Double,cmqpqqwyc00057qllcxfjsi2l,Nuna,PIPA RX,nuna-pipa-rx,INFANT,ADAPTER,t,Baby Jogger adapter for Maxi-Cosi / Nuna / CYBEX / Clek infant seats,MEDIUM,Baby Jogger uses an adapter-based travel system path for Nuna PIPA RX.,https://babylist.pxf.io/c/6560395/1160375/13580?prodsku=2444114&u=https%3A%2F%2Fwww.babylist.com%2Fgp%2Fbaby-jogger-city-mini-gt3-car-seat-adapter-nuna%2F73653%2F2444114&intsrc=APIG_8981,49.99,product_8981_2444114,2026-06-26 01:13:28.442,2026-06-26 01:13:28.442
cmr5mqc55000z10s65fse76gn,Baby Jogger,City Tour 2 Double,cmqpqqwyc00057qllcxfjsi2l,Nuna,PIPA urbn,nuna-pipa-urbn,INFANT,ADAPTER,t,Baby Jogger adapter for Maxi-Cosi / Nuna / CYBEX / Clek infant seats,MEDIUM,Compatible via same adapter path as Nuna PIPA rx.,https://babylist.pxf.io/c/6560395/1160375/13580?prodsku=2444114&u=https%3A%2F%2Fwww.babylist.com%2Fgp%2Fbaby-jogger-city-mini-gt3-car-seat-adapter-nuna%2F73653%2F2444114&intsrc=APIG_8981,49.99,product_8981_2444114,2026-07-04 00:34:04.409,2026-07-04 00:34:04.409
cms0u3o6v003811txo54a1u3y,Baby Jogger,Summit X3 Double,cmqx8d2qs000113kpyh2zxwjx,Graco,GoMax,cmqx4qpx8000e3835nvrnxr0i,INFANT,ADAPTER,t,,HIGH,,https://www.babyjogger.com/accessories/car-seat-adapters/baby-jogger-car-seat-adapters-for-summit-x3-double-jogging-stroller-graco-infant-car-seat-black/SAP_2194987.html,,,2026-07-25 20:41:15.319,2026-07-25 20:41:15.319
cms0u3o6v003911txc1hk5ca5,Baby Jogger,Summit X3 Double,cmqx8d2qs000113kpyh2zxwjx,Graco,SnugRide Lite LX,cmqx4qpzp000f3835i6cp9pth,INFANT,ADAPTER,t,,HIGH,,https://www.babyjogger.com/accessories/car-seat-adapters/baby-jogger-car-seat-adapters-for-summit-x3-double-jogging-stroller-graco-infant-car-seat-black/SAP_2194987.html,,,2026-07-25 20:41:15.32,2026-07-25 20:41:15.32
cms0u3o6v003611txbtna9uj7,Baby Jogger,Summit X3 Double,cmqx8d2qs000113kpyh2zxwjx,Graco,SnugRide SnugFit,cmqx4qq4h000h3835n8ni2r9m,INFANT,ADAPTER,t,,HIGH,,https://www.babyjogger.com/accessories/car-seat-adapters/baby-jogger-car-seat-adapters-for-summit-x3-double-jogging-stroller-graco-infant-car-seat-black/SAP_2194987.html,,,2026-07-25 20:41:15.319,2026-07-25 20:41:15.319
cms0u3o6v003a11tx7eva2cfp,Baby Jogger,Summit X3 Double,cmqx8d2qs000113kpyh2zxwjx,Graco,SnugRide SnugFit DLX,cmqx4qq26000g3835g3mh924j,INFANT,ADAPTER,t,,HIGH,,https://www.babyjogger.com/accessories/car-seat-adapters/baby-jogger-car-seat-adapters-for-summit-x3-double-jogging-stroller-graco-infant-car-seat-black/SAP_2194987.html,,,2026-07-25 20:41:15.32,2026-07-25 20:41:15.32
cms0u3o6v003411txtq4gcpw7,Baby Jogger,Summit X3 Double,cmqx8d2qs000113kpyh2zxwjx,Graco,SnugRide SnugFit LX,cmqx4qq6u000i3835j7t2euy8,INFANT,ADAPTER,t,,HIGH,,https://www.babyjogger.com/accessories/car-seat-adapters/baby-jogger-car-seat-adapters-for-summit-x3-double-jogging-stroller-graco-infant-car-seat-black/SAP_2194987.html,,,2026-07-25 20:41:15.32,2026-07-25 20:41:15.32
cmrzez98d0004ppjujrj8y5z7,Baby Jogger,Summit X3 Single Jogging,cmqpqqx5f00087qll6393izdt,Baby Jogger,City GO 2,baby-jogger-city-go-2,INFANT,ADAPTER,t,,HIGH,,https://amzn.to/4ba4rCO,,,2026-07-24 20:50:08.858,2026-07-24 20:50:08.858
cmrzez97f0002ppjucyowr7me,Baby Jogger,Summit X3 Single Jogging,cmqpqqx5f00087qll6393izdt,Baby Trend,EZ-Lift Pro,cmqx4qowc000038356zwhetli,INFANT,ADAPTER,t,,HIGH,,https://amzn.to/4ba4rCO,,,2026-07-24 20:50:08.858,2026-07-24 20:50:08.858
cmrzezzgv000dppjuldcmxpan,Baby Jogger,Summit X3 Single Jogging,cmqpqqx5f00087qll6393izdt,Graco,GoMax,cmqx4qpx8000e3835nvrnxr0i,INFANT,ADAPTER,t,,HIGH,,https://amzn.to/4ba4rCO,,,2026-07-24 20:50:42.893,2026-07-24 20:50:42.893
cmrzezzgu000appjul6xv3e87,Baby Jogger,Summit X3 Single Jogging,cmqpqqx5f00087qll6393izdt,Graco,SnugRide Lite LX,cmqx4qpzp000f3835i6cp9pth,INFANT,ADAPTER,t,,HIGH,,https://amzn.to/4ba4rCO,,,2026-07-24 20:50:42.893,2026-07-24 20:50:42.893
cmrzezzgu0008ppju6njlvtza,Baby Jogger,Summit X3 Single Jogging,cmqpqqx5f00087qll6393izdt,Graco,SnugRide SnugFit,cmqx4qq4h000h3835n8ni2r9m,INFANT,ADAPTER,t,,HIGH,,https://amzn.to/4ba4rCO,,,2026-07-24 20:50:42.893,2026-07-24 20:50:42.893
cmrzezzgu0006ppju069f9nrh,Baby Jogger,Summit X3 Single Jogging,cmqpqqx5f00087qll6393izdt,Graco,SnugRide SnugFit DLX,cmqx4qq26000g3835g3mh924j,INFANT,ADAPTER,t,,HIGH,,https://amzn.to/4ba4rCO,,,2026-07-24 20:50:42.893,2026-07-24 20:50:42.893
cmrzezzgv000eppju49n653ls,Baby Jogger,Summit X3 Single Jogging,cmqpqqx5f00087qll6393izdt,Graco,SnugRide SnugFit LX,cmqx4qq6u000i3835j7t2euy8,INFANT,ADAPTER,t,,HIGH,,https://amzn.to/4ba4rCO,,,2026-07-24 20:50:42.893,2026-07-24 20:50:42.893
cmqx4wxig003poiqwbto9n7tq,Baby Trend,Expedition 2-in-1,cmqpqqx7s00097qllgw33pm0i,Baby Trend,EZ-Lift Pro,cmqx4qowc000038356zwhetli,INFANT,DIRECT,f,,MEDIUM,Conservative same-brand default for Expedition strollers and EZ-Lift / Secure-Lift infant seats. Confirm current model-year details before purchase.,,,,2026-06-28 01:53:09.544,2026-06-28 01:53:09.544
cmqx4wxmx003roiqw7yxwf7lm,Baby Trend,Expedition 2-in-1,cmqpqqx7s00097qllgw33pm0i,Baby Trend,Secure-Lift 35,cmqx4qp1700013835r8xduy8t,INFANT,DIRECT,f,,MEDIUM,Conservative same-brand default for Expedition strollers and EZ-Lift / Secure-Lift infant seats. Confirm current model-year details before purchase.,,,,2026-06-28 01:53:09.705,2026-06-28 01:53:09.705
cmqzsx2l2000tvnthab11983z,Baby Trend,Expedition Zero Flat Jogger with LED Lights,cmqx8m2mu000010nue3nlua93,Baby Trend,EZ-Lift Pro,cmqx4qowc000038356zwhetli,INFANT,DIRECT,f,,MEDIUM,Conservative same-brand default for Expedition strollers and EZ-Lift / Secure-Lift infant seats. Confirm current model-year details before purchase.,,,,2026-06-29 22:40:39.254,2026-06-29 22:40:39.254
cmqzsx2s3000vvnthu7304sph,Baby Trend,Expedition Zero Flat Jogger with LED Lights,cmqx8m2mu000010nue3nlua93,Baby Trend,Secure-Lift 35,cmqx4qp1700013835r8xduy8t,INFANT,DIRECT,f,,MEDIUM,Conservative same-brand default for Expedition strollers and EZ-Lift / Secure-Lift infant seats. Confirm current model-year details before purchase.,,,,2026-06-29 22:40:39.507,2026-06-29 22:40:39.507
bob-alterrain-pro__britax-cypress-s,BOB,Alterrain Pro,bob-alterrain-pro,Britax,Cypress S,britax-cypress-s,INFANT,ADAPTER,t,BOB adapter for Britax infant seats,MEDIUM,"Britax Cypress S leans Britax-first, but this pairing still needs an adapter plan rather than blind plug-and-play expectations.",https://babylist.pxf.io/c/6560395/1160375/13580?prodsku=2019285&u=https%3A%2F%2Fwww.babylist.com%2Fgp%2Fbob-gear-single-jogging-stroller-adapter-for-select-britax-infant-car-seats%2F54205%2F2019285&intsrc=APIG_8981,94.99,product_8981_2019285,2026-06-13 20:48:32.697,2026-06-21 03:52:05.279
bob-alterrain-pro__britax-willow-s,BOB,Alterrain Pro,bob-alterrain-pro,Britax,Willow S,britax-willow-s,INFANT,ADAPTER,t,BOB adapter for Britax infant seats,MEDIUM,"Britax Willow S leans Britax-first, but this pairing still needs an adapter plan rather than blind plug-and-play expectations.",https://babylist.pxf.io/c/6560395/1160375/13580?prodsku=2019285&u=https%3A%2F%2Fwww.babylist.com%2Fgp%2Fbob-gear-single-jogging-stroller-adapter-for-select-britax-infant-car-seats%2F54205%2F2019285&intsrc=APIG_8981,94.99,product_8981_2019285,2026-06-13 20:48:32.697,2026-06-21 03:52:05.264
cmr0r9tz2001lrvv08jz3ch8c,BOB,Alterrain Pro,bob-alterrain-pro,Nuna,PIPA Aire,nuna-pipa-lite-rx,INFANT,ADAPTER,t,,MEDIUM,BOB Wayfinder / Revolution / Alterrain accepts Nuna / Maxi-Cosi / CYBEX / Clek infant seats via a BOB click-and-go car seat adapter (sold separately). Confirm the exact adapter for your model year before purchase.,,,,2026-06-30 14:42:21.566,2026-06-30 14:42:21.566
cmr0r9u3k001nrvv068kd7dfg,BOB,Alterrain Pro,bob-alterrain-pro,Nuna,PIPA Aire rx,nuna-pipa-aire-rx,INFANT,ADAPTER,t,,MEDIUM,BOB Wayfinder / Revolution / Alterrain accepts Nuna / Maxi-Cosi / CYBEX / Clek infant seats via a BOB click-and-go car seat adapter (sold separately). Confirm the exact adapter for your model year before purchase.,,,,2026-06-30 14:42:21.728,2026-06-30 14:42:21.728
cmr0r9u81001prvv08cmobhjh,BOB,Alterrain Pro,bob-alterrain-pro,Nuna,PIPA RX,nuna-pipa-rx,INFANT,ADAPTER,t,,MEDIUM,BOB Wayfinder / Revolution / Alterrain accepts Nuna / Maxi-Cosi / CYBEX / Clek infant seats via a BOB click-and-go car seat adapter (sold separately). Confirm the exact adapter for your model year before purchase.,,,,2026-06-30 14:42:21.889,2026-06-30 14:42:21.889
cmr0r9uck001rrvv0gwnmpjnp,BOB,Alterrain Pro,bob-alterrain-pro,Nuna,PIPA urbn,nuna-pipa-urbn,INFANT,ADAPTER,t,,MEDIUM,BOB Wayfinder / Revolution / Alterrain accepts Nuna / Maxi-Cosi / CYBEX / Clek infant seats via a BOB click-and-go car seat adapter (sold separately). Confirm the exact adapter for your model year before purchase.,,,,2026-06-30 14:42:22.052,2026-06-30 14:42:22.052
bob-alterrain-pro__uppababy-aria,BOB,Alterrain Pro,bob-alterrain-pro,UPPAbaby,Aria,uppababy-aria,INFANT,ADAPTER,t,BOB infant car seat adapter,MEDIUM,UPPAbaby Aria is compatible with BOB Alterrain Pro via the BOB infant car seat adapter. Confirm the specific adapter SKU for your seat model.,https://www.amazon.com/dp/B09JKWYT9T,,,2026-06-13 20:48:32.697,2026-07-06 23:45:41.594
bob-alterrain-pro__uppababy-aria-v2,BOB,Alterrain Pro,bob-alterrain-pro,UPPAbaby,Aria V2,uppababy-aria-v2,INFANT,ADAPTER,t,BOB infant car seat adapter,MEDIUM,UPPAbaby Aria V2 is compatible with BOB Alterrain Pro via the BOB infant car seat adapter. Confirm the specific adapter SKU for your seat model.,https://www.amazon.com/dp/B09JKWYT9T,,,2026-06-13 20:48:32.697,2026-07-06 23:45:44.346
bob-alterrain-pro__uppababy-mesa-v3,BOB,Alterrain Pro,bob-alterrain-pro,UPPAbaby,Mesa V3,uppababy-mesa-v3,INFANT,ADAPTER,t,BOB infant car seat adapter,MEDIUM,UPPAbaby Mesa V3 is compatible with BOB Alterrain Pro via the BOB infant car seat adapter. Confirm the specific adapter SKU for your seat model.,https://www.amazon.com/dp/B09JKWYT9T,,,2026-06-13 20:48:32.697,2026-07-06 23:45:50.351
bob-rambler__britax-cypress-s,BOB,Rambler,bob-rambler,Britax,Cypress S,britax-cypress-s,INFANT,ADAPTER,t,BOB adapter for Britax infant seats,MEDIUM,"Britax Cypress S leans Britax-first, but this pairing still needs an adapter plan rather than blind plug-and-play expectations.",https://babylist.pxf.io/c/6560395/1160375/13580?prodsku=2019285&u=https%3A%2F%2Fwww.babylist.com%2Fgp%2Fbob-gear-single-jogging-stroller-adapter-for-select-britax-infant-car-seats%2F54205%2F2019285&intsrc=APIG_8981,94.99,product_8981_2019285,2026-03-22 17:19:43.93,2026-06-21 03:52:05.187
bob-rambler__britax-willow-s,BOB,Rambler,bob-rambler,Britax,Willow S,britax-willow-s,INFANT,ADAPTER,t,BOB adapter for Britax infant seats,MEDIUM,"Britax Willow S leans Britax-first, but this pairing still needs an adapter plan rather than blind plug-and-play expectations.",https://babylist.pxf.io/c/6560395/1160375/13580?prodsku=2019285&u=https%3A%2F%2Fwww.babylist.com%2Fgp%2Fbob-gear-single-jogging-stroller-adapter-for-select-britax-infant-car-seats%2F54205%2F2019285&intsrc=APIG_8981,94.99,product_8981_2019285,2026-03-22 17:19:43.856,2026-06-21 03:52:05.249
bob-rambler__nuna-pipa-aire-rx,BOB,Rambler,bob-rambler,Nuna,PIPA Aire rx,nuna-pipa-aire-rx,INFANT,ADAPTER,t,BOB adapter for Maxi-Cosi / Nuna / CYBEX / Clek infant seats,LOW,Compatible via same adapter path as Nuna PIPA rx.,,,,2026-06-13 20:48:32.741,2026-06-13 20:48:32.741
bob-rambler__nuna-pipa-rx,BOB,Rambler,bob-rambler,Nuna,PIPA RX,nuna-pipa-rx,INFANT,ADAPTER,t,BOB adapter for Maxi-Cosi / Nuna / CYBEX / Clek infant seats,LOW,"BOB travel systems stay adapter-dependent, including the infant-seat pairings that feel most natural inside the brand.",,,,2026-03-22 17:19:43.856,2026-03-22 17:19:43.856
cmr5mq9a8000j10s6kj0k8r2i,BOB,Rambler,bob-rambler,Nuna,PIPA urbn,nuna-pipa-urbn,INFANT,ADAPTER,t,BOB adapter for Maxi-Cosi / Nuna / CYBEX / Clek infant seats,LOW,Compatible via same adapter path as Nuna PIPA rx.,,,,2026-07-04 00:34:00.704,2026-07-04 00:34:00.704
bob-renegade-wagon__britax-cypress-s,BOB,Renegade Wagon,bob-renegade-wagon,Britax,Cypress S,britax-cypress-s,INFANT,ADAPTER,t,BOB adapter for Britax infant seats,MEDIUM,"Britax Cypress S leans Britax-first, but this pairing still needs an adapter plan rather than blind plug-and-play expectations.",https://babylist.pxf.io/c/6560395/1160375/13580?prodsku=2019285&u=https%3A%2F%2Fwww.babylist.com%2Fgp%2Fbob-gear-single-jogging-stroller-adapter-for-select-britax-infant-car-seats%2F54205%2F2019285&intsrc=APIG_8981,94.99,product_8981_2019285,2026-03-22 17:19:43.93,2026-06-21 03:52:05.286
bob-renegade-wagon__britax-willow-s,BOB,Renegade Wagon,bob-renegade-wagon,Britax,Willow S,britax-willow-s,INFANT,ADAPTER,t,BOB adapter for Britax infant seats,MEDIUM,"Britax Willow S leans Britax-first, but this pairing still needs an adapter plan rather than blind plug-and-play expectations.",https://babylist.pxf.io/c/6560395/1160375/13580?prodsku=2019285&u=https%3A%2F%2Fwww.babylist.com%2Fgp%2Fbob-gear-single-jogging-stroller-adapter-for-select-britax-infant-car-seats%2F54205%2F2019285&intsrc=APIG_8981,94.99,product_8981_2019285,2026-03-22 17:19:43.856,2026-06-21 03:52:05.194
bob-renegade-wagon__nuna-pipa-aire-rx,BOB,Renegade Wagon,bob-renegade-wagon,Nuna,PIPA Aire rx,nuna-pipa-aire-rx,INFANT,ADAPTER,t,BOB adapter for Maxi-Cosi / Nuna / CYBEX / Clek infant seats,LOW,Compatible via same adapter path as Nuna PIPA rx.,,,,2026-06-13 20:48:32.741,2026-06-13 20:48:32.741
bob-renegade-wagon__nuna-pipa-rx,BOB,Renegade Wagon,bob-renegade-wagon,Nuna,PIPA RX,nuna-pipa-rx,INFANT,ADAPTER,t,BOB adapter for Maxi-Cosi / Nuna / CYBEX / Clek infant seats,LOW,"BOB travel systems stay adapter-dependent, including the infant-seat pairings that feel most natural inside the brand.",,,,2026-03-22 17:19:43.856,2026-03-22 17:19:43.856
cmr5mq93c000h10s6ccadrjne,BOB,Renegade Wagon,bob-renegade-wagon,Nuna,PIPA urbn,nuna-pipa-urbn,INFANT,ADAPTER,t,BOB adapter for Maxi-Cosi / Nuna / CYBEX / Clek infant seats,LOW,Compatible via same adapter path as Nuna PIPA rx.,,,,2026-07-04 00:34:00.456,2026-07-04 00:34:00.456
bob-revolution-flex-3__britax-cypress-s,BOB,Revolution Flex 3.0,bob-revolution-flex-3,Britax,Cypress S,britax-cypress-s,INFANT,ADAPTER,t,BOB adapter for Britax infant seats,MEDIUM,"Britax Cypress S leans Britax-first, but this pairing still needs an adapter plan rather than blind plug-and-play expectations.",https://babylist.pxf.io/c/6560395/1160375/13580?prodsku=2019285&u=https%3A%2F%2Fwww.babylist.com%2Fgp%2Fbob-gear-single-jogging-stroller-adapter-for-select-britax-infant-car-seats%2F54205%2F2019285&intsrc=APIG_8981,94.99,product_8981_2019285,2026-03-22 17:19:43.93,2026-06-21 03:52:05.209
bob-revolution-flex-3__britax-willow-s,BOB,Revolution Flex 3.0,bob-revolution-flex-3,Britax,Willow S,britax-willow-s,INFANT,ADAPTER,t,BOB adapter for Britax infant seats,MEDIUM,"Britax Willow S leans Britax-first, but this pairing still needs an adapter plan rather than blind plug-and-play expectations.",https://babylist.pxf.io/c/6560395/1160375/13580?prodsku=2019285&u=https%3A%2F%2Fwww.babylist.com%2Fgp%2Fbob-gear-single-jogging-stroller-adapter-for-select-britax-infant-car-seats%2F54205%2F2019285&intsrc=APIG_8981,94.99,product_8981_2019285,2026-03-22 17:19:43.856,2026-06-21 03:52:05.258
cmrmw9w020009nxw1hrsqsjbs,BOB,Revolution Flex 3.0,bob-revolution-flex-3,Britax,Willow SC,cmqt1dq4e00043u44vihpznhm,INFANT,ADAPTER,t,BOB Gear Single Jogging Stroller Adapter for Select Britax Infant Car Seats in Black,MEDIUM,"Inferred from the catalog adapter ""BOB Gear Single Jogging Stroller Adapter for Select Britax Infant Car Seats in Black"".",https://babylist.pxf.io/c/6560395/1160375/13580?prodsku=2019285&u=https%3A%2F%2Fwww.babylist.com%2Fgp%2Fbob-gear-single-jogging-stroller-adapter-for-select-britax-infant-car-seats%2F54205%2F2019285&intsrc=CATF_8981,94.99,,2026-07-16 02:33:18.147,2026-07-16 02:33:18.147
cmrjw737p001ey3w4o56l9mo7,BOB,Revolution Flex 3.0,bob-revolution-flex-3,Chicco,KeyFit 30,chicco-keyfit-30,INFANT,ADAPTER,t,,HIGH,,https://amzn.to/4vvs4gx,,,2026-07-14 00:07:48.996,2026-07-14 00:07:48.996
cmrjw738d001my3w4gk4yq3fm,BOB,Revolution Flex 3.0,bob-revolution-flex-3,Chicco,KeyFit 30 ClearTex,cmqx4qp6y00033835pgtlizxk,INFANT,ADAPTER,t,,HIGH,,https://amzn.to/4vvs4gx,,,2026-07-14 00:07:48.996,2026-07-14 00:07:48.996
cmrjw73a3001qy3w4p1jzvyjc,BOB,Revolution Flex 3.0,bob-revolution-flex-3,Chicco,KeyFit Max ClearTex,cmqx4qp9s00043835h85g6sl0,INFANT,ADAPTER,t,,HIGH,,https://amzn.to/4vvs4gx,,,2026-07-14 00:07:48.996,2026-07-14 00:07:48.996
cmrjw737q001iy3w4qx0zc39y,BOB,Revolution Flex 3.0,bob-revolution-flex-3,Chicco,KeyFit Max Zip ClearLux,cmqx4qpc50005383512d994gn,INFANT,ADAPTER,t,,HIGH,,https://amzn.to/4vvs4gx,,,2026-07-14 00:07:48.996,2026-07-14 00:07:48.996
cmrjw7397001oy3w44l3w0jrj,BOB,Revolution Flex 3.0,bob-revolution-flex-3,Chicco,KeyFit Max Zip ClearTex,cmqx4qpeg00063835eten1p5s,INFANT,ADAPTER,t,,HIGH,,https://amzn.to/4vvs4gx,,,2026-07-14 00:07:48.996,2026-07-14 00:07:48.996
cmrjw3hbc000hy3w423xhzxlo,BOB,Revolution Flex 3.0,bob-revolution-flex-3,Clek,Liing,clek-liing,INFANT,ADAPTER,t,,HIGH,,https://amzn.to/4wDTiSS,,,2026-07-14 00:05:00.646,2026-07-14 00:05:00.646
cmrjw3hbb000dy3w4aqk5gmsp,BOB,Revolution Flex 3.0,bob-revolution-flex-3,Clek,Liingo,clek-liingo,INFANT,ADAPTER,t,,HIGH,,https://amzn.to/4wDTiSS,,,2026-07-14 00:05:00.646,2026-07-14 00:05:00.646
cmrjw3hg7000ly3w4ylv8470k,BOB,Revolution Flex 3.0,bob-revolution-flex-3,Cybex,Aton G2,cmqx4qpgs00073835wm1de2we,INFANT,ADAPTER,t,,HIGH,,https://amzn.to/4wDTiSS,,,2026-07-14 00:05:00.646,2026-07-14 00:05:00.646
cmrjw3hgx000py3w4c7d6409v,BOB,Revolution Flex 3.0,bob-revolution-flex-3,Cybex,Aton G2 Swivel,cmrdwvbsy000u7tmavhnk64ww,INFANT,ADAPTER,t,,HIGH,,https://amzn.to/4wDTiSS,,,2026-07-14 00:05:00.646,2026-07-14 00:05:00.646
cmrjw3hbc000jy3w41ysh24hz,BOB,Revolution Flex 3.0,bob-revolution-flex-3,Cybex,Cloud G Pro Comfort Extend,cmqx4qpj400083835htva49ii,INFANT,ADAPTER,t,,HIGH,,https://amzn.to/4wDTiSS,,,2026-07-14 00:05:00.646,2026-07-14 00:05:00.646
cmrjw3hbc000fy3w41gfd2qkp,BOB,Revolution Flex 3.0,bob-revolution-flex-3,Cybex,Cloud T,cybex-cloud-t,INFANT,ADAPTER,t,,HIGH,,https://amzn.to/4wDTiSS,,,2026-07-14 00:05:00.646,2026-07-14 00:05:00.646
cmrjw8y8m001uy3w4apw1p36i,BOB,Revolution Flex 3.0,bob-revolution-flex-3,Graco,GoMax,cmqx4qpx8000e3835nvrnxr0i,INFANT,ADAPTER,t,,HIGH,,https://amzn.to/4eZUr1p,,,2026-07-14 00:09:15.861,2026-07-14 00:09:15.861
cmrjw8y8n0020y3w4ovzygjfm,BOB,Revolution Flex 3.0,bob-revolution-flex-3,Graco,SnugRide Lite LX,cmqx4qpzp000f3835i6cp9pth,INFANT,ADAPTER,t,,HIGH,,https://amzn.to/4eZUr1p,,,2026-07-14 00:09:15.861,2026-07-14 00:09:15.861
cmrjw8y8n001yy3w438af6kdl,BOB,Revolution Flex 3.0,bob-revolution-flex-3,Graco,SnugRide SnugFit,cmqx4qq4h000h3835n8ni2r9m,INFANT,ADAPTER,t,,HIGH,,https://amzn.to/4eZUr1p,,,2026-07-14 00:09:15.861,2026-07-14 00:09:15.861
cmrjw8y8n001wy3w4uy8zqcus,BOB,Revolution Flex 3.0,bob-revolution-flex-3,Graco,SnugRide SnugFit DLX,cmqx4qq26000g3835g3mh924j,INFANT,ADAPTER,t,,HIGH,,https://amzn.to/4eZUr1p,,,2026-07-14 00:09:15.861,2026-07-14 00:09:15.861
cmrjw8y8m001sy3w4jid1lrpy,BOB,Revolution Flex 3.0,bob-revolution-flex-3,Graco,SnugRide SnugFit LX,cmqx4qq6u000i3835j7t2euy8,INFANT,ADAPTER,t,,HIGH,,https://amzn.to/4eZUr1p,,,2026-07-14 00:09:15.861,2026-07-14 00:09:15.861
cmrjw4aqn000wy3w4cvdubkmp,BOB,Revolution Flex 3.0,bob-revolution-flex-3,Maxi-Cosi,Ambra,cmqx4qqbg000k3835k8b3mf6l,INFANT,ADAPTER,t,,HIGH,,https://amzn.to/4wDTiSS,,,2026-07-14 00:05:38.783,2026-07-14 00:05:38.783
cmrjw4aqo000zy3w4qqyd8kgc,BOB,Revolution Flex 3.0,bob-revolution-flex-3,Maxi-Cosi,Mico Luxe,maxi-cosi-mico-luxe,INFANT,ADAPTER,t,,HIGH,,https://amzn.to/4wDTiSS,,,2026-07-14 00:05:38.783,2026-07-14 00:05:38.783
cmrjw4aqn000xy3w4wkeztab7,BOB,Revolution Flex 3.0,bob-revolution-flex-3,Maxi-Cosi,Mico Pro,maxi-cosi-mico-pro,INFANT,ADAPTER,t,,HIGH,,https://amzn.to/4wDTiSS,,,2026-07-14 00:05:38.783,2026-07-14 00:05:38.783
cmrjw4aqn000uy3w4l9lj5rdf,BOB,Revolution Flex 3.0,bob-revolution-flex-3,Maxi-Cosi,Peri 180,maxi-cosi-peri,INFANT,ADAPTER,t,,HIGH,,https://amzn.to/4wDTiSS,,,2026-07-14 00:05:38.783,2026-07-14 00:05:38.783
cmr0r9uh2001trvv09b2v12do,BOB,Revolution Flex 3.0,bob-revolution-flex-3,Nuna,PIPA Aire,nuna-pipa-lite-rx,INFANT,ADAPTER,t,,HIGH,,https://amzn.to/4wDTiSS,,,2026-06-30 14:42:22.214,2026-07-14 00:05:38.783
bob-revolution-flex-3__nuna-pipa-aire-rx,BOB,Revolution Flex 3.0,bob-revolution-flex-3,Nuna,PIPA Aire rx,nuna-pipa-aire-rx,INFANT,ADAPTER,t,,HIGH,,https://amzn.to/4wDTiSS,,,2026-06-13 20:48:32.741,2026-07-14 00:05:38.783
bob-revolution-flex-3__nuna-pipa-rx,BOB,Revolution Flex 3.0,bob-revolution-flex-3,Nuna,PIPA RX,nuna-pipa-rx,INFANT,ADAPTER,t,,HIGH,,https://amzn.to/4wDTiSS,,,2026-03-22 17:19:43.856,2026-07-14 00:05:38.783
cmr0r9uqx001vrvv02zml7tq5,BOB,Revolution Flex 3.0,bob-revolution-flex-3,Nuna,PIPA urbn,nuna-pipa-urbn,INFANT,ADAPTER,t,,HIGH,,https://amzn.to/4wDTiSS,,,2026-06-30 14:42:22.569,2026-07-14 00:05:38.783
cmrjwafcp0022y3w4vhh51q2w,BOB,Revolution Flex 3.0,bob-revolution-flex-3,Peg Perego,Primo Viaggio 4-35,peg-perego-primo-viaggio-4-35,INFANT,ADAPTER,t,,HIGH,,https://amzn.to/45345KE,,,2026-07-14 00:10:24.697,2026-07-14 00:10:24.697
cmrjwafcq0026y3w4cr6dxjgh,BOB,Revolution Flex 3.0,bob-revolution-flex-3,Peg Perego,Primo Viaggio Lounge,cmqx4qqg6000m3835m0yyofjb,INFANT,ADAPTER,t,,HIGH,,https://amzn.to/45345KE,,,2026-07-14 00:10:24.697,2026-07-14 00:10:24.697
cmrjwafcq0024y3w4v9f7s7ne,BOB,Revolution Flex 3.0,bob-revolution-flex-3,Peg Perego,Primo Viaggio Nido,cmqx4qqif000n3835uubq8mpy,INFANT,ADAPTER,t,,HIGH,,https://amzn.to/45345KE,,,2026-07-14 00:10:24.697,2026-07-14 00:10:24.697
bob-revolution-flex-3__uppababy-aria-v2,BOB,Revolution Flex 3.0,bob-revolution-flex-3,UPPAbaby,Aria V2,uppababy-aria-v2,INFANT,ADAPTER,t,BOB infant car seat adapter,MEDIUM,UPPAbaby Aria V2 is compatible with BOB Revolution Flex 3.0 via the BOB infant car seat adapter.,https://www.amazon.com/dp/B09JKWYT9T,,,2026-06-13 20:48:32.697,2026-07-06 23:46:03.667
bob-revolution-flex-3__uppababy-mesa-v3,BOB,Revolution Flex 3.0,bob-revolution-flex-3,UPPAbaby,Mesa V3,uppababy-mesa-v3,INFANT,ADAPTER,t,BOB infant car seat adapter,MEDIUM,UPPAbaby Mesa V3 is compatible with BOB Revolution Flex 3.0 via the BOB infant car seat adapter.,https://www.amazon.com/dp/B09JKWYT9T,,,2026-06-13 20:48:32.697,2026-07-06 23:46:05.653
bob-revolution-flex-duallie-3__britax-cypress-s,BOB,Revolution Flex 3.0 Duallie,bob-revolution-flex-duallie-3,Britax,Cypress S,britax-cypress-s,INFANT,ADAPTER,t,BOB adapter for Britax infant seats,MEDIUM,"Britax Cypress S leans Britax-first, but this pairing still needs an adapter plan rather than blind plug-and-play expectations.",https://babylist.pxf.io/c/6560395/1160375/13580?prodsku=2019285&u=https%3A%2F%2Fwww.babylist.com%2Fgp%2Fbob-gear-single-jogging-stroller-adapter-for-select-britax-infant-car-seats%2F54205%2F2019285&intsrc=APIG_8981,94.99,product_8981_2019285,2026-03-22 17:19:43.93,2026-06-21 03:52:05.235
bob-revolution-flex-duallie-3__britax-willow-s,BOB,Revolution Flex 3.0 Duallie,bob-revolution-flex-duallie-3,Britax,Willow S,britax-willow-s,INFANT,ADAPTER,t,BOB adapter for Britax infant seats,MEDIUM,"Britax Willow S leans Britax-first, but this pairing still needs an adapter plan rather than blind plug-and-play expectations.",https://babylist.pxf.io/c/6560395/1160375/13580?prodsku=2019285&u=https%3A%2F%2Fwww.babylist.com%2Fgp%2Fbob-gear-single-jogging-stroller-adapter-for-select-britax-infant-car-seats%2F54205%2F2019285&intsrc=APIG_8981,94.99,product_8981_2019285,2026-03-22 17:19:43.856,2026-06-21 03:52:05.215
cmrmw9voo0001nxw1q70jryw9,BOB,Revolution Flex 3.0 Duallie,bob-revolution-flex-duallie-3,Britax,Willow SC,cmqt1dq4e00043u44vihpznhm,INFANT,ADAPTER,t,BOB Gear Single Jogging Stroller Adapter for Select Britax Infant Car Seats in Black,MEDIUM,"Inferred from the catalog adapter ""BOB Gear Single Jogging Stroller Adapter for Select Britax Infant Car Seats in Black"".",https://babylist.pxf.io/c/6560395/1160375/13580?prodsku=2019285&u=https%3A%2F%2Fwww.babylist.com%2Fgp%2Fbob-gear-single-jogging-stroller-adapter-for-select-britax-infant-car-seats%2F54205%2F2019285&intsrc=CATF_8981,94.99,,2026-07-16 02:33:17.736,2026-07-16 02:33:17.736
cmrkx1ctx002u3k520a5or64n,BOB,Revolution Flex 3.0 Duallie,bob-revolution-flex-duallie-3,Chicco,KeyFit 30,chicco-keyfit-30,INFANT,ADAPTER,t,,HIGH,,https://amzn.to/457m3vu,,,2026-07-14 17:19:07.317,2026-07-14 17:19:07.317
cmrkx1ctx002q3k52iwz7jgul,BOB,Revolution Flex 3.0 Duallie,bob-revolution-flex-duallie-3,Chicco,KeyFit 30 ClearTex,cmqx4qp6y00033835pgtlizxk,INFANT,ADAPTER,t,,HIGH,,https://amzn.to/457m3vu,,,2026-07-14 17:19:07.317,2026-07-14 17:19:07.317
cmrkx1ctx002s3k529r50tduj,BOB,Revolution Flex 3.0 Duallie,bob-revolution-flex-duallie-3,Chicco,KeyFit Max ClearTex,cmqx4qp9s00043835h85g6sl0,INFANT,ADAPTER,t,,HIGH,,https://amzn.to/457m3vu,,,2026-07-14 17:19:07.317,2026-07-14 17:19:07.317
cmrkx1cug00323k52xbmoe6qy,BOB,Revolution Flex 3.0 Duallie,bob-revolution-flex-duallie-3,Chicco,KeyFit Max Zip ClearLux,cmqx4qpc50005383512d994gn,INFANT,ADAPTER,t,,HIGH,,https://amzn.to/457m3vu,,,2026-07-14 17:19:07.317,2026-07-14 17:19:07.317
cmrkx1cug00303k520siqriym,BOB,Revolution Flex 3.0 Duallie,bob-revolution-flex-duallie-3,Chicco,KeyFit Max Zip ClearTex,cmqx4qpeg00063835eten1p5s,INFANT,ADAPTER,t,,HIGH,,https://amzn.to/457m3vu,,,2026-07-14 17:19:07.317,2026-07-14 17:19:07.317
cmrkwz1ml002g3k520yg6xok0,BOB,Revolution Flex 3.0 Duallie,bob-revolution-flex-duallie-3,Graco,GoMax,cmqx4qpx8000e3835nvrnxr0i,INFANT,ADAPTER,t,,HIGH,,https://amzn.to/4vtisTg,,,2026-07-14 17:17:19.481,2026-07-14 17:17:19.481
cmrkwz1mk00283k52isz2mylw,BOB,Revolution Flex 3.0 Duallie,bob-revolution-flex-duallie-3,Graco,SnugRide Lite LX,cmqx4qpzp000f3835i6cp9pth,INFANT,ADAPTER,t,,HIGH,,https://amzn.to/4vtisTg,,,2026-07-14 17:17:19.481,2026-07-14 17:17:19.481
cmrkwz1ml002b3k52clxryp5p,BOB,Revolution Flex 3.0 Duallie,bob-revolution-flex-duallie-3,Graco,SnugRide SnugFit,cmqx4qq4h000h3835n8ni2r9m,INFANT,ADAPTER,t,,HIGH,,https://amzn.to/4vtisTg,,,2026-07-14 17:17:19.481,2026-07-14 17:17:19.481
cmrkwz1ml002e3k524cqzkhh8,BOB,Revolution Flex 3.0 Duallie,bob-revolution-flex-duallie-3,Graco,SnugRide SnugFit DLX,cmqx4qq26000g3835g3mh924j,INFANT,ADAPTER,t,,HIGH,,https://amzn.to/4vtisTg,,,2026-07-14 17:17:19.481,2026-07-14 17:17:19.481
cmrkwz1ml002d3k52j60wsbdm,BOB,Revolution Flex 3.0 Duallie,bob-revolution-flex-duallie-3,Graco,SnugRide SnugFit LX,cmqx4qq6u000i3835j7t2euy8,INFANT,ADAPTER,t,,HIGH,,https://amzn.to/4vtisTg,,,2026-07-14 17:17:19.481,2026-07-14 17:17:19.481
cmr0r9uvk001xrvv06g9zoxqf,BOB,Revolution Flex 3.0 Duallie,bob-revolution-flex-duallie-3,Nuna,PIPA Aire,nuna-pipa-lite-rx,INFANT,ADAPTER,t,,MEDIUM,BOB Wayfinder / Revolution / Alterrain accepts Nuna / Maxi-Cosi / CYBEX / Clek infant seats via a BOB click-and-go car seat adapter (sold separately). Confirm the exact adapter for your model year before purchase.,,,,2026-06-30 14:42:22.736,2026-06-30 14:42:22.736
bob-revolution-flex-duallie-3__nuna-pipa-aire-rx,BOB,Revolution Flex 3.0 Duallie,bob-revolution-flex-duallie-3,Nuna,PIPA Aire rx,nuna-pipa-aire-rx,INFANT,ADAPTER,t,BOB adapter for Maxi-Cosi / Nuna / CYBEX / Clek infant seats,LOW,Compatible via same adapter path as Nuna PIPA rx.,,,,2026-06-13 20:48:32.741,2026-06-13 20:48:32.741
bob-revolution-flex-duallie-3__nuna-pipa-rx,BOB,Revolution Flex 3.0 Duallie,bob-revolution-flex-duallie-3,Nuna,PIPA RX,nuna-pipa-rx,INFANT,ADAPTER,t,BOB adapter for Maxi-Cosi / Nuna / CYBEX / Clek infant seats,LOW,"BOB travel systems stay adapter-dependent, including the infant-seat pairings that feel most natural inside the brand.",,,,2026-03-22 17:19:43.856,2026-03-22 17:19:43.856
cmr0r9v4l001zrvv0od0ywinm,BOB,Revolution Flex 3.0 Duallie,bob-revolution-flex-duallie-3,Nuna,PIPA urbn,nuna-pipa-urbn,INFANT,ADAPTER,t,,MEDIUM,BOB Wayfinder / Revolution / Alterrain accepts Nuna / Maxi-Cosi / CYBEX / Clek infant seats via a BOB click-and-go car seat adapter (sold separately). Confirm the exact adapter for your model year before purchase.,,,,2026-06-30 14:42:23.061,2026-06-30 14:42:23.061
bob-revolution-flex-duallie-3__uppababy-aria-v2,BOB,Revolution Flex 3.0 Duallie,bob-revolution-flex-duallie-3,UPPAbaby,Aria V2,uppababy-aria-v2,INFANT,ADAPTER,t,BOB infant car seat adapter,MEDIUM,UPPAbaby Aria V2 is compatible with BOB Revolution Flex 3.0 via the BOB infant car seat adapter.,,,,2026-06-13 20:48:32.697,2026-06-13 20:48:32.697
bob-revolution-flex-duallie-3__uppababy-mesa-v3,BOB,Revolution Flex 3.0 Duallie,bob-revolution-flex-duallie-3,UPPAbaby,Mesa V3,uppababy-mesa-v3,INFANT,ADAPTER,t,BOB infant car seat adapter,MEDIUM,UPPAbaby Mesa V3 is compatible with BOB Revolution Flex 3.0 via the BOB infant car seat adapter.,,,,2026-06-13 20:48:32.697,2026-06-13 20:48:32.697
bob-wayfinder__britax-cypress-s,BOB,Wayfinder,bob-wayfinder,Britax,Cypress S,britax-cypress-s,INFANT,ADAPTER,t,BOB adapter for Britax infant seats,MEDIUM,"Britax Cypress S leans Britax-first, but this pairing still needs an adapter plan rather than blind plug-and-play expectations.",https://babylist.pxf.io/c/6560395/1160375/13580?prodsku=2019285&u=https%3A%2F%2Fwww.babylist.com%2Fgp%2Fbob-gear-single-jogging-stroller-adapter-for-select-britax-infant-car-seats%2F54205%2F2019285&intsrc=APIG_8981,94.99,product_8981_2019285,2026-03-22 17:19:43.93,2026-06-21 03:52:05.243
bob-wayfinder__britax-willow-s,BOB,Wayfinder,bob-wayfinder,Britax,Willow S,britax-willow-s,INFANT,ADAPTER,t,,HIGH,,https://amzn.to/4wGV0mL,,,2026-03-22 17:19:43.856,2026-07-14 00:13:32.235
cmqx6t1se000314fc5yv3sc3u,BOB,Wayfinder,bob-wayfinder,Britax,Willow SC,cmqt1dq4e00043u44vihpznhm,INFANT,ADAPTER,t,,HIGH,,https://amzn.to/4wGV0mL,,,2026-06-28 02:46:07.694,2026-07-14 00:13:32.235
cmrjwdrt3002uy3w4lbyj71bs,BOB,Wayfinder,bob-wayfinder,Clek,Liing,clek-liing,INFANT,ADAPTER,t,,HIGH,,https://amzn.to/3Tyr6Tb,,,2026-07-14 00:13:00.806,2026-07-14 00:13:00.806
cmrjwdrtj0030y3w4md3dnh6b,BOB,Wayfinder,bob-wayfinder,Clek,Liingo,clek-liingo,INFANT,ADAPTER,t,,HIGH,,https://amzn.to/3Tyr6Tb,,,2026-07-14 00:13:00.806,2026-07-14 00:13:00.806
cmrjwdrt4002wy3w4ezfrd46r,BOB,Wayfinder,bob-wayfinder,Cybex,Aton G2,cmqx4qpgs00073835wm1de2we,INFANT,ADAPTER,t,,HIGH,,https://amzn.to/3Tyr6Tb,,,2026-07-14 00:13:00.806,2026-07-14 00:13:00.806
cmrjwdrt3002sy3w493hrt9jm,BOB,Wayfinder,bob-wayfinder,Cybex,Aton G2 Swivel,cmrdwvbsy000u7tmavhnk64ww,INFANT,ADAPTER,t,,HIGH,,https://amzn.to/3Tyr6Tb,,,2026-07-14 00:13:00.806,2026-07-14 00:13:00.806
cmrjwdrtj0032y3w4pv2io7m5,BOB,Wayfinder,bob-wayfinder,Cybex,Cloud G Pro Comfort Extend,cmqx4qpj400083835htva49ii,INFANT,ADAPTER,t,,HIGH,,https://amzn.to/3Tyr6Tb,,,2026-07-14 00:13:00.806,2026-07-14 00:13:00.806
cmrjwdrtj002yy3w48lda0qd5,BOB,Wayfinder,bob-wayfinder,Cybex,Cloud T,cybex-cloud-t,INFANT,ADAPTER,t,,HIGH,,https://amzn.to/3Tyr6Tb,,,2026-07-14 00:13:00.806,2026-07-14 00:13:00.806
cmrjwcj8z002iy3w4rudqzbf8,BOB,Wayfinder,bob-wayfinder,Maxi-Cosi,Ambra,cmqx4qqbg000k3835k8b3mf6l,INFANT,ADAPTER,t,,HIGH,,https://amzn.to/3Tyr6Tb,,,2026-07-14 00:12:03.028,2026-07-14 00:12:03.028
cmrjwcj8y002gy3w4scj1vd4h,BOB,Wayfinder,bob-wayfinder,Maxi-Cosi,Mico Luxe,maxi-cosi-mico-luxe,INFANT,ADAPTER,t,,HIGH,,https://amzn.to/3Tyr6Tb,,,2026-07-14 00:12:03.028,2026-07-14 00:12:03.028
cmrjwcj840028y3w4onrfoaiw,BOB,Wayfinder,bob-wayfinder,Maxi-Cosi,Mico Pro,maxi-cosi-mico-pro,INFANT,ADAPTER,t,,HIGH,,https://amzn.to/3Tyr6Tb,,,2026-07-14 00:12:03.028,2026-07-14 00:12:03.028
cmrjwcj91002ky3w4469aevrm,BOB,Wayfinder,bob-wayfinder,Maxi-Cosi,Peri 180,maxi-cosi-peri,INFANT,ADAPTER,t,,HIGH,,https://amzn.to/3Tyr6Tb,,,2026-07-14 00:12:03.028,2026-07-14 00:12:03.028
cmr0r9v940021rvv0wo7om23u,BOB,Wayfinder,bob-wayfinder,Nuna,PIPA Aire,nuna-pipa-lite-rx,INFANT,ADAPTER,t,,HIGH,,https://amzn.to/3Tyr6Tb,,,2026-06-30 14:42:23.225,2026-07-14 00:12:03.028
bob-wayfinder__nuna-pipa-aire-rx,BOB,Wayfinder,bob-wayfinder,Nuna,PIPA Aire rx,nuna-pipa-aire-rx,INFANT,ADAPTER,t,,HIGH,,https://amzn.to/3Tyr6Tb,,,2026-06-13 20:48:32.741,2026-07-14 00:12:03.028
bob-wayfinder__nuna-pipa-rx,BOB,Wayfinder,bob-wayfinder,Nuna,PIPA RX,nuna-pipa-rx,INFANT,ADAPTER,t,,HIGH,,https://amzn.to/3Tyr6Tb,,,2026-03-22 17:19:43.856,2026-07-14 00:12:03.028
cmr0r9vih0023rvv0xfplo93x,BOB,Wayfinder,bob-wayfinder,Nuna,PIPA urbn,nuna-pipa-urbn,INFANT,ADAPTER,t,,HIGH,,https://amzn.to/3Tyr6Tb,,,2026-06-30 14:42:23.561,2026-07-14 00:12:03.028
cmrfd649p00kvt781gimgt9uq,Bombi,Bēbee Twin V2,cmrdx44lf00001sxj80plzl5e,Britax,Cypress S,britax-cypress-s,INFANT,ADAPTER,t,,MEDIUM,Bombi Bēbee (V3 / Twin V2) accepts Nuna / Maxi-Cosi / CYBEX / Clek infant seats via a Bombi click-and-go car seat adapter (sold separately). Confirm the exact adapter for your model year before purchase.,,,,2026-07-10 20:04:06.301,2026-07-10 20:04:06.301
cmrfd64e500kxt781fxqwox3g,Bombi,Bēbee Twin V2,cmrdx44lf00001sxj80plzl5e,Britax,Willow S,britax-willow-s,INFANT,ADAPTER,t,,MEDIUM,Bombi Bēbee (V3 / Twin V2) accepts Nuna / Maxi-Cosi / CYBEX / Clek infant seats via a Bombi click-and-go car seat adapter (sold separately). Confirm the exact adapter for your model year before purchase.,,,,2026-07-10 20:04:06.462,2026-07-10 20:04:06.462
cmrfd64il00kzt781e00s8b1v,Bombi,Bēbee Twin V2,cmrdx44lf00001sxj80plzl5e,Britax,Willow SC,cmqt1dq4e00043u44vihpznhm,INFANT,ADAPTER,t,,MEDIUM,Bombi Bēbee (V3 / Twin V2) accepts Nuna / Maxi-Cosi / CYBEX / Clek infant seats via a Bombi click-and-go car seat adapter (sold separately). Confirm the exact adapter for your model year before purchase.,,,,2026-07-10 20:04:06.621,2026-07-10 20:04:06.621
cmrfd62ip00k3t781ku1e8ywk,Bombi,Bēbee Twin V2,cmrdx44lf00001sxj80plzl5e,Chicco,KeyFit 30,chicco-keyfit-30,INFANT,ADAPTER,t,,MEDIUM,Bombi Bēbee (V3 / Twin V2) accepts Nuna / Maxi-Cosi / CYBEX / Clek infant seats via a Bombi click-and-go car seat adapter (sold separately). Confirm the exact adapter for your model year before purchase.,,,,2026-07-10 20:04:04.034,2026-07-10 20:04:04.034
cmrfd62n600k5t781f05xor75,Bombi,Bēbee Twin V2,cmrdx44lf00001sxj80plzl5e,Chicco,KeyFit 30 ClearTex,cmqx4qp6y00033835pgtlizxk,INFANT,ADAPTER,t,,MEDIUM,Bombi Bēbee (V3 / Twin V2) accepts Nuna / Maxi-Cosi / CYBEX / Clek infant seats via a Bombi click-and-go car seat adapter (sold separately). Confirm the exact adapter for your model year before purchase.,,,,2026-07-10 20:04:04.194,2026-07-10 20:04:04.194
cmrfd62w200k9t781szzcxo8j,Bombi,Bēbee Twin V2,cmrdx44lf00001sxj80plzl5e,Chicco,KeyFit Max ClearTex,cmqx4qp9s00043835h85g6sl0,INFANT,ADAPTER,t,,MEDIUM,Bombi Bēbee (V3 / Twin V2) accepts Nuna / Maxi-Cosi / CYBEX / Clek infant seats via a Bombi click-and-go car seat adapter (sold separately). Confirm the exact adapter for your model year before purchase.,,,,2026-07-10 20:04:04.514,2026-07-10 20:04:04.514
cmrfd630n00kbt781eurufd1k,Bombi,Bēbee Twin V2,cmrdx44lf00001sxj80plzl5e,Chicco,KeyFit Max Zip ClearLux,cmqx4qpc50005383512d994gn,INFANT,ADAPTER,t,,MEDIUM,Bombi Bēbee (V3 / Twin V2) accepts Nuna / Maxi-Cosi / CYBEX / Clek infant seats via a Bombi click-and-go car seat adapter (sold separately). Confirm the exact adapter for your model year before purchase.,,,,2026-07-10 20:04:04.679,2026-07-10 20:04:04.679
cmrfd635300kdt781dia489o0,Bombi,Bēbee Twin V2,cmrdx44lf00001sxj80plzl5e,Chicco,KeyFit Max Zip ClearTex,cmqx4qpeg00063835eten1p5s,INFANT,ADAPTER,t,,MEDIUM,Bombi Bēbee (V3 / Twin V2) accepts Nuna / Maxi-Cosi / CYBEX / Clek infant seats via a Bombi click-and-go car seat adapter (sold separately). Confirm the exact adapter for your model year before purchase.,,,,2026-07-10 20:04:04.839,2026-07-10 20:04:04.839
cmrfd61pr00jrt781jbm0qqc7,Bombi,Bēbee Twin V2,cmrdx44lf00001sxj80plzl5e,Graco,GoMax,cmqx4qpx8000e3835nvrnxr0i,INFANT,ADAPTER,t,,MEDIUM,Bombi Bēbee (V3 / Twin V2) accepts Nuna / Maxi-Cosi / CYBEX / Clek infant seats via a Bombi click-and-go car seat adapter (sold separately). Confirm the exact adapter for your model year before purchase.,,,,2026-07-10 20:04:02.992,2026-07-10 20:04:02.992
cmrfd61u800jtt781iyrra658,Bombi,Bēbee Twin V2,cmrdx44lf00001sxj80plzl5e,Graco,SnugRide Lite LX,cmqx4qpzp000f3835i6cp9pth,INFANT,ADAPTER,t,,MEDIUM,Bombi Bēbee (V3 / Twin V2) accepts Nuna / Maxi-Cosi / CYBEX / Clek infant seats via a Bombi click-and-go car seat adapter (sold separately). Confirm the exact adapter for your model year before purchase.,,,,2026-07-10 20:04:03.152,2026-07-10 20:04:03.152
cmrfd61yn00jvt7818n71syoz,Bombi,Bēbee Twin V2,cmrdx44lf00001sxj80plzl5e,Graco,SnugRide SnugFit,cmqx4qq4h000h3835n8ni2r9m,INFANT,ADAPTER,t,,MEDIUM,Bombi Bēbee (V3 / Twin V2) accepts Nuna / Maxi-Cosi / CYBEX / Clek infant seats via a Bombi click-and-go car seat adapter (sold separately). Confirm the exact adapter for your model year before purchase.,,,,2026-07-10 20:04:03.311,2026-07-10 20:04:03.311
cmrfd625a00jxt781oci1udr7,Bombi,Bēbee Twin V2,cmrdx44lf00001sxj80plzl5e,Graco,SnugRide SnugFit DLX,cmqx4qq26000g3835g3mh924j,INFANT,ADAPTER,t,,MEDIUM,Bombi Bēbee (V3 / Twin V2) accepts Nuna / Maxi-Cosi / CYBEX / Clek infant seats via a Bombi click-and-go car seat adapter (sold separately). Confirm the exact adapter for your model year before purchase.,,,,2026-07-10 20:04:03.55,2026-07-10 20:04:03.55
cmrfd629s00jzt781v3aldpox,Bombi,Bēbee Twin V2,cmrdx44lf00001sxj80plzl5e,Graco,SnugRide SnugFit LX,cmqx4qq6u000i3835j7t2euy8,INFANT,ADAPTER,t,,MEDIUM,Bombi Bēbee (V3 / Twin V2) accepts Nuna / Maxi-Cosi / CYBEX / Clek infant seats via a Bombi click-and-go car seat adapter (sold separately). Confirm the exact adapter for your model year before purchase.,,,,2026-07-10 20:04:03.713,2026-07-10 20:04:03.713
cmrfbjhbs0080rwtls7dg8nq8,Bombi,Bēbee Twin V2,cmrdx44lf00001sxj80plzl5e,Nuna,PIPA Aire,nuna-pipa-lite-rx,INFANT,ADAPTER,t,Dual Car Seat Adapter,HIGH,,https://bombigear.com/products/dual-car-seat-adapter-2026,,,2026-07-10 19:18:30.519,2026-07-10 21:36:48.052
cmrfbjhbr007vrwtlx0kmat51,Bombi,Bēbee Twin V2,cmrdx44lf00001sxj80plzl5e,Nuna,PIPA Aire rx,nuna-pipa-aire-rx,INFANT,ADAPTER,t,Dual Car Seat Adapter,HIGH,,https://bombigear.com/products/dual-car-seat-adapter-2026,,,2026-07-10 19:18:30.519,2026-07-10 21:36:48.052
cmrfbjhbs0081rwtl6k2yfiil,Bombi,Bēbee Twin V2,cmrdx44lf00001sxj80plzl5e,Nuna,PIPA RX,nuna-pipa-rx,INFANT,ADAPTER,t,Dual Car Seat Adapter,HIGH,,https://bombigear.com/products/dual-car-seat-adapter-2026,,,2026-07-10 19:18:30.519,2026-07-10 21:36:48.052
cmrfbjhbs007zrwtlcr742kjr,Bombi,Bēbee Twin V2,cmrdx44lf00001sxj80plzl5e,Nuna,PIPA urbn,nuna-pipa-urbn,INFANT,ADAPTER,t,Dual Car Seat Adapter,HIGH,,https://bombigear.com/products/dual-car-seat-adapter-2026,,,2026-07-10 19:18:30.519,2026-07-10 21:36:48.052
cmrfd639i00kft781we3bnsvn,Bombi,Bēbee Twin V2,cmrdx44lf00001sxj80plzl5e,UPPAbaby,Aria,uppababy-aria,INFANT,ADAPTER,t,,MEDIUM,Bombi Bēbee (V3 / Twin V2) accepts Nuna / Maxi-Cosi / CYBEX / Clek infant seats via a Bombi click-and-go car seat adapter (sold separately). Confirm the exact adapter for your model year before purchase.,,,,2026-07-10 20:04:04.999,2026-07-10 20:04:04.999
cmrfd63dz00kht781q3ordx5l,Bombi,Bēbee Twin V2,cmrdx44lf00001sxj80plzl5e,UPPAbaby,Aria V2,uppababy-aria-v2,INFANT,ADAPTER,t,,MEDIUM,Bombi Bēbee (V3 / Twin V2) accepts Nuna / Maxi-Cosi / CYBEX / Clek infant seats via a Bombi click-and-go car seat adapter (sold separately). Confirm the exact adapter for your model year before purchase.,,,,2026-07-10 20:04:05.159,2026-07-10 20:04:05.159
cmrfd63ne00klt781u7m8sm6r,Bombi,Bēbee Twin V2,cmrdx44lf00001sxj80plzl5e,UPPAbaby,Mesa V3,uppababy-mesa-v3,INFANT,ADAPTER,t,,MEDIUM,Bombi Bēbee (V3 / Twin V2) accepts Nuna / Maxi-Cosi / CYBEX / Clek infant seats via a Bombi click-and-go car seat adapter (sold separately). Confirm the exact adapter for your model year before purchase.,,,,2026-07-10 20:04:05.498,2026-07-10 20:04:05.498
cmrfd68b000mdt781sox5noex,Bombi,Bēbee V3,cmr4c3kvd0003n624f7jarr1e,Britax,Cypress S,britax-cypress-s,INFANT,ADAPTER,t,,MEDIUM,Bombi Bēbee (V3 / Twin V2) accepts Nuna / Maxi-Cosi / CYBEX / Clek infant seats via a Bombi click-and-go car seat adapter (sold separately). Confirm the exact adapter for your model year before purchase.,,,,2026-07-10 20:04:11.532,2026-07-10 20:04:11.532
cmrbb8x5z0002m3y5s3yiccpo,Bombi,Bēbee V3,cmr4c3kvd0003n624f7jarr1e,Britax,Willow S,britax-willow-s,INFANT,ADAPTER,t,Car Seat Adapter Straps,HIGH,,https://bombigear.com/products/stroller-car-seat-adapter-straps-v2?pr_prod_strat=pinned&pr_rec_id=c96275afd&pr_rec_pid=7891478085814&pr_ref_pid=8742544965814&pr_seq=uniform,25,,2026-07-07 23:59:13.127,2026-07-07 23:59:13.127
cmrbb8x5z0003m3y5facwny5l,Bombi,Bēbee V3,cmr4c3kvd0003n624f7jarr1e,Britax,Willow SC,cmqt1dq4e00043u44vihpznhm,INFANT,ADAPTER,t,Car Seat Adapter Straps,HIGH,,https://bombigear.com/products/stroller-car-seat-adapter-straps-v2?pr_prod_strat=pinned&pr_rec_id=c96275afd&pr_rec_pid=7891478085814&pr_ref_pid=8742544965814&pr_seq=uniform,25,,2026-07-07 23:59:13.127,2026-07-07 23:59:13.127
cmrbbcn1m000jm3y5geximxzv,Bombi,Bēbee V3,cmr4c3kvd0003n624f7jarr1e,Bugaboo,Turtle Air Shield by Nuna,cmqx4qp4e00023835j1p6ghf9,INFANT,ADAPTER,t,Car Seat Adapter Straps,HIGH,,https://bombigear.com/products/stroller-car-seat-adapter-straps-v2?pr_prod_strat=pinned&pr_rec_id=c96275afd&pr_rec_pid=7891478085814&pr_ref_pid=8742544965814&pr_seq=uniform,25,,2026-07-08 00:02:06.592,2026-07-08 00:02:06.592
cmrv08k720029kpmcw1myrse7,Bombi,Bēbee V3,cmr4c3kvd0003n624f7jarr1e,Chicco,KeyFit 30,chicco-keyfit-30,INFANT,ADAPTER,t,,MEDIUM,Bombi Bēbee (V3 / Twin V2) accepts Nuna / Maxi-Cosi / CYBEX / Clek infant seats via a Bombi click-and-go car seat adapter (sold separately). Confirm the exact adapter for your model year before purchase.,,,,2026-07-21 18:46:24.063,2026-07-21 18:46:24.063
cmrfd661100lnt781hthe720i,Bombi,Bēbee V3,cmr4c3kvd0003n624f7jarr1e,Chicco,KeyFit 30 ClearTex,cmqx4qp6y00033835pgtlizxk,INFANT,ADAPTER,t,Bombi Bēbee V3 Car Seat Adapter Straps,MEDIUM,Bombi Bēbee (V3 / Twin V2) accepts Nuna / Maxi-Cosi / CYBEX / Clek infant seats via a Bombi click-and-go car seat adapter (sold separately). Confirm the exact adapter for your model year before purchase.,https://bombigear.com/products/stroller-car-seat-adapter-straps-v2,,CSA-STRAPS-V2,2026-07-10 20:04:08.582,2026-07-10 20:57:24.873
cmrfd66a400lrt781bgtuy012,Bombi,Bēbee V3,cmr4c3kvd0003n624f7jarr1e,Chicco,KeyFit Max ClearTex,cmqx4qp9s00043835h85g6sl0,INFANT,ADAPTER,t,Bombi Bēbee V3 Car Seat Adapter Straps,MEDIUM,Bombi Bēbee (V3 / Twin V2) accepts Nuna / Maxi-Cosi / CYBEX / Clek infant seats via a Bombi click-and-go car seat adapter (sold separately). Confirm the exact adapter for your model year before purchase.,https://bombigear.com/products/stroller-car-seat-adapter-straps-v2,,CSA-STRAPS-V2,2026-07-10 20:04:08.908,2026-07-10 20:57:32.135
cmrfd66f600ltt781pyjra2nm,Bombi,Bēbee V3,cmr4c3kvd0003n624f7jarr1e,Chicco,KeyFit Max Zip ClearLux,cmqx4qpc50005383512d994gn,INFANT,ADAPTER,t,Bombi Bēbee V3 Car Seat Adapter Straps,MEDIUM,Bombi Bēbee (V3 / Twin V2) accepts Nuna / Maxi-Cosi / CYBEX / Clek infant seats via a Bombi click-and-go car seat adapter (sold separately). Confirm the exact adapter for your model year before purchase.,https://bombigear.com/products/stroller-car-seat-adapter-straps-v2,,CSA-STRAPS-V2,2026-07-10 20:04:09.091,2026-07-10 20:54:45.492
cmrfd66kg00lvt781oun6c94t,Bombi,Bēbee V3,cmr4c3kvd0003n624f7jarr1e,Chicco,KeyFit Max Zip ClearTex,cmqx4qpeg00063835eten1p5s,INFANT,ADAPTER,t,Bombi Bēbee V3 Car Seat Adapter Straps,MEDIUM,Bombi Bēbee (V3 / Twin V2) accepts Nuna / Maxi-Cosi / CYBEX / Clek infant seats via a Bombi click-and-go car seat adapter (sold separately). Confirm the exact adapter for your model year before purchase.,https://bombigear.com/products/stroller-car-seat-adapter-straps-v2,,CSA-STRAPS-V2,2026-07-10 20:04:09.281,2026-07-10 20:54:46.786
cmrbbcn3e000vm3y5mubqv3oc,Bombi,Bēbee V3,cmr4c3kvd0003n624f7jarr1e,Clek,Liing,clek-liing,INFANT,ADAPTER,t,Car Seat Adapter Straps,HIGH,,https://bombigear.com/products/stroller-car-seat-adapter-straps-v2?pr_prod_strat=e5_desc&pr_rec_id=12abe8ea0&pr_rec_pid=7891478085814&pr_ref_pid=8161070153910&pr_seq=uniform,,,2026-07-08 00:02:06.592,2026-07-10 20:36:39.494
cmrbbcn3s0017m3y5zwf8b5zi,Bombi,Bēbee V3,cmr4c3kvd0003n624f7jarr1e,Clek,Liingo,clek-liingo,INFANT,ADAPTER,t,Car Seat Adapter Straps,HIGH,,https://bombigear.com/products/stroller-car-seat-adapter-straps-v2?pr_prod_strat=e5_desc&pr_rec_id=12abe8ea0&pr_rec_pid=7891478085814&pr_ref_pid=8161070153910&pr_seq=uniform,,,2026-07-08 00:02:06.592,2026-07-10 20:36:39.494
cmrbbcn3f0011m3y5hqwf47xr,Bombi,Bēbee V3,cmr4c3kvd0003n624f7jarr1e,Cybex,Aton G2,cmqx4qpgs00073835wm1de2we,INFANT,ADAPTER,t,Car Seat Adapter Straps,HIGH,,https://bombigear.com/products/stroller-car-seat-adapter-straps-v2?pr_prod_strat=e5_desc&pr_rec_id=12abe8ea0&pr_rec_pid=7891478085814&pr_ref_pid=8161070153910&pr_seq=uniform,,,2026-07-08 00:02:06.592,2026-07-10 20:36:39.494
cmrfebzd8000iuv9d3vz31jav,Bombi,Bēbee V3,cmr4c3kvd0003n624f7jarr1e,Cybex,Aton G2 Swivel,cmrdwvbsy000u7tmavhnk64ww,INFANT,ADAPTER,t,Car Seat Adapter Straps,HIGH,,https://bombigear.com/products/stroller-car-seat-adapter-straps-v2?pr_prod_strat=e5_desc&pr_rec_id=12abe8ea0&pr_rec_pid=7891478085814&pr_ref_pid=8161070153910&pr_seq=uniform,,,2026-07-10 20:36:39.494,2026-07-10 20:36:39.494
cmrbbcn3e000ym3y5ccfp1z9j,Bombi,Bēbee V3,cmr4c3kvd0003n624f7jarr1e,Cybex,Cloud G Pro Comfort Extend,cmqx4qpj400083835htva49ii,INFANT,ADAPTER,t,Car Seat Adapter Straps,HIGH,,https://bombigear.com/products/stroller-car-seat-adapter-straps-v2?pr_prod_strat=e5_desc&pr_rec_id=12abe8ea0&pr_rec_pid=7891478085814&pr_ref_pid=8161070153910&pr_seq=uniform,,,2026-07-08 00:02:06.592,2026-07-10 20:36:39.494
cmrbbcn3p0015m3y554fiwmu0,Bombi,Bēbee V3,cmr4c3kvd0003n624f7jarr1e,Cybex,Cloud T,cybex-cloud-t,INFANT,ADAPTER,t,Car Seat Adapter Straps,HIGH,,https://bombigear.com/products/stroller-car-seat-adapter-straps-v2?pr_prod_strat=e5_desc&pr_rec_id=12abe8ea0&pr_rec_pid=7891478085814&pr_ref_pid=8161070153910&pr_seq=uniform,,,2026-07-08 00:02:06.592,2026-07-10 20:36:39.494
cmrfeg4xw000yuv9dicdmgp2i,Bombi,Bēbee V3,cmr4c3kvd0003n624f7jarr1e,Evenflo,LiteMax NXT,cmqx4qpsh000c3835q2cpm0f5,INFANT,ADAPTER,t,Bombi Bēbee V3 Car Seat Adapter Straps,HIGH,,https://bombigear.com/products/stroller-car-seat-adapter-straps-v2,,CSA-STRAPS-V2,2026-07-10 20:39:53.348,2026-07-10 20:42:15.323
cmrfeg4xx0013uv9duqr0hh85,Bombi,Bēbee V3,cmr4c3kvd0003n624f7jarr1e,Evenflo,Revolve180 LiteMax NXT Rotational,cmqx4qpuv000d3835u7w79rhg,INFANT,ADAPTER,t,Bombi Bēbee V3 Car Seat Adapter Straps,HIGH,,https://bombigear.com/products/stroller-car-seat-adapter-straps-v2,,CSA-STRAPS-V2,2026-07-10 20:39:53.348,2026-07-10 20:43:34.181
cmrfd654x00l9t781sc9vmn5j,Bombi,Bēbee V3,cmr4c3kvd0003n624f7jarr1e,Graco,GoMax,cmqx4qpx8000e3835nvrnxr0i,INFANT,ADAPTER,t,Bombi Bēbee V3 Car Seat Adapter Straps,MEDIUM,Bombi Bēbee (V3 / Twin V2) accepts Nuna / Maxi-Cosi / CYBEX / Clek infant seats via a Bombi click-and-go car seat adapter (sold separately). Confirm the exact adapter for your model year before purchase.,https://bombigear.com/products/stroller-car-seat-adapter-straps-v2,,CSA-STRAPS-V2,2026-07-10 20:04:07.425,2026-07-10 20:43:59.259
cmrfd659b00lbt7815t5ivnvq,Bombi,Bēbee V3,cmr4c3kvd0003n624f7jarr1e,Graco,SnugRide Lite LX,cmqx4qpzp000f3835i6cp9pth,INFANT,ADAPTER,t,Bombi Bēbee V3 Car Seat Adapter Straps,MEDIUM,Bombi Bēbee (V3 / Twin V2) accepts Nuna / Maxi-Cosi / CYBEX / Clek infant seats via a Bombi click-and-go car seat adapter (sold separately). Confirm the exact adapter for your model year before purchase.,https://bombigear.com/products/stroller-car-seat-adapter-straps-v2,,CSA-STRAPS-V2,2026-07-10 20:04:07.583,2026-07-10 20:44:10.607
cmrfd65dy00ldt7815n9cr9s0,Bombi,Bēbee V3,cmr4c3kvd0003n624f7jarr1e,Graco,SnugRide SnugFit,cmqx4qq4h000h3835n8ni2r9m,INFANT,ADAPTER,t,Bombi Bēbee V3 Car Seat Adapter Straps,MEDIUM,Bombi Bēbee (V3 / Twin V2) accepts Nuna / Maxi-Cosi / CYBEX / Clek infant seats via a Bombi click-and-go car seat adapter (sold separately). Confirm the exact adapter for your model year before purchase.,https://bombigear.com/products/stroller-car-seat-adapter-straps-v2,,CSA-STRAPS-V2,2026-07-10 20:04:07.75,2026-07-10 20:44:21.1
cmrfd65id00lft781wqkvgdzz,Bombi,Bēbee V3,cmr4c3kvd0003n624f7jarr1e,Graco,SnugRide SnugFit DLX,cmqx4qq26000g3835g3mh924j,INFANT,ADAPTER,t,Bombi Bēbee V3 Car Seat Adapter Straps,MEDIUM,Bombi Bēbee (V3 / Twin V2) accepts Nuna / Maxi-Cosi / CYBEX / Clek infant seats via a Bombi click-and-go car seat adapter (sold separately). Confirm the exact adapter for your model year before purchase.,https://bombigear.com/products/stroller-car-seat-adapter-straps-v2,,CSA-STRAPS-V2,2026-07-10 20:04:07.91,2026-07-10 20:44:40.102
cmrfd65mt00lht781w13ksx8l,Bombi,Bēbee V3,cmr4c3kvd0003n624f7jarr1e,Graco,SnugRide SnugFit LX,cmqx4qq6u000i3835j7t2euy8,INFANT,ADAPTER,t,Bombi Bēbee V3 Car Seat Adapter Straps,MEDIUM,Bombi Bēbee (V3 / Twin V2) accepts Nuna / Maxi-Cosi / CYBEX / Clek infant seats via a Bombi click-and-go car seat adapter (sold separately). Confirm the exact adapter for your model year before purchase.,https://bombigear.com/products/stroller-car-seat-adapter-straps-v2,,CSA-STRAPS-V2,2026-07-10 20:04:08.07,2026-07-10 20:45:34.864
cmrfeg4y4001buv9dounukscg,Bombi,Bēbee V3,cmr4c3kvd0003n624f7jarr1e,Joie,Mint Latch,cmqx4qq94000j3835te5r5f6g,INFANT,ADAPTER,t,Bombi Bēbee V3 Car Seat Adapter Straps,HIGH,,https://bombigear.com/products/stroller-car-seat-adapter-straps-v2,,CSA-STRAPS-V2,2026-07-10 20:39:53.349,2026-07-10 20:49:39.001
cmrfeg4y4001cuv9dm52ni9um,Bombi,Bēbee V3,cmr4c3kvd0003n624f7jarr1e,Joie,Rue,joie-rue,INFANT,ADAPTER,t,Bombi Bēbee V3 Car Seat Adapter Straps,HIGH,,https://bombigear.com/products/stroller-car-seat-adapter-straps-v2,,CSA-STRAPS-V2,2026-07-10 20:39:53.349,2026-07-10 20:49:30.476
cmrfeg4yh001uuv9dcrtsh3lh,Bombi,Bēbee V3,cmr4c3kvd0003n624f7jarr1e,Maxi-Cosi,Ambra,cmqx4qqbg000k3835k8b3mf6l,INFANT,ADAPTER,t,Bombi Bēbee V3 Car Seat Adapter Straps,HIGH,,https://bombigear.com/products/stroller-car-seat-adapter-straps-v2,,CSA-STRAPS-V2,2026-07-10 20:39:53.349,2026-07-10 20:49:21.267
cmrfeg4yh001yuv9ddhjjnof7,Bombi,Bēbee V3,cmr4c3kvd0003n624f7jarr1e,Maxi-Cosi,Mico Luxe,maxi-cosi-mico-luxe,INFANT,ADAPTER,t,Bombi Bēbee V3 Car Seat Adapter Straps,HIGH,,https://bombigear.com/products/stroller-car-seat-adapter-straps-v2,,CSA-STRAPS-V2,2026-07-10 20:39:53.349,2026-07-10 20:47:53.243
cmrfeg4y6001guv9deicpocpw,Bombi,Bēbee V3,cmr4c3kvd0003n624f7jarr1e,Maxi-Cosi,Mico Pro,maxi-cosi-mico-pro,INFANT,ADAPTER,t,Bombi Bēbee V3 Car Seat Adapter Straps,HIGH,,https://bombigear.com/products/stroller-car-seat-adapter-straps-v2,,CSA-STRAPS-V2,2026-07-10 20:39:53.349,2026-07-10 20:47:44.387
cmrfeg4yb001muv9d11dtns84,Bombi,Bēbee V3,cmr4c3kvd0003n624f7jarr1e,Maxi-Cosi,Peri 180,maxi-cosi-peri,INFANT,ADAPTER,t,Bombi Bēbee V3 Car Seat Adapter Straps,HIGH,,https://bombigear.com/products/stroller-car-seat-adapter-straps-v2,,CSA-STRAPS-V2,2026-07-10 20:39:53.349,2026-07-10 20:47:35.395
cmrfd64n200l1t781zih1q1oo,Bombi,Bēbee V3,cmr4c3kvd0003n624f7jarr1e,Nuna,PIPA Aire,nuna-pipa-lite-rx,INFANT,ADAPTER,t,Bombi Bēbee V3 Car Seat Adapter Straps,MEDIUM,Bombi Bēbee (V3 / Twin V2) accepts Nuna / Maxi-Cosi / CYBEX / Clek infant seats via a Bombi click-and-go car seat adapter (sold separately). Confirm the exact adapter for your model year before purchase.,https://bombigear.com/products/stroller-car-seat-adapter-straps-v2,,CSA-STRAPS-V2,2026-07-10 20:04:06.782,2026-07-10 20:47:25.987
cmrfd64rl00l3t7812wz89og9,Bombi,Bēbee V3,cmr4c3kvd0003n624f7jarr1e,Nuna,PIPA Aire rx,nuna-pipa-aire-rx,INFANT,ADAPTER,t,Bombi Bēbee V3 Car Seat Adapter Straps,MEDIUM,Bombi Bēbee (V3 / Twin V2) accepts Nuna / Maxi-Cosi / CYBEX / Clek infant seats via a Bombi click-and-go car seat adapter (sold separately). Confirm the exact adapter for your model year before purchase.,https://bombigear.com/products/stroller-car-seat-adapter-straps-v2,,CSA-STRAPS-V2,2026-07-10 20:04:06.946,2026-07-10 20:47:10.714
cmrfd64w000l5t78151eilfwj,Bombi,Bēbee V3,cmr4c3kvd0003n624f7jarr1e,Nuna,PIPA RX,nuna-pipa-rx,INFANT,ADAPTER,t,Bombi Bēbee V3 Car Seat Adapter Straps,MEDIUM,Bombi Bēbee (V3 / Twin V2) accepts Nuna / Maxi-Cosi / CYBEX / Clek infant seats via a Bombi click-and-go car seat adapter (sold separately). Confirm the exact adapter for your model year before purchase.,https://bombigear.com/products/stroller-car-seat-adapter-straps-v2,,CSA-STRAPS-V2,2026-07-10 20:04:07.105,2026-07-10 20:46:59.585
cmrfd650h00l7t781ranp96o0,Bombi,Bēbee V3,cmr4c3kvd0003n624f7jarr1e,Nuna,PIPA urbn,nuna-pipa-urbn,INFANT,ADAPTER,t,Bombi Bēbee V3 Car Seat Adapter Straps,MEDIUM,Bombi Bēbee (V3 / Twin V2) accepts Nuna / Maxi-Cosi / CYBEX / Clek infant seats via a Bombi click-and-go car seat adapter (sold separately). Confirm the exact adapter for your model year before purchase.,https://bombigear.com/products/stroller-car-seat-adapter-straps-v2,,CSA-STRAPS-V2,2026-07-10 20:04:07.266,2026-07-10 20:46:41.312
cmrfd66pl00lxt781pq2t1hwc,Bombi,Bēbee V3,cmr4c3kvd0003n624f7jarr1e,UPPAbaby,Aria,uppababy-aria,INFANT,ADAPTER,t,,HIGH,,https://bombigear.com/products/stroller-car-seat-adapter-straps-v2?pr_prod_strat=e5_desc&pr_rec_id=12abe8ea0&pr_rec_pid=7891478085814&pr_ref_pid=8161070153910&pr_seq=uniform,,,2026-07-10 20:04:09.465,2026-07-10 20:51:02.704
cmrfd66u900lzt781wpomz5lk,Bombi,Bēbee V3,cmr4c3kvd0003n624f7jarr1e,UPPAbaby,Aria V2,uppababy-aria-v2,INFANT,ADAPTER,t,,HIGH,,https://bombigear.com/products/stroller-car-seat-adapter-straps-v2?pr_prod_strat=e5_desc&pr_rec_id=12abe8ea0&pr_rec_pid=7891478085814&pr_ref_pid=8161070153910&pr_seq=uniform,,,2026-07-10 20:04:09.633,2026-07-10 20:51:02.704
cmrfd67n300m3t7815f42c6nl,Bombi,Bēbee V3,cmr4c3kvd0003n624f7jarr1e,UPPAbaby,Mesa V3,uppababy-mesa-v3,INFANT,ADAPTER,t,,HIGH,,https://bombigear.com/products/stroller-car-seat-adapter-straps-v2?pr_prod_strat=e5_desc&pr_rec_id=12abe8ea0&pr_rec_pid=7891478085814&pr_ref_pid=8161070153910&pr_seq=uniform,,,2026-07-10 20:04:10.671,2026-07-10 20:51:02.704
cmqzsx0ad000bvnthvgnlli5a,Britax,Brook+ Modular Baby,cmqx8d30k000513kpwtvwppgv,Britax,Willow S,britax-willow-s,INFANT,DIRECT,f,,MEDIUM,Conservative same-brand default for Grove / Prism / Brook / Juniper strollers and Willow / Cypress / B-Safe infant seats. Confirm current model-year details before purchase.,,,,2026-06-29 22:40:36.277,2026-06-29 22:40:36.277
cmqzsx0f3000dvnthlrbf7ref,Britax,Brook+ Modular Baby,cmqx8d30k000513kpwtvwppgv,Britax,Willow SC,cmqt1dq4e00043u44vihpznhm,INFANT,DIRECT,f,,MEDIUM,Conservative same-brand default for Grove / Prism / Brook / Juniper strollers and Willow / Cypress / B-Safe infant seats. Confirm current model-year details before purchase.,,,,2026-06-29 22:40:36.447,2026-06-29 22:40:36.447
cmry6pa0n000avblfeku9jyp4,Britax,Brook+ Modular Baby,cmqx8d30k000513kpwtvwppgv,Nuna,PIPA Aire,nuna-pipa-lite-rx,INFANT,DIRECT,f,,HIGH,"Direct fit — clicks straight onto the Brook / Brook+ / Grove, no adapter needed (Britax US chart 03.2026).",,,,2026-07-24 00:10:40.247,2026-07-24 00:10:40.247
cmqx4wwas0037oiqwy2zuadnj,Britax,Grove Modular,cmqpqqxci000b7qllamksybtj,Britax,Willow S,britax-willow-s,INFANT,DIRECT,f,,MEDIUM,Conservative same-brand default for Grove / Prism strollers and Willow / Cypress / B-Safe infant seats. Confirm current model-year details before purchase.,,,,2026-06-28 01:53:07.972,2026-06-28 01:53:07.972
cmqx4wwfc0039oiqw7ci4dwn4,Britax,Grove Modular,cmqpqqxci000b7qllamksybtj,Britax,Willow SC,cmqt1dq4e00043u44vihpznhm,INFANT,DIRECT,f,,MEDIUM,Conservative same-brand default for Grove / Prism strollers and Willow / Cypress / B-Safe infant seats. Confirm current model-year details before purchase.,,,,2026-06-28 01:53:08.136,2026-06-28 01:53:08.136
cmry6pa2n000zvblf61j3yizl,Britax,Grove Modular,cmqpqqxci000b7qllamksybtj,Nuna,PIPA Aire,nuna-pipa-lite-rx,INFANT,DIRECT,f,,HIGH,"Direct fit — clicks straight onto the Brook / Brook+ / Grove, no adapter needed (Britax US chart 03.2026).",,,,2026-07-24 00:10:40.32,2026-07-24 00:10:40.32
cmrzebzq5000mc3q311mu9dl2,Britax,Juniper On-The-Go,cmqx8d330000613kpkfkfo7ak,Clek,Liing,clek-liing,INFANT,ADAPTER,t,,HIGH,,https://amzn.to/4hvNCGg,,,2026-07-24 20:32:03.473,2026-07-24 20:32:03.473
cmrzebzpt0008c3q365iv85va,Britax,Juniper On-The-Go,cmqx8d330000613kpkfkfo7ak,Clek,Liingo,clek-liingo,INFANT,ADAPTER,t,,HIGH,,https://amzn.to/4hvNCGg,,,2026-07-24 20:32:03.472,2026-07-24 20:32:03.472
cmrzebzq5000hc3q339y9engi,Britax,Juniper On-The-Go,cmqx8d330000613kpkfkfo7ak,Cybex,Aton G2,cmqx4qpgs00073835wm1de2we,INFANT,ADAPTER,t,,HIGH,,https://amzn.to/4hvNCGg,,,2026-07-24 20:32:03.472,2026-07-24 20:32:03.472
cmrzebzpt0004c3q3hgoea27a,Britax,Juniper On-The-Go,cmqx8d330000613kpkfkfo7ak,Cybex,Aton G2 Swivel,cmrdwvbsy000u7tmavhnk64ww,INFANT,ADAPTER,t,,HIGH,,https://amzn.to/4hvNCGg,,,2026-07-24 20:32:03.472,2026-07-24 20:32:03.472
cmrzebzrn000qc3q36dfxt6nj,Britax,Juniper On-The-Go,cmqx8d330000613kpkfkfo7ak,Cybex,Cloud G Pro Comfort Extend,cmqx4qpj400083835htva49ii,INFANT,ADAPTER,t,,HIGH,,https://amzn.to/4hvNCGg,,,2026-07-24 20:32:03.496,2026-07-24 20:32:03.496
cmrzebzq5000kc3q38q1w18xh,Britax,Juniper On-The-Go,cmqx8d330000613kpkfkfo7ak,Cybex,Cloud T,cybex-cloud-t,INFANT,ADAPTER,t,,HIGH,,https://amzn.to/4hvNCGg,,,2026-07-24 20:32:03.472,2026-07-24 20:32:03.472
cmrzed0wd000tc3q38oxhbo2v,Britax,Juniper On-The-Go,cmqx8d330000613kpkfkfo7ak,Maxi-Cosi,Ambra,cmqx4qqbg000k3835k8b3mf6l,INFANT,ADAPTER,t,,HIGH,,https://amzn.to/4hvNCGg,,,2026-07-24 20:32:51.66,2026-07-24 20:32:51.66
cmrzed0wd000uc3q3sn5qswr8,Britax,Juniper On-The-Go,cmqx8d330000613kpkfkfo7ak,Maxi-Cosi,Mico Luxe,maxi-cosi-mico-luxe,INFANT,ADAPTER,t,,HIGH,,https://amzn.to/4hvNCGg,,,2026-07-24 20:32:51.66,2026-07-24 20:32:51.66
cmrzed0x4001ec3q383ti4uai,Britax,Juniper On-The-Go,cmqx8d330000613kpkfkfo7ak,Maxi-Cosi,Mico Pro,maxi-cosi-mico-pro,INFANT,ADAPTER,t,,HIGH,,https://amzn.to/4hvNCGg,,,2026-07-24 20:32:51.66,2026-07-24 20:32:51.66
cmrzed0x2001ac3q3xem9izcg,Britax,Juniper On-The-Go,cmqx8d330000613kpkfkfo7ak,Maxi-Cosi,Mico XP,cmry6pa5o001ovblfjcngmv5n,INFANT,ADAPTER,t,,HIGH,,https://amzn.to/4hvNCGg,,,2026-07-24 20:32:51.66,2026-07-24 20:32:51.66
cmrzed0we000yc3q3z9ys3x5r,Britax,Juniper On-The-Go,cmqx8d330000613kpkfkfo7ak,Maxi-Cosi,Peri 180,maxi-cosi-peri,INFANT,ADAPTER,t,,HIGH,,https://amzn.to/4hvNCGg,,,2026-07-24 20:32:51.66,2026-07-24 20:32:51.66
cmrzed0ww0014c3q35pf3tytm,Britax,Juniper On-The-Go,cmqx8d330000613kpkfkfo7ak,Nuna,PIPA Aire,nuna-pipa-lite-rx,INFANT,ADAPTER,t,,HIGH,,https://amzn.to/4hvNCGg,,,2026-07-24 20:32:51.66,2026-07-24 20:32:51.66
cmrzed0ws0012c3q3fjw7vim0,Britax,Juniper On-The-Go,cmqx8d330000613kpkfkfo7ak,Nuna,PIPA Aire rx,nuna-pipa-aire-rx,INFANT,ADAPTER,t,,HIGH,,https://amzn.to/4hvNCGg,,,2026-07-24 20:32:51.66,2026-07-24 20:32:51.66
cmrzed0ww0016c3q3yopcpo8t,Britax,Juniper On-The-Go,cmqx8d330000613kpkfkfo7ak,Nuna,PIPA RX,nuna-pipa-rx,INFANT,ADAPTER,t,,HIGH,,https://amzn.to/4hvNCGg,,,2026-07-24 20:32:51.66,2026-07-24 20:32:51.66
cmrzed0x00018c3q3s2mk6byp,Britax,Juniper On-The-Go,cmqx8d330000613kpkfkfo7ak,Nuna,PIPA urbn,nuna-pipa-urbn,INFANT,ADAPTER,t,,HIGH,,https://amzn.to/4hvNCGg,,,2026-07-24 20:32:51.66,2026-07-24 20:32:51.66
cmqx4wx78003loiqwei1cm5yl,Britax,Prism Modular,cmqpqqxey000c7qll5fop3oe7,Britax,Willow S,britax-willow-s,INFANT,ADAPTER,t,Included with stroller,HIGH,Adapters are included with the Prism — not sold separately (Britax US chart 03.2026).,,,,2026-06-28 01:53:09.14,2026-07-24 00:10:40.363
cmqx4wxbp003noiqwi6dgx3h2,Britax,Prism Modular,cmqpqqxey000c7qll5fop3oe7,Britax,Willow SC,cmqt1dq4e00043u44vihpznhm,INFANT,ADAPTER,t,Included with stroller,HIGH,Adapters are included with the Prism — not sold separately (Britax US chart 03.2026).,,,,2026-06-28 01:53:09.302,2026-07-24 00:10:40.391
cmry6pa6t0021vblfe2l0ie18,Britax,Prism Modular,cmqpqqxey000c7qll5fop3oe7,Cybex,Cloud T,cybex-cloud-t,INFANT,ADAPTER,t,Included with stroller,HIGH,Adapters are included with the Prism — not sold separately (Britax US chart 03.2026).,,,,2026-07-24 00:10:40.469,2026-07-24 00:10:40.469
cmry6pa5t001qvblfo3q1ffmb,Britax,Prism Modular,cmqpqqxey000c7qll5fop3oe7,Maxi-Cosi,Mico XP,cmry6pa5o001ovblfjcngmv5n,INFANT,ADAPTER,t,Included with stroller,HIGH,Adapters are included with the Prism — not sold separately (Britax US chart 03.2026).,,,,2026-07-24 00:10:40.433,2026-07-24 00:10:40.433
cmry6pa5i001nvblf99v0agq9,Britax,Prism Modular,cmqpqqxey000c7qll5fop3oe7,Maxi-Cosi,Peri 180,maxi-cosi-peri,INFANT,ADAPTER,t,Included with stroller,HIGH,Adapters are included with the Prism — not sold separately (Britax US chart 03.2026).,,,,2026-07-24 00:10:40.423,2026-07-24 00:10:40.423
cmry6pa57001jvblfugqabb65,Britax,Prism Modular,cmqpqqxey000c7qll5fop3oe7,Nuna,PIPA Aire,nuna-pipa-lite-rx,INFANT,ADAPTER,t,Included with stroller,HIGH,Adapters are included with the Prism — not sold separately (Britax US chart 03.2026).,,,,2026-07-24 00:10:40.412,2026-07-24 00:10:40.412
cmry6pa5d001lvblf09qgkb5f,Britax,Prism Modular,cmqpqqxey000c7qll5fop3oe7,Nuna,PIPA urbn,nuna-pipa-urbn,INFANT,ADAPTER,t,Included with stroller,HIGH,Adapters are included with the Prism — not sold separately (Britax US chart 03.2026).,,,,2026-07-24 00:10:40.417,2026-07-24 00:10:40.417
bugaboo-ant__clek-liing,Bugaboo,Ant,bugaboo-ant,Clek,Liing,clek-liing,INFANT,ADAPTER,t,Bugaboo car seat adapter for Clek,HIGH,Clek Liing fits the Bugaboo Ant via a Bugaboo Clek infant seat adapter. Confirm the correct adapter SKU for your stroller model before purchase.,,,,2026-06-15 20:33:14.735,2026-06-15 20:33:14.735
bugaboo-ant__clek-liingo,Bugaboo,Ant,bugaboo-ant,Clek,Liingo,clek-liingo,INFANT,ADAPTER,t,Bugaboo car seat adapter for Clek,HIGH,Clek Liingo fits the Bugaboo Ant via a Bugaboo Clek infant seat adapter. Confirm the correct adapter SKU for your stroller model before purchase.,,,,2026-06-15 20:33:14.735,2026-06-15 20:33:14.735
bugaboo-ant__maxi-cosi-mico-luxe,Bugaboo,Ant,bugaboo-ant,Maxi-Cosi,Mico Luxe,maxi-cosi-mico-luxe,INFANT,ADAPTER,t,Bugaboo car seat adapter for Maxi-Cosi,HIGH,Maxi-Cosi Mico Luxe fits the Bugaboo Ant via a Bugaboo Maxi-Cosi adapter. Confirm the correct adapter SKU for your stroller model before purchase.,,,,2026-06-15 20:33:14.735,2026-06-15 20:33:14.735
bugaboo-ant__maxi-cosi-mico-pro,Bugaboo,Ant,bugaboo-ant,Maxi-Cosi,Mico Pro,maxi-cosi-mico-pro,INFANT,ADAPTER,t,Bugaboo car seat adapter for Maxi-Cosi,HIGH,Maxi-Cosi Mico Pro fits the Bugaboo Ant via a Bugaboo Maxi-Cosi adapter. Confirm the correct adapter SKU for your stroller model before purchase.,,,,2026-06-15 20:33:14.735,2026-06-15 20:33:14.735
bugaboo-ant__maxi-cosi-peri,Bugaboo,Ant,bugaboo-ant,Maxi-Cosi,Peri 180,maxi-cosi-peri,INFANT,ADAPTER,t,Bugaboo car seat adapter for Maxi-Cosi,HIGH,Maxi-Cosi Peri 180 fits the Bugaboo Ant via a Bugaboo Maxi-Cosi adapter. Confirm the correct adapter SKU for your stroller model before purchase.,,,,2026-06-15 20:33:14.735,2026-06-15 20:33:14.735
bugaboo-ant__nuna-pipa-lite-rx,Bugaboo,Ant,bugaboo-ant,Nuna,PIPA Aire,nuna-pipa-lite-rx,INFANT,ADAPTER,t,Bugaboo car seat adapter for Nuna,HIGH,Nuna PIPA Aire fits the Bugaboo Ant via a Bugaboo Nuna adapter. Confirm the correct adapter SKU for your stroller model before purchase.,,,,2026-06-15 20:33:14.735,2026-06-15 20:33:14.735
bugaboo-ant__nuna-pipa-aire-rx,Bugaboo,Ant,bugaboo-ant,Nuna,PIPA Aire rx,nuna-pipa-aire-rx,INFANT,ADAPTER,t,Bugaboo car seat adapter for Nuna,HIGH,Nuna PIPA Aire rx fits the Bugaboo Ant via a Bugaboo Nuna adapter. Confirm the correct adapter SKU for your stroller model before purchase.,,,,2026-06-15 20:33:14.735,2026-06-15 20:33:14.735
bugaboo-ant__nuna-pipa-rx,Bugaboo,Ant,bugaboo-ant,Nuna,PIPA RX,nuna-pipa-rx,INFANT,ADAPTER,t,Bugaboo car seat adapter for Nuna,HIGH,Nuna PIPA RX fits the Bugaboo Ant via a Bugaboo Nuna adapter. Confirm the correct adapter SKU for your stroller model before purchase.,,,,2026-06-15 20:33:14.735,2026-06-15 20:33:14.735
bugaboo-ant__nuna-pipa-urbn,Bugaboo,Ant,bugaboo-ant,Nuna,PIPA urbn,nuna-pipa-urbn,INFANT,ADAPTER,t,Bugaboo car seat adapter for Nuna,HIGH,Nuna PIPA urbn fits the Bugaboo Ant via a Bugaboo Nuna adapter. Confirm the correct adapter SKU for your stroller model before purchase.,,,,2026-06-15 20:33:14.735,2026-06-15 20:33:14.735
bugaboo-butterfly__clek-liing,Bugaboo,Butterfly,bugaboo-butterfly,Clek,Liing,clek-liing,INFANT,ADAPTER,t,Bugaboo adapter for Maxi-Cosi / Nuna / CYBEX / Clek infant seats,LOW,"Clek Liing is a more niche travel-system lane. Compatibility exists in select cases, but this is the kind of pairing that always deserves one more confirmation step.",https://amzn.to/4fsHz3T,,,2026-03-22 17:19:43.93,2026-07-09 22:23:29.514
bugaboo-butterfly__clek-liingo,Bugaboo,Butterfly,bugaboo-butterfly,Clek,Liingo,clek-liingo,INFANT,ADAPTER,t,Bugaboo adapter for Maxi-Cosi / Nuna / CYBEX / Clek infant seats,LOW,"Clek Liingo is a more niche travel-system lane. Compatibility exists in select cases, but this is the kind of pairing that always deserves one more confirmation step.",https://amzn.to/4fsHz3T,,,2026-03-22 17:19:43.93,2026-07-09 22:23:17.545
bugaboo-butterfly__cybex-cloud-t,Bugaboo,Butterfly,bugaboo-butterfly,Cybex,Cloud T,cybex-cloud-t,INFANT,ADAPTER,t,Bugaboo adapter for Maxi-Cosi / Nuna / CYBEX / Clek infant seats,MEDIUM,"Cloud T has a wider premium adapter lane than most, but it is still an adapter decision on this stroller.",https://amzn.to/4fsHz3T,,,2026-03-22 17:19:43.93,2026-07-09 22:22:51.732
bugaboo-butterfly__maxi-cosi-mico-luxe,Bugaboo,Butterfly,bugaboo-butterfly,Maxi-Cosi,Mico Luxe,maxi-cosi-mico-luxe,INFANT,ADAPTER,t,Bugaboo adapter for Maxi-Cosi / Nuna / CYBEX / Clek infant seats,MEDIUM,"Maxi-Cosi Mico Luxe lives in one of the most universal travel-system lanes, but it is still an adapter story on this stroller.",https://amzn.to/4fsHz3T,,,2026-03-22 17:19:43.856,2026-07-09 22:22:42.562
bugaboo-butterfly__maxi-cosi-mico-pro,Bugaboo,Butterfly,bugaboo-butterfly,Maxi-Cosi,Mico Pro,maxi-cosi-mico-pro,INFANT,ADAPTER,t,Bugaboo adapter for Maxi-Cosi / Nuna / CYBEX / Clek infant seats,MEDIUM,Compatible via same Maxi-Cosi click connector as Mico Luxe.,https://amzn.to/4fsHz3T,,,2026-06-13 20:48:32.741,2026-07-09 22:22:38.048
bugaboo-butterfly__maxi-cosi-peri,Bugaboo,Butterfly,bugaboo-butterfly,Maxi-Cosi,Peri 180,maxi-cosi-peri,INFANT,ADAPTER,t,Bugaboo adapter for Maxi-Cosi / Nuna / CYBEX / Clek infant seats,MEDIUM,"Maxi-Cosi Peri 180 lives in one of the most universal travel-system lanes, but it is still an adapter story on this stroller.",https://amzn.to/4fsHz3T,,,2026-03-22 17:19:43.93,2026-07-09 22:22:30.796
cmr1ets340001ab5grhbdmed5,Bugaboo,Butterfly,bugaboo-butterfly,Nuna,PIPA Aire,nuna-pipa-lite-rx,INFANT,ADAPTER,t,,MEDIUM,Bugaboo Donkey / Dragonfly / Butterfly accepts Nuna / Maxi-Cosi / CYBEX / Clek infant seats via a Bugaboo click-and-go car seat adapter (sold separately). Confirm the exact adapter for your model year before purchase.,https://amzn.to/4fsHz3T,,,2026-07-01 01:41:43.408,2026-07-09 22:22:23.057
bugaboo-butterfly__nuna-pipa-aire-rx,Bugaboo,Butterfly,bugaboo-butterfly,Nuna,PIPA Aire rx,nuna-pipa-aire-rx,INFANT,ADAPTER,t,Bugaboo adapter for Maxi-Cosi / Nuna / CYBEX / Clek infant seats,MEDIUM,Compatible via same adapter path as Nuna PIPA rx.,https://amzn.to/4fsHz3T,,,2026-06-13 20:48:32.741,2026-07-09 22:22:17.87
bugaboo-butterfly__nuna-pipa-rx,Bugaboo,Butterfly,bugaboo-butterfly,Nuna,PIPA RX,nuna-pipa-rx,INFANT,ADAPTER,t,Bugaboo adapter for Maxi-Cosi / Nuna / CYBEX / Clek infant seats,MEDIUM,Bugaboo uses an adapter-based travel system path for Nuna PIPA RX.,https://amzn.to/4fsHz3T,,,2026-03-22 03:02:28.613,2026-07-09 22:22:11.871
cmr1etsei0003ab5gv8bnrr4a,Bugaboo,Butterfly,bugaboo-butterfly,Nuna,PIPA urbn,nuna-pipa-urbn,INFANT,ADAPTER,t,,MEDIUM,Bugaboo Donkey / Dragonfly / Butterfly accepts Nuna / Maxi-Cosi / CYBEX / Clek infant seats via a Bugaboo click-and-go car seat adapter (sold separately). Confirm the exact adapter for your model year before purchase.,https://amzn.to/4fsHz3T,,,2026-07-01 01:41:43.818,2026-07-09 22:22:07.343
cmqx6t1zz000914fcx2g07q9s,Bugaboo,Butterfly 2,bugaboo-butterfly-2,Bugaboo,Turtle Air Shield by Nuna,cmqx4qp4e00023835j1p6ghf9,INFANT,ADAPTER,t,Bugaboo Butterfly 2 Car Seat Adapters in Black,MEDIUM,"Inferred from the catalog adapter ""Bugaboo Butterfly 2 Car Seat Adapters in Black"".",https://babylist.pxf.io/c/6560395/1160375/13580?prodsku=2514339&u=https%3A%2F%2Fwww.babylist.com%2Fgp%2Fbugaboo-butterfly-2-car-seat-adapters%2F74827%2F2514339&intsrc=CATF_8981,69.95,,2026-06-28 02:46:07.967,2026-07-09 22:26:51.684
cmqx6t1v6000514fcvlxg6v5i,Bugaboo,Butterfly 2,bugaboo-butterfly-2,Clek,Liing,clek-liing,INFANT,ADAPTER,t,,HIGH,,https://link.amazon/B06wcbYtO,69.95,,2026-06-28 02:46:07.795,2026-08-01 20:55:19.072
cmsauopwg0023gu9e3j2alxky,Bugaboo,Butterfly 2,bugaboo-butterfly-2,Clek,Liingo,clek-liingo,INFANT,ADAPTER,t,,HIGH,,https://link.amazon/B06wcbYtO,69.95,,2026-08-01 20:55:19.072,2026-08-01 20:55:19.072
cmsauopwg0022gu9ekjp8wyh7,Bugaboo,Butterfly 2,bugaboo-butterfly-2,Cybex,Aton G2,cmqx4qpgs00073835wm1de2we,INFANT,ADAPTER,t,,HIGH,,https://link.amazon/B06wcbYtO,69.95,,2026-08-01 20:55:19.072,2026-08-01 20:55:19.072
cmsauopwi0026gu9elkdgj1f5,Bugaboo,Butterfly 2,bugaboo-butterfly-2,Cybex,Aton G2 Swivel,cmrdwvbsy000u7tmavhnk64ww,INFANT,ADAPTER,t,,HIGH,,https://link.amazon/B06wcbYtO,69.95,,2026-08-01 20:55:19.072,2026-08-01 20:55:19.072
cmsauopwg0021gu9e85kbgs5p,Bugaboo,Butterfly 2,bugaboo-butterfly-2,Cybex,Cloud G Pro Comfort Extend,cmqx4qpj400083835htva49ii,INFANT,ADAPTER,t,,HIGH,,https://link.amazon/B06wcbYtO,69.95,,2026-08-01 20:55:19.072,2026-08-01 20:55:19.072
cmsauopx90028gu9ee5n5psm7,Bugaboo,Butterfly 2,bugaboo-butterfly-2,Cybex,Cloud T,cybex-cloud-t,INFANT,ADAPTER,t,,HIGH,,https://link.amazon/B06wcbYtO,69.95,,2026-08-01 20:55:19.072,2026-08-01 20:55:19.072
cmsaupt2c002cgu9e4xs80ydj,Bugaboo,Butterfly 2,bugaboo-butterfly-2,Maxi-Cosi,Ambra,cmqx4qqbg000k3835k8b3mf6l,INFANT,ADAPTER,t,,HIGH,,https://link.amazon/B06wcbYtO,69.95,,2026-08-01 20:56:09.712,2026-08-01 20:56:09.712
bugaboo-butterfly-2__maxi-cosi-mico-luxe,Bugaboo,Butterfly 2,bugaboo-butterfly-2,Maxi-Cosi,Mico Luxe,maxi-cosi-mico-luxe,INFANT,ADAPTER,t,,HIGH,,https://link.amazon/B06wcbYtO,69.95,,2026-06-13 20:48:32.697,2026-08-01 20:56:09.712
bugaboo-butterfly-2__maxi-cosi-mico-pro,Bugaboo,Butterfly 2,bugaboo-butterfly-2,Maxi-Cosi,Mico Pro,maxi-cosi-mico-pro,INFANT,ADAPTER,t,,HIGH,,https://link.amazon/B06wcbYtO,69.95,,2026-06-13 20:48:32.741,2026-08-01 20:56:09.712
cmsaupt8e002mgu9erhn9a7t5,Bugaboo,Butterfly 2,bugaboo-butterfly-2,Maxi-Cosi,Mico XP,cmry6pa5o001ovblfjcngmv5n,INFANT,ADAPTER,t,,HIGH,,https://link.amazon/B06wcbYtO,69.95,,2026-08-01 20:56:09.712,2026-08-01 20:56:09.712
bugaboo-butterfly-2__maxi-cosi-peri,Bugaboo,Butterfly 2,bugaboo-butterfly-2,Maxi-Cosi,Peri 180,maxi-cosi-peri,INFANT,ADAPTER,t,,HIGH,,https://link.amazon/B06wcbYtO,69.95,,2026-06-13 20:48:32.697,2026-08-01 20:56:09.712
cmqx6t1xm000714fcmg9yl5xw,Bugaboo,Butterfly 2,bugaboo-butterfly-2,Nuna,PIPA Aire,nuna-pipa-lite-rx,INFANT,ADAPTER,t,,HIGH,,https://link.amazon/B06wcbYtO,69.95,,2026-06-28 02:46:07.883,2026-08-01 20:56:09.712
bugaboo-butterfly-2__nuna-pipa-aire-rx,Bugaboo,Butterfly 2,bugaboo-butterfly-2,Nuna,PIPA Aire rx,nuna-pipa-aire-rx,INFANT,ADAPTER,t,,HIGH,,https://link.amazon/B06wcbYtO,69.95,,2026-06-13 20:48:32.741,2026-08-01 20:56:09.712
bugaboo-butterfly-2__nuna-pipa-rx,Bugaboo,Butterfly 2,bugaboo-butterfly-2,Nuna,PIPA RX,nuna-pipa-rx,INFANT,ADAPTER,t,,HIGH,,https://link.amazon/B06wcbYtO,69.95,,2026-06-13 20:48:32.697,2026-08-01 20:56:09.712
bugaboo-butterfly-2__nuna-pipa-urbn,Bugaboo,Butterfly 2,bugaboo-butterfly-2,Nuna,PIPA urbn,nuna-pipa-urbn,INFANT,ADAPTER,t,,HIGH,,https://link.amazon/B06wcbYtO,69.95,,2026-06-13 20:48:32.697,2026-08-01 20:56:09.712
cmqztdzb50001sjatdb2g0kg7,Bugaboo,Donkey 5 Mono Single-to-Double,cmqx8d37p000813kp2s8z32r8,Nuna,PIPA Aire,nuna-pipa-lite-rx,INFANT,ADAPTER,t,,MEDIUM,Bugaboo Donkey accepts Nuna / Maxi-Cosi / CYBEX / Clek infant seats via a Bugaboo click-and-go car seat adapter (sold separately). Confirm the exact adapter for your model year before purchase.,,,,2026-06-29 22:53:48.161,2026-06-29 22:53:48.161
cmqztdzi60003sjat5rsq0fud,Bugaboo,Donkey 5 Mono Single-to-Double,cmqx8d37p000813kp2s8z32r8,Nuna,PIPA Aire rx,nuna-pipa-aire-rx,INFANT,ADAPTER,t,,MEDIUM,Bugaboo Donkey accepts Nuna / Maxi-Cosi / CYBEX / Clek infant seats via a Bugaboo click-and-go car seat adapter (sold separately). Confirm the exact adapter for your model year before purchase.,,,,2026-06-29 22:53:48.414,2026-06-29 22:53:48.414
cmqztdzn90005sjat8kwn9725,Bugaboo,Donkey 5 Mono Single-to-Double,cmqx8d37p000813kp2s8z32r8,Nuna,PIPA RX,nuna-pipa-rx,INFANT,ADAPTER,t,,MEDIUM,Bugaboo Donkey accepts Nuna / Maxi-Cosi / CYBEX / Clek infant seats via a Bugaboo click-and-go car seat adapter (sold separately). Confirm the exact adapter for your model year before purchase.,,,,2026-06-29 22:53:48.597,2026-06-29 22:53:48.597
cmqztdzsp0007sjatkcb5a3mm,Bugaboo,Donkey 5 Mono Single-to-Double,cmqx8d37p000813kp2s8z32r8,Nuna,PIPA urbn,nuna-pipa-urbn,INFANT,ADAPTER,t,,MEDIUM,Bugaboo Donkey accepts Nuna / Maxi-Cosi / CYBEX / Clek infant seats via a Bugaboo click-and-go car seat adapter (sold separately). Confirm the exact adapter for your model year before purchase.,,,,2026-06-29 22:53:48.793,2026-06-29 22:53:48.793
cmrgxkhft0017jeqynk1pyswd,Bugaboo,Donkey 6,bugaboo-donkey-6,Clek,Liing,clek-liing,INFANT,ADAPTER,t,,HIGH,,https://amzn.to/4fvm1DN,,,2026-07-11 22:22:55.048,2026-07-11 22:22:55.048
cmrgxkhgm001hjeqy33vokxn6,Bugaboo,Donkey 6,bugaboo-donkey-6,Clek,Liingo,clek-liingo,INFANT,ADAPTER,t,,HIGH,,https://amzn.to/4fvm1DN,,,2026-07-11 22:22:55.048,2026-07-11 22:22:55.048
cmrgxkhgr001jjeqyhitxzb5g,Bugaboo,Donkey 6,bugaboo-donkey-6,Cybex,Aton G2,cmqx4qpgs00073835wm1de2we,INFANT,ADAPTER,t,,HIGH,,https://amzn.to/4fvm1DN,,,2026-07-11 22:22:55.048,2026-07-11 22:22:55.048
cmrgxkhg7001fjeqyd3jtxxys,Bugaboo,Donkey 6,bugaboo-donkey-6,Cybex,Aton G2 Swivel,cmrdwvbsy000u7tmavhnk64ww,INFANT,ADAPTER,t,,HIGH,,https://amzn.to/4fvm1DN,,,2026-07-11 22:22:55.048,2026-07-11 22:22:55.048
cmrgxkhft0015jeqy1ia1vpjr,Bugaboo,Donkey 6,bugaboo-donkey-6,Cybex,Cloud G Pro Comfort Extend,cmqx4qpj400083835htva49ii,INFANT,ADAPTER,t,,HIGH,,https://amzn.to/4fvm1DN,,,2026-07-11 22:22:55.048,2026-07-11 22:22:55.048
bugaboo-donkey-6__cybex-cloud-t,Bugaboo,Donkey 6,bugaboo-donkey-6,Cybex,Cloud T,cybex-cloud-t,INFANT,ADAPTER,t,,HIGH,,https://amzn.to/4fvm1DN,,,2026-03-22 17:19:43.93,2026-07-11 22:22:55.048
cmrgxjcmv000pjeqy94mcgis6,Bugaboo,Donkey 6,bugaboo-donkey-6,Maxi-Cosi,Ambra,cmqx4qqbg000k3835k8b3mf6l,INFANT,ADAPTER,t,,HIGH,,https://amzn.to/4fvm1DN,,,2026-07-11 22:22:02.165,2026-07-11 22:22:02.165
bugaboo-donkey-6__maxi-cosi-mico-luxe,Bugaboo,Donkey 6,bugaboo-donkey-6,Maxi-Cosi,Mico Luxe,maxi-cosi-mico-luxe,INFANT,ADAPTER,t,,HIGH,,https://amzn.to/4fvm1DN,,,2026-03-22 17:19:43.856,2026-07-11 22:22:02.166
bugaboo-donkey-6__maxi-cosi-mico-pro,Bugaboo,Donkey 6,bugaboo-donkey-6,Maxi-Cosi,Mico Pro,maxi-cosi-mico-pro,INFANT,ADAPTER,t,,HIGH,,https://amzn.to/4fvm1DN,,,2026-06-13 20:48:32.741,2026-07-11 22:22:02.165
bugaboo-donkey-6__maxi-cosi-peri,Bugaboo,Donkey 6,bugaboo-donkey-6,Maxi-Cosi,Peri 180,maxi-cosi-peri,INFANT,ADAPTER,t,,HIGH,,https://amzn.to/4fvm1DN,,,2026-03-22 17:19:43.93,2026-07-11 22:22:02.165
cmqztdzxf0009sjat0o1iolm4,Bugaboo,Donkey 6,bugaboo-donkey-6,Nuna,PIPA Aire,nuna-pipa-lite-rx,INFANT,ADAPTER,t,,HIGH,,https://amzn.to/4fvm1DN,,,2026-06-29 22:53:48.964,2026-07-11 22:22:02.165
bugaboo-donkey-6__nuna-pipa-aire-rx,Bugaboo,Donkey 6,bugaboo-donkey-6,Nuna,PIPA Aire rx,nuna-pipa-aire-rx,INFANT,ADAPTER,t,,HIGH,,https://amzn.to/4fvm1DN,,,2026-06-13 20:48:32.741,2026-07-11 22:22:02.165
bugaboo-donkey-6__nuna-pipa-rx,Bugaboo,Donkey 6,bugaboo-donkey-6,Nuna,PIPA RX,nuna-pipa-rx,INFANT,ADAPTER,t,,HIGH,,https://amzn.to/4fvm1DN,,,2026-03-22 17:19:43.856,2026-07-11 22:22:02.166
cmqzte06m000bsjatwn30rb8h,Bugaboo,Donkey 6,bugaboo-donkey-6,Nuna,PIPA urbn,nuna-pipa-urbn,INFANT,ADAPTER,t,,HIGH,,https://amzn.to/4fvm1DN,,,2026-06-29 22:53:49.294,2026-07-11 22:22:02.166
bugaboo-dragonfly__clek-liing,Bugaboo,Dragonfly,bugaboo-dragonfly,Clek,Liing,clek-liing,INFANT,LIMITED,t,Bugaboo adapter for Maxi-Cosi / Nuna / CYBEX / Clek infant seats,LOW,"Clek Liing is a more niche travel-system lane. Compatibility exists in select cases, but this is the kind of pairing that always deserves one more confirmation step.",,,,2026-03-22 17:19:43.93,2026-03-22 17:19:43.93
bugaboo-dragonfly__clek-liingo,Bugaboo,Dragonfly,bugaboo-dragonfly,Clek,Liingo,clek-liingo,INFANT,LIMITED,t,Bugaboo adapter for Maxi-Cosi / Nuna / CYBEX / Clek infant seats,LOW,"Clek Liingo is a more niche travel-system lane. Compatibility exists in select cases, but this is the kind of pairing that always deserves one more confirmation step.",,,,2026-03-22 17:19:43.93,2026-03-22 17:19:43.93
cmqx4ri1j007170o0j2wds978,Bugaboo,Dragonfly,bugaboo-dragonfly,Cybex,Aton G2,cmqx4qpgs00073835wm1de2we,INFANT,ADAPTER,t,Bugaboo - Dragonfly Car Seat Adapter for Maxi Cosi/Cybex/Nuna,MEDIUM,"Inferred from the catalog adapter ""Bugaboo - Dragonfly Car Seat Adapter for Maxi Cosi/Cybex/Nuna"".",https://www.macrobaby.com/products/bugaboo-dragonfly-car-seat-adapter-for-maxi-cosi-cybex-nuna?_j=taylormadebabyco.com,69.95,,2026-06-28 01:48:56.215,2026-06-28 01:48:56.215
cmrmtwhci002f11u5a6x4rnu7,Bugaboo,Dragonfly,bugaboo-dragonfly,Cybex,Aton G2 Swivel,cmrdwvbsy000u7tmavhnk64ww,INFANT,ADAPTER,t,Bugaboo - Dragonfly Car Seat Adapter for Maxi Cosi/Cybex/Nuna,MEDIUM,"Inferred from the catalog adapter ""Bugaboo - Dragonfly Car Seat Adapter for Maxi Cosi/Cybex/Nuna"".",https://www.macrobaby.com/products/bugaboo-dragonfly-car-seat-adapter-for-maxi-cosi-cybex-nuna?_j=taylormadebabyco.com,69.95,,2026-07-16 01:26:53.395,2026-07-16 01:26:53.395
cmqx4ri3t007370o05l2k7b2q,Bugaboo,Dragonfly,bugaboo-dragonfly,Cybex,Cloud G Pro Comfort Extend,cmqx4qpj400083835htva49ii,INFANT,ADAPTER,t,Bugaboo - Dragonfly Car Seat Adapter for Maxi Cosi/Cybex/Nuna,MEDIUM,"Inferred from the catalog adapter ""Bugaboo - Dragonfly Car Seat Adapter for Maxi Cosi/Cybex/Nuna"".",https://www.macrobaby.com/products/bugaboo-dragonfly-car-seat-adapter-for-maxi-cosi-cybex-nuna?_j=taylormadebabyco.com,69.95,,2026-06-28 01:48:56.297,2026-06-28 01:48:56.297
bugaboo-dragonfly__cybex-cloud-t,Bugaboo,Dragonfly,bugaboo-dragonfly,Cybex,Cloud T,cybex-cloud-t,INFANT,ADAPTER,t,Bugaboo adapter for Maxi-Cosi / Nuna / CYBEX / Clek infant seats,MEDIUM,"Cloud T has a wider premium adapter lane than most, but it is still an adapter decision on this stroller.",,,,2026-03-22 17:19:43.93,2026-03-22 17:19:43.93
cmqx4rakg000p70o0cbagucow,Bugaboo,Dragonfly,bugaboo-dragonfly,Maxi-Cosi,Ambra,cmqx4qqbg000k3835k8b3mf6l,INFANT,ADAPTER,t,Bugaboo Dragonfly Car Seat Adapters in Maxi Cosi,MEDIUM,"Inferred from the catalog adapter ""Bugaboo Dragonfly Car Seat Adapters in Maxi Cosi"".",https://babylist.pxf.io/c/6560395/1160375/13580?prodsku=1556451&u=https%3A%2F%2Fwww.babylist.com%2Fgp%2Fbugaboo-dragonfly-car-seat-adapters%2F39932%2F1556451&intsrc=CATF_8981,69.95,,2026-06-28 01:48:46.528,2026-06-28 01:48:46.528
bugaboo-dragonfly__maxi-cosi-mico-luxe,Bugaboo,Dragonfly,bugaboo-dragonfly,Maxi-Cosi,Mico Luxe,maxi-cosi-mico-luxe,INFANT,ADAPTER,t,Bugaboo adapter for Maxi-Cosi / Nuna / CYBEX / Clek infant seats,MEDIUM,"Maxi-Cosi Mico Luxe lives in one of the most universal travel-system lanes, but it is still an adapter story on this stroller.",https://babylist.pxf.io/c/6560395/1160375/13580?prodsku=1556451&u=https%3A%2F%2Fwww.babylist.com%2Fgp%2Fbugaboo-dragonfly-car-seat-adapters%2F39932%2F1556451&intsrc=APIG_8981,69.95,product_8981_1556451,2026-03-22 17:19:43.856,2026-06-21 03:52:05.887
bugaboo-dragonfly__maxi-cosi-mico-pro,Bugaboo,Dragonfly,bugaboo-dragonfly,Maxi-Cosi,Mico Pro,maxi-cosi-mico-pro,INFANT,ADAPTER,t,Bugaboo adapter for Maxi-Cosi / Nuna / CYBEX / Clek infant seats,MEDIUM,Compatible via same Maxi-Cosi click connector as Mico Luxe.,https://babylist.pxf.io/c/6560395/1160375/13580?prodsku=1556451&u=https%3A%2F%2Fwww.babylist.com%2Fgp%2Fbugaboo-dragonfly-car-seat-adapters%2F39932%2F1556451&intsrc=APIG_8981,69.95,product_8981_1556451,2026-06-13 20:48:32.741,2026-06-21 03:52:05.876
bugaboo-dragonfly__maxi-cosi-peri,Bugaboo,Dragonfly,bugaboo-dragonfly,Maxi-Cosi,Peri 180,maxi-cosi-peri,INFANT,ADAPTER,t,Bugaboo adapter for Maxi-Cosi / Nuna / CYBEX / Clek infant seats,MEDIUM,"Maxi-Cosi Peri 180 lives in one of the most universal travel-system lanes, but it is still an adapter story on this stroller.",https://babylist.pxf.io/c/6560395/1160375/13580?prodsku=1556451&u=https%3A%2F%2Fwww.babylist.com%2Fgp%2Fbugaboo-dragonfly-car-seat-adapters%2F39932%2F1556451&intsrc=APIG_8981,69.95,product_8981_1556451,2026-03-22 17:19:43.93,2026-06-21 03:52:05.869
cmqx4rhww006x70o09a8wklyl,Bugaboo,Dragonfly,bugaboo-dragonfly,Nuna,PIPA Aire,nuna-pipa-lite-rx,INFANT,ADAPTER,t,Bugaboo - Dragonfly Car Seat Adapter for Maxi Cosi/Cybex/Nuna,MEDIUM,"Inferred from the catalog adapter ""Bugaboo - Dragonfly Car Seat Adapter for Maxi Cosi/Cybex/Nuna"".",https://www.macrobaby.com/products/bugaboo-dragonfly-car-seat-adapter-for-maxi-cosi-cybex-nuna?_j=taylormadebabyco.com,69.95,,2026-06-28 01:48:56.048,2026-06-28 01:48:56.048
bugaboo-dragonfly__nuna-pipa-aire-rx,Bugaboo,Dragonfly,bugaboo-dragonfly,Nuna,PIPA Aire rx,nuna-pipa-aire-rx,INFANT,ADAPTER,t,Bugaboo adapter for Maxi-Cosi / Nuna / CYBEX / Clek infant seats,MEDIUM,Compatible via same adapter path as Nuna PIPA rx.,,,,2026-06-13 20:48:32.741,2026-06-13 20:48:32.741
bugaboo-dragonfly__nuna-pipa-rx,Bugaboo,Dragonfly,bugaboo-dragonfly,Nuna,PIPA RX,nuna-pipa-rx,INFANT,ADAPTER,t,Bugaboo adapter for Maxi-Cosi / Nuna / CYBEX / Clek infant seats,MEDIUM,Bugaboo uses an adapter-based travel system path for Nuna PIPA RX.,,,,2026-03-22 17:19:43.856,2026-03-22 17:19:43.856
cmqx4rhz8006z70o06wqn97ts,Bugaboo,Dragonfly,bugaboo-dragonfly,Nuna,PIPA urbn,nuna-pipa-urbn,INFANT,ADAPTER,t,Bugaboo - Dragonfly Car Seat Adapter for Maxi Cosi/Cybex/Nuna,MEDIUM,"Inferred from the catalog adapter ""Bugaboo - Dragonfly Car Seat Adapter for Maxi Cosi/Cybex/Nuna"".",https://www.macrobaby.com/products/bugaboo-dragonfly-car-seat-adapter-for-maxi-cosi-cybex-nuna?_j=taylormadebabyco.com,69.95,,2026-06-28 01:48:56.132,2026-06-28 01:48:56.132
cmrfpa9n0002sbyefai33csnc,Bugaboo,Dragonfly Plus,cmr2vgyqo0006ea9ukrzht5sg,Clek,Liing,clek-liing,INFANT,ADAPTER,t,Bugaboo Dragonfly Car Seat Adapters,HIGH,,https://amzn.to/4yhySkj,,,2026-07-11 01:43:15.274,2026-07-11 01:43:15.274
cmrfpa9mz002kbyefoo4k8ca8,Bugaboo,Dragonfly Plus,cmr2vgyqo0006ea9ukrzht5sg,Clek,Liingo,clek-liingo,INFANT,ADAPTER,t,Bugaboo Dragonfly Car Seat Adapters,HIGH,,https://amzn.to/4yhySkj,,,2026-07-11 01:43:15.274,2026-07-11 01:43:15.274
cmrfpa9n6002wbyefehlilugl,Bugaboo,Dragonfly Plus,cmr2vgyqo0006ea9ukrzht5sg,Cybex,Aton G2,cmqx4qpgs00073835wm1de2we,INFANT,ADAPTER,t,Bugaboo Dragonfly Car Seat Adapters,HIGH,,https://amzn.to/4yhySkj,,,2026-07-11 01:43:15.274,2026-07-11 01:43:15.274
cmrfpa9n6002ybyefazughbji,Bugaboo,Dragonfly Plus,cmr2vgyqo0006ea9ukrzht5sg,Cybex,Aton G2 Swivel,cmrdwvbsy000u7tmavhnk64ww,INFANT,ADAPTER,t,Bugaboo Dragonfly Car Seat Adapters,HIGH,,https://amzn.to/4yhySkj,,,2026-07-11 01:43:15.274,2026-07-11 01:43:15.274
cmrfpa9n5002ubyefcro86jsw,Bugaboo,Dragonfly Plus,cmr2vgyqo0006ea9ukrzht5sg,Cybex,Cloud G Pro Comfort Extend,cmqx4qpj400083835htva49ii,INFANT,ADAPTER,t,Bugaboo Dragonfly Car Seat Adapters,HIGH,,https://amzn.to/4yhySkj,,,2026-07-11 01:43:15.274,2026-07-11 01:43:15.274
cmrfpa9n0002qbyefhotw8w19,Bugaboo,Dragonfly Plus,cmr2vgyqo0006ea9ukrzht5sg,Cybex,Cloud T,cybex-cloud-t,INFANT,ADAPTER,t,Bugaboo Dragonfly Car Seat Adapters,HIGH,,https://amzn.to/4yhySkj,,,2026-07-11 01:43:15.274,2026-07-11 01:43:15.274
cmrfp882i0029byefmimkna98,Bugaboo,Dragonfly Plus,cmr2vgyqo0006ea9ukrzht5sg,Maxi-Cosi,Ambra,cmqx4qqbg000k3835k8b3mf6l,INFANT,ADAPTER,t,Bugaboo Dragonfly Car Seat Adapters,HIGH,,https://amzn.to/4wAgP7p,,,2026-07-11 01:41:39.929,2026-07-11 01:41:39.929
cmrfp882i0028byef4izl1gv5,Bugaboo,Dragonfly Plus,cmr2vgyqo0006ea9ukrzht5sg,Maxi-Cosi,Mico Luxe,maxi-cosi-mico-luxe,INFANT,ADAPTER,t,Bugaboo Dragonfly Car Seat Adapters,HIGH,,https://amzn.to/4wAgP7p,,,2026-07-11 01:41:39.929,2026-07-11 01:41:39.929
cmrfp882o002cbyefp9axxml7,Bugaboo,Dragonfly Plus,cmr2vgyqo0006ea9ukrzht5sg,Maxi-Cosi,Mico Pro,maxi-cosi-mico-pro,INFANT,ADAPTER,t,Bugaboo Dragonfly Car Seat Adapters,HIGH,,https://amzn.to/4wAgP7p,,,2026-07-11 01:41:39.929,2026-07-11 01:41:39.929
cmrfp882h0022byefligmvdo4,Bugaboo,Dragonfly Plus,cmr2vgyqo0006ea9ukrzht5sg,Maxi-Cosi,Peri 180,maxi-cosi-peri,INFANT,ADAPTER,t,Bugaboo Dragonfly Car Seat Adapters,HIGH,,https://amzn.to/4wAgP7p,,,2026-07-11 01:41:39.929,2026-07-11 01:41:39.929
cmr2vi0360001w26zglruf5x3,Bugaboo,Dragonfly Plus,cmr2vgyqo0006ea9ukrzht5sg,Nuna,PIPA Aire,nuna-pipa-lite-rx,INFANT,ADAPTER,t,Bugaboo Dragonfly Car Seat Adapters,HIGH,,https://amzn.to/4wAgP7p,,,2026-07-02 02:16:13.553,2026-07-11 01:41:39.929
cmr2vi0a00003w26zf0kgl7cf,Bugaboo,Dragonfly Plus,cmr2vgyqo0006ea9ukrzht5sg,Nuna,PIPA Aire rx,nuna-pipa-aire-rx,INFANT,ADAPTER,t,Bugaboo Dragonfly Car Seat Adapters,HIGH,,https://amzn.to/4wAgP7p,,,2026-07-02 02:16:13.8,2026-07-11 01:41:39.929
cmr2vi0ej0005w26zlfbk8t47,Bugaboo,Dragonfly Plus,cmr2vgyqo0006ea9ukrzht5sg,Nuna,PIPA RX,nuna-pipa-rx,INFANT,ADAPTER,t,Bugaboo Dragonfly Car Seat Adapters,HIGH,,https://amzn.to/4wAgP7p,,,2026-07-02 02:16:13.964,2026-07-11 01:41:39.929
cmr2vi0j50007w26z6wop416q,Bugaboo,Dragonfly Plus,cmr2vgyqo0006ea9ukrzht5sg,Nuna,PIPA urbn,nuna-pipa-urbn,INFANT,ADAPTER,t,Bugaboo Dragonfly Car Seat Adapters,HIGH,,https://amzn.to/4wAgP7p,,,2026-07-02 02:16:14.129,2026-07-11 01:41:39.929
bugaboo-fox-5__clek-liing,Bugaboo,Fox 5,bugaboo-fox-5,Clek,Liing,clek-liing,INFANT,ADAPTER,t,,HIGH,,https://www.bugaboo.com/us-en/accessories/adapters/bugaboo-fox-5-renew-car-seat-adapters-100433001.html,69.95,,2026-03-22 17:19:43.93,2026-08-01 20:49:30.013
bugaboo-fox-5__clek-liingo,Bugaboo,Fox 5,bugaboo-fox-5,Clek,Liingo,clek-liingo,INFANT,ADAPTER,t,,HIGH,,https://www.bugaboo.com/us-en/accessories/adapters/bugaboo-fox-5-renew-car-seat-adapters-100433001.html,69.95,,2026-03-22 17:19:43.93,2026-08-01 20:49:30.013
cmrfp3bs2001hbyefcng1n1p1,Bugaboo,Fox 5,bugaboo-fox-5,Cybex,Aton G2,cmqx4qpgs00073835wm1de2we,INFANT,ADAPTER,t,,HIGH,,https://www.bugaboo.com/us-en/accessories/adapters/bugaboo-fox-5-renew-car-seat-adapters-100433001.html,69.95,,2026-07-11 01:37:51.458,2026-08-01 20:49:30.013
cmrfp3bsa001rbyeftp5ob7d5,Bugaboo,Fox 5,bugaboo-fox-5,Cybex,Aton G2 Swivel,cmrdwvbsy000u7tmavhnk64ww,INFANT,ADAPTER,t,,HIGH,,https://www.bugaboo.com/us-en/accessories/adapters/bugaboo-fox-5-renew-car-seat-adapters-100433001.html,69.95,,2026-07-11 01:37:51.458,2026-08-01 20:49:30.013
cmrfp3bs3001pbyef9bt4wpfv,Bugaboo,Fox 5,bugaboo-fox-5,Cybex,Cloud G Pro Comfort Extend,cmqx4qpj400083835htva49ii,INFANT,ADAPTER,t,,HIGH,,https://www.bugaboo.com/us-en/accessories/adapters/bugaboo-fox-5-renew-car-seat-adapters-100433001.html,69.95,,2026-07-11 01:37:51.458,2026-08-01 20:49:30.013
bugaboo-fox-5__cybex-cloud-t,Bugaboo,Fox 5,bugaboo-fox-5,Cybex,Cloud T,cybex-cloud-t,INFANT,ADAPTER,t,,HIGH,,https://www.bugaboo.com/us-en/accessories/adapters/bugaboo-fox-5-renew-car-seat-adapters-100433001.html,69.95,,2026-03-22 17:19:43.93,2026-08-01 20:49:30.014
cmrfoyvuu0014byefyqo7dmxy,Bugaboo,Fox 5,bugaboo-fox-5,Maxi-Cosi,Ambra,cmqx4qqbg000k3835k8b3mf6l,INFANT,ADAPTER,t,,HIGH,,https://www.bugaboo.com/us-en/accessories/adapters/bugaboo-fox-5-renew-car-seat-adapters-100433001.html,69.95,,2026-07-11 01:34:24.199,2026-08-01 20:50:07.694
bugaboo-fox-5__maxi-cosi-mico-luxe,Bugaboo,Fox 5,bugaboo-fox-5,Maxi-Cosi,Mico Luxe,maxi-cosi-mico-luxe,INFANT,ADAPTER,t,,HIGH,,https://www.bugaboo.com/us-en/accessories/adapters/bugaboo-fox-5-renew-car-seat-adapters-100433001.html,69.95,,2026-03-22 17:19:43.856,2026-08-01 20:50:07.694
bugaboo-fox-5__maxi-cosi-mico-pro,Bugaboo,Fox 5,bugaboo-fox-5,Maxi-Cosi,Mico Pro,maxi-cosi-mico-pro,INFANT,ADAPTER,t,,HIGH,,https://www.bugaboo.com/us-en/accessories/adapters/bugaboo-fox-5-renew-car-seat-adapters-100433001.html,69.95,,2026-06-13 20:48:32.741,2026-08-01 20:50:07.695
cmsaui1n3000dgu9ez2etbu5m,Bugaboo,Fox 5,bugaboo-fox-5,Maxi-Cosi,Mico XP,cmry6pa5o001ovblfjcngmv5n,INFANT,ADAPTER,t,,HIGH,,https://www.bugaboo.com/us-en/accessories/adapters/bugaboo-fox-5-renew-car-seat-adapters-100433001.html,69.95,,2026-08-01 20:50:07.694,2026-08-01 20:50:07.694
bugaboo-fox-5__maxi-cosi-peri,Bugaboo,Fox 5,bugaboo-fox-5,Maxi-Cosi,Peri 180,maxi-cosi-peri,INFANT,ADAPTER,t,,HIGH,,https://www.bugaboo.com/us-en/accessories/adapters/bugaboo-fox-5-renew-car-seat-adapters-100433001.html,69.95,,2026-03-22 17:19:43.93,2026-08-01 20:50:07.694
cmr2e64rt0009fiditkre73s6,Bugaboo,Fox 5,bugaboo-fox-5,Nuna,PIPA Aire,nuna-pipa-lite-rx,INFANT,ADAPTER,t,,HIGH,,https://www.bugaboo.com/us-en/accessories/adapters/bugaboo-fox-5-renew-car-seat-adapters-100433001.html,69.95,,2026-07-01 18:11:06.281,2026-08-01 20:50:07.694
bugaboo-fox-5__nuna-pipa-aire-rx,Bugaboo,Fox 5,bugaboo-fox-5,Nuna,PIPA Aire rx,nuna-pipa-aire-rx,INFANT,ADAPTER,t,,HIGH,,https://www.bugaboo.com/us-en/accessories/adapters/bugaboo-fox-5-renew-car-seat-adapters-100433001.html,69.95,,2026-06-13 20:48:32.741,2026-08-01 20:50:07.694
bugaboo-fox-5__nuna-pipa-rx,Bugaboo,Fox 5,bugaboo-fox-5,Nuna,PIPA RX,nuna-pipa-rx,INFANT,ADAPTER,t,,HIGH,,https://www.bugaboo.com/us-en/accessories/adapters/bugaboo-fox-5-renew-car-seat-adapters-100433001.html,69.95,,2026-03-22 17:19:43.856,2026-08-01 20:50:07.695
cmr2e6517000bfidiv988dm3q,Bugaboo,Fox 5,bugaboo-fox-5,Nuna,PIPA urbn,nuna-pipa-urbn,INFANT,ADAPTER,t,,HIGH,,https://www.bugaboo.com/us-en/accessories/adapters/bugaboo-fox-5-renew-car-seat-adapters-100433001.html,69.95,,2026-07-01 18:11:06.619,2026-08-01 20:50:07.694
cmsaum82m001qgu9ev96b3shs,Bugaboo,Kangaroo,bugaboo-kangaroo,Clek,Liing,clek-liing,INFANT,ADAPTER,t,,HIGH,,https://www.bugaboo.com/us-en/accessories/adapters/bugaboo-kangaroo-car-seat-adapters-400015001.html,69.95,,2026-08-01 20:53:22.654,2026-08-01 20:53:22.654
cmsaum82m001pgu9ex00rk2qs,Bugaboo,Kangaroo,bugaboo-kangaroo,Clek,Liingo,clek-liingo,INFANT,ADAPTER,t,,HIGH,,https://www.bugaboo.com/us-en/accessories/adapters/bugaboo-kangaroo-car-seat-adapters-400015001.html,69.95,,2026-08-01 20:53:22.654,2026-08-01 20:53:22.654
cmsaum82m001ogu9e5lm7hsvt,Bugaboo,Kangaroo,bugaboo-kangaroo,Cybex,Aton G2,cmqx4qpgs00073835wm1de2we,INFANT,ADAPTER,t,,HIGH,,https://www.bugaboo.com/us-en/accessories/adapters/bugaboo-kangaroo-car-seat-adapters-400015001.html,69.95,,2026-08-01 20:53:22.654,2026-08-01 20:53:22.654
cmsaum87a001vgu9edf5qpban,Bugaboo,Kangaroo,bugaboo-kangaroo,Cybex,Aton G2 Swivel,cmrdwvbsy000u7tmavhnk64ww,INFANT,ADAPTER,t,,HIGH,,https://www.bugaboo.com/us-en/accessories/adapters/bugaboo-kangaroo-car-seat-adapters-400015001.html,69.95,,2026-08-01 20:53:22.654,2026-08-01 20:53:22.654
cmsaum82m001rgu9ews7jvobd,Bugaboo,Kangaroo,bugaboo-kangaroo,Cybex,Cloud G Pro Comfort Extend,cmqx4qpj400083835htva49ii,INFANT,ADAPTER,t,,HIGH,,https://www.bugaboo.com/us-en/accessories/adapters/bugaboo-kangaroo-car-seat-adapters-400015001.html,69.95,,2026-08-01 20:53:22.654,2026-08-01 20:53:22.654
cmsaum83t001tgu9ea1vb3tvm,Bugaboo,Kangaroo,bugaboo-kangaroo,Cybex,Cloud T,cybex-cloud-t,INFANT,ADAPTER,t,,HIGH,,https://www.bugaboo.com/us-en/accessories/adapters/bugaboo-kangaroo-car-seat-adapters-400015001.html,69.95,,2026-08-01 20:53:22.654,2026-08-01 20:53:22.654
cmsaukzh90015gu9egml8hdw7,Bugaboo,Kangaroo,bugaboo-kangaroo,Maxi-Cosi,Ambra,cmqx4qqbg000k3835k8b3mf6l,INFANT,ADAPTER,t,,HIGH,,https://www.bugaboo.com/us-en/accessories/adapters/bugaboo-kangaroo-car-seat-adapters-400015001.html,69.95,,2026-08-01 20:52:24.861,2026-08-01 20:52:24.861
bugaboo-kangaroo__maxi-cosi-mico-luxe,Bugaboo,Kangaroo,bugaboo-kangaroo,Maxi-Cosi,Mico Luxe,maxi-cosi-mico-luxe,INFANT,ADAPTER,t,,HIGH,,https://www.bugaboo.com/us-en/accessories/adapters/bugaboo-kangaroo-car-seat-adapters-400015001.html,69.95,,2026-06-13 20:48:32.697,2026-08-01 20:52:24.861
bugaboo-kangaroo__maxi-cosi-mico-pro,Bugaboo,Kangaroo,bugaboo-kangaroo,Maxi-Cosi,Mico Pro,maxi-cosi-mico-pro,INFANT,ADAPTER,t,,HIGH,,https://www.bugaboo.com/us-en/accessories/adapters/bugaboo-kangaroo-car-seat-adapters-400015001.html,69.95,,2026-06-13 20:48:32.741,2026-08-01 20:52:24.861
cmsaukzh90018gu9ev9v0fsvm,Bugaboo,Kangaroo,bugaboo-kangaroo,Maxi-Cosi,Mico XP,cmry6pa5o001ovblfjcngmv5n,INFANT,ADAPTER,t,,HIGH,,https://www.bugaboo.com/us-en/accessories/adapters/bugaboo-kangaroo-car-seat-adapters-400015001.html,69.95,,2026-08-01 20:52:24.861,2026-08-01 20:52:24.861
bugaboo-kangaroo__maxi-cosi-peri,Bugaboo,Kangaroo,bugaboo-kangaroo,Maxi-Cosi,Peri 180,maxi-cosi-peri,INFANT,ADAPTER,t,,HIGH,,https://www.bugaboo.com/us-en/accessories/adapters/bugaboo-kangaroo-car-seat-adapters-400015001.html,69.95,,2026-06-13 20:48:32.697,2026-08-01 20:52:24.861
cmsaukzhi001bgu9e34o747lk,Bugaboo,Kangaroo,bugaboo-kangaroo,Nuna,PIPA Aire,nuna-pipa-lite-rx,INFANT,ADAPTER,t,,HIGH,,https://www.bugaboo.com/us-en/accessories/adapters/bugaboo-kangaroo-car-seat-adapters-400015001.html,69.95,,2026-08-01 20:52:24.861,2026-08-01 20:52:24.861
bugaboo-kangaroo__nuna-pipa-aire-rx,Bugaboo,Kangaroo,bugaboo-kangaroo,Nuna,PIPA Aire rx,nuna-pipa-aire-rx,INFANT,ADAPTER,t,,HIGH,,https://www.bugaboo.com/us-en/accessories/adapters/bugaboo-kangaroo-car-seat-adapters-400015001.html,69.95,,2026-06-13 20:48:32.741,2026-08-01 20:52:24.861
bugaboo-kangaroo__nuna-pipa-rx,Bugaboo,Kangaroo,bugaboo-kangaroo,Nuna,PIPA RX,nuna-pipa-rx,INFANT,ADAPTER,t,,HIGH,,https://www.bugaboo.com/us-en/accessories/adapters/bugaboo-kangaroo-car-seat-adapters-400015001.html,69.95,,2026-06-13 20:48:32.697,2026-08-01 20:52:24.861
bugaboo-kangaroo__nuna-pipa-urbn,Bugaboo,Kangaroo,bugaboo-kangaroo,Nuna,PIPA urbn,nuna-pipa-urbn,INFANT,ADAPTER,t,,HIGH,,https://www.bugaboo.com/us-en/accessories/adapters/bugaboo-kangaroo-car-seat-adapters-400015001.html,69.95,,2026-06-13 20:48:32.697,2026-08-01 20:52:24.861
cmrv08jxs001jkpmcajlree3a,Bumbleride,Era,bumbleride-era,Chicco,KeyFit 30,chicco-keyfit-30,INFANT,ADAPTER,t,,HIGH,,https://bumbleride.com/collections/car-seat-adapters/products/single-car-seat-adapter-graco-chicco,,,2026-07-21 18:46:23.728,2026-07-28 20:05:28.005
cmrv08jy2001lkpmc5auo8men,Bumbleride,Era,bumbleride-era,Chicco,KeyFit 30 ClearTex,cmqx4qp6y00033835pgtlizxk,INFANT,ADAPTER,t,,HIGH,,https://bumbleride.com/collections/car-seat-adapters/products/single-car-seat-adapter-graco-chicco,,,2026-07-21 18:46:23.739,2026-07-28 20:05:28.005
cmrv08jyj001pkpmc6az3syu8,Bumbleride,Era,bumbleride-era,Chicco,KeyFit Max ClearTex,cmqx4qp9s00043835h85g6sl0,INFANT,ADAPTER,t,,HIGH,,https://bumbleride.com/collections/car-seat-adapters/products/single-car-seat-adapter-graco-chicco,,,2026-07-21 18:46:23.755,2026-07-28 20:05:28.005
cmrv08jyq001rkpmcy1xx7d6a,Bumbleride,Era,bumbleride-era,Chicco,KeyFit Max Zip ClearLux,cmqx4qpc50005383512d994gn,INFANT,ADAPTER,t,,HIGH,,https://bumbleride.com/collections/car-seat-adapters/products/single-car-seat-adapter-graco-chicco,,,2026-07-21 18:46:23.762,2026-07-28 20:05:28.005
cmrv08jyx001tkpmcais355pp,Bumbleride,Era,bumbleride-era,Chicco,KeyFit Max Zip ClearTex,cmqx4qpeg00063835eten1p5s,INFANT,ADAPTER,t,,HIGH,,https://bumbleride.com/collections/car-seat-adapters/products/single-car-seat-adapter-graco-chicco,,,2026-07-21 18:46:23.769,2026-07-28 20:05:28.005
cmqt251su000nfvq80k0nkw4q,Bumbleride,Era,bumbleride-era,Clek,Liing,clek-liing,INFANT,ADAPTER,t,,HIGH,,https://link.amazon/B060N8Hce,,,2026-06-25 05:24:24.798,2026-07-28 20:07:11.466
cmqt251v7000pfvq8ocml5fnu,Bumbleride,Era,bumbleride-era,Clek,Liingo,clek-liingo,INFANT,ADAPTER,t,,HIGH,,https://link.amazon/B060N8Hce,,,2026-06-25 05:24:24.883,2026-07-28 20:07:11.466
cmqx4rapd000t70o03c28nb3a,Bumbleride,Era,bumbleride-era,Cybex,Aton G2,cmqx4qpgs00073835wm1de2we,INFANT,ADAPTER,t,,HIGH,,https://link.amazon/B060N8Hce,,,2026-06-28 01:48:46.705,2026-07-28 20:07:11.466
cmrmtweh5000111u572e3i1un,Bumbleride,Era,bumbleride-era,Cybex,Aton G2 Swivel,cmrdwvbsy000u7tmavhnk64ww,INFANT,ADAPTER,t,,HIGH,,https://link.amazon/B060N8Hce,,,2026-07-16 01:26:49.673,2026-07-28 20:07:11.466
cmqx4rarv000v70o0lnc5hkr4,Bumbleride,Era,bumbleride-era,Cybex,Cloud G Pro Comfort Extend,cmqx4qpj400083835htva49ii,INFANT,ADAPTER,t,,HIGH,,https://link.amazon/B060N8Hce,,,2026-06-28 01:48:46.796,2026-07-28 20:07:11.466
cmqt251qg000lfvq8qjthgphi,Bumbleride,Era,bumbleride-era,Cybex,Cloud T,cybex-cloud-t,INFANT,ADAPTER,t,,HIGH,,https://link.amazon/B060N8Hce,,,2026-06-25 05:24:24.712,2026-07-28 20:07:11.466
cmrv08jvr0017kpmc9ecmghps,Bumbleride,Era,bumbleride-era,Graco,GoMax,cmqx4qpx8000e3835nvrnxr0i,INFANT,ADAPTER,t,,HIGH,,https://bumbleride.com/collections/car-seat-adapters/products/single-car-seat-adapter-graco-chicco,,,2026-07-21 18:46:23.656,2026-07-28 20:06:03.768
cmrv08jvz0019kpmcy6n2h7w0,Bumbleride,Era,bumbleride-era,Graco,SnugRide Lite LX,cmqx4qpzp000f3835i6cp9pth,INFANT,ADAPTER,t,,HIGH,,https://bumbleride.com/collections/car-seat-adapters/products/single-car-seat-adapter-graco-chicco,,,2026-07-21 18:46:23.664,2026-07-28 20:06:03.768
cmrv08jw9001bkpmcfjyu985n,Bumbleride,Era,bumbleride-era,Graco,SnugRide SnugFit,cmqx4qq4h000h3835n8ni2r9m,INFANT,ADAPTER,t,,HIGH,,https://bumbleride.com/collections/car-seat-adapters/products/single-car-seat-adapter-graco-chicco,,,2026-07-21 18:46:23.674,2026-07-28 20:06:03.768
cmrv08jws001dkpmcg5amlnrm,Bumbleride,Era,bumbleride-era,Graco,SnugRide SnugFit DLX,cmqx4qq26000g3835g3mh924j,INFANT,ADAPTER,t,,HIGH,,https://bumbleride.com/collections/car-seat-adapters/products/single-car-seat-adapter-graco-chicco,,,2026-07-21 18:46:23.692,2026-07-28 20:06:03.768
cmrv08jx3001fkpmc0fr1y4rz,Bumbleride,Era,bumbleride-era,Graco,SnugRide SnugFit LX,cmqx4qq6u000i3835j7t2euy8,INFANT,ADAPTER,t,,HIGH,,https://bumbleride.com/collections/car-seat-adapters/products/single-car-seat-adapter-graco-chicco,,,2026-07-21 18:46:23.703,2026-07-28 20:06:03.768
cmqx4ran0000r70o0gc3pc11b,Bumbleride,Era,bumbleride-era,Maxi-Cosi,Ambra,cmqx4qqbg000k3835k8b3mf6l,INFANT,ADAPTER,t,,HIGH,,https://link.amazon/B060N8Hce,,,2026-06-28 01:48:46.62,2026-07-28 20:07:45.614
bumbleride-era__maxi-cosi-mico-luxe,Bumbleride,Era,bumbleride-era,Maxi-Cosi,Mico Luxe,maxi-cosi-mico-luxe,INFANT,ADAPTER,t,,HIGH,,https://link.amazon/B060N8Hce,,,2026-03-22 17:19:43.856,2026-07-28 20:07:45.615
bumbleride-era__maxi-cosi-mico-pro,Bumbleride,Era,bumbleride-era,Maxi-Cosi,Mico Pro,maxi-cosi-mico-pro,INFANT,ADAPTER,t,,HIGH,,https://link.amazon/B060N8Hce,,,2026-06-13 20:48:32.741,2026-07-28 20:07:45.614
cms5385hq005mqas9ra46usdm,Bumbleride,Era,bumbleride-era,Maxi-Cosi,Mico XP,cmry6pa5o001ovblfjcngmv5n,INFANT,ADAPTER,t,,HIGH,,https://link.amazon/B060N8Hce,,,2026-07-28 20:07:45.614,2026-07-28 20:07:45.614
cmqt251j9000ffvq8rt7i85lp,Bumbleride,Era,bumbleride-era,Maxi-Cosi,Peri 180,maxi-cosi-peri,INFANT,ADAPTER,t,,HIGH,,https://link.amazon/B060N8Hce,,,2026-06-25 05:24:24.454,2026-07-28 20:07:45.614
cmqt251lo000hfvq82oh1c1c5,Bumbleride,Era,bumbleride-era,Nuna,PIPA Aire,nuna-pipa-lite-rx,INFANT,ADAPTER,t,,HIGH,,https://link.amazon/B060N8Hce,,,2026-06-25 05:24:24.54,2026-07-28 20:07:45.614
bumbleride-era__nuna-pipa-aire-rx,Bumbleride,Era,bumbleride-era,Nuna,PIPA Aire rx,nuna-pipa-aire-rx,INFANT,ADAPTER,t,,HIGH,,https://link.amazon/B060N8Hce,,,2026-06-13 20:48:32.741,2026-07-28 20:07:45.615
bumbleride-era__nuna-pipa-rx,Bumbleride,Era,bumbleride-era,Nuna,PIPA RX,nuna-pipa-rx,INFANT,ADAPTER,t,,HIGH,,https://link.amazon/B060N8Hce,,,2026-03-22 17:19:43.856,2026-07-28 20:07:45.615
cmqt251o2000jfvq83xq9ndwh,Bumbleride,Era,bumbleride-era,Nuna,PIPA urbn,nuna-pipa-urbn,INFANT,ADAPTER,t,,HIGH,,https://link.amazon/B060N8Hce,,,2026-06-25 05:24:24.626,2026-07-28 20:07:45.615
cmrv08k01001xkpmcn2bczflh,Bumbleride,Indie,bumbleride-indie,Chicco,KeyFit 30,chicco-keyfit-30,INFANT,ADAPTER,t,,HIGH,,https://bumbleride.com/collections/car-seat-adapters/products/single-car-seat-adapter-graco-chicco,,,2026-07-21 18:46:23.81,2026-07-28 19:57:58.184
cmrv08k09001zkpmcvnehoj0f,Bumbleride,Indie,bumbleride-indie,Chicco,KeyFit 30 ClearTex,cmqx4qp6y00033835pgtlizxk,INFANT,ADAPTER,t,,HIGH,,https://bumbleride.com/collections/car-seat-adapters/products/single-car-seat-adapter-graco-chicco,,,2026-07-21 18:46:23.818,2026-07-28 19:57:58.184
cmrv08k0t0023kpmc4zlwoc94,Bumbleride,Indie,bumbleride-indie,Chicco,KeyFit Max ClearTex,cmqx4qp9s00043835h85g6sl0,INFANT,ADAPTER,t,,HIGH,,https://bumbleride.com/collections/car-seat-adapters/products/single-car-seat-adapter-graco-chicco,,,2026-07-21 18:46:23.837,2026-07-28 19:57:58.184
cmrv08k130025kpmckyafosoq,Bumbleride,Indie,bumbleride-indie,Chicco,KeyFit Max Zip ClearLux,cmqx4qpc50005383512d994gn,INFANT,ADAPTER,t,,HIGH,,https://bumbleride.com/collections/car-seat-adapters/products/single-car-seat-adapter-graco-chicco,,,2026-07-21 18:46:23.848,2026-07-28 19:57:58.184
cmrv08k1b0027kpmc7vstxy43,Bumbleride,Indie,bumbleride-indie,Chicco,KeyFit Max Zip ClearTex,cmqx4qpeg00063835eten1p5s,INFANT,ADAPTER,t,,HIGH,,https://bumbleride.com/collections/car-seat-adapters/products/single-car-seat-adapter-graco-chicco,,,2026-07-21 18:46:23.855,2026-07-28 19:57:58.184
cmqu9hsw20011bq8e5papu8be,Bumbleride,Indie,bumbleride-indie,Clek,Liing,clek-liing,INFANT,ADAPTER,t,,HIGH,,https://link.amazon/B03jBIZMb,,,2026-06-26 01:38:03.266,2026-07-28 19:55:29.64
cmqu9hszw0013bq8eurnxbw0m,Bumbleride,Indie,bumbleride-indie,Clek,Liingo,clek-liingo,INFANT,ADAPTER,t,,HIGH,,https://link.amazon/B03jBIZMb,,,2026-06-26 01:38:03.404,2026-07-28 19:55:29.642
cmqx5lpw60003p3lwsrfd1kam,Bumbleride,Indie,bumbleride-indie,Cybex,Aton G2,cmqx4qpgs00073835wm1de2we,INFANT,ADAPTER,t,,HIGH,,https://link.amazon/B03jBIZMb,,,2026-06-28 02:12:26.07,2026-07-28 19:55:29.64
cmrmtwffa000t11u547avvcwz,Bumbleride,Indie,bumbleride-indie,Cybex,Aton G2 Swivel,cmrdwvbsy000u7tmavhnk64ww,INFANT,ADAPTER,t,,HIGH,,https://link.amazon/B03jBIZMb,,,2026-07-16 01:26:50.903,2026-07-28 19:55:29.64
cmqx5lpyg0005p3lwscrnwo80,Bumbleride,Indie,bumbleride-indie,Cybex,Cloud G Pro Comfort Extend,cmqx4qpj400083835htva49ii,INFANT,ADAPTER,t,,HIGH,,https://link.amazon/B03jBIZMb,,,2026-06-28 02:12:26.152,2026-07-28 19:55:29.64
cmqu9hstb000zbq8e0cccq9rq,Bumbleride,Indie,bumbleride-indie,Cybex,Cloud T,cybex-cloud-t,INFANT,ADAPTER,t,,HIGH,,https://link.amazon/B03jBIZMb,,,2026-06-26 01:38:03.168,2026-07-28 19:55:29.64
cmrfd5wdx00hrt781kua06hfo,Bumbleride,Indie,bumbleride-indie,Graco,GoMax,cmqx4qpx8000e3835nvrnxr0i,INFANT,ADAPTER,t,,HIGH,,https://bumbleride.com/collections/car-seat-adapters/products/single-car-seat-adapter-graco-chicco,,,2026-07-10 20:03:56.086,2026-07-28 20:11:51.791
cmrfd5wid00htt7817reoa2q4,Bumbleride,Indie,bumbleride-indie,Graco,SnugRide Lite LX,cmqx4qpzp000f3835i6cp9pth,INFANT,ADAPTER,t,,HIGH,,https://bumbleride.com/collections/car-seat-adapters/products/single-car-seat-adapter-graco-chicco,,,2026-07-10 20:03:56.246,2026-07-28 20:11:51.791
cmrfd5wms00hvt781yfaeskzn,Bumbleride,Indie,bumbleride-indie,Graco,SnugRide SnugFit,cmqx4qq4h000h3835n8ni2r9m,INFANT,ADAPTER,t,,HIGH,,https://bumbleride.com/collections/car-seat-adapters/products/single-car-seat-adapter-graco-chicco,,,2026-07-10 20:03:56.405,2026-07-28 20:11:51.791
cmrfd5wr900hxt781fut2s960,Bumbleride,Indie,bumbleride-indie,Graco,SnugRide SnugFit DLX,cmqx4qq26000g3835g3mh924j,INFANT,ADAPTER,t,,HIGH,,https://bumbleride.com/collections/car-seat-adapters/products/single-car-seat-adapter-graco-chicco,,,2026-07-10 20:03:56.565,2026-07-28 20:11:51.791
cmrfd5wvp00hzt781qypj4sf1,Bumbleride,Indie,bumbleride-indie,Graco,SnugRide SnugFit LX,cmqx4qq6u000i3835j7t2euy8,INFANT,ADAPTER,t,,HIGH,,https://bumbleride.com/collections/car-seat-adapters/products/single-car-seat-adapter-graco-chicco,,,2026-07-10 20:03:56.726,2026-07-28 20:11:51.791
cmqx5lprn0001p3lwwokm6xi8,Bumbleride,Indie,bumbleride-indie,Maxi-Cosi,Ambra,cmqx4qqbg000k3835k8b3mf6l,INFANT,ADAPTER,t,,HIGH,,https://link.amazon/B03jBIZMb,,,2026-06-28 02:12:25.907,2026-07-28 19:56:06.725
bumbleride-indie__maxi-cosi-mico-luxe,Bumbleride,Indie,bumbleride-indie,Maxi-Cosi,Mico Luxe,maxi-cosi-mico-luxe,INFANT,ADAPTER,t,,HIGH,,https://link.amazon/B03jBIZMb,,,2026-03-22 17:19:43.856,2026-07-28 19:56:06.725
bumbleride-indie__maxi-cosi-mico-pro,Bumbleride,Indie,bumbleride-indie,Maxi-Cosi,Mico Pro,maxi-cosi-mico-pro,INFANT,ADAPTER,t,,HIGH,,https://link.amazon/B03jBIZMb,,,2026-06-13 20:48:32.741,2026-07-28 19:56:06.725
cms52t688002xqas9i9k56123,Bumbleride,Indie,bumbleride-indie,Maxi-Cosi,Mico XP,cmry6pa5o001ovblfjcngmv5n,INFANT,ADAPTER,t,,HIGH,,https://link.amazon/B03jBIZMb,,,2026-07-28 19:56:06.725,2026-07-28 19:56:06.725
cmqu9hslh000tbq8eutnwwhg3,Bumbleride,Indie,bumbleride-indie,Maxi-Cosi,Peri 180,maxi-cosi-peri,INFANT,ADAPTER,t,,HIGH,,https://link.amazon/B03jBIZMb,,,2026-06-26 01:38:02.886,2026-07-28 19:56:06.725
cmqu9hso1000vbq8erbmkau1p,Bumbleride,Indie,bumbleride-indie,Nuna,PIPA Aire,nuna-pipa-lite-rx,INFANT,ADAPTER,t,,HIGH,,https://link.amazon/B03jBIZMb,,,2026-06-26 01:38:02.977,2026-07-28 19:56:06.725
bumbleride-indie__nuna-pipa-aire-rx,Bumbleride,Indie,bumbleride-indie,Nuna,PIPA Aire rx,nuna-pipa-aire-rx,INFANT,ADAPTER,t,,HIGH,,https://link.amazon/B03jBIZMb,,,2026-06-13 20:48:32.741,2026-07-28 19:56:06.725
bumbleride-indie__nuna-pipa-rx,Bumbleride,Indie,bumbleride-indie,Nuna,PIPA RX,nuna-pipa-rx,INFANT,ADAPTER,t,,HIGH,,https://link.amazon/B03jBIZMb,,,2026-03-22 17:19:43.856,2026-07-28 19:56:06.725
cmqu9hsqn000xbq8exlx83r7h,Bumbleride,Indie,bumbleride-indie,Nuna,PIPA urbn,nuna-pipa-urbn,INFANT,ADAPTER,t,,HIGH,,https://link.amazon/B03jBIZMb,,,2026-06-26 01:38:03.071,2026-07-28 19:56:06.725
cms53i020008fqas9gzf6nc9r,Bumbleride,Indie Twin,cms532db50002fa3stwd6931e,Clek,Liing,clek-liing,INFANT,ADAPTER,t,,HIGH,,https://bumbleride.com/collections/car-seat-adapters/products/indie-twin-car-seat-adapter-set-clek-maxi-cosi-cybex-nuna,,,2026-07-28 20:15:25.122,2026-07-28 20:15:25.122
cms53i020008gqas9n1u3iv02,Bumbleride,Indie Twin,cms532db50002fa3stwd6931e,Clek,Liingo,clek-liingo,INFANT,ADAPTER,t,,HIGH,,https://bumbleride.com/collections/car-seat-adapters/products/indie-twin-car-seat-adapter-set-clek-maxi-cosi-cybex-nuna,,,2026-07-28 20:15:25.122,2026-07-28 20:15:25.122
cms53i01z008cqas94j5cb91x,Bumbleride,Indie Twin,cms532db50002fa3stwd6931e,Cybex,Aton G2,cmqx4qpgs00073835wm1de2we,INFANT,ADAPTER,t,,HIGH,,https://bumbleride.com/collections/car-seat-adapters/products/indie-twin-car-seat-adapter-set-clek-maxi-cosi-cybex-nuna,,,2026-07-28 20:15:25.122,2026-07-28 20:15:25.122
cms53i02o008kqas9y10e0mj8,Bumbleride,Indie Twin,cms532db50002fa3stwd6931e,Cybex,Aton G2 Swivel,cmrdwvbsy000u7tmavhnk64ww,INFANT,ADAPTER,t,,HIGH,,https://bumbleride.com/collections/car-seat-adapters/products/indie-twin-car-seat-adapter-set-clek-maxi-cosi-cybex-nuna,,,2026-07-28 20:15:25.122,2026-07-28 20:15:25.122
cms53i03h008qqas96w3gfhyp,Bumbleride,Indie Twin,cms532db50002fa3stwd6931e,Cybex,Cloud G Pro Comfort Extend,cmqx4qpj400083835htva49ii,INFANT,ADAPTER,t,,HIGH,,https://bumbleride.com/collections/car-seat-adapters/products/indie-twin-car-seat-adapter-set-clek-maxi-cosi-cybex-nuna,,,2026-07-28 20:15:25.122,2026-07-28 20:15:25.122
cms53i02p008mqas95m9pkl83,Bumbleride,Indie Twin,cms532db50002fa3stwd6931e,Cybex,Cloud T,cybex-cloud-t,INFANT,ADAPTER,t,,HIGH,,https://bumbleride.com/collections/car-seat-adapters/products/indie-twin-car-seat-adapter-set-clek-maxi-cosi-cybex-nuna,,,2026-07-28 20:15:25.122,2026-07-28 20:15:25.122
cms53iphz008wqas9du0oxf82,Bumbleride,Indie Twin,cms532db50002fa3stwd6931e,Maxi-Cosi,Ambra,cmqx4qqbg000k3835k8b3mf6l,INFANT,ADAPTER,t,,HIGH,,https://bumbleride.com/collections/car-seat-adapters/products/indie-twin-car-seat-adapter-set-clek-maxi-cosi-cybex-nuna,,,2026-07-28 20:15:58.102,2026-07-28 20:15:58.102
cms53ipih009eqas9hlxvft9j,Bumbleride,Indie Twin,cms532db50002fa3stwd6931e,Maxi-Cosi,Mico Luxe,maxi-cosi-mico-luxe,INFANT,ADAPTER,t,,HIGH,,https://bumbleride.com/collections/car-seat-adapters/products/indie-twin-car-seat-adapter-set-clek-maxi-cosi-cybex-nuna,,,2026-07-28 20:15:58.102,2026-07-28 20:15:58.102
cms53ipii009gqas9rmp418k2,Bumbleride,Indie Twin,cms532db50002fa3stwd6931e,Maxi-Cosi,Mico Pro,maxi-cosi-mico-pro,INFANT,ADAPTER,t,,HIGH,,https://bumbleride.com/collections/car-seat-adapters/products/indie-twin-car-seat-adapter-set-clek-maxi-cosi-cybex-nuna,,,2026-07-28 20:15:58.103,2026-07-28 20:15:58.103
cms53iphz0091qas9ui2hu6k2,Bumbleride,Indie Twin,cms532db50002fa3stwd6931e,Maxi-Cosi,Mico XP,cmry6pa5o001ovblfjcngmv5n,INFANT,ADAPTER,t,,HIGH,,https://bumbleride.com/collections/car-seat-adapters/products/indie-twin-car-seat-adapter-set-clek-maxi-cosi-cybex-nuna,,,2026-07-28 20:15:58.102,2026-07-28 20:15:58.102
cms53iphz0092qas9lgg4sl8u,Bumbleride,Indie Twin,cms532db50002fa3stwd6931e,Maxi-Cosi,Peri 180,maxi-cosi-peri,INFANT,ADAPTER,t,,HIGH,,https://bumbleride.com/collections/car-seat-adapters/products/indie-twin-car-seat-adapter-set-clek-maxi-cosi-cybex-nuna,,,2026-07-28 20:15:58.102,2026-07-28 20:15:58.102
cms53ipi50094qas9wwyd5udi,Bumbleride,Indie Twin,cms532db50002fa3stwd6931e,Nuna,PIPA Aire,nuna-pipa-lite-rx,INFANT,ADAPTER,t,,HIGH,,https://bumbleride.com/collections/car-seat-adapters/products/indie-twin-car-seat-adapter-set-clek-maxi-cosi-cybex-nuna,,,2026-07-28 20:15:58.102,2026-07-28 20:15:58.102
cms53ipid009aqas9cpz6tisu,Bumbleride,Indie Twin,cms532db50002fa3stwd6931e,Nuna,PIPA Aire rx,nuna-pipa-aire-rx,INFANT,ADAPTER,t,,HIGH,,https://bumbleride.com/collections/car-seat-adapters/products/indie-twin-car-seat-adapter-set-clek-maxi-cosi-cybex-nuna,,,2026-07-28 20:15:58.102,2026-07-28 20:15:58.102
cms53ipi90096qas9g7pym1ld,Bumbleride,Indie Twin,cms532db50002fa3stwd6931e,Nuna,PIPA RX,nuna-pipa-rx,INFANT,ADAPTER,t,,HIGH,,https://bumbleride.com/collections/car-seat-adapters/products/indie-twin-car-seat-adapter-set-clek-maxi-cosi-cybex-nuna,,,2026-07-28 20:15:58.102,2026-07-28 20:15:58.102
cms53ipia0098qas96abcv4h3,Bumbleride,Indie Twin,cms532db50002fa3stwd6931e,Nuna,PIPA urbn,nuna-pipa-urbn,INFANT,ADAPTER,t,,HIGH,,https://bumbleride.com/collections/car-seat-adapters/products/indie-twin-car-seat-adapter-set-clek-maxi-cosi-cybex-nuna,,,2026-07-28 20:15:58.102,2026-07-28 20:15:58.102
cmrfd60no00jft781cydb3poh,Bumbleride,Speed,bumbleride-speed,Chicco,KeyFit 30,chicco-keyfit-30,INFANT,ADAPTER,t,,HIGH,,https://bumbleride.com/collections/car-seat-adapters/products/single-car-seat-adapter-graco-chicco,,,2026-07-10 20:04:01.621,2026-07-28 20:11:21.537
cmrfd60s800jht7816pv8mtzy,Bumbleride,Speed,bumbleride-speed,Chicco,KeyFit 30 ClearTex,cmqx4qp6y00033835pgtlizxk,INFANT,ADAPTER,t,,HIGH,,https://bumbleride.com/collections/car-seat-adapters/products/single-car-seat-adapter-graco-chicco,,,2026-07-10 20:04:01.784,2026-07-28 20:11:21.537
cmrfd611500jlt781p37oondc,Bumbleride,Speed,bumbleride-speed,Chicco,KeyFit Max ClearTex,cmqx4qp9s00043835h85g6sl0,INFANT,ADAPTER,t,,HIGH,,https://bumbleride.com/collections/car-seat-adapters/products/single-car-seat-adapter-graco-chicco,,,2026-07-10 20:04:02.106,2026-07-28 20:11:21.537
cmrfd615n00jnt781wyahi1ro,Bumbleride,Speed,bumbleride-speed,Chicco,KeyFit Max Zip ClearLux,cmqx4qpc50005383512d994gn,INFANT,ADAPTER,t,,HIGH,,https://bumbleride.com/collections/car-seat-adapters/products/single-car-seat-adapter-graco-chicco,,,2026-07-10 20:04:02.267,2026-07-28 20:11:21.537
cmrfd61a400jpt781c32bd8ow,Bumbleride,Speed,bumbleride-speed,Chicco,KeyFit Max Zip ClearTex,cmqx4qpeg00063835eten1p5s,INFANT,ADAPTER,t,,HIGH,,https://bumbleride.com/collections/car-seat-adapters/products/single-car-seat-adapter-graco-chicco,,,2026-07-10 20:04:02.429,2026-07-28 20:11:21.537
cmqu9hsc8000nbq8ego2e81kq,Bumbleride,Speed,bumbleride-speed,Clek,Liing,clek-liing,INFANT,ADAPTER,t,,HIGH,,https://link.amazon/B0gNhT3va,,,2026-06-26 01:38:02.552,2026-07-28 20:09:58.291
cmqu9hsev000pbq8euqj2q8qb,Bumbleride,Speed,bumbleride-speed,Clek,Liingo,clek-liingo,INFANT,ADAPTER,t,,HIGH,,https://link.amazon/B0gNhT3va,,,2026-06-26 01:38:02.648,2026-07-28 20:09:58.291
cmqx4rfqi005370o0fhyiixqc,Bumbleride,Speed,bumbleride-speed,Cybex,Aton G2,cmqx4qpgs00073835wm1de2we,INFANT,ADAPTER,t,,HIGH,,https://link.amazon/B0gNhT3va,,,2026-06-28 01:48:53.226,2026-07-28 20:09:58.291
cmrmtwfd0000r11u5u7nwes09,Bumbleride,Speed,bumbleride-speed,Cybex,Aton G2 Swivel,cmrdwvbsy000u7tmavhnk64ww,INFANT,ADAPTER,t,,HIGH,,https://link.amazon/B0gNhT3va,,,2026-07-16 01:26:50.821,2026-07-28 20:09:58.291
cmqx4rfsy005570o05r3vfa7z,Bumbleride,Speed,bumbleride-speed,Cybex,Cloud G Pro Comfort Extend,cmqx4qpj400083835htva49ii,INFANT,ADAPTER,t,,HIGH,,https://link.amazon/B0gNhT3va,,,2026-06-28 01:48:53.314,2026-07-28 20:09:58.291
cmqu9hs9g000lbq8eo6568wd7,Bumbleride,Speed,bumbleride-speed,Cybex,Cloud T,cybex-cloud-t,INFANT,ADAPTER,t,,HIGH,,https://link.amazon/B0gNhT3va,,,2026-06-26 01:38:02.452,2026-07-28 20:09:58.291
cmrfd5zwo00j3t78119enc4nz,Bumbleride,Speed,bumbleride-speed,Graco,GoMax,cmqx4qpx8000e3835nvrnxr0i,INFANT,ADAPTER,t,,HIGH,,https://bumbleride.com/collections/car-seat-adapters/products/single-car-seat-adapter-graco-chicco,,,2026-07-10 20:04:00.649,2026-07-28 20:13:16.111
cmrfd601a00j5t781n1djitlv,Bumbleride,Speed,bumbleride-speed,Graco,SnugRide Lite LX,cmqx4qpzp000f3835i6cp9pth,INFANT,ADAPTER,t,,HIGH,,https://bumbleride.com/collections/car-seat-adapters/products/single-car-seat-adapter-graco-chicco,,,2026-07-10 20:04:00.815,2026-07-28 20:13:16.111
cmrfd605q00j7t7812klgf6ic,Bumbleride,Speed,bumbleride-speed,Graco,SnugRide SnugFit,cmqx4qq4h000h3835n8ni2r9m,INFANT,ADAPTER,t,,HIGH,,https://bumbleride.com/collections/car-seat-adapters/products/single-car-seat-adapter-graco-chicco,,,2026-07-10 20:04:00.974,2026-07-28 20:13:16.111
cmrfd60a800j9t781exp2gcc5,Bumbleride,Speed,bumbleride-speed,Graco,SnugRide SnugFit DLX,cmqx4qq26000g3835g3mh924j,INFANT,ADAPTER,t,,HIGH,,https://bumbleride.com/collections/car-seat-adapters/products/single-car-seat-adapter-graco-chicco,,,2026-07-10 20:04:01.137,2026-07-28 20:13:16.111
cmrfd60ep00jbt781v0b2kfoy,Bumbleride,Speed,bumbleride-speed,Graco,SnugRide SnugFit LX,cmqx4qq6u000i3835j7t2euy8,INFANT,ADAPTER,t,,HIGH,,https://bumbleride.com/collections/car-seat-adapters/products/single-car-seat-adapter-graco-chicco,,,2026-07-10 20:04:01.297,2026-07-28 20:13:16.111
cmqx4rfo7005170o0955r9qg4,Bumbleride,Speed,bumbleride-speed,Maxi-Cosi,Ambra,cmqx4qqbg000k3835k8b3mf6l,INFANT,ADAPTER,t,,HIGH,,https://link.amazon/B0gNhT3va,,,2026-06-28 01:48:53.144,2026-07-28 20:10:29.172
bumbleride-speed__maxi-cosi-mico-luxe,Bumbleride,Speed,bumbleride-speed,Maxi-Cosi,Mico Luxe,maxi-cosi-mico-luxe,INFANT,ADAPTER,t,,HIGH,,https://link.amazon/B0gNhT3va,,,2026-03-22 17:19:43.856,2026-07-28 20:10:29.172
bumbleride-speed__maxi-cosi-mico-pro,Bumbleride,Speed,bumbleride-speed,Maxi-Cosi,Mico Pro,maxi-cosi-mico-pro,INFANT,ADAPTER,t,,HIGH,,https://link.amazon/B0gNhT3va,,,2026-06-13 20:48:32.741,2026-07-28 20:10:29.172
cms53bnp70072qas9xxwzvvqk,Bumbleride,Speed,bumbleride-speed,Maxi-Cosi,Mico XP,cmry6pa5o001ovblfjcngmv5n,INFANT,ADAPTER,t,,HIGH,,https://link.amazon/B0gNhT3va,,,2026-07-28 20:10:29.172,2026-07-28 20:10:29.172
cmqu9hrzy000fbq8ehdtciqz9,Bumbleride,Speed,bumbleride-speed,Maxi-Cosi,Peri 180,maxi-cosi-peri,INFANT,ADAPTER,t,,HIGH,,https://link.amazon/B0gNhT3va,,,2026-06-26 01:38:02.11,2026-07-28 20:10:29.172
cmqu9hs2l000hbq8e3ljyue23,Bumbleride,Speed,bumbleride-speed,Nuna,PIPA Aire,nuna-pipa-lite-rx,INFANT,ADAPTER,t,,HIGH,,https://link.amazon/B0gNhT3va,,,2026-06-26 01:38:02.205,2026-07-28 20:10:29.172
bumbleride-speed__nuna-pipa-aire-rx,Bumbleride,Speed,bumbleride-speed,Nuna,PIPA Aire rx,nuna-pipa-aire-rx,INFANT,ADAPTER,t,,HIGH,,https://link.amazon/B0gNhT3va,,,2026-06-13 20:48:32.741,2026-07-28 20:10:29.172
bumbleride-speed__nuna-pipa-rx,Bumbleride,Speed,bumbleride-speed,Nuna,PIPA RX,nuna-pipa-rx,INFANT,ADAPTER,t,,HIGH,,https://link.amazon/B0gNhT3va,,,2026-03-22 17:19:43.856,2026-07-28 20:10:29.172
cmqu9hs6t000jbq8emlocke5t,Bumbleride,Speed,bumbleride-speed,Nuna,PIPA urbn,nuna-pipa-urbn,INFANT,ADAPTER,t,,HIGH,,https://link.amazon/B0gNhT3va,,,2026-06-26 01:38:02.357,2026-07-28 20:10:29.172
cmrh206t1002bapa5xcb7ieyn,Chicco,BravoFor2 Standing/Sitting Double,cmqx8d3hx000c13kp688wv2ch,Chicco,KeyFit 30,chicco-keyfit-30,INFANT,DIRECT,f,,MEDIUM,Conservative same-brand default for Bravo / Corso / TRE / Presto / Cortina / BravoFor2 strollers and KeyFit / Fit2 infant seats. Confirm current model-year details before purchase.,,,,2026-07-12 00:27:06.229,2026-07-12 00:27:06.229
cmrh206xm002dapa561f5yvx0,Chicco,BravoFor2 Standing/Sitting Double,cmqx8d3hx000c13kp688wv2ch,Chicco,KeyFit 30 ClearTex,cmqx4qp6y00033835pgtlizxk,INFANT,DIRECT,f,,MEDIUM,Conservative same-brand default for Bravo / Corso / TRE / Presto / Cortina / BravoFor2 strollers and KeyFit / Fit2 infant seats. Confirm current model-year details before purchase.,,,,2026-07-12 00:27:06.394,2026-07-12 00:27:06.394
cmrh2076n002hapa5cuhfpit3,Chicco,BravoFor2 Standing/Sitting Double,cmqx8d3hx000c13kp688wv2ch,Chicco,KeyFit Max ClearTex,cmqx4qp9s00043835h85g6sl0,INFANT,DIRECT,f,,MEDIUM,Conservative same-brand default for Bravo / Corso / TRE / Presto / Cortina / BravoFor2 strollers and KeyFit / Fit2 infant seats. Confirm current model-year details before purchase.,,,,2026-07-12 00:27:06.72,2026-07-12 00:27:06.72
cmrh207be002japa58hmuzu3i,Chicco,BravoFor2 Standing/Sitting Double,cmqx8d3hx000c13kp688wv2ch,Chicco,KeyFit Max Zip ClearLux,cmqx4qpc50005383512d994gn,INFANT,DIRECT,f,,MEDIUM,Conservative same-brand default for Bravo / Corso / TRE / Presto / Cortina / BravoFor2 strollers and KeyFit / Fit2 infant seats. Confirm current model-year details before purchase.,,,,2026-07-12 00:27:06.89,2026-07-12 00:27:06.89
cmrh207gc002lapa5rigla7dg,Chicco,BravoFor2 Standing/Sitting Double,cmqx8d3hx000c13kp688wv2ch,Chicco,KeyFit Max Zip ClearTex,cmqx4qpeg00063835eten1p5s,INFANT,DIRECT,f,,MEDIUM,Conservative same-brand default for Bravo / Corso / TRE / Presto / Cortina / BravoFor2 strollers and KeyFit / Fit2 infant seats. Confirm current model-year details before purchase.,,,,2026-07-12 00:27:07.068,2026-07-12 00:27:07.068
cmrh2089f002papa5ibd4eo3h,Chicco,Bravo LE ClearTex Quick-Fold,cmqpqqxqf000h7qll9ocuir9z,Chicco,KeyFit 30,chicco-keyfit-30,INFANT,DIRECT,f,,MEDIUM,Conservative same-brand default for Bravo / Corso / TRE / Presto / Cortina / BravoFor2 strollers and KeyFit / Fit2 infant seats. Confirm current model-year details before purchase.,,,,2026-07-12 00:27:08.115,2026-07-12 00:27:08.115
cmrh208e0002rapa588d0naha,Chicco,Bravo LE ClearTex Quick-Fold,cmqpqqxqf000h7qll9ocuir9z,Chicco,KeyFit 30 ClearTex,cmqx4qp6y00033835pgtlizxk,INFANT,DIRECT,f,,MEDIUM,Conservative same-brand default for Bravo / Corso / TRE / Presto / Cortina / BravoFor2 strollers and KeyFit / Fit2 infant seats. Confirm current model-year details before purchase.,,,,2026-07-12 00:27:08.28,2026-07-12 00:27:08.28
cmrh208n5002vapa5pvj1esh2,Chicco,Bravo LE ClearTex Quick-Fold,cmqpqqxqf000h7qll9ocuir9z,Chicco,KeyFit Max ClearTex,cmqx4qp9s00043835h85g6sl0,INFANT,DIRECT,f,,MEDIUM,Conservative same-brand default for Bravo / Corso / TRE / Presto / Cortina / BravoFor2 strollers and KeyFit / Fit2 infant seats. Confirm current model-year details before purchase.,,,,2026-07-12 00:27:08.609,2026-07-12 00:27:08.609
cmrh208ry002xapa5mh25lyoe,Chicco,Bravo LE ClearTex Quick-Fold,cmqpqqxqf000h7qll9ocuir9z,Chicco,KeyFit Max Zip ClearLux,cmqx4qpc50005383512d994gn,INFANT,DIRECT,f,,MEDIUM,Conservative same-brand default for Bravo / Corso / TRE / Presto / Cortina / BravoFor2 strollers and KeyFit / Fit2 infant seats. Confirm current model-year details before purchase.,,,,2026-07-12 00:27:08.783,2026-07-12 00:27:08.783
cmrh208wg002zapa54bcay40q,Chicco,Bravo LE ClearTex Quick-Fold,cmqpqqxqf000h7qll9ocuir9z,Chicco,KeyFit Max Zip ClearTex,cmqx4qpeg00063835eten1p5s,INFANT,DIRECT,f,,MEDIUM,Conservative same-brand default for Bravo / Corso / TRE / Presto / Cortina / BravoFor2 strollers and KeyFit / Fit2 infant seats. Confirm current model-year details before purchase.,,,,2026-07-12 00:27:08.944,2026-07-12 00:27:08.944
cmrh209fn0033apa5iumtk8et,Chicco,Bravo Quick-Fold,cmqpqqxss000i7qll83vvip4a,Chicco,KeyFit 30,chicco-keyfit-30,INFANT,DIRECT,f,,MEDIUM,Conservative same-brand default for Bravo / Corso / TRE / Presto / Cortina / BravoFor2 strollers and KeyFit / Fit2 infant seats. Confirm current model-year details before purchase.,,,,2026-07-12 00:27:09.635,2026-07-12 00:27:09.635
cmrh209kn0035apa5aezw33gw,Chicco,Bravo Quick-Fold,cmqpqqxss000i7qll83vvip4a,Chicco,KeyFit 30 ClearTex,cmqx4qp6y00033835pgtlizxk,INFANT,DIRECT,f,,MEDIUM,Conservative same-brand default for Bravo / Corso / TRE / Presto / Cortina / BravoFor2 strollers and KeyFit / Fit2 infant seats. Confirm current model-year details before purchase.,,,,2026-07-12 00:27:09.816,2026-07-12 00:27:09.816
cmrh20a0c0039apa5o2q5s1q5,Chicco,Bravo Quick-Fold,cmqpqqxss000i7qll83vvip4a,Chicco,KeyFit Max ClearTex,cmqx4qp9s00043835h85g6sl0,INFANT,DIRECT,f,,MEDIUM,Conservative same-brand default for Bravo / Corso / TRE / Presto / Cortina / BravoFor2 strollers and KeyFit / Fit2 infant seats. Confirm current model-year details before purchase.,,,,2026-07-12 00:27:10.381,2026-07-12 00:27:10.381
cmrh20a6g003bapa5s0h0ecr1,Chicco,Bravo Quick-Fold,cmqpqqxss000i7qll83vvip4a,Chicco,KeyFit Max Zip ClearLux,cmqx4qpc50005383512d994gn,INFANT,DIRECT,f,,MEDIUM,Conservative same-brand default for Bravo / Corso / TRE / Presto / Cortina / BravoFor2 strollers and KeyFit / Fit2 infant seats. Confirm current model-year details before purchase.,,,,2026-07-12 00:27:10.6,2026-07-12 00:27:10.6
cmrh20aet003dapa5uer69nav,Chicco,Bravo Quick-Fold,cmqpqqxss000i7qll83vvip4a,Chicco,KeyFit Max Zip ClearTex,cmqx4qpeg00063835eten1p5s,INFANT,DIRECT,f,,MEDIUM,Conservative same-brand default for Bravo / Corso / TRE / Presto / Cortina / BravoFor2 strollers and KeyFit / Fit2 infant seats. Confirm current model-year details before purchase.,,,,2026-07-12 00:27:10.902,2026-07-12 00:27:10.902
cmrh20aq5003hapa5vd31a1ow,Chicco,Corso Flex Convertible,cmqpqqxv4000j7qllen33z5zg,Chicco,KeyFit 30,chicco-keyfit-30,INFANT,DIRECT,f,,MEDIUM,Conservative same-brand default for Bravo / Corso / TRE / Presto / Cortina / BravoFor2 strollers and KeyFit / Fit2 infant seats. Confirm current model-year details before purchase.,,,,2026-07-12 00:27:11.309,2026-07-12 00:27:11.309
cmrh20auo003japa5hj1sb4bz,Chicco,Corso Flex Convertible,cmqpqqxv4000j7qllen33z5zg,Chicco,KeyFit 30 ClearTex,cmqx4qp6y00033835pgtlizxk,INFANT,DIRECT,f,,MEDIUM,Conservative same-brand default for Bravo / Corso / TRE / Presto / Cortina / BravoFor2 strollers and KeyFit / Fit2 infant seats. Confirm current model-year details before purchase.,,,,2026-07-12 00:27:11.472,2026-07-12 00:27:11.472
cmrh20b48003napa57f5uqbay,Chicco,Corso Flex Convertible,cmqpqqxv4000j7qllen33z5zg,Chicco,KeyFit Max ClearTex,cmqx4qp9s00043835h85g6sl0,INFANT,DIRECT,f,,MEDIUM,Conservative same-brand default for Bravo / Corso / TRE / Presto / Cortina / BravoFor2 strollers and KeyFit / Fit2 infant seats. Confirm current model-year details before purchase.,,,,2026-07-12 00:27:11.816,2026-07-12 00:27:11.816
cmrh20b9j003papa50sedv6cp,Chicco,Corso Flex Convertible,cmqpqqxv4000j7qllen33z5zg,Chicco,KeyFit Max Zip ClearLux,cmqx4qpc50005383512d994gn,INFANT,DIRECT,f,,MEDIUM,Conservative same-brand default for Bravo / Corso / TRE / Presto / Cortina / BravoFor2 strollers and KeyFit / Fit2 infant seats. Confirm current model-year details before purchase.,,,,2026-07-12 00:27:12.008,2026-07-12 00:27:12.008
cmrh20be5003rapa5i841ddgu,Chicco,Corso Flex Convertible,cmqpqqxv4000j7qllen33z5zg,Chicco,KeyFit Max Zip ClearTex,cmqx4qpeg00063835eten1p5s,INFANT,DIRECT,f,,MEDIUM,Conservative same-brand default for Bravo / Corso / TRE / Presto / Cortina / BravoFor2 strollers and KeyFit / Fit2 infant seats. Confirm current model-year details before purchase.,,,,2026-07-12 00:27:12.173,2026-07-12 00:27:12.173
cmrh20bn6003vapa5nrqd6346,Chicco,Corso Primo Modular,cmqpqqxxj000k7qllu7tqglok,Chicco,KeyFit 30,chicco-keyfit-30,INFANT,DIRECT,f,,MEDIUM,Conservative same-brand default for Bravo / Corso / TRE / Presto / Cortina / BravoFor2 strollers and KeyFit / Fit2 infant seats. Confirm current model-year details before purchase.,,,,2026-07-12 00:27:12.499,2026-07-12 00:27:12.499
cmrh20bs8003xapa5kj3u2cn4,Chicco,Corso Primo Modular,cmqpqqxxj000k7qllu7tqglok,Chicco,KeyFit 30 ClearTex,cmqx4qp6y00033835pgtlizxk,INFANT,DIRECT,f,,MEDIUM,Conservative same-brand default for Bravo / Corso / TRE / Presto / Cortina / BravoFor2 strollers and KeyFit / Fit2 infant seats. Confirm current model-year details before purchase.,,,,2026-07-12 00:27:12.681,2026-07-12 00:27:12.681
cmrh20c1v0041apa59vtptpug,Chicco,Corso Primo Modular,cmqpqqxxj000k7qllu7tqglok,Chicco,KeyFit Max ClearTex,cmqx4qp9s00043835h85g6sl0,INFANT,DIRECT,f,,MEDIUM,Conservative same-brand default for Bravo / Corso / TRE / Presto / Cortina / BravoFor2 strollers and KeyFit / Fit2 infant seats. Confirm current model-year details before purchase.,,,,2026-07-12 00:27:13.028,2026-07-12 00:27:13.028
cmrh20c7d0043apa5u8gmtij8,Chicco,Corso Primo Modular,cmqpqqxxj000k7qllu7tqglok,Chicco,KeyFit Max Zip ClearLux,cmqx4qpc50005383512d994gn,INFANT,DIRECT,f,,MEDIUM,Conservative same-brand default for Bravo / Corso / TRE / Presto / Cortina / BravoFor2 strollers and KeyFit / Fit2 infant seats. Confirm current model-year details before purchase.,,,,2026-07-12 00:27:13.21,2026-07-12 00:27:13.21
cmrh20cby0045apa5ej83yazr,Chicco,Corso Primo Modular,cmqpqqxxj000k7qllu7tqglok,Chicco,KeyFit Max Zip ClearTex,cmqx4qpeg00063835eten1p5s,INFANT,DIRECT,f,,MEDIUM,Conservative same-brand default for Bravo / Corso / TRE / Presto / Cortina / BravoFor2 strollers and KeyFit / Fit2 infant seats. Confirm current model-year details before purchase.,,,,2026-07-12 00:27:13.391,2026-07-12 00:27:13.391
cmrh20ckw0049apa5ny6tw6jj,Chicco,Cortina Together Double,cmqx8d3ke000d13kpn6e6sfi5,Chicco,KeyFit 30,chicco-keyfit-30,INFANT,DIRECT,f,,MEDIUM,Conservative same-brand default for Bravo / Corso / TRE / Presto / Cortina / BravoFor2 strollers and KeyFit / Fit2 infant seats. Confirm current model-year details before purchase.,,,,2026-07-12 00:27:13.713,2026-07-12 00:27:13.713
cmrh20cpc004bapa5zk67atvr,Chicco,Cortina Together Double,cmqx8d3ke000d13kpn6e6sfi5,Chicco,KeyFit 30 ClearTex,cmqx4qp6y00033835pgtlizxk,INFANT,DIRECT,f,,MEDIUM,Conservative same-brand default for Bravo / Corso / TRE / Presto / Cortina / BravoFor2 strollers and KeyFit / Fit2 infant seats. Confirm current model-year details before purchase.,,,,2026-07-12 00:27:13.872,2026-07-12 00:27:13.872
cmrh20cy7004fapa5e8krw84o,Chicco,Cortina Together Double,cmqx8d3ke000d13kpn6e6sfi5,Chicco,KeyFit Max ClearTex,cmqx4qp9s00043835h85g6sl0,INFANT,DIRECT,f,,MEDIUM,Conservative same-brand default for Bravo / Corso / TRE / Presto / Cortina / BravoFor2 strollers and KeyFit / Fit2 infant seats. Confirm current model-year details before purchase.,,,,2026-07-12 00:27:14.191,2026-07-12 00:27:14.191
cmrh20d2m004hapa5bymwk51r,Chicco,Cortina Together Double,cmqx8d3ke000d13kpn6e6sfi5,Chicco,KeyFit Max Zip ClearLux,cmqx4qpc50005383512d994gn,INFANT,DIRECT,f,,MEDIUM,Conservative same-brand default for Bravo / Corso / TRE / Presto / Cortina / BravoFor2 strollers and KeyFit / Fit2 infant seats. Confirm current model-year details before purchase.,,,,2026-07-12 00:27:14.35,2026-07-12 00:27:14.35
cmrh20d75004japa5g4hz867e,Chicco,Cortina Together Double,cmqx8d3ke000d13kpn6e6sfi5,Chicco,KeyFit Max Zip ClearTex,cmqx4qpeg00063835eten1p5s,INFANT,DIRECT,f,,MEDIUM,Conservative same-brand default for Bravo / Corso / TRE / Presto / Cortina / BravoFor2 strollers and KeyFit / Fit2 infant seats. Confirm current model-year details before purchase.,,,,2026-07-12 00:27:14.513,2026-07-12 00:27:14.513
cmrh20dg2004napa5fzdypus2,Chicco,Presto Self-Folding,cmqx8d3fk000b13kppay9p7j9,Chicco,KeyFit 30,chicco-keyfit-30,INFANT,DIRECT,f,,MEDIUM,Conservative same-brand default for Bravo / Corso / TRE / Presto / Cortina / BravoFor2 strollers and KeyFit / Fit2 infant seats. Confirm current model-year details before purchase.,,,,2026-07-12 00:27:14.835,2026-07-12 00:27:14.835
cmrh20dki004papa53swb4gfc,Chicco,Presto Self-Folding,cmqx8d3fk000b13kppay9p7j9,Chicco,KeyFit 30 ClearTex,cmqx4qp6y00033835pgtlizxk,INFANT,DIRECT,f,,MEDIUM,Conservative same-brand default for Bravo / Corso / TRE / Presto / Cortina / BravoFor2 strollers and KeyFit / Fit2 infant seats. Confirm current model-year details before purchase.,,,,2026-07-12 00:27:14.995,2026-07-12 00:27:14.995
cmrh20dtj004tapa5no4rylfq,Chicco,Presto Self-Folding,cmqx8d3fk000b13kppay9p7j9,Chicco,KeyFit Max ClearTex,cmqx4qp9s00043835h85g6sl0,INFANT,DIRECT,f,,MEDIUM,Conservative same-brand default for Bravo / Corso / TRE / Presto / Cortina / BravoFor2 strollers and KeyFit / Fit2 infant seats. Confirm current model-year details before purchase.,,,,2026-07-12 00:27:15.319,2026-07-12 00:27:15.319
cmrh20dy1004vapa51bs8nsno,Chicco,Presto Self-Folding,cmqx8d3fk000b13kppay9p7j9,Chicco,KeyFit Max Zip ClearLux,cmqx4qpc50005383512d994gn,INFANT,DIRECT,f,,MEDIUM,Conservative same-brand default for Bravo / Corso / TRE / Presto / Cortina / BravoFor2 strollers and KeyFit / Fit2 infant seats. Confirm current model-year details before purchase.,,,,2026-07-12 00:27:15.482,2026-07-12 00:27:15.482
cmrh20e2i004xapa5j5tpg1hx,Chicco,Presto Self-Folding,cmqx8d3fk000b13kppay9p7j9,Chicco,KeyFit Max Zip ClearTex,cmqx4qpeg00063835eten1p5s,INFANT,DIRECT,f,,MEDIUM,Conservative same-brand default for Bravo / Corso / TRE / Presto / Cortina / BravoFor2 strollers and KeyFit / Fit2 infant seats. Confirm current model-year details before purchase.,,,,2026-07-12 00:27:15.642,2026-07-12 00:27:15.642
cmrh20ebe0051apa5wa9a2exv,Chicco,TRE,cmqx8d3mp000e13kpe38oel0w,Chicco,KeyFit 30,chicco-keyfit-30,INFANT,DIRECT,f,,MEDIUM,Conservative same-brand default for Bravo / Corso / TRE / Presto / Cortina / BravoFor2 strollers and KeyFit / Fit2 infant seats. Confirm current model-year details before purchase.,,,,2026-07-12 00:27:15.962,2026-07-12 00:27:15.962
cmrh20efx0053apa5zqrej7f2,Chicco,TRE,cmqx8d3mp000e13kpe38oel0w,Chicco,KeyFit 30 ClearTex,cmqx4qp6y00033835pgtlizxk,INFANT,DIRECT,f,,MEDIUM,Conservative same-brand default for Bravo / Corso / TRE / Presto / Cortina / BravoFor2 strollers and KeyFit / Fit2 infant seats. Confirm current model-year details before purchase.,,,,2026-07-12 00:27:16.125,2026-07-12 00:27:16.125
cmrh20ep80057apa5y6mk5n6g,Chicco,TRE,cmqx8d3mp000e13kpe38oel0w,Chicco,KeyFit Max ClearTex,cmqx4qp9s00043835h85g6sl0,INFANT,DIRECT,f,,MEDIUM,Conservative same-brand default for Bravo / Corso / TRE / Presto / Cortina / BravoFor2 strollers and KeyFit / Fit2 infant seats. Confirm current model-year details before purchase.,,,,2026-07-12 00:27:16.461,2026-07-12 00:27:16.461
cmrh20etx0059apa5j7i456qy,Chicco,TRE,cmqx8d3mp000e13kpe38oel0w,Chicco,KeyFit Max Zip ClearLux,cmqx4qpc50005383512d994gn,INFANT,DIRECT,f,,MEDIUM,Conservative same-brand default for Bravo / Corso / TRE / Presto / Cortina / BravoFor2 strollers and KeyFit / Fit2 infant seats. Confirm current model-year details before purchase.,,,,2026-07-12 00:27:16.63,2026-07-12 00:27:16.63
cmrh20eyd005bapa5zl3kcw3w,Chicco,TRE,cmqx8d3mp000e13kpe38oel0w,Chicco,KeyFit Max Zip ClearTex,cmqx4qpeg00063835eten1p5s,INFANT,DIRECT,f,,MEDIUM,Conservative same-brand default for Bravo / Corso / TRE / Presto / Cortina / BravoFor2 strollers and KeyFit / Fit2 infant seats. Confirm current model-year details before purchase.,,,,2026-07-12 00:27:16.79,2026-07-12 00:27:16.79
cmrh20f79005fapa5izi6hm4i,Chicco,TRE Jogging,cmqpqqxzu000l7qllpiifamvz,Chicco,KeyFit 30,chicco-keyfit-30,INFANT,DIRECT,f,,MEDIUM,Conservative same-brand default for Bravo / Corso / TRE / Presto / Cortina / BravoFor2 strollers and KeyFit / Fit2 infant seats. Confirm current model-year details before purchase.,,,,2026-07-12 00:27:17.109,2026-07-12 00:27:17.109
cmrh20fbp005hapa5zbal4ci7,Chicco,TRE Jogging,cmqpqqxzu000l7qllpiifamvz,Chicco,KeyFit 30 ClearTex,cmqx4qp6y00033835pgtlizxk,INFANT,DIRECT,f,,MEDIUM,Conservative same-brand default for Bravo / Corso / TRE / Presto / Cortina / BravoFor2 strollers and KeyFit / Fit2 infant seats. Confirm current model-year details before purchase.,,,,2026-07-12 00:27:17.27,2026-07-12 00:27:17.27
cmrh20fkr005lapa5qspi0le9,Chicco,TRE Jogging,cmqpqqxzu000l7qllpiifamvz,Chicco,KeyFit Max ClearTex,cmqx4qp9s00043835h85g6sl0,INFANT,DIRECT,f,,MEDIUM,Conservative same-brand default for Bravo / Corso / TRE / Presto / Cortina / BravoFor2 strollers and KeyFit / Fit2 infant seats. Confirm current model-year details before purchase.,,,,2026-07-12 00:27:17.596,2026-07-12 00:27:17.596
cmrh20fp9005napa5dh7oz5a3,Chicco,TRE Jogging,cmqpqqxzu000l7qllpiifamvz,Chicco,KeyFit Max Zip ClearLux,cmqx4qpc50005383512d994gn,INFANT,DIRECT,f,,MEDIUM,Conservative same-brand default for Bravo / Corso / TRE / Presto / Cortina / BravoFor2 strollers and KeyFit / Fit2 infant seats. Confirm current model-year details before purchase.,,,,2026-07-12 00:27:17.757,2026-07-12 00:27:17.757
cmrh20ftp005papa5ngn9icri,Chicco,TRE Jogging,cmqpqqxzu000l7qllpiifamvz,Chicco,KeyFit Max Zip ClearTex,cmqx4qpeg00063835eten1p5s,INFANT,DIRECT,f,,MEDIUM,Conservative same-brand default for Bravo / Corso / TRE / Presto / Cortina / BravoFor2 strollers and KeyFit / Fit2 infant seats. Confirm current model-year details before purchase.,,,,2026-07-12 00:27:17.917,2026-07-12 00:27:17.917
cmrwnvx14000j14it6q0rvkez,Cybex,AVI,cmrcjac4h00044oz1n1r54ywi,Clek,Liing,clek-liing,INFANT,ADAPTER,t,,HIGH,,https://amzn.to/3R9lUVn,,,2026-07-22 22:36:11.128,2026-07-22 22:36:11.128
cmrwnvx14000l14ittwjt7tl0,Cybex,AVI,cmrcjac4h00044oz1n1r54ywi,Clek,Liingo,clek-liingo,INFANT,ADAPTER,t,,HIGH,,https://amzn.to/3R9lUVn,,,2026-07-22 22:36:11.128,2026-07-22 22:36:11.128
cmrwnvx14000m14itz66guh30,Cybex,AVI,cmrcjac4h00044oz1n1r54ywi,Cybex,Aton G2,cmqx4qpgs00073835wm1de2we,INFANT,ADAPTER,t,,HIGH,,https://amzn.to/3R9lUVn,,,2026-07-22 22:36:11.128,2026-07-22 22:36:11.128
cmrwnvx20000t14itr14j24pl,Cybex,AVI,cmrcjac4h00044oz1n1r54ywi,Cybex,Aton G2 Swivel,cmrdwvbsy000u7tmavhnk64ww,INFANT,ADAPTER,t,,HIGH,,https://amzn.to/3R9lUVn,,,2026-07-22 22:36:11.128,2026-07-22 22:36:11.128
cmrwnvx14000n14it1vis65ze,Cybex,AVI,cmrcjac4h00044oz1n1r54ywi,Cybex,Cloud G Pro Comfort Extend,cmqx4qpj400083835htva49ii,INFANT,ADAPTER,t,,HIGH,,https://amzn.to/3R9lUVn,,,2026-07-22 22:36:11.128,2026-07-22 22:36:11.128
cmrwnvx1l000p14itfubr2tck,Cybex,AVI,cmrcjac4h00044oz1n1r54ywi,Cybex,Cloud T,cybex-cloud-t,INFANT,ADAPTER,t,,HIGH,,https://amzn.to/3R9lUVn,,,2026-07-22 22:36:11.128,2026-07-22 22:36:11.128
cmrwnwqab000z14it4n40m8y8,Cybex,AVI,cmrcjac4h00044oz1n1r54ywi,Maxi-Cosi,Ambra,cmqx4qqbg000k3835k8b3mf6l,INFANT,ADAPTER,t,,HIGH,,https://amzn.to/3R9lUVn,,,2026-07-22 22:36:49.043,2026-07-22 22:36:49.043
cmrwnwqab001014it1pdz41ty,Cybex,AVI,cmrcjac4h00044oz1n1r54ywi,Maxi-Cosi,Mico Luxe,maxi-cosi-mico-luxe,INFANT,ADAPTER,t,,HIGH,,https://amzn.to/3R9lUVn,,,2026-07-22 22:36:49.043,2026-07-22 22:36:49.043
cmrwnwqak001914itknadnmje,Cybex,AVI,cmrcjac4h00044oz1n1r54ywi,Maxi-Cosi,Mico Pro,maxi-cosi-mico-pro,INFANT,ADAPTER,t,,HIGH,,https://amzn.to/3R9lUVn,,,2026-07-22 22:36:49.044,2026-07-22 22:36:49.044
cmrwnwqab001214it1ego9gt9,Cybex,AVI,cmrcjac4h00044oz1n1r54ywi,Maxi-Cosi,Peri 180,maxi-cosi-peri,INFANT,ADAPTER,t,,HIGH,,https://amzn.to/3R9lUVn,,,2026-07-22 22:36:49.043,2026-07-22 22:36:49.043
cmrwnwqal001b14itcp9z8w9s,Cybex,AVI,cmrcjac4h00044oz1n1r54ywi,Nuna,PIPA Aire,nuna-pipa-lite-rx,INFANT,ADAPTER,t,,HIGH,,https://amzn.to/3R9lUVn,,,2026-07-22 22:36:49.044,2026-07-22 22:36:49.044
cmrwnwqab001314ith2ilup8i,Cybex,AVI,cmrcjac4h00044oz1n1r54ywi,Nuna,PIPA Aire rx,nuna-pipa-aire-rx,INFANT,ADAPTER,t,,HIGH,,https://amzn.to/3R9lUVn,,,2026-07-22 22:36:49.043,2026-07-22 22:36:49.043
cmrwnwqak001714it92z07z4f,Cybex,AVI,cmrcjac4h00044oz1n1r54ywi,Nuna,PIPA RX,nuna-pipa-rx,INFANT,ADAPTER,t,,HIGH,,https://amzn.to/3R9lUVn,,,2026-07-22 22:36:49.044,2026-07-22 22:36:49.044
cmrwnwqak001814itor7v60do,Cybex,AVI,cmrcjac4h00044oz1n1r54ywi,Nuna,PIPA urbn,nuna-pipa-urbn,INFANT,ADAPTER,t,,HIGH,,https://amzn.to/3R9lUVn,,,2026-07-22 22:36:49.044,2026-07-22 22:36:49.044
cmrcs307b00325euk1a4v9tnb,Cybex,Balios S Lux,cybex-balios-s-lux,Bugaboo,Turtle Air Shield by Nuna,cmqx4qp4e00023835j1p6ghf9,INFANT,ADAPTER,t,,HIGH,,https://www.cybex-online.com/en/us/p/ac-go-adapter-cs-balios-s-talos-s-line.html#l-pdp-description,,,2026-07-09 00:38:16.775,2026-07-09 00:38:16.775
cmrcs4j5s00345eukfn2xng9a,Cybex,Balios S Lux,cybex-balios-s-lux,Clek,Liing,clek-liing,INFANT,ADAPTER,t,,HIGH,,https://www.cybex-online.com/en/us/p/ac-go-adapter-cs-balios-s-talos-s-line.html#l-pdp-description,,,2026-07-09 00:39:27.997,2026-07-09 00:39:27.997
cmrcs4j5v003a5eukpai3vqtb,Cybex,Balios S Lux,cybex-balios-s-lux,Clek,Liingo,clek-liingo,INFANT,ADAPTER,t,,HIGH,,https://www.cybex-online.com/en/us/p/ac-go-adapter-cs-balios-s-talos-s-line.html#l-pdp-description,,,2026-07-09 00:39:27.997,2026-07-09 00:39:27.997
cmrcs4j7g003g5euk9v7tmav8,Cybex,Balios S Lux,cybex-balios-s-lux,Cybex,Aton G2,cmqx4qpgs00073835wm1de2we,INFANT,ADAPTER,t,,HIGH,,https://www.cybex-online.com/en/us/p/ac-go-adapter-cs-balios-s-talos-s-line.html#l-pdp-description,,,2026-07-09 00:39:27.997,2026-07-22 22:26:56.032
cmrwnk0ps000514it24tgczan,Cybex,Balios S Lux,cybex-balios-s-lux,Cybex,Aton G2 Swivel,cmrdwvbsy000u7tmavhnk64ww,INFANT,ADAPTER,t,,HIGH,,https://www.cybex-online.com/en/us/p/ac-go-adapter-cs-balios-s-talos-s-line.html#l-pdp-description,,,2026-07-22 22:26:56.032,2026-07-22 22:26:56.032
cmrcs4j5s00365euktx1bh71u,Cybex,Balios S Lux,cybex-balios-s-lux,Cybex,Cloud G Pro Comfort Extend,cmqx4qpj400083835htva49ii,INFANT,ADAPTER,t,,HIGH,,https://www.cybex-online.com/en/us/p/ac-go-adapter-cs-balios-s-talos-s-line.html#l-pdp-description,,,2026-07-09 00:39:27.997,2026-07-22 22:26:56.032
cybex-balios-s-lux__cybex-cloud-t,Cybex,Balios S Lux,cybex-balios-s-lux,Cybex,Cloud T,cybex-cloud-t,INFANT,ADAPTER,t,,HIGH,,https://www.cybex-online.com/en/us/p/ac-go-adapter-cs-balios-s-talos-s-line.html#l-pdp-description,,,2026-03-22 17:19:43.93,2026-07-22 22:26:56.032
cmrcs188u002o5euk0nujyg8j,Cybex,Balios S Lux,cybex-balios-s-lux,Maxi-Cosi,Ambra,cmqx4qqbg000k3835k8b3mf6l,INFANT,ADAPTER,t,,HIGH,,https://www.cybex-online.com/en/us/p/ac-go-adapter-cs-balios-s-talos-s-line.html#l-pdp-description,,,2026-07-09 00:36:53.886,2026-07-09 00:36:53.886
cybex-balios-s-lux__maxi-cosi-mico-luxe,Cybex,Balios S Lux,cybex-balios-s-lux,Maxi-Cosi,Mico Luxe,maxi-cosi-mico-luxe,INFANT,ADAPTER,t,,HIGH,,https://www.cybex-online.com/en/us/p/ac-go-adapter-cs-balios-s-talos-s-line.html#l-pdp-description,,,2026-03-22 17:19:43.856,2026-07-09 00:36:53.886
cybex-balios-s-lux__maxi-cosi-mico-pro,Cybex,Balios S Lux,cybex-balios-s-lux,Maxi-Cosi,Mico Pro,maxi-cosi-mico-pro,INFANT,ADAPTER,t,,HIGH,,https://www.cybex-online.com/en/us/p/ac-go-adapter-cs-balios-s-talos-s-line.html#l-pdp-description,,,2026-06-13 20:48:32.741,2026-07-09 00:36:53.886
cybex-balios-s-lux__maxi-cosi-peri,Cybex,Balios S Lux,cybex-balios-s-lux,Maxi-Cosi,Peri 180,maxi-cosi-peri,INFANT,ADAPTER,t,,HIGH,,https://www.cybex-online.com/en/us/p/ac-go-adapter-cs-balios-s-talos-s-line.html#l-pdp-description,,,2026-03-22 17:19:43.93,2026-07-09 00:36:53.886
cybex-balios-s-lux__nuna-pipa-lite-rx,Cybex,Balios S Lux,cybex-balios-s-lux,Nuna,PIPA Aire,nuna-pipa-lite-rx,INFANT,ADAPTER,t,,HIGH,,https://www.cybex-online.com/en/us/p/ac-go-adapter-cs-balios-s-talos-s-line.html#l-pdp-description,,,2026-03-22 03:02:28.613,2026-07-09 00:36:53.886
cybex-balios-s-lux__nuna-pipa-aire-rx,Cybex,Balios S Lux,cybex-balios-s-lux,Nuna,PIPA Aire rx,nuna-pipa-aire-rx,INFANT,ADAPTER,t,,HIGH,,https://www.cybex-online.com/en/us/p/ac-go-adapter-cs-balios-s-talos-s-line.html#l-pdp-description,,,2026-06-13 20:48:32.741,2026-07-09 00:36:53.886
cybex-balios-s-lux__nuna-pipa-rx,Cybex,Balios S Lux,cybex-balios-s-lux,Nuna,PIPA RX,nuna-pipa-rx,INFANT,ADAPTER,t,,HIGH,,https://www.cybex-online.com/en/us/p/ac-go-adapter-cs-balios-s-talos-s-line.html#l-pdp-description,,,2026-03-22 03:02:28.613,2026-07-09 00:36:53.886
cmr5mq76c000110s6ckcyvidf,Cybex,Balios S Lux,cybex-balios-s-lux,Nuna,PIPA urbn,nuna-pipa-urbn,INFANT,ADAPTER,t,,HIGH,,https://www.cybex-online.com/en/us/p/ac-go-adapter-cs-balios-s-talos-s-line.html#l-pdp-description,,,2026-07-04 00:33:57.972,2026-07-09 00:36:53.886
cybex-beezy__cybex-cloud-t,Cybex,Beezy,cybex-beezy,Cybex,Cloud T,cybex-cloud-t,INFANT,DIRECT,f,,HIGH,Cloud T fits the clean in-brand CYBEX lane.,,,,2026-03-22 17:19:43.93,2026-03-22 17:19:43.93
cybex-beezy__maxi-cosi-mico-luxe,Cybex,Beezy,cybex-beezy,Maxi-Cosi,Mico Luxe,maxi-cosi-mico-luxe,INFANT,ADAPTER,t,CYBEX adapter for Maxi-Cosi / Nuna / CYBEX / Clek infant seats,MEDIUM,"Maxi-Cosi Mico Luxe lives in one of the most universal travel-system lanes, but it is still an adapter story on this stroller.",,,,2026-03-22 17:19:43.856,2026-03-22 17:19:43.93
cybex-beezy__maxi-cosi-mico-pro,Cybex,Beezy,cybex-beezy,Maxi-Cosi,Mico Pro,maxi-cosi-mico-pro,INFANT,ADAPTER,t,CYBEX adapter for Maxi-Cosi / Nuna / CYBEX / Clek infant seats,MEDIUM,Compatible via same Maxi-Cosi click connector as Mico Luxe.,,,,2026-06-13 20:48:32.741,2026-06-13 20:48:32.741
cybex-beezy__maxi-cosi-peri,Cybex,Beezy,cybex-beezy,Maxi-Cosi,Peri 180,maxi-cosi-peri,INFANT,ADAPTER,t,CYBEX adapter for Maxi-Cosi / Nuna / CYBEX / Clek infant seats,MEDIUM,"Maxi-Cosi Peri 180 lives in one of the most universal travel-system lanes, but it is still an adapter story on this stroller.",,,,2026-03-22 17:19:43.93,2026-03-22 17:19:43.93
cybex-beezy__nuna-pipa-aire-rx,Cybex,Beezy,cybex-beezy,Nuna,PIPA Aire rx,nuna-pipa-aire-rx,INFANT,ADAPTER,t,CYBEX adapter for Maxi-Cosi / Nuna / CYBEX / Clek infant seats,MEDIUM,Compatible via same adapter path as Nuna PIPA rx.,,,,2026-06-13 20:48:32.741,2026-06-13 20:48:32.741
cybex-beezy__nuna-pipa-rx,Cybex,Beezy,cybex-beezy,Nuna,PIPA RX,nuna-pipa-rx,INFANT,ADAPTER,t,CYBEX adapter for Maxi-Cosi / Nuna / CYBEX / Clek infant seats,MEDIUM,"CYBEX can widen out to Nuna PIPA RX with the right adapter, but the cleanest path stays inside the brand.",,,,2026-03-22 17:19:43.856,2026-03-22 17:19:43.856
cmr5mq7xo000b10s6v24n2f3i,Cybex,Beezy,cybex-beezy,Nuna,PIPA urbn,nuna-pipa-urbn,INFANT,ADAPTER,t,CYBEX adapter for Maxi-Cosi / Nuna / CYBEX / Clek infant seats,MEDIUM,Compatible via same adapter path as Nuna PIPA rx.,,,,2026-07-04 00:33:58.956,2026-07-04 00:33:58.956
cmrpcvypq006l4l8rtm13h89i,Cybex,Coya,cybex-coya,Clek,Liing,clek-liing,INFANT,ADAPTER,t,,HIGH,,https://www.cybex-online.com/en/us/p/ac-pl-adapter-cs-coya.html,,,2026-07-17 19:53:54.302,2026-07-17 19:53:54.302
cmrpcvypq006n4l8r16yii26a,Cybex,Coya,cybex-coya,Clek,Liingo,clek-liingo,INFANT,ADAPTER,t,,HIGH,,https://www.cybex-online.com/en/us/p/ac-pl-adapter-cs-coya.html,,,2026-07-17 19:53:54.302,2026-07-17 19:53:54.302
cmrpcvypq006m4l8rniauw0gf,Cybex,Coya,cybex-coya,Cybex,Aton G2,cmqx4qpgs00073835wm1de2we,INFANT,ADAPTER,t,,HIGH,,https://www.cybex-online.com/en/us/p/ac-pl-adapter-cs-coya.html,,,2026-07-17 19:53:54.302,2026-07-17 19:53:54.302
cmrpcvypz006w4l8rb5u5kmxs,Cybex,Coya,cybex-coya,Cybex,Aton G2 Swivel,cmrdwvbsy000u7tmavhnk64ww,INFANT,ADAPTER,t,,HIGH,,https://www.cybex-online.com/en/us/p/ac-pl-adapter-cs-coya.html,,,2026-07-17 19:53:54.302,2026-07-17 19:53:54.302
cmrpcvypy006u4l8r25zhb61w,Cybex,Coya,cybex-coya,Cybex,Cloud G Pro Comfort Extend,cmqx4qpj400083835htva49ii,INFANT,ADAPTER,t,,HIGH,,https://www.cybex-online.com/en/us/p/ac-pl-adapter-cs-coya.html,,,2026-07-17 19:53:54.302,2026-07-17 19:53:54.302
cybex-coya__cybex-cloud-t,Cybex,Coya,cybex-coya,Cybex,Cloud T,cybex-cloud-t,INFANT,ADAPTER,t,,HIGH,,https://www.cybex-online.com/en/us/p/ac-pl-adapter-cs-coya.html,,,2026-06-13 20:48:32.697,2026-07-17 19:53:54.302
cmrpcv6ft00604l8rn9uulmt0,Cybex,Coya,cybex-coya,Maxi-Cosi,Ambra,cmqx4qqbg000k3835k8b3mf6l,INFANT,ADAPTER,t,,HIGH,,https://www.cybex-online.com/en/us/p/ac-pl-adapter-cs-coya.html,,,2026-07-17 19:53:17.657,2026-07-17 19:53:17.657
cybex-coya__maxi-cosi-mico-luxe,Cybex,Coya,cybex-coya,Maxi-Cosi,Mico Luxe,maxi-cosi-mico-luxe,INFANT,ADAPTER,t,,HIGH,,https://www.cybex-online.com/en/us/p/ac-pl-adapter-cs-coya.html,,,2026-06-13 20:48:32.697,2026-07-17 19:53:17.657
cybex-coya__maxi-cosi-mico-pro,Cybex,Coya,cybex-coya,Maxi-Cosi,Mico Pro,maxi-cosi-mico-pro,INFANT,ADAPTER,t,,HIGH,,https://www.cybex-online.com/en/us/p/ac-pl-adapter-cs-coya.html,,,2026-06-13 20:48:32.741,2026-07-17 19:53:17.657
cybex-coya__maxi-cosi-peri,Cybex,Coya,cybex-coya,Maxi-Cosi,Peri 180,maxi-cosi-peri,INFANT,ADAPTER,t,,HIGH,,https://www.cybex-online.com/en/us/p/ac-pl-adapter-cs-coya.html,,,2026-06-13 20:48:32.697,2026-07-17 19:53:17.657
cmrpcv6gz006g4l8rdrfsmvhe,Cybex,Coya,cybex-coya,Nuna,PIPA Aire,nuna-pipa-lite-rx,INFANT,ADAPTER,t,,HIGH,,https://www.cybex-online.com/en/us/p/ac-pl-adapter-cs-coya.html,,,2026-07-17 19:53:17.657,2026-07-17 19:53:17.657
cybex-coya__nuna-pipa-aire-rx,Cybex,Coya,cybex-coya,Nuna,PIPA Aire rx,nuna-pipa-aire-rx,INFANT,ADAPTER,t,,HIGH,,https://www.cybex-online.com/en/us/p/ac-pl-adapter-cs-coya.html,,,2026-06-13 20:48:32.741,2026-07-17 19:53:17.657
cybex-coya__nuna-pipa-rx,Cybex,Coya,cybex-coya,Nuna,PIPA RX,nuna-pipa-rx,INFANT,ADAPTER,t,,HIGH,,https://www.cybex-online.com/en/us/p/ac-pl-adapter-cs-coya.html,,,2026-06-13 20:48:32.697,2026-07-17 19:53:17.657
cybex-coya__nuna-pipa-urbn,Cybex,Coya,cybex-coya,Nuna,PIPA urbn,nuna-pipa-urbn,INFANT,ADAPTER,t,,HIGH,,https://www.cybex-online.com/en/us/p/ac-pl-adapter-cs-coya.html,,,2026-06-13 20:48:32.697,2026-07-17 19:53:17.657
cybex-eezy-s-twist__cybex-cloud-t,Cybex,Eezy S Twist,cybex-eezy-s-twist,Cybex,Cloud T,cybex-cloud-t,INFANT,DIRECT,f,,HIGH,Cloud T fits the clean in-brand CYBEX lane.,,,,2026-03-22 17:19:43.93,2026-03-22 17:19:43.93
cybex-eezy-s-twist__maxi-cosi-mico-luxe,Cybex,Eezy S Twist,cybex-eezy-s-twist,Maxi-Cosi,Mico Luxe,maxi-cosi-mico-luxe,INFANT,ADAPTER,t,CYBEX adapter for Maxi-Cosi / Nuna / CYBEX / Clek infant seats,MEDIUM,"Maxi-Cosi Mico Luxe lives in one of the most universal travel-system lanes, but it is still an adapter story on this stroller.",,,,2026-03-22 17:19:43.856,2026-03-22 17:19:43.93
cybex-eezy-s-twist__maxi-cosi-mico-pro,Cybex,Eezy S Twist,cybex-eezy-s-twist,Maxi-Cosi,Mico Pro,maxi-cosi-mico-pro,INFANT,ADAPTER,t,CYBEX adapter for Maxi-Cosi / Nuna / CYBEX / Clek infant seats,MEDIUM,Compatible via same Maxi-Cosi click connector as Mico Luxe.,,,,2026-06-13 20:48:32.741,2026-06-13 20:48:32.741
cybex-eezy-s-twist__maxi-cosi-peri,Cybex,Eezy S Twist,cybex-eezy-s-twist,Maxi-Cosi,Peri 180,maxi-cosi-peri,INFANT,ADAPTER,t,CYBEX adapter for Maxi-Cosi / Nuna / CYBEX / Clek infant seats,MEDIUM,"Maxi-Cosi Peri 180 lives in one of the most universal travel-system lanes, but it is still an adapter story on this stroller.",,,,2026-03-22 17:19:43.93,2026-03-22 17:19:43.93
cybex-eezy-s-twist__nuna-pipa-aire-rx,Cybex,Eezy S Twist,cybex-eezy-s-twist,Nuna,PIPA Aire rx,nuna-pipa-aire-rx,INFANT,ADAPTER,t,CYBEX adapter for Maxi-Cosi / Nuna / CYBEX / Clek infant seats,MEDIUM,Compatible via same adapter path as Nuna PIPA rx.,,,,2026-06-13 20:48:32.741,2026-06-13 20:48:32.741
cybex-eezy-s-twist__nuna-pipa-rx,Cybex,Eezy S Twist,cybex-eezy-s-twist,Nuna,PIPA RX,nuna-pipa-rx,INFANT,ADAPTER,t,CYBEX adapter for Maxi-Cosi / Nuna / CYBEX / Clek infant seats,MEDIUM,"CYBEX can widen out to Nuna PIPA RX with the right adapter, but the cleanest path stays inside the brand.",,,,2026-03-22 17:19:43.856,2026-03-22 17:19:43.856
cmr5mq7ok000710s6e8kvjdge,Cybex,Eezy S Twist,cybex-eezy-s-twist,Nuna,PIPA urbn,nuna-pipa-urbn,INFANT,ADAPTER,t,CYBEX adapter for Maxi-Cosi / Nuna / CYBEX / Clek infant seats,MEDIUM,Compatible via same adapter path as Nuna PIPA rx.,,,,2026-07-04 00:33:58.628,2026-07-04 00:33:58.628
cmrb8ek2n0005446v1gtqspzq,Cybex,Eezy S Twist 2,cmr1etpr3000a13feaabfd815,Cybex,Cloud T,cybex-cloud-t,INFANT,DIRECT,f,,HIGH,Cloud T fits the clean in-brand CYBEX lane.,,,,2026-07-07 22:39:37.247,2026-07-07 22:39:37.247
cmrb8ek7e0009446vqila0hnr,Cybex,Eezy S Twist 2,cmr1etpr3000a13feaabfd815,Maxi-Cosi,Mico Luxe,maxi-cosi-mico-luxe,INFANT,ADAPTER,t,CYBEX adapter for Maxi-Cosi / Nuna / CYBEX / Clek infant seats,MEDIUM,"Maxi-Cosi Mico Luxe lives in one of the most universal travel-system lanes, but it is still an adapter story on this stroller.",,,,2026-07-07 22:39:37.418,2026-07-07 22:39:37.418
cmrb8ekeo000f446vkf79w5zr,Cybex,Eezy S Twist 2,cmr1etpr3000a13feaabfd815,Maxi-Cosi,Mico Pro,maxi-cosi-mico-pro,INFANT,ADAPTER,t,CYBEX adapter for Maxi-Cosi / Nuna / CYBEX / Clek infant seats,MEDIUM,Compatible via same Maxi-Cosi click connector as Mico Luxe.,,,,2026-07-07 22:39:37.68,2026-07-07 22:39:37.68
cmrb8ekc6000d446vwwcmao9t,Cybex,Eezy S Twist 2,cmr1etpr3000a13feaabfd815,Maxi-Cosi,Peri 180,maxi-cosi-peri,INFANT,ADAPTER,t,CYBEX adapter for Maxi-Cosi / Nuna / CYBEX / Clek infant seats,MEDIUM,"Maxi-Cosi Peri 180 lives in one of the most universal travel-system lanes, but it is still an adapter story on this stroller.",,,,2026-07-07 22:39:37.59,2026-07-07 22:39:37.59
cmrb8ek500007446vrary96ow,Cybex,Eezy S Twist 2,cmr1etpr3000a13feaabfd815,Nuna,PIPA Aire rx,nuna-pipa-aire-rx,INFANT,ADAPTER,t,CYBEX adapter for Maxi-Cosi / Nuna / CYBEX / Clek infant seats,MEDIUM,Compatible via same adapter path as Nuna PIPA rx.,,,,2026-07-07 22:39:37.332,2026-07-07 22:39:37.332
cmrb8ek060003446v3i6afnkp,Cybex,Eezy S Twist 2,cmr1etpr3000a13feaabfd815,Nuna,PIPA RX,nuna-pipa-rx,INFANT,ADAPTER,t,CYBEX adapter for Maxi-Cosi / Nuna / CYBEX / Clek infant seats,MEDIUM,"CYBEX can widen out to Nuna PIPA RX with the right adapter, but the cleanest path stays inside the brand.",,,,2026-07-07 22:39:37.158,2026-07-07 22:39:37.158
cmrb8ekh2000h446vjoma5qvs,Cybex,Eezy S Twist 2,cmr1etpr3000a13feaabfd815,Nuna,PIPA urbn,nuna-pipa-urbn,INFANT,ADAPTER,t,CYBEX adapter for Maxi-Cosi / Nuna / CYBEX / Clek infant seats,MEDIUM,Compatible via same adapter path as Nuna PIPA rx.,,,,2026-07-07 22:39:37.766,2026-07-07 22:39:37.766
cmr0riu3v000tdoyapluo9zcl,Cybex,e-Gazelle S,cmqzur4x60001eqf6vwexlatz,Britax,Cypress S,britax-cypress-s,INFANT,ADAPTER,t,Cybex Gazelle S Infant Car Seat Adapter in Britax,MEDIUM,"Inferred from the catalog adapter ""Cybex Gazelle S Infant Car Seat Adapter in Britax"".",https://babylist.pxf.io/c/6560395/1160375/13580?prodsku=1262649&u=https%3A%2F%2Fwww.babylist.com%2Fgp%2Fcybex-gazelle-s-infant-car-seat-adapter%2F26553%2F1262649&intsrc=CATF_8981,79.95,,2026-06-30 14:49:21.643,2026-06-30 14:49:21.643
cmr0ritye000pdoyaowsjm27p,Cybex,e-Gazelle S,cmqzur4x60001eqf6vwexlatz,Britax,Willow S,britax-willow-s,INFANT,ADAPTER,t,Cybex Gazelle S Infant Car Seat Adapter in Britax,MEDIUM,"Inferred from the catalog adapter ""Cybex Gazelle S Infant Car Seat Adapter in Britax"".",https://babylist.pxf.io/c/6560395/1160375/13580?prodsku=1262649&u=https%3A%2F%2Fwww.babylist.com%2Fgp%2Fcybex-gazelle-s-infant-car-seat-adapter%2F26553%2F1262649&intsrc=CATF_8981,79.95,,2026-06-30 14:49:21.446,2026-06-30 14:49:21.446
cmr0riu17000rdoyajj7lms2z,Cybex,e-Gazelle S,cmqzur4x60001eqf6vwexlatz,Britax,Willow SC,cmqt1dq4e00043u44vihpznhm,INFANT,ADAPTER,t,Cybex Gazelle S Infant Car Seat Adapter in Britax,MEDIUM,"Inferred from the catalog adapter ""Cybex Gazelle S Infant Car Seat Adapter in Britax"".",https://babylist.pxf.io/c/6560395/1160375/13580?prodsku=1262649&u=https%3A%2F%2Fwww.babylist.com%2Fgp%2Fcybex-gazelle-s-infant-car-seat-adapter%2F26553%2F1262649&intsrc=CATF_8981,79.95,,2026-06-30 14:49:21.547,2026-06-30 14:49:21.547
cmr0rittk000ldoyanyesa435,Cybex,e-Gazelle S,cmqzur4x60001eqf6vwexlatz,Chicco,KeyFit 30,chicco-keyfit-30,INFANT,ADAPTER,t,Cybex Gazelle S Infant Car Seat Adapter in Graco/Chicco/Peg Perego,MEDIUM,"Inferred from the catalog adapter ""Cybex Gazelle S Infant Car Seat Adapter in Graco/Chicco/Peg Perego"".",https://babylist.pxf.io/c/6560395/1160375/13580?prodsku=851066&u=https%3A%2F%2Fwww.babylist.com%2Fgp%2Fcybex-gazelle-s-infant-car-seat-adapter%2F26553%2F851066&intsrc=CATF_8981,79.95,,2026-06-30 14:49:21.272,2026-06-30 14:49:21.272
cmr0riurq001bdoya1jreohg0,Cybex,e-Gazelle S,cmqzur4x60001eqf6vwexlatz,Chicco,KeyFit 30 ClearTex,cmqx4qp6y00033835pgtlizxk,INFANT,ADAPTER,t,Cybex Gazelle S Infant Car Seat Adapter in Graco/Chicco/Peg Perego,MEDIUM,"Inferred from the catalog adapter ""Cybex Gazelle S Infant Car Seat Adapter in Graco/Chicco/Peg Perego"".",https://babylist.pxf.io/c/6560395/1160375/13580?prodsku=851066&u=https%3A%2F%2Fwww.babylist.com%2Fgp%2Fcybex-gazelle-s-infant-car-seat-adapter%2F26553%2F851066&intsrc=CATF_8981,79.95,,2026-06-30 14:49:22.502,2026-06-30 14:49:22.502
cmr0riuu2001ddoyauzuo3v4d,Cybex,e-Gazelle S,cmqzur4x60001eqf6vwexlatz,Chicco,KeyFit Max ClearTex,cmqx4qp9s00043835h85g6sl0,INFANT,ADAPTER,t,Cybex Gazelle S Infant Car Seat Adapter in Graco/Chicco/Peg Perego,MEDIUM,"Inferred from the catalog adapter ""Cybex Gazelle S Infant Car Seat Adapter in Graco/Chicco/Peg Perego"".",https://babylist.pxf.io/c/6560395/1160375/13580?prodsku=851066&u=https%3A%2F%2Fwww.babylist.com%2Fgp%2Fcybex-gazelle-s-infant-car-seat-adapter%2F26553%2F851066&intsrc=CATF_8981,79.95,,2026-06-30 14:49:22.586,2026-06-30 14:49:22.586
cmr0riuwf001fdoyaf5yp1kge,Cybex,e-Gazelle S,cmqzur4x60001eqf6vwexlatz,Chicco,KeyFit Max Zip ClearLux,cmqx4qpc50005383512d994gn,INFANT,ADAPTER,t,Cybex Gazelle S Infant Car Seat Adapter in Graco/Chicco/Peg Perego,MEDIUM,"Inferred from the catalog adapter ""Cybex Gazelle S Infant Car Seat Adapter in Graco/Chicco/Peg Perego"".",https://babylist.pxf.io/c/6560395/1160375/13580?prodsku=851066&u=https%3A%2F%2Fwww.babylist.com%2Fgp%2Fcybex-gazelle-s-infant-car-seat-adapter%2F26553%2F851066&intsrc=CATF_8981,79.95,,2026-06-30 14:49:22.672,2026-06-30 14:49:22.672
cmr0riuyw001hdoya0urwpo10,Cybex,e-Gazelle S,cmqzur4x60001eqf6vwexlatz,Chicco,KeyFit Max Zip ClearTex,cmqx4qpeg00063835eten1p5s,INFANT,ADAPTER,t,Cybex Gazelle S Infant Car Seat Adapter in Graco/Chicco/Peg Perego,MEDIUM,"Inferred from the catalog adapter ""Cybex Gazelle S Infant Car Seat Adapter in Graco/Chicco/Peg Perego"".",https://babylist.pxf.io/c/6560395/1160375/13580?prodsku=851066&u=https%3A%2F%2Fwww.babylist.com%2Fgp%2Fcybex-gazelle-s-infant-car-seat-adapter%2F26553%2F851066&intsrc=CATF_8981,79.95,,2026-06-30 14:49:22.76,2026-06-30 14:49:22.76
cmr0riuf60011doyao2aa897l,Cybex,e-Gazelle S,cmqzur4x60001eqf6vwexlatz,Clek,Liing,clek-liing,INFANT,ADAPTER,t,Cybex Gazelle S Infant Car Seat Adapter in Cybex/Maxi Cosi/Nuna Cybex/Maxi Cosi/Nuna/Clek,MEDIUM,"Inferred from the catalog adapter ""Cybex Gazelle S Infant Car Seat Adapter in Cybex/Maxi Cosi/Nuna Cybex/Maxi Cosi/Nuna/Clek"".",https://babylist.pxf.io/c/6560395/1160375/13580?prodsku=1262650&u=https%3A%2F%2Fwww.babylist.com%2Fgp%2Fcybex-gazelle-s-infant-car-seat-adapter%2F26553%2F1262650&intsrc=CATF_8981,79.95,,2026-06-30 14:49:22.05,2026-06-30 14:49:22.05
cmr0riuht0013doyaefp6uwcd,Cybex,e-Gazelle S,cmqzur4x60001eqf6vwexlatz,Clek,Liingo,clek-liingo,INFANT,ADAPTER,t,Cybex Gazelle S Infant Car Seat Adapter in Cybex/Maxi Cosi/Nuna Cybex/Maxi Cosi/Nuna/Clek,MEDIUM,"Inferred from the catalog adapter ""Cybex Gazelle S Infant Car Seat Adapter in Cybex/Maxi Cosi/Nuna Cybex/Maxi Cosi/Nuna/Clek"".",https://babylist.pxf.io/c/6560395/1160375/13580?prodsku=1262650&u=https%3A%2F%2Fwww.babylist.com%2Fgp%2Fcybex-gazelle-s-infant-car-seat-adapter%2F26553%2F1262650&intsrc=CATF_8981,79.95,,2026-06-30 14:49:22.145,2026-06-30 14:49:22.145
cmr0rivk8001zdoya3wmaavpl,Cybex,e-Gazelle S,cmqzur4x60001eqf6vwexlatz,Cybex,Aton G2,cmqx4qpgs00073835wm1de2we,INFANT,ADAPTER,t,Cybex Gazelle S Infant Car Seat Adapter in Cybex/Maxi Cosi/Nuna Cybex/Maxi Cosi/Nuna/Clek,MEDIUM,"Inferred from the catalog adapter ""Cybex Gazelle S Infant Car Seat Adapter in Cybex/Maxi Cosi/Nuna Cybex/Maxi Cosi/Nuna/Clek"".",https://babylist.pxf.io/c/6560395/1160375/13580?prodsku=1262650&u=https%3A%2F%2Fwww.babylist.com%2Fgp%2Fcybex-gazelle-s-infant-car-seat-adapter%2F26553%2F1262650&intsrc=CATF_8981,79.95,,2026-06-30 14:49:23.528,2026-06-30 14:49:23.528
cmrmtweo1000511u5tni1gfcs,Cybex,e-Gazelle S,cmqzur4x60001eqf6vwexlatz,Cybex,Aton G2 Swivel,cmrdwvbsy000u7tmavhnk64ww,INFANT,ADAPTER,t,Cybex Gazelle S Infant Car Seat Adapter in Cybex/Maxi Cosi/Nuna Cybex/Maxi Cosi/Nuna/Clek,MEDIUM,"Inferred from the catalog adapter ""Cybex Gazelle S Infant Car Seat Adapter in Cybex/Maxi Cosi/Nuna Cybex/Maxi Cosi/Nuna/Clek"".",https://babylist.pxf.io/c/6560395/1160375/13580?prodsku=1262650&u=https%3A%2F%2Fwww.babylist.com%2Fgp%2Fcybex-gazelle-s-infant-car-seat-adapter%2F26553%2F1262650&intsrc=CATF_8981,79.95,,2026-07-16 01:26:49.921,2026-07-16 01:26:49.921
cmr0rivmm0021doya2v6266hp,Cybex,e-Gazelle S,cmqzur4x60001eqf6vwexlatz,Cybex,Cloud G Pro Comfort Extend,cmqx4qpj400083835htva49ii,INFANT,ADAPTER,t,Cybex Gazelle S Infant Car Seat Adapter in Cybex/Maxi Cosi/Nuna Cybex/Maxi Cosi/Nuna/Clek,MEDIUM,"Inferred from the catalog adapter ""Cybex Gazelle S Infant Car Seat Adapter in Cybex/Maxi Cosi/Nuna Cybex/Maxi Cosi/Nuna/Clek"".",https://babylist.pxf.io/c/6560395/1160375/13580?prodsku=1262650&u=https%3A%2F%2Fwww.babylist.com%2Fgp%2Fcybex-gazelle-s-infant-car-seat-adapter%2F26553%2F1262650&intsrc=CATF_8981,79.95,,2026-06-30 14:49:23.614,2026-06-30 14:49:23.614
cmr0ritjh000ddoyavraqv12u,Cybex,e-Gazelle S,cmqzur4x60001eqf6vwexlatz,Cybex,Cloud T,cybex-cloud-t,INFANT,ADAPTER,t,,HIGH,Cloud T fits the clean in-brand CYBEX lane.,https://babylist.pxf.io/c/6560395/1160375/13580?prodsku=851066&u=https%3A%2F%2Fwww.babylist.com%2Fgp%2Fcybex-gazelle-s-infant-car-seat-adapter%2F26553%2F851066&intsrc=APIG_8981,79.95,product_8981_851066,2026-06-30 14:49:20.91,2026-07-22 22:30:46.386
cmr0riv1b001jdoyam5amzt5u,Cybex,e-Gazelle S,cmqzur4x60001eqf6vwexlatz,Graco,GoMax,cmqx4qpx8000e3835nvrnxr0i,INFANT,ADAPTER,t,Cybex Gazelle S Infant Car Seat Adapter in Graco/Chicco/Peg Perego,MEDIUM,"Inferred from the catalog adapter ""Cybex Gazelle S Infant Car Seat Adapter in Graco/Chicco/Peg Perego"".",https://babylist.pxf.io/c/6560395/1160375/13580?prodsku=851066&u=https%3A%2F%2Fwww.babylist.com%2Fgp%2Fcybex-gazelle-s-infant-car-seat-adapter%2F26553%2F851066&intsrc=CATF_8981,79.95,,2026-06-30 14:49:22.848,2026-06-30 14:49:22.848
cmr0riv3l001ldoyansfr5ys7,Cybex,e-Gazelle S,cmqzur4x60001eqf6vwexlatz,Graco,SnugRide Lite LX,cmqx4qpzp000f3835i6cp9pth,INFANT,ADAPTER,t,Cybex Gazelle S Infant Car Seat Adapter in Graco/Chicco/Peg Perego,MEDIUM,"Inferred from the catalog adapter ""Cybex Gazelle S Infant Car Seat Adapter in Graco/Chicco/Peg Perego"".",https://babylist.pxf.io/c/6560395/1160375/13580?prodsku=851066&u=https%3A%2F%2Fwww.babylist.com%2Fgp%2Fcybex-gazelle-s-infant-car-seat-adapter%2F26553%2F851066&intsrc=CATF_8981,79.95,,2026-06-30 14:49:22.93,2026-06-30 14:49:22.93
cmr0riv86001pdoyajrs14dsy,Cybex,e-Gazelle S,cmqzur4x60001eqf6vwexlatz,Graco,SnugRide SnugFit,cmqx4qq4h000h3835n8ni2r9m,INFANT,ADAPTER,t,Cybex Gazelle S Infant Car Seat Adapter in Graco/Chicco/Peg Perego,MEDIUM,"Inferred from the catalog adapter ""Cybex Gazelle S Infant Car Seat Adapter in Graco/Chicco/Peg Perego"".",https://babylist.pxf.io/c/6560395/1160375/13580?prodsku=851066&u=https%3A%2F%2Fwww.babylist.com%2Fgp%2Fcybex-gazelle-s-infant-car-seat-adapter%2F26553%2F851066&intsrc=CATF_8981,79.95,,2026-06-30 14:49:23.094,2026-06-30 14:49:23.094
cmr0riv5v001ndoyagemu9wxr,Cybex,e-Gazelle S,cmqzur4x60001eqf6vwexlatz,Graco,SnugRide SnugFit DLX,cmqx4qq26000g3835g3mh924j,INFANT,ADAPTER,t,Cybex Gazelle S Infant Car Seat Adapter in Graco/Chicco/Peg Perego,MEDIUM,"Inferred from the catalog adapter ""Cybex Gazelle S Infant Car Seat Adapter in Graco/Chicco/Peg Perego"".",https://babylist.pxf.io/c/6560395/1160375/13580?prodsku=851066&u=https%3A%2F%2Fwww.babylist.com%2Fgp%2Fcybex-gazelle-s-infant-car-seat-adapter%2F26553%2F851066&intsrc=CATF_8981,79.95,,2026-06-30 14:49:23.012,2026-06-30 14:49:23.012
cmr0rivag001rdoya4bcetcad,Cybex,e-Gazelle S,cmqzur4x60001eqf6vwexlatz,Graco,SnugRide SnugFit LX,cmqx4qq6u000i3835j7t2euy8,INFANT,ADAPTER,t,Cybex Gazelle S Infant Car Seat Adapter in Graco/Chicco/Peg Perego,MEDIUM,"Inferred from the catalog adapter ""Cybex Gazelle S Infant Car Seat Adapter in Graco/Chicco/Peg Perego"".",https://babylist.pxf.io/c/6560395/1160375/13580?prodsku=851066&u=https%3A%2F%2Fwww.babylist.com%2Fgp%2Fcybex-gazelle-s-infant-car-seat-adapter%2F26553%2F851066&intsrc=CATF_8981,79.95,,2026-06-30 14:49:23.176,2026-06-30 14:49:23.176
cmr0rivhf001xdoyaots0z5oe,Cybex,e-Gazelle S,cmqzur4x60001eqf6vwexlatz,Maxi-Cosi,Ambra,cmqx4qqbg000k3835k8b3mf6l,INFANT,ADAPTER,t,,HIGH,,https://amzn.to/4fi3fjr,,,2026-06-30 14:49:23.428,2026-07-17 19:50:11.14
cmr0rita00005doya43f6esa1,Cybex,e-Gazelle S,cmqzur4x60001eqf6vwexlatz,Maxi-Cosi,Mico Luxe,maxi-cosi-mico-luxe,INFANT,ADAPTER,t,,HIGH,,https://amzn.to/4fi3fjr,,,2026-06-30 14:49:20.568,2026-07-17 19:50:11.14
cmr0rith7000bdoyasiyd3rfd,Cybex,e-Gazelle S,cmqzur4x60001eqf6vwexlatz,Maxi-Cosi,Mico Pro,maxi-cosi-mico-pro,INFANT,ADAPTER,t,,HIGH,,https://amzn.to/4fi3fjr,,,2026-06-30 14:49:20.827,2026-07-17 19:50:11.14
cmr0ritew0009doyad9o0d5gn,Cybex,e-Gazelle S,cmqzur4x60001eqf6vwexlatz,Maxi-Cosi,Peri 180,maxi-cosi-peri,INFANT,ADAPTER,t,,HIGH,,https://amzn.to/4fi3fjr,,,2026-06-30 14:49:20.745,2026-07-17 19:50:11.14
cmr0riu9u000xdoyadveebiun,Cybex,e-Gazelle S,cmqzur4x60001eqf6vwexlatz,Nuna,PIPA Aire,nuna-pipa-lite-rx,INFANT,ADAPTER,t,,HIGH,,https://amzn.to/4fi3fjr,,,2026-06-30 14:49:21.858,2026-07-17 19:50:11.14
cmr0rit7m0003doyai6879u4b,Cybex,e-Gazelle S,cmqzur4x60001eqf6vwexlatz,Nuna,PIPA Aire rx,nuna-pipa-aire-rx,INFANT,ADAPTER,t,,HIGH,,https://amzn.to/4fi3fjr,,,2026-06-30 14:49:20.482,2026-07-17 19:50:11.14
cmr0rit2t0001doya741c9myy,Cybex,e-Gazelle S,cmqzur4x60001eqf6vwexlatz,Nuna,PIPA RX,nuna-pipa-rx,INFANT,ADAPTER,t,,HIGH,,https://amzn.to/4fi3fjr,,,2026-06-30 14:49:20.308,2026-07-17 19:50:11.14
cmr0riuco000zdoya5vj2gvpy,Cybex,e-Gazelle S,cmqzur4x60001eqf6vwexlatz,Nuna,PIPA urbn,nuna-pipa-urbn,INFANT,ADAPTER,t,,HIGH,,https://amzn.to/4fi3fjr,,,2026-06-30 14:49:21.953,2026-07-17 19:50:11.14
cmr0ritvv000ndoyaixowgtdk,Cybex,e-Gazelle S,cmqzur4x60001eqf6vwexlatz,Peg Perego,Primo Viaggio 4-35,peg-perego-primo-viaggio-4-35,INFANT,ADAPTER,t,Cybex Gazelle S Infant Car Seat Adapter in Graco/Chicco/Peg Perego,MEDIUM,"Inferred from the catalog adapter ""Cybex Gazelle S Infant Car Seat Adapter in Graco/Chicco/Peg Perego"".",https://babylist.pxf.io/c/6560395/1160375/13580?prodsku=851066&u=https%3A%2F%2Fwww.babylist.com%2Fgp%2Fcybex-gazelle-s-infant-car-seat-adapter%2F26553%2F851066&intsrc=CATF_8981,79.95,,2026-06-30 14:49:21.355,2026-06-30 14:49:21.355
cmr0rivcs001tdoyagzzd2rjk,Cybex,e-Gazelle S,cmqzur4x60001eqf6vwexlatz,Peg Perego,Primo Viaggio Lounge,cmqx4qqg6000m3835m0yyofjb,INFANT,ADAPTER,t,Cybex Gazelle S Infant Car Seat Adapter in Graco/Chicco/Peg Perego,MEDIUM,"Inferred from the catalog adapter ""Cybex Gazelle S Infant Car Seat Adapter in Graco/Chicco/Peg Perego"".",https://babylist.pxf.io/c/6560395/1160375/13580?prodsku=851066&u=https%3A%2F%2Fwww.babylist.com%2Fgp%2Fcybex-gazelle-s-infant-car-seat-adapter%2F26553%2F851066&intsrc=CATF_8981,79.95,,2026-06-30 14:49:23.26,2026-06-30 14:49:23.26
cmr0rivf5001vdoyamqohv0rf,Cybex,e-Gazelle S,cmqzur4x60001eqf6vwexlatz,Peg Perego,Primo Viaggio Nido,cmqx4qqif000n3835uubq8mpy,INFANT,ADAPTER,t,Cybex Gazelle S Infant Car Seat Adapter in Graco/Chicco/Peg Perego,MEDIUM,"Inferred from the catalog adapter ""Cybex Gazelle S Infant Car Seat Adapter in Graco/Chicco/Peg Perego"".",https://babylist.pxf.io/c/6560395/1160375/13580?prodsku=851066&u=https%3A%2F%2Fwww.babylist.com%2Fgp%2Fcybex-gazelle-s-infant-car-seat-adapter%2F26553%2F851066&intsrc=CATF_8981,79.95,,2026-06-30 14:49:23.345,2026-06-30 14:49:23.345
cybex-eos__cybex-cloud-t,Cybex,Eos,cybex-eos,Cybex,Cloud T,cybex-cloud-t,INFANT,ADAPTER,f,Included with stroller,HIGH,CYBEX Eos includes adapters for all CYBEX infant seats. CYBEX Cloud T snaps in without a separate adapter purchase.,,,,2026-06-13 20:48:32.697,2026-06-13 20:48:32.697
cybex-eos__maxi-cosi-mico-luxe,Cybex,Eos,cybex-eos,Maxi-Cosi,Mico Luxe,maxi-cosi-mico-luxe,INFANT,ADAPTER,t,CYBEX adapter for Maxi-Cosi infant seats,MEDIUM,Maxi-Cosi Mico Luxe is compatible with CYBEX Eos via the CYBEX adapter for Maxi-Cosi family seats.,,,,2026-06-13 20:48:32.697,2026-06-13 20:48:32.697
cybex-eos__maxi-cosi-mico-pro,Cybex,Eos,cybex-eos,Maxi-Cosi,Mico Pro,maxi-cosi-mico-pro,INFANT,ADAPTER,t,CYBEX adapter for Maxi-Cosi infant seats,MEDIUM,Compatible via same Maxi-Cosi click connector as Mico Luxe.,,,,2026-06-13 20:48:32.741,2026-06-13 20:48:32.741
cybex-eos__maxi-cosi-peri,Cybex,Eos,cybex-eos,Maxi-Cosi,Peri 180,maxi-cosi-peri,INFANT,ADAPTER,t,CYBEX adapter for Maxi-Cosi infant seats,MEDIUM,Maxi-Cosi Peri 180 is compatible with CYBEX Eos via the CYBEX adapter for Maxi-Cosi family seats.,,,,2026-06-13 20:48:32.697,2026-06-13 20:48:32.697
cybex-eos__nuna-pipa-aire-rx,Cybex,Eos,cybex-eos,Nuna,PIPA Aire rx,nuna-pipa-aire-rx,INFANT,ADAPTER,t,CYBEX adapter for Nuna PIPA seats,MEDIUM,Compatible via same adapter path as Nuna PIPA rx.,,,,2026-06-13 20:48:32.741,2026-06-13 20:48:32.741
cybex-eos__nuna-pipa-rx,Cybex,Eos,cybex-eos,Nuna,PIPA RX,nuna-pipa-rx,INFANT,ADAPTER,t,CYBEX adapter for Nuna PIPA seats,MEDIUM,Nuna PIPA RX is compatible with CYBEX Eos via the CYBEX adapter for Nuna seats.,,,,2026-06-13 20:48:32.697,2026-06-13 20:48:32.697
cybex-eos__nuna-pipa-urbn,Cybex,Eos,cybex-eos,Nuna,PIPA urbn,nuna-pipa-urbn,INFANT,ADAPTER,t,CYBEX adapter for Nuna PIPA seats,MEDIUM,Nuna PIPA urbn is compatible with CYBEX Eos via the CYBEX adapter for Nuna seats.,,,,2026-06-13 20:48:32.697,2026-06-13 20:48:32.697
cmrfmqqji003lqal3a3747eja,Cybex,e-Priam,cmrcjabwd00014oz1n5pe6vrv,Clek,Liing,clek-liing,INFANT,ADAPTER,t,,HIGH,,https://amzn.to/44jWozB,,,2026-07-11 00:32:04.83,2026-07-11 00:32:04.83
cmrfmqqjj003rqal3s1h1k1lt,Cybex,e-Priam,cmrcjabwd00014oz1n5pe6vrv,Clek,Liingo,clek-liingo,INFANT,ADAPTER,t,,HIGH,,https://amzn.to/44jWozB,,,2026-07-11 00:32:04.83,2026-07-11 00:32:04.83
cmrfmqqjt003tqal36y9chbho,Cybex,e-Priam,cmrcjabwd00014oz1n5pe6vrv,Cybex,Aton G2,cmqx4qpgs00073835wm1de2we,INFANT,ADAPTER,t,,HIGH,,https://amzn.to/44jWozB,,,2026-07-11 00:32:04.83,2026-07-11 00:32:04.83
cmrfmqqju003xqal3zle9ggns,Cybex,e-Priam,cmrcjabwd00014oz1n5pe6vrv,Cybex,Aton G2 Swivel,cmrdwvbsy000u7tmavhnk64ww,INFANT,ADAPTER,t,,HIGH,,https://amzn.to/44jWozB,,,2026-07-11 00:32:04.83,2026-07-11 00:32:04.83
cmrfmqqjj003qqal3x8ceqcle,Cybex,e-Priam,cmrcjabwd00014oz1n5pe6vrv,Cybex,Cloud G Pro Comfort Extend,cmqx4qpj400083835htva49ii,INFANT,ADAPTER,t,,HIGH,,https://amzn.to/44jWozB,,,2026-07-11 00:32:04.83,2026-07-11 00:32:04.83
cmrfmqqjt003vqal3ff6kpj9m,Cybex,e-Priam,cmrcjabwd00014oz1n5pe6vrv,Cybex,Cloud T,cybex-cloud-t,INFANT,ADAPTER,t,,HIGH,,https://amzn.to/44jWozB,,,2026-07-11 00:32:04.83,2026-07-11 00:32:04.83
cmrfmsug0004lqal33577efmz,Cybex,e-Priam,cmrcjabwd00014oz1n5pe6vrv,Maxi-Cosi,Ambra,cmqx4qqbg000k3835k8b3mf6l,INFANT,ADAPTER,t,,HIGH,,https://amzn.to/4yczFTG,,,2026-07-11 00:33:43.199,2026-07-11 00:33:43.199
cmrfmsug0004jqal358k2kzvf,Cybex,e-Priam,cmrcjabwd00014oz1n5pe6vrv,Maxi-Cosi,Mico Luxe,maxi-cosi-mico-luxe,INFANT,ADAPTER,t,,HIGH,,https://amzn.to/4yczFTG,,,2026-07-11 00:33:43.199,2026-07-11 00:33:43.199
cmrfmsufz004hqal3jxo8m103,Cybex,e-Priam,cmrcjabwd00014oz1n5pe6vrv,Maxi-Cosi,Mico Pro,maxi-cosi-mico-pro,INFANT,ADAPTER,t,,HIGH,,https://amzn.to/4yczFTG,,,2026-07-11 00:33:43.199,2026-07-11 00:33:43.199
cmrfmsug0004pqal3807e5hoh,Cybex,e-Priam,cmrcjabwd00014oz1n5pe6vrv,Maxi-Cosi,Peri 180,maxi-cosi-peri,INFANT,ADAPTER,t,,HIGH,,https://amzn.to/4yczFTG,,,2026-07-11 00:33:43.199,2026-07-11 00:33:43.199
cmrfmsug7004rqal35b7yvcvn,Cybex,e-Priam,cmrcjabwd00014oz1n5pe6vrv,Nuna,PIPA Aire,nuna-pipa-lite-rx,INFANT,ADAPTER,t,,HIGH,,https://amzn.to/4yczFTG,,,2026-07-11 00:33:43.199,2026-07-11 00:33:43.199
cmrfmsug8004tqal3os4zzcck,Cybex,e-Priam,cmrcjabwd00014oz1n5pe6vrv,Nuna,PIPA Aire rx,nuna-pipa-aire-rx,INFANT,ADAPTER,t,,HIGH,,https://amzn.to/4yczFTG,,,2026-07-11 00:33:43.199,2026-07-11 00:33:43.199
cmrfmsug8004vqal37xljf2ga,Cybex,e-Priam,cmrcjabwd00014oz1n5pe6vrv,Nuna,PIPA RX,nuna-pipa-rx,INFANT,ADAPTER,t,,HIGH,,https://amzn.to/4yczFTG,,,2026-07-11 00:33:43.199,2026-07-11 00:33:43.199
cmrfmsug8004xqal387douwhh,Cybex,e-Priam,cmrcjabwd00014oz1n5pe6vrv,Nuna,PIPA urbn,nuna-pipa-urbn,INFANT,ADAPTER,t,,HIGH,,https://amzn.to/4yczFTG,,,2026-07-11 00:33:43.199,2026-07-11 00:33:43.199
cmqt252in0017fvq8mf68j6n2,Cybex,Gazelle S,cybex-gazelle-s,Britax,Cypress S,britax-cypress-s,INFANT,ADAPTER,t,Cybex Gazelle S Infant Car Seat Adapter in Britax,MEDIUM,"Inferred from the catalog adapter ""Cybex Gazelle S Infant Car Seat Adapter in Britax"".",https://babylist.pxf.io/c/6560395/1160375/13580?prodsku=1262649&u=https%3A%2F%2Fwww.babylist.com%2Fgp%2Fcybex-gazelle-s-infant-car-seat-adapter%2F26553%2F1262649&intsrc=CATF_8981,79.95,,2026-06-25 05:24:25.727,2026-06-25 05:24:25.727
cmqt252cj0013fvq8e7wtwlrh,Cybex,Gazelle S,cybex-gazelle-s,Britax,Willow S,britax-willow-s,INFANT,ADAPTER,t,Cybex Gazelle S Infant Car Seat Adapter in Britax,MEDIUM,"Inferred from the catalog adapter ""Cybex Gazelle S Infant Car Seat Adapter in Britax"".",https://babylist.pxf.io/c/6560395/1160375/13580?prodsku=1262649&u=https%3A%2F%2Fwww.babylist.com%2Fgp%2Fcybex-gazelle-s-infant-car-seat-adapter%2F26553%2F1262649&intsrc=CATF_8981,79.95,,2026-06-25 05:24:25.508,2026-06-25 05:24:25.508
cmqt252fg0015fvq8pvgzktt8,Cybex,Gazelle S,cybex-gazelle-s,Britax,Willow SC,cmqt1dq4e00043u44vihpznhm,INFANT,ADAPTER,t,Cybex Gazelle S Infant Car Seat Adapter in Britax,MEDIUM,"Inferred from the catalog adapter ""Cybex Gazelle S Infant Car Seat Adapter in Britax"".",https://babylist.pxf.io/c/6560395/1160375/13580?prodsku=1262649&u=https%3A%2F%2Fwww.babylist.com%2Fgp%2Fcybex-gazelle-s-infant-car-seat-adapter%2F26553%2F1262649&intsrc=CATF_8981,79.95,,2026-06-25 05:24:25.613,2026-06-25 05:24:25.613
cmqt2522e000vfvq8549bf1us,Cybex,Gazelle S,cybex-gazelle-s,Chicco,KeyFit 30,chicco-keyfit-30,INFANT,ADAPTER,t,Cybex Gazelle S Infant Car Seat Adapter in Graco/Chicco/Peg Perego,MEDIUM,"Inferred from the catalog adapter ""Cybex Gazelle S Infant Car Seat Adapter in Graco/Chicco/Peg Perego"".",https://babylist.pxf.io/c/6560395/1160375/13580?prodsku=851066&u=https%3A%2F%2Fwww.babylist.com%2Fgp%2Fcybex-gazelle-s-infant-car-seat-adapter%2F26553%2F851066&intsrc=CATF_8981,79.95,,2026-06-25 05:24:25.142,2026-06-25 05:24:25.142
cmqx4rawm000z70o0wbuiisp0,Cybex,Gazelle S,cybex-gazelle-s,Chicco,KeyFit 30 ClearTex,cmqx4qp6y00033835pgtlizxk,INFANT,ADAPTER,t,Cybex Gazelle S Infant Car Seat Adapter in Graco/Chicco/Peg Perego,MEDIUM,"Inferred from the catalog adapter ""Cybex Gazelle S Infant Car Seat Adapter in Graco/Chicco/Peg Perego"".",https://babylist.pxf.io/c/6560395/1160375/13580?prodsku=851066&u=https%3A%2F%2Fwww.babylist.com%2Fgp%2Fcybex-gazelle-s-infant-car-seat-adapter%2F26553%2F851066&intsrc=CATF_8981,79.95,,2026-06-28 01:48:46.966,2026-06-28 01:48:46.966
cmqx4rayw001170o0dzs4sgzu,Cybex,Gazelle S,cybex-gazelle-s,Chicco,KeyFit Max ClearTex,cmqx4qp9s00043835h85g6sl0,INFANT,ADAPTER,t,Cybex Gazelle S Infant Car Seat Adapter in Graco/Chicco/Peg Perego,MEDIUM,"Inferred from the catalog adapter ""Cybex Gazelle S Infant Car Seat Adapter in Graco/Chicco/Peg Perego"".",https://babylist.pxf.io/c/6560395/1160375/13580?prodsku=851066&u=https%3A%2F%2Fwww.babylist.com%2Fgp%2Fcybex-gazelle-s-infant-car-seat-adapter%2F26553%2F851066&intsrc=CATF_8981,79.95,,2026-06-28 01:48:47.048,2026-06-28 01:48:47.048
cmqx4rb17001370o0he2ykx8c,Cybex,Gazelle S,cybex-gazelle-s,Chicco,KeyFit Max Zip ClearLux,cmqx4qpc50005383512d994gn,INFANT,ADAPTER,t,Cybex Gazelle S Infant Car Seat Adapter in Graco/Chicco/Peg Perego,MEDIUM,"Inferred from the catalog adapter ""Cybex Gazelle S Infant Car Seat Adapter in Graco/Chicco/Peg Perego"".",https://babylist.pxf.io/c/6560395/1160375/13580?prodsku=851066&u=https%3A%2F%2Fwww.babylist.com%2Fgp%2Fcybex-gazelle-s-infant-car-seat-adapter%2F26553%2F851066&intsrc=CATF_8981,79.95,,2026-06-28 01:48:47.131,2026-06-28 01:48:47.131
cmqx4rb3h001570o0s9fnjgqc,Cybex,Gazelle S,cybex-gazelle-s,Chicco,KeyFit Max Zip ClearTex,cmqx4qpeg00063835eten1p5s,INFANT,ADAPTER,t,Cybex Gazelle S Infant Car Seat Adapter in Graco/Chicco/Peg Perego,MEDIUM,"Inferred from the catalog adapter ""Cybex Gazelle S Infant Car Seat Adapter in Graco/Chicco/Peg Perego"".",https://babylist.pxf.io/c/6560395/1160375/13580?prodsku=851066&u=https%3A%2F%2Fwww.babylist.com%2Fgp%2Fcybex-gazelle-s-infant-car-seat-adapter%2F26553%2F851066&intsrc=CATF_8981,79.95,,2026-06-28 01:48:47.213,2026-06-28 01:48:47.213
cmqt252wi001hfvq8qfnpl5dh,Cybex,Gazelle S,cybex-gazelle-s,Clek,Liing,clek-liing,INFANT,ADAPTER,t,Cybex Gazelle S Infant Car Seat Adapter in Cybex/Maxi Cosi/Nuna Cybex/Maxi Cosi/Nuna/Clek,MEDIUM,"Inferred from the catalog adapter ""Cybex Gazelle S Infant Car Seat Adapter in Cybex/Maxi Cosi/Nuna Cybex/Maxi Cosi/Nuna/Clek"".",https://babylist.pxf.io/c/6560395/1160375/13580?prodsku=1262650&u=https%3A%2F%2Fwww.babylist.com%2Fgp%2Fcybex-gazelle-s-infant-car-seat-adapter%2F26553%2F1262650&intsrc=CATF_8981,79.95,,2026-06-25 05:24:26.225,2026-06-25 05:24:26.225
cmqt252yw001jfvq83r7qtk51,Cybex,Gazelle S,cybex-gazelle-s,Clek,Liingo,clek-liingo,INFANT,ADAPTER,t,Cybex Gazelle S Infant Car Seat Adapter in Cybex/Maxi Cosi/Nuna Cybex/Maxi Cosi/Nuna/Clek,MEDIUM,"Inferred from the catalog adapter ""Cybex Gazelle S Infant Car Seat Adapter in Cybex/Maxi Cosi/Nuna Cybex/Maxi Cosi/Nuna/Clek"".",https://babylist.pxf.io/c/6560395/1160375/13580?prodsku=1262650&u=https%3A%2F%2Fwww.babylist.com%2Fgp%2Fcybex-gazelle-s-infant-car-seat-adapter%2F26553%2F1262650&intsrc=CATF_8981,79.95,,2026-06-25 05:24:26.312,2026-06-25 05:24:26.312
cmqx4rboj001n70o0lrc1kjlq,Cybex,Gazelle S,cybex-gazelle-s,Cybex,Aton G2,cmqx4qpgs00073835wm1de2we,INFANT,ADAPTER,t,Cybex Gazelle S Infant Car Seat Adapter in Cybex/Maxi Cosi/Nuna Cybex/Maxi Cosi/Nuna/Clek,MEDIUM,"Inferred from the catalog adapter ""Cybex Gazelle S Infant Car Seat Adapter in Cybex/Maxi Cosi/Nuna Cybex/Maxi Cosi/Nuna/Clek"".",https://babylist.pxf.io/c/6560395/1160375/13580?prodsku=1262650&u=https%3A%2F%2Fwww.babylist.com%2Fgp%2Fcybex-gazelle-s-infant-car-seat-adapter%2F26553%2F1262650&intsrc=CATF_8981,79.95,,2026-06-28 01:48:47.972,2026-06-28 01:48:47.972
cmrmtwelt000311u5wvjkn7ft,Cybex,Gazelle S,cybex-gazelle-s,Cybex,Aton G2 Swivel,cmrdwvbsy000u7tmavhnk64ww,INFANT,ADAPTER,t,Cybex Gazelle S Infant Car Seat Adapter in Cybex/Maxi Cosi/Nuna Cybex/Maxi Cosi/Nuna/Clek,MEDIUM,"Inferred from the catalog adapter ""Cybex Gazelle S Infant Car Seat Adapter in Cybex/Maxi Cosi/Nuna Cybex/Maxi Cosi/Nuna/Clek"".",https://babylist.pxf.io/c/6560395/1160375/13580?prodsku=1262650&u=https%3A%2F%2Fwww.babylist.com%2Fgp%2Fcybex-gazelle-s-infant-car-seat-adapter%2F26553%2F1262650&intsrc=CATF_8981,79.95,,2026-07-16 01:26:49.841,2026-07-16 01:26:49.841
cmqx4rbqz001p70o0uwe655g1,Cybex,Gazelle S,cybex-gazelle-s,Cybex,Cloud G Pro Comfort Extend,cmqx4qpj400083835htva49ii,INFANT,ADAPTER,t,Cybex Gazelle S Infant Car Seat Adapter in Cybex/Maxi Cosi/Nuna Cybex/Maxi Cosi/Nuna/Clek,MEDIUM,"Inferred from the catalog adapter ""Cybex Gazelle S Infant Car Seat Adapter in Cybex/Maxi Cosi/Nuna Cybex/Maxi Cosi/Nuna/Clek"".",https://babylist.pxf.io/c/6560395/1160375/13580?prodsku=1262650&u=https%3A%2F%2Fwww.babylist.com%2Fgp%2Fcybex-gazelle-s-infant-car-seat-adapter%2F26553%2F1262650&intsrc=CATF_8981,79.95,,2026-06-28 01:48:48.059,2026-06-28 01:48:48.059
cybex-gazelle-s__cybex-cloud-t,Cybex,Gazelle S,cybex-gazelle-s,Cybex,Cloud T,cybex-cloud-t,INFANT,ADAPTER,t,,HIGH,Cloud T fits the clean in-brand CYBEX lane.,https://babylist.pxf.io/c/6560395/1160375/13580?prodsku=851066&u=https%3A%2F%2Fwww.babylist.com%2Fgp%2Fcybex-gazelle-s-infant-car-seat-adapter%2F26553%2F851066&intsrc=APIG_8981,79.95,product_8981_851066,2026-03-22 17:19:43.93,2026-07-22 22:32:03.936
cmqx4rb5r001770o0r86w697o,Cybex,Gazelle S,cybex-gazelle-s,Graco,GoMax,cmqx4qpx8000e3835nvrnxr0i,INFANT,ADAPTER,t,Cybex Gazelle S Infant Car Seat Adapter in Graco/Chicco/Peg Perego,MEDIUM,"Inferred from the catalog adapter ""Cybex Gazelle S Infant Car Seat Adapter in Graco/Chicco/Peg Perego"".",https://babylist.pxf.io/c/6560395/1160375/13580?prodsku=851066&u=https%3A%2F%2Fwww.babylist.com%2Fgp%2Fcybex-gazelle-s-infant-car-seat-adapter%2F26553%2F851066&intsrc=CATF_8981,79.95,,2026-06-28 01:48:47.295,2026-06-28 01:48:47.295
cmqx4rb81001970o09iaw3n9u,Cybex,Gazelle S,cybex-gazelle-s,Graco,SnugRide Lite LX,cmqx4qpzp000f3835i6cp9pth,INFANT,ADAPTER,t,Cybex Gazelle S Infant Car Seat Adapter in Graco/Chicco/Peg Perego,MEDIUM,"Inferred from the catalog adapter ""Cybex Gazelle S Infant Car Seat Adapter in Graco/Chicco/Peg Perego"".",https://babylist.pxf.io/c/6560395/1160375/13580?prodsku=851066&u=https%3A%2F%2Fwww.babylist.com%2Fgp%2Fcybex-gazelle-s-infant-car-seat-adapter%2F26553%2F851066&intsrc=CATF_8981,79.95,,2026-06-28 01:48:47.377,2026-06-28 01:48:47.377
cmqx4rbcs001d70o0bc1gnjwm,Cybex,Gazelle S,cybex-gazelle-s,Graco,SnugRide SnugFit,cmqx4qq4h000h3835n8ni2r9m,INFANT,ADAPTER,t,Cybex Gazelle S Infant Car Seat Adapter in Graco/Chicco/Peg Perego,MEDIUM,"Inferred from the catalog adapter ""Cybex Gazelle S Infant Car Seat Adapter in Graco/Chicco/Peg Perego"".",https://babylist.pxf.io/c/6560395/1160375/13580?prodsku=851066&u=https%3A%2F%2Fwww.babylist.com%2Fgp%2Fcybex-gazelle-s-infant-car-seat-adapter%2F26553%2F851066&intsrc=CATF_8981,79.95,,2026-06-28 01:48:47.549,2026-06-28 01:48:47.549
cmqx4rbaf001b70o03dyoik6p,Cybex,Gazelle S,cybex-gazelle-s,Graco,SnugRide SnugFit DLX,cmqx4qq26000g3835g3mh924j,INFANT,ADAPTER,t,Cybex Gazelle S Infant Car Seat Adapter in Graco/Chicco/Peg Perego,MEDIUM,"Inferred from the catalog adapter ""Cybex Gazelle S Infant Car Seat Adapter in Graco/Chicco/Peg Perego"".",https://babylist.pxf.io/c/6560395/1160375/13580?prodsku=851066&u=https%3A%2F%2Fwww.babylist.com%2Fgp%2Fcybex-gazelle-s-infant-car-seat-adapter%2F26553%2F851066&intsrc=CATF_8981,79.95,,2026-06-28 01:48:47.464,2026-06-28 01:48:47.464
cmqx4rbf5001f70o0e09vlo57,Cybex,Gazelle S,cybex-gazelle-s,Graco,SnugRide SnugFit LX,cmqx4qq6u000i3835j7t2euy8,INFANT,ADAPTER,t,Cybex Gazelle S Infant Car Seat Adapter in Graco/Chicco/Peg Perego,MEDIUM,"Inferred from the catalog adapter ""Cybex Gazelle S Infant Car Seat Adapter in Graco/Chicco/Peg Perego"".",https://babylist.pxf.io/c/6560395/1160375/13580?prodsku=851066&u=https%3A%2F%2Fwww.babylist.com%2Fgp%2Fcybex-gazelle-s-infant-car-seat-adapter%2F26553%2F851066&intsrc=CATF_8981,79.95,,2026-06-28 01:48:47.634,2026-06-28 01:48:47.634
cmqx4rbm6001l70o0f7c6yrp7,Cybex,Gazelle S,cybex-gazelle-s,Maxi-Cosi,Ambra,cmqx4qqbg000k3835k8b3mf6l,INFANT,ADAPTER,t,,HIGH,,https://amzn.to/4wcG7c0,,,2026-06-28 01:48:47.887,2026-07-17 23:04:46.354
cybex-gazelle-s__maxi-cosi-mico-luxe,Cybex,Gazelle S,cybex-gazelle-s,Maxi-Cosi,Mico Luxe,maxi-cosi-mico-luxe,INFANT,ADAPTER,t,,HIGH,,https://amzn.to/4wcG7c0,,,2026-03-22 17:19:43.856,2026-07-17 23:04:46.354
cybex-gazelle-s__maxi-cosi-mico-pro,Cybex,Gazelle S,cybex-gazelle-s,Maxi-Cosi,Mico Pro,maxi-cosi-mico-pro,INFANT,ADAPTER,t,,HIGH,,https://amzn.to/4wcG7c0,,,2026-06-13 20:48:32.741,2026-07-17 23:04:46.354
cybex-gazelle-s__maxi-cosi-peri,Cybex,Gazelle S,cybex-gazelle-s,Maxi-Cosi,Peri 180,maxi-cosi-peri,INFANT,ADAPTER,t,,HIGH,,https://amzn.to/4wcG7c0,,,2026-03-22 17:19:43.93,2026-07-17 23:04:46.354
cmqt252r8001dfvq8hpbantkb,Cybex,Gazelle S,cybex-gazelle-s,Nuna,PIPA Aire,nuna-pipa-lite-rx,INFANT,ADAPTER,t,,HIGH,,https://amzn.to/4wcG7c0,,,2026-06-25 05:24:26.036,2026-07-17 23:04:46.354
cybex-gazelle-s__nuna-pipa-aire-rx,Cybex,Gazelle S,cybex-gazelle-s,Nuna,PIPA Aire rx,nuna-pipa-aire-rx,INFANT,ADAPTER,t,,HIGH,,https://amzn.to/4wcG7c0,,,2026-06-13 20:48:32.741,2026-07-17 23:04:46.354
cybex-gazelle-s__nuna-pipa-rx,Cybex,Gazelle S,cybex-gazelle-s,Nuna,PIPA RX,nuna-pipa-rx,INFANT,ADAPTER,t,,HIGH,,https://amzn.to/4wcG7c0,,,2026-03-22 17:19:43.856,2026-07-17 23:04:46.355
cmqt252tv001ffvq8mfm3c09b,Cybex,Gazelle S,cybex-gazelle-s,Nuna,PIPA urbn,nuna-pipa-urbn,INFANT,ADAPTER,t,,HIGH,,https://amzn.to/4wcG7c0,,,2026-06-25 05:24:26.131,2026-07-17 23:04:46.355
cmqt2524p000xfvq8877u4lca,Cybex,Gazelle S,cybex-gazelle-s,Peg Perego,Primo Viaggio 4-35,peg-perego-primo-viaggio-4-35,INFANT,ADAPTER,t,Cybex Gazelle S Infant Car Seat Adapter in Graco/Chicco/Peg Perego,MEDIUM,"Inferred from the catalog adapter ""Cybex Gazelle S Infant Car Seat Adapter in Graco/Chicco/Peg Perego"".",https://babylist.pxf.io/c/6560395/1160375/13580?prodsku=851066&u=https%3A%2F%2Fwww.babylist.com%2Fgp%2Fcybex-gazelle-s-infant-car-seat-adapter%2F26553%2F851066&intsrc=CATF_8981,79.95,,2026-06-25 05:24:25.225,2026-06-25 05:24:25.225
cmqx4rbhh001h70o05np8s41h,Cybex,Gazelle S,cybex-gazelle-s,Peg Perego,Primo Viaggio Lounge,cmqx4qqg6000m3835m0yyofjb,INFANT,ADAPTER,t,Cybex Gazelle S Infant Car Seat Adapter in Graco/Chicco/Peg Perego,MEDIUM,"Inferred from the catalog adapter ""Cybex Gazelle S Infant Car Seat Adapter in Graco/Chicco/Peg Perego"".",https://babylist.pxf.io/c/6560395/1160375/13580?prodsku=851066&u=https%3A%2F%2Fwww.babylist.com%2Fgp%2Fcybex-gazelle-s-infant-car-seat-adapter%2F26553%2F851066&intsrc=CATF_8981,79.95,,2026-06-28 01:48:47.717,2026-06-28 01:48:47.717
cmqx4rbjs001j70o01powl9c5,Cybex,Gazelle S,cybex-gazelle-s,Peg Perego,Primo Viaggio Nido,cmqx4qqif000n3835uubq8mpy,INFANT,ADAPTER,t,Cybex Gazelle S Infant Car Seat Adapter in Graco/Chicco/Peg Perego,MEDIUM,"Inferred from the catalog adapter ""Cybex Gazelle S Infant Car Seat Adapter in Graco/Chicco/Peg Perego"".",https://babylist.pxf.io/c/6560395/1160375/13580?prodsku=851066&u=https%3A%2F%2Fwww.babylist.com%2Fgp%2Fcybex-gazelle-s-infant-car-seat-adapter%2F26553%2F851066&intsrc=CATF_8981,79.95,,2026-06-28 01:48:47.801,2026-06-28 01:48:47.801
cmrwoeuxh001p14itfpasv6i1,Cybex,LIBELLE Ultra Travel,cmqzur4sq0000eqf6f27jpm8y,Clek,Liing,clek-liing,INFANT,ADAPTER,t,,HIGH,,https://www.cybex-online.com/en/us/p/ac-go-adapter-cs-libelle.html,,,2026-07-22 22:50:54.869,2026-07-22 22:50:54.869
cmrwoeuxh001t14it4gc3v6mu,Cybex,LIBELLE Ultra Travel,cmqzur4sq0000eqf6f27jpm8y,Clek,Liingo,clek-liingo,INFANT,ADAPTER,t,,HIGH,,https://www.cybex-online.com/en/us/p/ac-go-adapter-cs-libelle.html,,,2026-07-22 22:50:54.869,2026-07-22 22:50:54.869
cmrwoeuxh001s14itaxk5ea4b,Cybex,LIBELLE Ultra Travel,cmqzur4sq0000eqf6f27jpm8y,Cybex,Aton G2,cmqx4qpgs00073835wm1de2we,INFANT,ADAPTER,t,,HIGH,,https://www.cybex-online.com/en/us/p/ac-go-adapter-cs-libelle.html,,,2026-07-22 22:50:54.869,2026-07-22 22:50:54.869
cmrwoeuxh001r14it99jrpwps,Cybex,LIBELLE Ultra Travel,cmqzur4sq0000eqf6f27jpm8y,Cybex,Aton G2 Swivel,cmrdwvbsy000u7tmavhnk64ww,INFANT,ADAPTER,t,,HIGH,,https://www.cybex-online.com/en/us/p/ac-go-adapter-cs-libelle.html,,,2026-07-22 22:50:54.869,2026-07-22 22:50:54.869
cmrwoeuxh001q14itc12ozkr6,Cybex,LIBELLE Ultra Travel,cmqzur4sq0000eqf6f27jpm8y,Cybex,Cloud G Pro Comfort Extend,cmqx4qpj400083835htva49ii,INFANT,ADAPTER,t,,HIGH,,https://www.cybex-online.com/en/us/p/ac-go-adapter-cs-libelle.html,,,2026-07-22 22:50:54.869,2026-07-22 22:50:54.869
cmrwoeuxp001v14ityh6zm29z,Cybex,LIBELLE Ultra Travel,cmqzur4sq0000eqf6f27jpm8y,Cybex,Cloud T,cybex-cloud-t,INFANT,ADAPTER,t,,HIGH,,https://www.cybex-online.com/en/us/p/ac-go-adapter-cs-libelle.html,,,2026-07-22 22:50:54.869,2026-07-22 22:50:54.869
cmrwofvzd002414itqhi69aqk,Cybex,LIBELLE Ultra Travel,cmqzur4sq0000eqf6f27jpm8y,Maxi-Cosi,Ambra,cmqx4qqbg000k3835k8b3mf6l,INFANT,ADAPTER,t,,HIGH,,https://www.cybex-online.com/en/us/p/ac-go-adapter-cs-libelle.html,,,2026-07-22 22:51:42.889,2026-07-22 22:51:42.889
cmrwofvzd002314itxvw5ryr5,Cybex,LIBELLE Ultra Travel,cmqzur4sq0000eqf6f27jpm8y,Maxi-Cosi,Mico Luxe,maxi-cosi-mico-luxe,INFANT,ADAPTER,t,,HIGH,,https://www.cybex-online.com/en/us/p/ac-go-adapter-cs-libelle.html,,,2026-07-22 22:51:42.889,2026-07-22 22:51:42.889
cmrwofvzd002514itr64878vs,Cybex,LIBELLE Ultra Travel,cmqzur4sq0000eqf6f27jpm8y,Maxi-Cosi,Mico Pro,maxi-cosi-mico-pro,INFANT,ADAPTER,t,,HIGH,,https://www.cybex-online.com/en/us/p/ac-go-adapter-cs-libelle.html,,,2026-07-22 22:51:42.889,2026-07-22 22:51:42.889
cmrwofvzm002d14itpjllgotk,Cybex,LIBELLE Ultra Travel,cmqzur4sq0000eqf6f27jpm8y,Maxi-Cosi,Peri 180,maxi-cosi-peri,INFANT,ADAPTER,t,,HIGH,,https://www.cybex-online.com/en/us/p/ac-go-adapter-cs-libelle.html,,,2026-07-22 22:51:42.889,2026-07-22 22:51:42.889
cmrwofvzd002914it940h79c2,Cybex,LIBELLE Ultra Travel,cmqzur4sq0000eqf6f27jpm8y,Nuna,PIPA Aire,nuna-pipa-lite-rx,INFANT,ADAPTER,t,,HIGH,,https://www.cybex-online.com/en/us/p/ac-go-adapter-cs-libelle.html,,,2026-07-22 22:51:42.889,2026-07-22 22:51:42.889
cmrwofvzm002f14itjvxb056l,Cybex,LIBELLE Ultra Travel,cmqzur4sq0000eqf6f27jpm8y,Nuna,PIPA Aire rx,nuna-pipa-aire-rx,INFANT,ADAPTER,t,,HIGH,,https://www.cybex-online.com/en/us/p/ac-go-adapter-cs-libelle.html,,,2026-07-22 22:51:42.889,2026-07-22 22:51:42.889
cmrwofvzm002c14it9n809996,Cybex,LIBELLE Ultra Travel,cmqzur4sq0000eqf6f27jpm8y,Nuna,PIPA RX,nuna-pipa-rx,INFANT,ADAPTER,t,,HIGH,,https://www.cybex-online.com/en/us/p/ac-go-adapter-cs-libelle.html,,,2026-07-22 22:51:42.889,2026-07-22 22:51:42.889
cmrwofvzm002h14it1hams5ia,Cybex,LIBELLE Ultra Travel,cmqzur4sq0000eqf6f27jpm8y,Nuna,PIPA urbn,nuna-pipa-urbn,INFANT,ADAPTER,t,,HIGH,,https://www.cybex-online.com/en/us/p/ac-go-adapter-cs-libelle.html,,,2026-07-22 22:51:42.889,2026-07-22 22:51:42.889
cybex-melio__cybex-cloud-t,Cybex,Melio,cybex-melio,Cybex,Cloud T,cybex-cloud-t,INFANT,DIRECT,f,,HIGH,Cloud T fits the clean in-brand CYBEX lane.,,,,2026-03-22 17:19:43.93,2026-03-22 17:19:43.93
cybex-melio__maxi-cosi-mico-luxe,Cybex,Melio,cybex-melio,Maxi-Cosi,Mico Luxe,maxi-cosi-mico-luxe,INFANT,ADAPTER,t,CYBEX adapter for Maxi-Cosi / Nuna / CYBEX / Clek infant seats,MEDIUM,"Maxi-Cosi Mico Luxe lives in one of the most universal travel-system lanes, but it is still an adapter story on this stroller.",,,,2026-03-22 17:19:43.856,2026-03-22 17:19:43.93
cybex-melio__maxi-cosi-mico-pro,Cybex,Melio,cybex-melio,Maxi-Cosi,Mico Pro,maxi-cosi-mico-pro,INFANT,ADAPTER,t,CYBEX adapter for Maxi-Cosi / Nuna / CYBEX / Clek infant seats,MEDIUM,Compatible via same Maxi-Cosi click connector as Mico Luxe.,,,,2026-06-13 20:48:32.741,2026-06-13 20:48:32.741
cybex-melio__maxi-cosi-peri,Cybex,Melio,cybex-melio,Maxi-Cosi,Peri 180,maxi-cosi-peri,INFANT,ADAPTER,t,CYBEX adapter for Maxi-Cosi / Nuna / CYBEX / Clek infant seats,MEDIUM,"Maxi-Cosi Peri 180 lives in one of the most universal travel-system lanes, but it is still an adapter story on this stroller.",,,,2026-03-22 17:19:43.93,2026-03-22 17:19:43.93
cybex-melio__nuna-pipa-aire-rx,Cybex,Melio,cybex-melio,Nuna,PIPA Aire rx,nuna-pipa-aire-rx,INFANT,ADAPTER,t,CYBEX adapter for Maxi-Cosi / Nuna / CYBEX / Clek infant seats,MEDIUM,Compatible via same adapter path as Nuna PIPA rx.,,,,2026-06-13 20:48:32.741,2026-06-13 20:48:32.741
cybex-melio__nuna-pipa-rx,Cybex,Melio,cybex-melio,Nuna,PIPA RX,nuna-pipa-rx,INFANT,ADAPTER,t,CYBEX adapter for Maxi-Cosi / Nuna / CYBEX / Clek infant seats,MEDIUM,"CYBEX can widen out to Nuna PIPA RX with the right adapter, but the cleanest path stays inside the brand.",,,,2026-03-22 17:19:43.856,2026-03-22 17:19:43.856
cmr5mq7t5000910s69l13ca10,Cybex,Melio,cybex-melio,Nuna,PIPA urbn,nuna-pipa-urbn,INFANT,ADAPTER,t,CYBEX adapter for Maxi-Cosi / Nuna / CYBEX / Clek infant seats,MEDIUM,Compatible via same adapter path as Nuna PIPA rx.,,,,2026-07-04 00:33:58.794,2026-07-04 00:33:58.794
cmrcrqjnt000a5eukr1oze24s,Cybex,Mios,cybex-mios,Clek,Liing,clek-liing,INFANT,ADAPTER,t,,HIGH,,https://www.cybex-online.com/en/us/p/ac-pl-adapter-cs-mios.html,,,2026-07-09 00:28:35.455,2026-07-09 00:28:35.455
cmrcrqjo6000e5euk5ynrl1zm,Cybex,Mios,cybex-mios,Clek,Liingo,clek-liingo,INFANT,ADAPTER,t,,HIGH,,https://www.cybex-online.com/en/us/p/ac-pl-adapter-cs-mios.html,,,2026-07-09 00:28:35.455,2026-07-09 00:28:35.455
cmrcrqjnk00085euk8t1u6s7j,Cybex,Mios,cybex-mios,Cybex,Aton G2,cmqx4qpgs00073835wm1de2we,INFANT,ADAPTER,t,,HIGH,,https://www.cybex-online.com/en/us/p/ac-pl-adapter-cs-mios.html,,,2026-07-09 00:28:35.455,2026-07-09 00:28:35.455
cmrcrqjoa000g5eukqz96qhfq,Cybex,Mios,cybex-mios,Cybex,Cloud G Pro Comfort Extend,cmqx4qpj400083835htva49ii,INFANT,ADAPTER,t,,HIGH,,https://www.cybex-online.com/en/us/p/ac-pl-adapter-cs-mios.html,,,2026-07-09 00:28:35.455,2026-07-09 00:28:35.455
cybex-mios__cybex-cloud-t,Cybex,Mios,cybex-mios,Cybex,Cloud T,cybex-cloud-t,INFANT,ADAPTER,t,,HIGH,,https://www.cybex-online.com/en/us/p/ac-pl-adapter-cs-mios.html,,,2026-03-22 17:19:43.93,2026-07-09 00:28:35.455
cmrcrs4n0000q5eukxf04htsa,Cybex,Mios,cybex-mios,Maxi-Cosi,Ambra,cmqx4qqbg000k3835k8b3mf6l,INFANT,ADAPTER,t,,HIGH,,https://www.cybex-online.com/en/us/p/ac-pl-adapter-cs-mios.html,,,2026-07-09 00:29:49.306,2026-07-09 00:29:49.306
cybex-mios__maxi-cosi-mico-luxe,Cybex,Mios,cybex-mios,Maxi-Cosi,Mico Luxe,maxi-cosi-mico-luxe,INFANT,ADAPTER,t,,HIGH,,https://www.cybex-online.com/en/us/p/ac-pl-adapter-cs-mios.html,,,2026-03-22 17:19:43.856,2026-07-09 00:29:49.306
cybex-mios__maxi-cosi-mico-pro,Cybex,Mios,cybex-mios,Maxi-Cosi,Mico Pro,maxi-cosi-mico-pro,INFANT,ADAPTER,t,,HIGH,,https://www.cybex-online.com/en/us/p/ac-pl-adapter-cs-mios.html,,,2026-06-13 20:48:32.741,2026-07-09 00:29:49.306
cybex-mios__maxi-cosi-peri,Cybex,Mios,cybex-mios,Maxi-Cosi,Peri 180,maxi-cosi-peri,INFANT,ADAPTER,t,,HIGH,,https://www.cybex-online.com/en/us/p/ac-pl-adapter-cs-mios.html,,,2026-03-22 17:19:43.93,2026-07-09 00:29:49.306
cmrcrs4n7000s5euk21qlcj1g,Cybex,Mios,cybex-mios,Nuna,PIPA Aire,nuna-pipa-lite-rx,INFANT,ADAPTER,t,,HIGH,,https://www.cybex-online.com/en/us/p/ac-pl-adapter-cs-mios.html,,,2026-07-09 00:29:49.306,2026-07-09 00:29:49.306
cybex-mios__nuna-pipa-aire-rx,Cybex,Mios,cybex-mios,Nuna,PIPA Aire rx,nuna-pipa-aire-rx,INFANT,ADAPTER,t,,HIGH,,https://www.cybex-online.com/en/us/p/ac-pl-adapter-cs-mios.html,,,2026-06-13 20:48:32.741,2026-07-09 00:29:49.306
cybex-mios__nuna-pipa-rx,Cybex,Mios,cybex-mios,Nuna,PIPA RX,nuna-pipa-rx,INFANT,ADAPTER,t,,HIGH,,https://www.cybex-online.com/en/us/p/ac-pl-adapter-cs-mios.html,,,2026-03-22 17:19:43.856,2026-07-09 00:29:49.311
cmr5mq7jw000510s6rwwo9t0e,Cybex,Mios,cybex-mios,Nuna,PIPA urbn,nuna-pipa-urbn,INFANT,ADAPTER,t,CYBEX adapter for Maxi-Cosi / Nuna / CYBEX / Clek infant seats,MEDIUM,Compatible via same adapter path as Nuna PIPA rx.,https://www.cybex-online.com/en/us/p/ac-pl-adapter-cs-mios.html,,,2026-07-04 00:33:58.461,2026-07-09 00:27:15.563
cmrfmrrfm0047qal3p8cpiy5j,Cybex,Priam,cmrcjac2400034oz1saq5gbos,Clek,Liing,clek-liing,INFANT,ADAPTER,t,,HIGH,,https://amzn.to/44jWozB,,,2026-07-11 00:32:52.641,2026-07-11 00:32:52.641
cmrfmrrgk004fqal3lk1cv3kx,Cybex,Priam,cmrcjac2400034oz1saq5gbos,Clek,Liingo,clek-liingo,INFANT,ADAPTER,t,,HIGH,,https://amzn.to/44jWozB,,,2026-07-11 00:32:52.641,2026-07-11 00:32:52.641
cmrfmrrfm0046qal3f1z3i2ju,Cybex,Priam,cmrcjac2400034oz1saq5gbos,Cybex,Aton G2,cmqx4qpgs00073835wm1de2we,INFANT,ADAPTER,t,,HIGH,,https://amzn.to/44jWozB,,,2026-07-11 00:32:52.641,2026-07-11 00:32:52.641
cmrfmrrg3004dqal3okxill3g,Cybex,Priam,cmrcjac2400034oz1saq5gbos,Cybex,Aton G2 Swivel,cmrdwvbsy000u7tmavhnk64ww,INFANT,ADAPTER,t,,HIGH,,https://amzn.to/44jWozB,,,2026-07-11 00:32:52.641,2026-07-11 00:32:52.641
cmrfmrrfl0041qal39h6pojg4,Cybex,Priam,cmrcjac2400034oz1saq5gbos,Cybex,Cloud G Pro Comfort Extend,cmqx4qpj400083835htva49ii,INFANT,ADAPTER,t,,HIGH,,https://amzn.to/44jWozB,,,2026-07-11 00:32:52.641,2026-07-11 00:32:52.641
cmrfmrrfx0049qal3ar7buwpo,Cybex,Priam,cmrcjac2400034oz1saq5gbos,Cybex,Cloud T,cybex-cloud-t,INFANT,ADAPTER,t,,HIGH,,https://amzn.to/44jWozB,,,2026-07-11 00:32:52.641,2026-07-11 00:32:52.641
cmrfmts480053qal37q7pysaa,Cybex,Priam,cmrcjac2400034oz1saq5gbos,Maxi-Cosi,Ambra,cmqx4qqbg000k3835k8b3mf6l,INFANT,ADAPTER,t,,HIGH,,https://amzn.to/4yczFTG,,,2026-07-11 00:34:26.839,2026-07-11 00:34:26.839
cmrfmts5b005fqal355ty8srv,Cybex,Priam,cmrcjac2400034oz1saq5gbos,Maxi-Cosi,Mico Luxe,maxi-cosi-mico-luxe,INFANT,ADAPTER,t,,HIGH,,https://amzn.to/4yczFTG,,,2026-07-11 00:34:26.84,2026-07-11 00:34:26.84
cmrfmts490057qal3h12q9smq,Cybex,Priam,cmrcjac2400034oz1saq5gbos,Maxi-Cosi,Mico Pro,maxi-cosi-mico-pro,INFANT,ADAPTER,t,,HIGH,,https://amzn.to/4yczFTG,,,2026-07-11 00:34:26.839,2026-07-11 00:34:26.839
cmrfmts490055qal3d2r6ey3w,Cybex,Priam,cmrcjac2400034oz1saq5gbos,Maxi-Cosi,Peri 180,maxi-cosi-peri,INFANT,ADAPTER,t,,HIGH,,https://amzn.to/4yczFTG,,,2026-07-11 00:34:26.839,2026-07-11 00:34:26.839
cmrfmts4q005bqal30cr09tx7,Cybex,Priam,cmrcjac2400034oz1saq5gbos,Nuna,PIPA Aire,nuna-pipa-lite-rx,INFANT,ADAPTER,t,,HIGH,,https://amzn.to/4yczFTG,,,2026-07-11 00:34:26.84,2026-07-11 00:34:26.84
cmrfmts480051qal3hjng0e5c,Cybex,Priam,cmrcjac2400034oz1saq5gbos,Nuna,PIPA Aire rx,nuna-pipa-aire-rx,INFANT,ADAPTER,t,,HIGH,,https://amzn.to/4yczFTG,,,2026-07-11 00:34:26.839,2026-07-11 00:34:26.839
cmrfmts480050qal3xssjnjfl,Cybex,Priam,cmrcjac2400034oz1saq5gbos,Nuna,PIPA RX,nuna-pipa-rx,INFANT,ADAPTER,t,,HIGH,,https://amzn.to/4yczFTG,,,2026-07-11 00:34:26.839,2026-07-11 00:34:26.839
cmrfmts4q0059qal3w5dv3l85,Cybex,Priam,cmrcjac2400034oz1saq5gbos,Nuna,PIPA urbn,nuna-pipa-urbn,INFANT,ADAPTER,t,,HIGH,,https://amzn.to/4yczFTG,,,2026-07-11 00:34:26.84,2026-07-11 00:34:26.84
cmqx6t2bi000j14fc7nkcjqkk,DFY,R1,cmqpqqye3000r7qll9geq88wn,Clek,Liing,clek-liing,INFANT,ADAPTER,t,DFY R1 Car Seat Adapters in Black,MEDIUM,"Inferred from the catalog adapter ""DFY R1 Car Seat Adapters in Black"".",https://babylist.pxf.io/c/6560395/1160375/13580?prodsku=2473753&u=https%3A%2F%2Fwww.babylist.com%2Fgp%2Fdfy-r1-car-seat-adapters%2F74210%2F2473753&intsrc=CATF_8981,45,,2026-06-28 02:46:08.382,2026-06-28 02:46:08.382
cmqx6t2lf000r14fcualhbqez,DFY,R1,cmqpqqye3000r7qll9geq88wn,Cybex,Cloud T,cybex-cloud-t,INFANT,ADAPTER,t,DFY R1 Car Seat Adapters in Black,MEDIUM,"Inferred from the catalog adapter ""DFY R1 Car Seat Adapters in Black"".",https://babylist.pxf.io/c/6560395/1160375/13580?prodsku=2473753&u=https%3A%2F%2Fwww.babylist.com%2Fgp%2Fdfy-r1-car-seat-adapters%2F74210%2F2473753&intsrc=CATF_8981,45,,2026-06-28 02:46:08.739,2026-06-28 02:46:08.739
cmqx6t2dw000l14fcvk6t0lzd,DFY,R1,cmqpqqye3000r7qll9geq88wn,Maxi-Cosi,Mico Luxe,maxi-cosi-mico-luxe,INFANT,ADAPTER,t,DFY R1 Car Seat Adapters in Black,MEDIUM,"Inferred from the catalog adapter ""DFY R1 Car Seat Adapters in Black"".",https://babylist.pxf.io/c/6560395/1160375/13580?prodsku=2473753&u=https%3A%2F%2Fwww.babylist.com%2Fgp%2Fdfy-r1-car-seat-adapters%2F74210%2F2473753&intsrc=CATF_8981,45,,2026-06-28 02:46:08.468,2026-06-28 02:46:08.468
cmqx6t2j0000p14fc7g6xf85h,DFY,R1,cmqpqqye3000r7qll9geq88wn,Nuna,PIPA Aire rx,nuna-pipa-aire-rx,INFANT,ADAPTER,t,DFY R1 Car Seat Adapters in Black,MEDIUM,"Inferred from the catalog adapter ""DFY R1 Car Seat Adapters in Black"".",https://babylist.pxf.io/c/6560395/1160375/13580?prodsku=2473753&u=https%3A%2F%2Fwww.babylist.com%2Fgp%2Fdfy-r1-car-seat-adapters%2F74210%2F2473753&intsrc=CATF_8981,45,,2026-06-28 02:46:08.652,2026-06-28 02:46:08.652
cmqx6t298000h14fchv6pi4p8,DFY,R1,cmqpqqye3000r7qll9geq88wn,Nuna,PIPA RX,nuna-pipa-rx,INFANT,ADAPTER,t,DFY R1 Car Seat Adapters in Black,MEDIUM,"Inferred from the catalog adapter ""DFY R1 Car Seat Adapters in Black"".",https://babylist.pxf.io/c/6560395/1160375/13580?prodsku=2473753&u=https%3A%2F%2Fwww.babylist.com%2Fgp%2Fdfy-r1-car-seat-adapters%2F74210%2F2473753&intsrc=CATF_8981,45,,2026-06-28 02:46:08.3,2026-06-28 02:46:08.3
cmr5mqd1f001310s6a21mpm0o,DFY,R1,cmqpqqye3000r7qll9geq88wn,Nuna,PIPA urbn,nuna-pipa-urbn,INFANT,ADAPTER,t,DFY R1 Car Seat Adapters in Black,MEDIUM,"Inferred from the catalog adapter ""DFY R1 Car Seat Adapters in Black"".",https://babylist.pxf.io/c/6560395/1160375/13580?prodsku=2473753&u=https%3A%2F%2Fwww.babylist.com%2Fgp%2Fdfy-r1-car-seat-adapters%2F74210%2F2473753&intsrc=CATF_8981,45,,2026-07-04 00:34:05.572,2026-07-04 00:34:05.572
egg-stroller__maxi-cosi-mico-luxe,Egg,Egg,egg-stroller,Maxi-Cosi,Mico Luxe,maxi-cosi-mico-luxe,INFANT,ADAPTER,t,Egg adapter for Maxi-Cosi / Nuna / CYBEX / Clek infant seats,MEDIUM,Egg travel-system compatibility is adapter-based rather than native.,,,,2026-03-22 17:19:43.856,2026-03-22 17:19:43.856
egg-stroller__maxi-cosi-mico-pro,Egg,Egg,egg-stroller,Maxi-Cosi,Mico Pro,maxi-cosi-mico-pro,INFANT,ADAPTER,t,Egg adapter for Maxi-Cosi / Nuna / CYBEX / Clek infant seats,MEDIUM,Compatible via same Maxi-Cosi click connector as Mico Luxe.,,,,2026-06-13 20:48:32.741,2026-06-13 20:48:32.741
egg-stroller__nuna-pipa-aire-rx,Egg,Egg,egg-stroller,Nuna,PIPA Aire rx,nuna-pipa-aire-rx,INFANT,ADAPTER,t,Egg adapter for Maxi-Cosi / Nuna / CYBEX / Clek infant seats,MEDIUM,Compatible via same adapter path as Nuna PIPA rx.,,,,2026-06-13 20:48:32.741,2026-06-13 20:48:32.741
egg-stroller__nuna-pipa-rx,Egg,Egg,egg-stroller,Nuna,PIPA RX,nuna-pipa-rx,INFANT,ADAPTER,t,Egg adapter for Maxi-Cosi / Nuna / CYBEX / Clek infant seats,MEDIUM,Egg travel-system compatibility is adapter-based rather than native.,,,,2026-03-22 17:19:43.856,2026-03-22 17:19:43.856
cmr5mq9ey000l10s64goazxfd,Egg,Egg,egg-stroller,Nuna,PIPA urbn,nuna-pipa-urbn,INFANT,ADAPTER,t,Egg adapter for Maxi-Cosi / Nuna / CYBEX / Clek infant seats,MEDIUM,Compatible via same adapter path as Nuna PIPA rx.,,,,2026-07-04 00:34:00.875,2026-07-04 00:34:00.875
cmrfl9i79001qqal3yhtiabcn,Ergobaby,Metro 3,cmqx8d45a000m13kp1zi0195v,Clek,Liing,clek-liing,INFANT,ADAPTER,t,Metro 3 Car Seat Adapter,HIGH,,https://amzn.to/4vrSboG,,,2026-07-10 23:50:41.254,2026-07-10 23:50:41.254
cmrfl9i7a001uqal3l7vb26mh,Ergobaby,Metro 3,cmqx8d45a000m13kp1zi0195v,Clek,Liingo,clek-liingo,INFANT,ADAPTER,t,Metro 3 Car Seat Adapter,HIGH,,https://amzn.to/4vrSboG,,,2026-07-10 23:50:41.254,2026-07-10 23:50:41.254
cmrfl9i7a001wqal3jifboqr5,Ergobaby,Metro 3,cmqx8d45a000m13kp1zi0195v,Cybex,Aton G2,cmqx4qpgs00073835wm1de2we,INFANT,ADAPTER,t,Metro 3 Car Seat Adapter,HIGH,,https://amzn.to/4vrSboG,,,2026-07-10 23:50:41.254,2026-07-10 23:50:41.254
cmrfl9i7i0024qal3eubeksqc,Ergobaby,Metro 3,cmqx8d45a000m13kp1zi0195v,Cybex,Aton G2 Swivel,cmrdwvbsy000u7tmavhnk64ww,INFANT,ADAPTER,t,Metro 3 Car Seat Adapter,HIGH,,https://amzn.to/4vrSboG,,,2026-07-10 23:50:41.254,2026-07-10 23:50:41.254
cmrfl9i79001sqal361fqixg8,Ergobaby,Metro 3,cmqx8d45a000m13kp1zi0195v,Cybex,Cloud G Pro Comfort Extend,cmqx4qpj400083835htva49ii,INFANT,ADAPTER,t,Metro 3 Car Seat Adapter,HIGH,,https://amzn.to/4vrSboG,,,2026-07-10 23:50:41.254,2026-07-10 23:50:41.254
cmrfl9i7h0020qal3sbityv2q,Ergobaby,Metro 3,cmqx8d45a000m13kp1zi0195v,Cybex,Cloud T,cybex-cloud-t,INFANT,ADAPTER,t,Metro 3 Car Seat Adapter,HIGH,,https://amzn.to/4vrSboG,,,2026-07-10 23:50:41.254,2026-07-10 23:50:41.254
cmrfl6snc001cqal3eykcak8p,Ergobaby,Metro 3,cmqx8d45a000m13kp1zi0195v,Maxi-Cosi,Ambra,cmqx4qqbg000k3835k8b3mf6l,INFANT,ADAPTER,t,Metro 3 Car Seat Adapter,HIGH,,https://amzn.to/3RqzGTs,,,2026-07-10 23:48:34.823,2026-07-10 23:48:34.823
cmrfl6snc001aqal3kw9bas75,Ergobaby,Metro 3,cmqx8d45a000m13kp1zi0195v,Maxi-Cosi,Mico Luxe,maxi-cosi-mico-luxe,INFANT,ADAPTER,t,Metro 3 Car Seat Adapter,HIGH,,https://amzn.to/3RqzGTs,,,2026-07-10 23:48:34.823,2026-07-10 23:48:34.823
cmrfl6snd001eqal3dmmdsi91,Ergobaby,Metro 3,cmqx8d45a000m13kp1zi0195v,Maxi-Cosi,Mico Pro,maxi-cosi-mico-pro,INFANT,ADAPTER,t,Metro 3 Car Seat Adapter,HIGH,,https://amzn.to/3RqzGTs,,,2026-07-10 23:48:34.823,2026-07-10 23:48:34.823
cmrfl6snq001gqal3u4set4vl,Ergobaby,Metro 3,cmqx8d45a000m13kp1zi0195v,Maxi-Cosi,Peri 180,maxi-cosi-peri,INFANT,ADAPTER,t,Metro 3 Car Seat Adapter,HIGH,,https://amzn.to/3RqzGTs,,,2026-07-10 23:48:34.823,2026-07-10 23:48:34.823
cmqzte4fx001tsjat3qv5p3dl,Ergobaby,Metro 3,cmqx8d45a000m13kp1zi0195v,Nuna,PIPA Aire,nuna-pipa-lite-rx,INFANT,ADAPTER,t,Metro 3 Car Seat Adapter,HIGH,,https://amzn.to/3RqzGTs,,,2026-06-29 22:53:54.813,2026-07-10 23:48:34.823
cmqzte4ko001vsjatf37knerc,Ergobaby,Metro 3,cmqx8d45a000m13kp1zi0195v,Nuna,PIPA Aire rx,nuna-pipa-aire-rx,INFANT,ADAPTER,t,Metro 3 Car Seat Adapter,HIGH,,https://amzn.to/3RqzGTs,,,2026-06-29 22:53:54.984,2026-07-10 23:48:34.823
cmqzte4pa001xsjatw9uetz27,Ergobaby,Metro 3,cmqx8d45a000m13kp1zi0195v,Nuna,PIPA RX,nuna-pipa-rx,INFANT,ADAPTER,t,Metro 3 Car Seat Adapter,HIGH,,https://amzn.to/3RqzGTs,,,2026-06-29 22:53:55.15,2026-07-10 23:48:34.824
cmqzte4u2001zsjatpor0tf2v,Ergobaby,Metro 3,cmqx8d45a000m13kp1zi0195v,Nuna,PIPA urbn,nuna-pipa-urbn,INFANT,ADAPTER,t,Metro 3 Car Seat Adapter,HIGH,,https://amzn.to/3RqzGTs,,,2026-06-29 22:53:55.322,2026-07-10 23:48:34.824
cmqzte4yq0021sjatwlzxydro,Ergobaby,Metro 3 Compact,cmqpqqyix000t7qll3hkoln8m,Nuna,PIPA Aire,nuna-pipa-lite-rx,INFANT,ADAPTER,t,,MEDIUM,Ergobaby Metro / Metro+ accepts Nuna / Maxi-Cosi / CYBEX / Clek infant seats via a Ergobaby click-and-go car seat adapter (sold separately). Confirm the exact adapter for your model year before purchase.,,,,2026-06-29 22:53:55.49,2026-06-29 22:53:55.49
cmqzte5380023sjatrxgvqnbi,Ergobaby,Metro 3 Compact,cmqpqqyix000t7qll3hkoln8m,Nuna,PIPA Aire rx,nuna-pipa-aire-rx,INFANT,ADAPTER,t,,MEDIUM,Ergobaby Metro / Metro+ accepts Nuna / Maxi-Cosi / CYBEX / Clek infant seats via a Ergobaby click-and-go car seat adapter (sold separately). Confirm the exact adapter for your model year before purchase.,,,,2026-06-29 22:53:55.652,2026-06-29 22:53:55.652
cmqzte5810025sjatennhu913,Ergobaby,Metro 3 Compact,cmqpqqyix000t7qll3hkoln8m,Nuna,PIPA RX,nuna-pipa-rx,INFANT,ADAPTER,t,,MEDIUM,Ergobaby Metro / Metro+ accepts Nuna / Maxi-Cosi / CYBEX / Clek infant seats via a Ergobaby click-and-go car seat adapter (sold separately). Confirm the exact adapter for your model year before purchase.,,,,2026-06-29 22:53:55.825,2026-06-29 22:53:55.825
cmqzte5cp0027sjatdw0vgc5v,Ergobaby,Metro 3 Compact,cmqpqqyix000t7qll3hkoln8m,Nuna,PIPA urbn,nuna-pipa-urbn,INFANT,ADAPTER,t,,MEDIUM,Ergobaby Metro / Metro+ accepts Nuna / Maxi-Cosi / CYBEX / Clek infant seats via a Ergobaby click-and-go car seat adapter (sold separately). Confirm the exact adapter for your model year before purchase.,,,,2026-06-29 22:53:55.993,2026-06-29 22:53:55.993
cmqzte5hf0029sjat82nho75r,Ergobaby,Metro 3 Deluxe Baby,cmqx8d47k000n13kpupmxgatb,Nuna,PIPA Aire,nuna-pipa-lite-rx,INFANT,ADAPTER,t,,MEDIUM,Ergobaby Metro / Metro+ accepts Nuna / Maxi-Cosi / CYBEX / Clek infant seats via a Ergobaby click-and-go car seat adapter (sold separately). Confirm the exact adapter for your model year before purchase.,,,,2026-06-29 22:53:56.164,2026-06-29 22:53:56.164
cmqzte5me002bsjatz90qwq7n,Ergobaby,Metro 3 Deluxe Baby,cmqx8d47k000n13kpupmxgatb,Nuna,PIPA Aire rx,nuna-pipa-aire-rx,INFANT,ADAPTER,t,,MEDIUM,Ergobaby Metro / Metro+ accepts Nuna / Maxi-Cosi / CYBEX / Clek infant seats via a Ergobaby click-and-go car seat adapter (sold separately). Confirm the exact adapter for your model year before purchase.,,,,2026-06-29 22:53:56.343,2026-06-29 22:53:56.343
cmqzte5rn002dsjatb5es13us,Ergobaby,Metro 3 Deluxe Baby,cmqx8d47k000n13kpupmxgatb,Nuna,PIPA RX,nuna-pipa-rx,INFANT,ADAPTER,t,,MEDIUM,Ergobaby Metro / Metro+ accepts Nuna / Maxi-Cosi / CYBEX / Clek infant seats via a Ergobaby click-and-go car seat adapter (sold separately). Confirm the exact adapter for your model year before purchase.,,,,2026-06-29 22:53:56.531,2026-06-29 22:53:56.531
cmqzte5wn002fsjat3f62nsq7,Ergobaby,Metro 3 Deluxe Baby,cmqx8d47k000n13kpupmxgatb,Nuna,PIPA urbn,nuna-pipa-urbn,INFANT,ADAPTER,t,,MEDIUM,Ergobaby Metro / Metro+ accepts Nuna / Maxi-Cosi / CYBEX / Clek infant seats via a Ergobaby click-and-go car seat adapter (sold separately). Confirm the exact adapter for your model year before purchase.,,,,2026-06-29 22:53:56.711,2026-06-29 22:53:56.711
cmqzte61i002hsjatpbx6u8s1,Ergobaby,Metro 3 Travel,cmqx8d49v000o13kp3v8chfjp,Nuna,PIPA Aire,nuna-pipa-lite-rx,INFANT,ADAPTER,t,,MEDIUM,Ergobaby Metro / Metro+ accepts Nuna / Maxi-Cosi / CYBEX / Clek infant seats via a Ergobaby click-and-go car seat adapter (sold separately). Confirm the exact adapter for your model year before purchase.,,,,2026-06-29 22:53:56.886,2026-06-29 22:53:56.886
cmqzte665002jsjatd81wsua4,Ergobaby,Metro 3 Travel,cmqx8d49v000o13kp3v8chfjp,Nuna,PIPA Aire rx,nuna-pipa-aire-rx,INFANT,ADAPTER,t,,MEDIUM,Ergobaby Metro / Metro+ accepts Nuna / Maxi-Cosi / CYBEX / Clek infant seats via a Ergobaby click-and-go car seat adapter (sold separately). Confirm the exact adapter for your model year before purchase.,,,,2026-06-29 22:53:57.053,2026-06-29 22:53:57.053
cmqzte6ay002lsjatmrf9okiv,Ergobaby,Metro 3 Travel,cmqx8d49v000o13kp3v8chfjp,Nuna,PIPA RX,nuna-pipa-rx,INFANT,ADAPTER,t,,MEDIUM,Ergobaby Metro / Metro+ accepts Nuna / Maxi-Cosi / CYBEX / Clek infant seats via a Ergobaby click-and-go car seat adapter (sold separately). Confirm the exact adapter for your model year before purchase.,,,,2026-06-29 22:53:57.226,2026-06-29 22:53:57.226
cmqzte6fq002nsjatvu2vbas8,Ergobaby,Metro 3 Travel,cmqx8d49v000o13kp3v8chfjp,Nuna,PIPA urbn,nuna-pipa-urbn,INFANT,ADAPTER,t,,MEDIUM,Ergobaby Metro / Metro+ accepts Nuna / Maxi-Cosi / CYBEX / Clek infant seats via a Ergobaby click-and-go car seat adapter (sold separately). Confirm the exact adapter for your model year before purchase.,,,,2026-06-29 22:53:57.398,2026-06-29 22:53:57.398
cmqzte6kg002psjat2fhpxcko,Ergobaby,Metro+ Deluxe,cmqx8d4ek000q13kp25vm8o1q,Nuna,PIPA Aire,nuna-pipa-lite-rx,INFANT,ADAPTER,t,,MEDIUM,Ergobaby Metro / Metro+ accepts Nuna / Maxi-Cosi / CYBEX / Clek infant seats via a Ergobaby click-and-go car seat adapter (sold separately). Confirm the exact adapter for your model year before purchase.,,,,2026-06-29 22:53:57.568,2026-06-29 22:53:57.568
cmqzte6p0002rsjatz4eaj6oh,Ergobaby,Metro+ Deluxe,cmqx8d4ek000q13kp25vm8o1q,Nuna,PIPA Aire rx,nuna-pipa-aire-rx,INFANT,ADAPTER,t,,MEDIUM,Ergobaby Metro / Metro+ accepts Nuna / Maxi-Cosi / CYBEX / Clek infant seats via a Ergobaby click-and-go car seat adapter (sold separately). Confirm the exact adapter for your model year before purchase.,,,,2026-06-29 22:53:57.732,2026-06-29 22:53:57.732
cmqzte6tm002tsjatqrl02b93,Ergobaby,Metro+ Deluxe,cmqx8d4ek000q13kp25vm8o1q,Nuna,PIPA RX,nuna-pipa-rx,INFANT,ADAPTER,t,,MEDIUM,Ergobaby Metro / Metro+ accepts Nuna / Maxi-Cosi / CYBEX / Clek infant seats via a Ergobaby click-and-go car seat adapter (sold separately). Confirm the exact adapter for your model year before purchase.,,,,2026-06-29 22:53:57.898,2026-06-29 22:53:57.898
cmqzte6yg002vsjat7w3csm6j,Ergobaby,Metro+ Deluxe,cmqx8d4ek000q13kp25vm8o1q,Nuna,PIPA urbn,nuna-pipa-urbn,INFANT,ADAPTER,t,,MEDIUM,Ergobaby Metro / Metro+ accepts Nuna / Maxi-Cosi / CYBEX / Clek infant seats via a Ergobaby click-and-go car seat adapter (sold separately). Confirm the exact adapter for your model year before purchase.,,,,2026-06-29 22:53:58.072,2026-06-29 22:53:58.072
cmqzte737002xsjat9zp77dw6,Ergobaby,Metro+ Deluxe Baby,cmqx8d4c9000p13kp1a0v0vkk,Nuna,PIPA Aire,nuna-pipa-lite-rx,INFANT,ADAPTER,t,,MEDIUM,Ergobaby Metro / Metro+ accepts Nuna / Maxi-Cosi / CYBEX / Clek infant seats via a Ergobaby click-and-go car seat adapter (sold separately). Confirm the exact adapter for your model year before purchase.,,,,2026-06-29 22:53:58.244,2026-06-29 22:53:58.244
cmqzte781002zsjatk34s0whq,Ergobaby,Metro+ Deluxe Baby,cmqx8d4c9000p13kp1a0v0vkk,Nuna,PIPA Aire rx,nuna-pipa-aire-rx,INFANT,ADAPTER,t,,MEDIUM,Ergobaby Metro / Metro+ accepts Nuna / Maxi-Cosi / CYBEX / Clek infant seats via a Ergobaby click-and-go car seat adapter (sold separately). Confirm the exact adapter for your model year before purchase.,,,,2026-06-29 22:53:58.418,2026-06-29 22:53:58.418
cmqzte7d10031sjatexssmkxw,Ergobaby,Metro+ Deluxe Baby,cmqx8d4c9000p13kp1a0v0vkk,Nuna,PIPA RX,nuna-pipa-rx,INFANT,ADAPTER,t,,MEDIUM,Ergobaby Metro / Metro+ accepts Nuna / Maxi-Cosi / CYBEX / Clek infant seats via a Ergobaby click-and-go car seat adapter (sold separately). Confirm the exact adapter for your model year before purchase.,,,,2026-06-29 22:53:58.597,2026-06-29 22:53:58.597
cmqzte7hu0033sjatn8y3bqc3,Ergobaby,Metro+ Deluxe Baby,cmqx8d4c9000p13kp1a0v0vkk,Nuna,PIPA urbn,nuna-pipa-urbn,INFANT,ADAPTER,t,,MEDIUM,Ergobaby Metro / Metro+ accepts Nuna / Maxi-Cosi / CYBEX / Clek infant seats via a Ergobaby click-and-go car seat adapter (sold separately). Confirm the exact adapter for your model year before purchase.,,,,2026-06-29 22:53:58.77,2026-06-29 22:53:58.77
cmqx4wrde0015oiqwj1w3twhv,Evenflo,Pivot Xpand Modular,cmqpqqynm000v7qll5rryi9y4,Evenflo,LiteMax NXT,cmqx4qpsh000c3835q2cpm0f5,INFANT,DIRECT,f,,MEDIUM,Conservative same-brand default for Pivot / Pivot Xpand strollers and LiteMax infant seats. Confirm current model-year details before purchase.,,,,2026-06-28 01:53:01.586,2026-06-28 01:53:01.586
cmqx4wrkd0017oiqwxwl8o7e2,Evenflo,Pivot Xpand Modular,cmqpqqynm000v7qll5rryi9y4,Evenflo,Revolve180 LiteMax NXT Rotational,cmqx4qpuv000d3835u7w79rhg,INFANT,DIRECT,f,,MEDIUM,Conservative same-brand default for Pivot / Pivot Xpand strollers and LiteMax infant seats. Confirm current model-year details before purchase.,,,,2026-06-28 01:53:01.834,2026-06-28 01:53:01.834
cmqx4wrow0019oiqww7q2zeaf,Evenflo,Pivot Xpand NXT,cmqpqqypz000w7qllyukuzwt3,Evenflo,LiteMax NXT,cmqx4qpsh000c3835q2cpm0f5,INFANT,DIRECT,f,,MEDIUM,Conservative same-brand default for Pivot / Pivot Xpand strollers and LiteMax infant seats. Confirm current model-year details before purchase.,,,,2026-06-28 01:53:02,2026-06-28 01:53:02
cmqx4wrtq001boiqw359jm062,Evenflo,Pivot Xpand NXT,cmqpqqypz000w7qllyukuzwt3,Evenflo,Revolve180 LiteMax NXT Rotational,cmqx4qpuv000d3835u7w79rhg,INFANT,DIRECT,f,,MEDIUM,Conservative same-brand default for Pivot / Pivot Xpand strollers and LiteMax infant seats. Confirm current model-year details before purchase.,,,,2026-06-28 01:53:02.175,2026-06-28 01:53:02.175
cmrgw3q1j0005jeqytz16kwfi,Evenflo,Pivot Xplore,cmqx8d4jd000s13kpqrw1npfd,Chicco,KeyFit 30,chicco-keyfit-30,INFANT,ADAPTER,t,,HIGH,,https://amzn.to/4wEIynv,,,2026-07-11 21:41:53.431,2026-07-11 21:41:53.431
cmrgw3q1j000ajeqyvwugnmec,Evenflo,Pivot Xplore,cmqx8d4jd000s13kpqrw1npfd,Chicco,KeyFit 30 ClearTex,cmqx4qp6y00033835pgtlizxk,INFANT,ADAPTER,t,,HIGH,,https://amzn.to/4wEIynv,,,2026-07-11 21:41:53.431,2026-07-11 21:41:53.431
cmrgw3q1j000bjeqyslm0j34r,Evenflo,Pivot Xplore,cmqx8d4jd000s13kpqrw1npfd,Chicco,KeyFit Max ClearTex,cmqx4qp9s00043835h85g6sl0,INFANT,ADAPTER,t,,HIGH,,https://amzn.to/4wEIynv,,,2026-07-11 21:41:53.431,2026-07-11 21:41:53.431
cmrgw3q27000hjeqyd1n35bzn,Evenflo,Pivot Xplore,cmqx8d4jd000s13kpqrw1npfd,Chicco,KeyFit Max Zip ClearLux,cmqx4qpc50005383512d994gn,INFANT,ADAPTER,t,,HIGH,,https://amzn.to/4wEIynv,,,2026-07-11 21:41:53.431,2026-07-11 21:41:53.431
cmrgw3q1s000djeqyhhg4gt1z,Evenflo,Pivot Xplore,cmqx8d4jd000s13kpqrw1npfd,Chicco,KeyFit Max Zip ClearTex,cmqx4qpeg00063835eten1p5s,INFANT,ADAPTER,t,,HIGH,,https://amzn.to/4wEIynv,,,2026-07-11 21:41:53.431,2026-07-11 21:41:53.431
cmr0sq66x000110vz8ui89gb1,Evenflo,Pivot Xplore,cmqx8d4jd000s13kpqrw1npfd,Evenflo,LiteMax NXT,cmqx4qpsh000c3835q2cpm0f5,INFANT,DIRECT,f,,MEDIUM,Conservative same-brand default for Pivot / Xpand / Xplore / Shyft strollers and LiteMax / SafeMax / SecureMax infant seats. Confirm current model-year details before purchase.,,,,2026-06-30 15:23:03.513,2026-06-30 15:23:03.513
cmr0sq6ev000310vz7lf71c5p,Evenflo,Pivot Xplore,cmqx8d4jd000s13kpqrw1npfd,Evenflo,Revolve180 LiteMax NXT Rotational,cmqx4qpuv000d3835u7w79rhg,INFANT,DIRECT,f,,MEDIUM,Conservative same-brand default for Pivot / Xpand / Xplore / Shyft strollers and LiteMax / SafeMax / SecureMax infant seats. Confirm current model-year details before purchase.,,,,2026-06-30 15:23:03.8,2026-06-30 15:23:03.8
cmr0sq6jc000510vzeqhuku37,Evenflo,Pivot Xplore All-Terrain,cmqpqqysc000x7qlln9lo56v7,Evenflo,LiteMax NXT,cmqx4qpsh000c3835q2cpm0f5,INFANT,DIRECT,f,,MEDIUM,Conservative same-brand default for Pivot / Xpand / Xplore / Shyft strollers and LiteMax / SafeMax / SecureMax infant seats. Confirm current model-year details before purchase.,,,,2026-06-30 15:23:03.961,2026-06-30 15:23:03.961
cmr0sq6ny000710vz0xpghu8w,Evenflo,Pivot Xplore All-Terrain,cmqpqqysc000x7qlln9lo56v7,Evenflo,Revolve180 LiteMax NXT Rotational,cmqx4qpuv000d3835u7w79rhg,INFANT,DIRECT,f,,MEDIUM,Conservative same-brand default for Pivot / Xpand / Xplore / Shyft strollers and LiteMax / SafeMax / SecureMax infant seats. Confirm current model-year details before purchase.,,,,2026-06-30 15:23:04.126,2026-06-30 15:23:04.126
cmr0sq6sk000910vz845dall9,Evenflo,Shyft Intuiti+,cmqpqqyun000y7qllrfo62x6s,Evenflo,LiteMax NXT,cmqx4qpsh000c3835q2cpm0f5,INFANT,DIRECT,f,,MEDIUM,Conservative same-brand default for Pivot / Xpand / Xplore / Shyft strollers and LiteMax / SafeMax / SecureMax infant seats. Confirm current model-year details before purchase.,,,,2026-06-30 15:23:04.292,2026-06-30 15:23:04.292
cmr0sq6x3000b10vznggnuy0f,Evenflo,Shyft Intuiti+,cmqpqqyun000y7qllrfo62x6s,Evenflo,Revolve180 LiteMax NXT Rotational,cmqx4qpuv000d3835u7w79rhg,INFANT,DIRECT,f,,MEDIUM,Conservative same-brand default for Pivot / Xpand / Xplore / Shyft strollers and LiteMax / SafeMax / SecureMax infant seats. Confirm current model-year details before purchase.,,,,2026-06-30 15:23:04.456,2026-06-30 15:23:04.456
cmrh1zycj0001apa5ga9yn0ba,Graco,FastAction Jogger LX,cmqpqqyx1000z7qllrfqtanqt,Graco,SnugRide Lite LX,cmqx4qpzp000f3835i6cp9pth,INFANT,DIRECT,f,,MEDIUM,Conservative same-brand default for Modes / Ready2Grow / joggers strollers and SnugRide infant seats. Confirm current model-year details before purchase.,,,,2026-07-12 00:26:55.268,2026-07-12 00:26:55.268
cmrh1zyj80003apa5iwhsoqvd,Graco,FastAction Jogger LX,cmqpqqyx1000z7qllrfqtanqt,Graco,SnugRide SnugFit,cmqx4qq4h000h3835n8ni2r9m,INFANT,DIRECT,f,,MEDIUM,Conservative same-brand default for Modes / Ready2Grow / joggers strollers and SnugRide infant seats. Confirm current model-year details before purchase.,,,,2026-07-12 00:26:55.509,2026-07-12 00:26:55.509
cmrh1zyod0005apa5jj3yefyy,Graco,FastAction Jogger LX,cmqpqqyx1000z7qllrfqtanqt,Graco,SnugRide SnugFit DLX,cmqx4qq26000g3835g3mh924j,INFANT,DIRECT,f,,MEDIUM,Conservative same-brand default for Modes / Ready2Grow / joggers strollers and SnugRide infant seats. Confirm current model-year details before purchase.,,,,2026-07-12 00:26:55.694,2026-07-12 00:26:55.694
cmrh1zyss0007apa5h5sl8fjx,Graco,FastAction Jogger LX,cmqpqqyx1000z7qllrfqtanqt,Graco,SnugRide SnugFit LX,cmqx4qq6u000i3835j7t2euy8,INFANT,DIRECT,f,,MEDIUM,Conservative same-brand default for Modes / Ready2Grow / joggers strollers and SnugRide infant seats. Confirm current model-year details before purchase.,,,,2026-07-12 00:26:55.853,2026-07-12 00:26:55.853
cmrh1zyx80009apa5gam8em4c,Graco,Merge,cmqpqqyzg00107qll6evhebby,Graco,SnugRide Lite LX,cmqx4qpzp000f3835i6cp9pth,INFANT,DIRECT,f,,MEDIUM,Conservative same-brand default for Modes / Ready2Grow / joggers strollers and SnugRide infant seats. Confirm current model-year details before purchase.,,,,2026-07-12 00:26:56.013,2026-07-12 00:26:56.013
cmrh1zz1t000bapa5a4g0g0xf,Graco,Merge,cmqpqqyzg00107qll6evhebby,Graco,SnugRide SnugFit,cmqx4qq4h000h3835n8ni2r9m,INFANT,DIRECT,f,,MEDIUM,Conservative same-brand default for Modes / Ready2Grow / joggers strollers and SnugRide infant seats. Confirm current model-year details before purchase.,,,,2026-07-12 00:26:56.177,2026-07-12 00:26:56.177
cmrh1zz6h000dapa56svzlgh8,Graco,Merge,cmqpqqyzg00107qll6evhebby,Graco,SnugRide SnugFit DLX,cmqx4qq26000g3835g3mh924j,INFANT,DIRECT,f,,MEDIUM,Conservative same-brand default for Modes / Ready2Grow / joggers strollers and SnugRide infant seats. Confirm current model-year details before purchase.,,,,2026-07-12 00:26:56.345,2026-07-12 00:26:56.345
cmrh1zzb0000fapa52tsg4cls,Graco,Merge,cmqpqqyzg00107qll6evhebby,Graco,SnugRide SnugFit LX,cmqx4qq6u000i3835j7t2euy8,INFANT,DIRECT,f,,MEDIUM,Conservative same-brand default for Modes / Ready2Grow / joggers strollers and SnugRide infant seats. Confirm current model-year details before purchase.,,,,2026-07-12 00:26:56.509,2026-07-12 00:26:56.509
cmrh1zzfy000hapa506d8alcv,Graco,Modes Nest,cmqpqqz4600127qll8v8c0pgj,Graco,SnugRide Lite LX,cmqx4qpzp000f3835i6cp9pth,INFANT,DIRECT,f,,MEDIUM,Conservative same-brand default for Modes / Ready2Grow / joggers strollers and SnugRide infant seats. Confirm current model-year details before purchase.,,,,2026-07-12 00:26:56.687,2026-07-12 00:26:56.687
cmrh1zzmi000japa5n94p3i9t,Graco,Modes Nest,cmqpqqz4600127qll8v8c0pgj,Graco,SnugRide SnugFit,cmqx4qq4h000h3835n8ni2r9m,INFANT,DIRECT,f,,MEDIUM,Conservative same-brand default for Modes / Ready2Grow / joggers strollers and SnugRide infant seats. Confirm current model-year details before purchase.,,,,2026-07-12 00:26:56.923,2026-07-12 00:26:56.923
cmrh1zzqy000lapa50t6ga9se,Graco,Modes Nest,cmqpqqz4600127qll8v8c0pgj,Graco,SnugRide SnugFit DLX,cmqx4qq26000g3835g3mh924j,INFANT,DIRECT,f,,MEDIUM,Conservative same-brand default for Modes / Ready2Grow / joggers strollers and SnugRide infant seats. Confirm current model-year details before purchase.,,,,2026-07-12 00:26:57.083,2026-07-12 00:26:57.083
cmrh1zzvx000napa56rorryw1,Graco,Modes Nest,cmqpqqz4600127qll8v8c0pgj,Graco,SnugRide SnugFit LX,cmqx4qq6u000i3835j7t2euy8,INFANT,DIRECT,f,,MEDIUM,Conservative same-brand default for Modes / Ready2Grow / joggers strollers and SnugRide infant seats. Confirm current model-year details before purchase.,,,,2026-07-12 00:26:57.261,2026-07-12 00:26:57.261
cmrh2000i000papa5qn3skz82,Graco,Modes Nest2Grow,cmqpqqz1t00117qllit3afjt4,Graco,SnugRide Lite LX,cmqx4qpzp000f3835i6cp9pth,INFANT,DIRECT,f,,MEDIUM,Conservative same-brand default for Modes / Ready2Grow / joggers strollers and SnugRide infant seats. Confirm current model-year details before purchase.,,,,2026-07-12 00:26:57.426,2026-07-12 00:26:57.426
cmrh20054000rapa5grqyvqqn,Graco,Modes Nest2Grow,cmqpqqz1t00117qllit3afjt4,Graco,SnugRide SnugFit,cmqx4qq4h000h3835n8ni2r9m,INFANT,DIRECT,f,,MEDIUM,Conservative same-brand default for Modes / Ready2Grow / joggers strollers and SnugRide infant seats. Confirm current model-year details before purchase.,,,,2026-07-12 00:26:57.592,2026-07-12 00:26:57.592
cmrh2009s000tapa5n6tq53x0,Graco,Modes Nest2Grow,cmqpqqz1t00117qllit3afjt4,Graco,SnugRide SnugFit DLX,cmqx4qq26000g3835g3mh924j,INFANT,DIRECT,f,,MEDIUM,Conservative same-brand default for Modes / Ready2Grow / joggers strollers and SnugRide infant seats. Confirm current model-year details before purchase.,,,,2026-07-12 00:26:57.76,2026-07-12 00:26:57.76
cmrh200e9000vapa5gq0614ri,Graco,Modes Nest2Grow,cmqpqqz1t00117qllit3afjt4,Graco,SnugRide SnugFit LX,cmqx4qq6u000i3835j7t2euy8,INFANT,DIRECT,f,,MEDIUM,Conservative same-brand default for Modes / Ready2Grow / joggers strollers and SnugRide infant seats. Confirm current model-year details before purchase.,,,,2026-07-12 00:26:57.922,2026-07-12 00:26:57.922
cmrh200is000xapa5j7t3vac6,Graco,Modes Pramette,cmqpqqz6e00137qllmm7ab21k,Graco,SnugRide Lite LX,cmqx4qpzp000f3835i6cp9pth,INFANT,DIRECT,f,,MEDIUM,Conservative same-brand default for Modes / Ready2Grow / joggers strollers and SnugRide infant seats. Confirm current model-year details before purchase.,,,,2026-07-12 00:26:58.084,2026-07-12 00:26:58.084
cmrh200n8000zapa53oyom0j5,Graco,Modes Pramette,cmqpqqz6e00137qllmm7ab21k,Graco,SnugRide SnugFit,cmqx4qq4h000h3835n8ni2r9m,INFANT,DIRECT,f,,MEDIUM,Conservative same-brand default for Modes / Ready2Grow / joggers strollers and SnugRide infant seats. Confirm current model-year details before purchase.,,,,2026-07-12 00:26:58.245,2026-07-12 00:26:58.245
cmrh200rw0011apa5pciskov8,Graco,Modes Pramette,cmqpqqz6e00137qllmm7ab21k,Graco,SnugRide SnugFit DLX,cmqx4qq26000g3835g3mh924j,INFANT,DIRECT,f,,MEDIUM,Conservative same-brand default for Modes / Ready2Grow / joggers strollers and SnugRide infant seats. Confirm current model-year details before purchase.,,,,2026-07-12 00:26:58.412,2026-07-12 00:26:58.412
cmrh200wp0013apa580iqviua,Graco,Modes Pramette,cmqpqqz6e00137qllmm7ab21k,Graco,SnugRide SnugFit LX,cmqx4qq6u000i3835j7t2euy8,INFANT,DIRECT,f,,MEDIUM,Conservative same-brand default for Modes / Ready2Grow / joggers strollers and SnugRide infant seats. Confirm current model-year details before purchase.,,,,2026-07-12 00:26:58.585,2026-07-12 00:26:58.585
cmrh201160015apa5is7f85uz,Graco,Outpace LX,cmqpqqz8n00147qll7u8ik6vf,Graco,SnugRide Lite LX,cmqx4qpzp000f3835i6cp9pth,INFANT,DIRECT,f,,MEDIUM,Conservative same-brand default for Modes / Ready2Grow / joggers strollers and SnugRide infant seats. Confirm current model-year details before purchase.,,,,2026-07-12 00:26:58.746,2026-07-12 00:26:58.746
cmrh2015m0017apa5kcx2xbp9,Graco,Outpace LX,cmqpqqz8n00147qll7u8ik6vf,Graco,SnugRide SnugFit,cmqx4qq4h000h3835n8ni2r9m,INFANT,DIRECT,f,,MEDIUM,Conservative same-brand default for Modes / Ready2Grow / joggers strollers and SnugRide infant seats. Confirm current model-year details before purchase.,,,,2026-07-12 00:26:58.906,2026-07-12 00:26:58.906
cmrh201a20019apa5yx8w5zvh,Graco,Outpace LX,cmqpqqz8n00147qll7u8ik6vf,Graco,SnugRide SnugFit DLX,cmqx4qq26000g3835g3mh924j,INFANT,DIRECT,f,,MEDIUM,Conservative same-brand default for Modes / Ready2Grow / joggers strollers and SnugRide infant seats. Confirm current model-year details before purchase.,,,,2026-07-12 00:26:59.066,2026-07-12 00:26:59.066
cmrh201ei001bapa5mgy66474,Graco,Outpace LX,cmqpqqz8n00147qll7u8ik6vf,Graco,SnugRide SnugFit LX,cmqx4qq6u000i3835j7t2euy8,INFANT,DIRECT,f,,MEDIUM,Conservative same-brand default for Modes / Ready2Grow / joggers strollers and SnugRide infant seats. Confirm current model-year details before purchase.,,,,2026-07-12 00:26:59.226,2026-07-12 00:26:59.226
cmrh201j4001dapa5s9ljhmoo,Graco,Ready2Grow 2.0 Double,cmqpqqzaw00157qllq4qua86s,Graco,SnugRide Lite LX,cmqx4qpzp000f3835i6cp9pth,INFANT,DIRECT,f,,MEDIUM,Conservative same-brand default for Modes / Ready2Grow / joggers strollers and SnugRide infant seats. Confirm current model-year details before purchase.,,,,2026-07-12 00:26:59.392,2026-07-12 00:26:59.392
cmrh201nj001fapa52jfx02au,Graco,Ready2Grow 2.0 Double,cmqpqqzaw00157qllq4qua86s,Graco,SnugRide SnugFit,cmqx4qq4h000h3835n8ni2r9m,INFANT,DIRECT,f,,MEDIUM,Conservative same-brand default for Modes / Ready2Grow / joggers strollers and SnugRide infant seats. Confirm current model-year details before purchase.,,,,2026-07-12 00:26:59.551,2026-07-12 00:26:59.551
cmrh201ry001hapa5ao35j9yv,Graco,Ready2Grow 2.0 Double,cmqpqqzaw00157qllq4qua86s,Graco,SnugRide SnugFit DLX,cmqx4qq26000g3835g3mh924j,INFANT,DIRECT,f,,MEDIUM,Conservative same-brand default for Modes / Ready2Grow / joggers strollers and SnugRide infant seats. Confirm current model-year details before purchase.,,,,2026-07-12 00:26:59.711,2026-07-12 00:26:59.711
cmrh201wc001japa5dhmspc65,Graco,Ready2Grow 2.0 Double,cmqpqqzaw00157qllq4qua86s,Graco,SnugRide SnugFit LX,cmqx4qq6u000i3835j7t2euy8,INFANT,DIRECT,f,,MEDIUM,Conservative same-brand default for Modes / Ready2Grow / joggers strollers and SnugRide infant seats. Confirm current model-year details before purchase.,,,,2026-07-12 00:26:59.869,2026-07-12 00:26:59.869
cmrh20214001lapa5y2dvj7mt,Graco,Ready2Grow LX 2.0 Double,cmqpqqzd900167qlludyh5ta6,Graco,SnugRide Lite LX,cmqx4qpzp000f3835i6cp9pth,INFANT,DIRECT,f,,MEDIUM,Conservative same-brand default for Modes / Ready2Grow / joggers strollers and SnugRide infant seats. Confirm current model-year details before purchase.,,,,2026-07-12 00:27:00.04,2026-07-12 00:27:00.04
cmrh2025q001napa5xyy0ykr4,Graco,Ready2Grow LX 2.0 Double,cmqpqqzd900167qlludyh5ta6,Graco,SnugRide SnugFit,cmqx4qq4h000h3835n8ni2r9m,INFANT,DIRECT,f,,MEDIUM,Conservative same-brand default for Modes / Ready2Grow / joggers strollers and SnugRide infant seats. Confirm current model-year details before purchase.,,,,2026-07-12 00:27:00.206,2026-07-12 00:27:00.206
cmrh202af001papa5m7n8t32y,Graco,Ready2Grow LX 2.0 Double,cmqpqqzd900167qlludyh5ta6,Graco,SnugRide SnugFit DLX,cmqx4qq26000g3835g3mh924j,INFANT,DIRECT,f,,MEDIUM,Conservative same-brand default for Modes / Ready2Grow / joggers strollers and SnugRide infant seats. Confirm current model-year details before purchase.,,,,2026-07-12 00:27:00.376,2026-07-12 00:27:00.376
cmrh202ew001rapa5suaiz96h,Graco,Ready2Grow LX 2.0 Double,cmqpqqzd900167qlludyh5ta6,Graco,SnugRide SnugFit LX,cmqx4qq6u000i3835j7t2euy8,INFANT,DIRECT,f,,MEDIUM,Conservative same-brand default for Modes / Ready2Grow / joggers strollers and SnugRide infant seats. Confirm current model-year details before purchase.,,,,2026-07-12 00:27:00.536,2026-07-12 00:27:00.536
cmrh202ji001tapa5pqz63lb2,Graco,Ready2Jet,cmqx8d4ls000t13kpnjml7roe,Graco,SnugRide Lite LX,cmqx4qpzp000f3835i6cp9pth,INFANT,DIRECT,f,,MEDIUM,Conservative same-brand default for Modes / Ready2Grow / joggers strollers and SnugRide infant seats. Confirm current model-year details before purchase.,,,,2026-07-12 00:27:00.702,2026-07-12 00:27:00.702
cmrh202qn001vapa5xz87cewx,Graco,Ready2Jet,cmqx8d4ls000t13kpnjml7roe,Graco,SnugRide SnugFit,cmqx4qq4h000h3835n8ni2r9m,INFANT,DIRECT,f,,MEDIUM,Conservative same-brand default for Modes / Ready2Grow / joggers strollers and SnugRide infant seats. Confirm current model-year details before purchase.,,,,2026-07-12 00:27:00.96,2026-07-12 00:27:00.96
cmrh202vi001xapa5kh90kpe8,Graco,Ready2Jet,cmqx8d4ls000t13kpnjml7roe,Graco,SnugRide SnugFit DLX,cmqx4qq26000g3835g3mh924j,INFANT,DIRECT,f,,MEDIUM,Conservative same-brand default for Modes / Ready2Grow / joggers strollers and SnugRide infant seats. Confirm current model-year details before purchase.,,,,2026-07-12 00:27:01.134,2026-07-12 00:27:01.134
cmrh20304001zapa5wf61w2qw,Graco,Ready2Jet,cmqx8d4ls000t13kpnjml7roe,Graco,SnugRide SnugFit LX,cmqx4qq6u000i3835j7t2euy8,INFANT,DIRECT,f,,MEDIUM,Conservative same-brand default for Modes / Ready2Grow / joggers strollers and SnugRide infant seats. Confirm current model-year details before purchase.,,,,2026-07-12 00:27:01.301,2026-07-12 00:27:01.301
cmrh203570021apa58pvzsj1s,Graco,Ready2Jet Compact,cmqpqqzfn00177qll3ou9gfkg,Graco,SnugRide Lite LX,cmqx4qpzp000f3835i6cp9pth,INFANT,DIRECT,f,,MEDIUM,Conservative same-brand default for Modes / Ready2Grow / joggers strollers and SnugRide infant seats. Confirm current model-year details before purchase.,,,,2026-07-12 00:27:01.484,2026-07-12 00:27:01.484
cmrh203ms0023apa5h78gki9u,Graco,Ready2Jet Compact,cmqpqqzfn00177qll3ou9gfkg,Graco,SnugRide SnugFit,cmqx4qq4h000h3835n8ni2r9m,INFANT,DIRECT,f,,MEDIUM,Conservative same-brand default for Modes / Ready2Grow / joggers strollers and SnugRide infant seats. Confirm current model-year details before purchase.,,,,2026-07-12 00:27:02.117,2026-07-12 00:27:02.117
cmrh203rq0025apa5y4a2if9n,Graco,Ready2Jet Compact,cmqpqqzfn00177qll3ou9gfkg,Graco,SnugRide SnugFit DLX,cmqx4qq26000g3835g3mh924j,INFANT,DIRECT,f,,MEDIUM,Conservative same-brand default for Modes / Ready2Grow / joggers strollers and SnugRide infant seats. Confirm current model-year details before purchase.,,,,2026-07-12 00:27:02.294,2026-07-12 00:27:02.294
cmrh2042k0027apa5lq7r08tq,Graco,Ready2Jet Compact,cmqpqqzfn00177qll3ou9gfkg,Graco,SnugRide SnugFit LX,cmqx4qq6u000i3835j7t2euy8,INFANT,DIRECT,f,,MEDIUM,Conservative same-brand default for Modes / Ready2Grow / joggers strollers and SnugRide infant seats. Confirm current model-year details before purchase.,,,,2026-07-12 00:27:02.684,2026-07-12 00:27:02.684
cmrkxjsyp00433k52kz6vtqsq,Guava Family,Roam,cmqx8d4o5000u13kpbtkfe121,Cybex,Aton G2,cmqx4qpgs00073835wm1de2we,INFANT,ADAPTER,t,,HIGH,,https://amzn.to/4hilLt0,,,2026-07-14 17:33:28.033,2026-07-14 17:33:28.033
cmrkxjsyq00453k52v1kf5jq0,Guava Family,Roam,cmqx8d4o5000u13kpbtkfe121,Cybex,Aton G2 Swivel,cmrdwvbsy000u7tmavhnk64ww,INFANT,ADAPTER,t,,HIGH,,https://amzn.to/4hilLt0,,,2026-07-14 17:33:28.033,2026-07-14 17:33:28.033
cmrkxjsyq00483k52byletc8i,Guava Family,Roam,cmqx8d4o5000u13kpbtkfe121,Cybex,Cloud G Pro Comfort Extend,cmqx4qpj400083835htva49ii,INFANT,ADAPTER,t,,HIGH,,https://amzn.to/4hilLt0,,,2026-07-14 17:33:28.033,2026-07-14 17:33:28.033
cmrkxjsz7004d3k5202rnewmm,Guava Family,Roam,cmqx8d4o5000u13kpbtkfe121,Cybex,Cloud T,cybex-cloud-t,INFANT,ADAPTER,t,,HIGH,,https://amzn.to/4hilLt0,,,2026-07-14 17:33:28.033,2026-07-14 17:33:28.033
cmr0rqbi00023sp629xt8p44v,Guava Family,Roam,cmqx8d4o5000u13kpbtkfe121,Nuna,PIPA Aire,nuna-pipa-lite-rx,INFANT,ADAPTER,t,,HIGH,,https://amzn.to/4f2koNV,,,2026-06-30 14:55:10.777,2026-07-14 17:31:10.427
cmr0rqbmm0025sp62k4r79rfs,Guava Family,Roam,cmqx8d4o5000u13kpbtkfe121,Nuna,PIPA Aire rx,nuna-pipa-aire-rx,INFANT,ADAPTER,t,,HIGH,,https://amzn.to/4f2koNV,,,2026-06-30 14:55:10.943,2026-07-14 17:31:10.427
cmr0rqbra0027sp62rtop7xi1,Guava Family,Roam,cmqx8d4o5000u13kpbtkfe121,Nuna,PIPA RX,nuna-pipa-rx,INFANT,ADAPTER,t,,HIGH,,https://amzn.to/4f2koNV,,,2026-06-30 14:55:11.11,2026-07-14 17:31:10.427
cmr0rqbvu0029sp62wri22yxg,Guava Family,Roam,cmqx8d4o5000u13kpbtkfe121,Nuna,PIPA urbn,nuna-pipa-urbn,INFANT,ADAPTER,t,,HIGH,,https://amzn.to/4f2koNV,,,2026-06-30 14:55:11.274,2026-07-14 17:31:10.427
cmrkxi29p00413k52fvoph8ok,Guava Family,Roam,cmqx8d4o5000u13kpbtkfe121,UPPAbaby,Aria,uppababy-aria,INFANT,ADAPTER,t,,HIGH,,https://amzn.to/4aRIIj1,,,2026-07-14 17:32:06.781,2026-07-14 17:32:06.781
cmrkxi29o003y3k52nwsrigcf,Guava Family,Roam,cmqx8d4o5000u13kpbtkfe121,UPPAbaby,Aria V2,uppababy-aria-v2,INFANT,ADAPTER,t,,HIGH,,https://amzn.to/4aRIIj1,,,2026-07-14 17:32:06.781,2026-07-14 17:32:06.781
cmrkxi29p00403k52iyhcdlaf,Guava Family,Roam,cmqx8d4o5000u13kpbtkfe121,UPPAbaby,Mesa V3,uppababy-mesa-v3,INFANT,ADAPTER,t,,HIGH,,https://amzn.to/4aRIIj1,,,2026-07-14 17:32:06.781,2026-07-14 17:32:06.781
cmr0rqc0a002bsp62xnpauhui,Guava Family,Roam Jogging,cmqpqqzhz00187qllpp2cly4t,Nuna,PIPA Aire,nuna-pipa-lite-rx,INFANT,ADAPTER,t,,MEDIUM,Guava Family Roam accepts Nuna / Maxi-Cosi / CYBEX / Clek infant seats via a Guava Family click-and-go car seat adapter (sold separately). Confirm the exact adapter for your model year before purchase.,,,,2026-06-30 14:55:11.435,2026-06-30 14:55:11.435
cmr0rqc4z002dsp621igwlhip,Guava Family,Roam Jogging,cmqpqqzhz00187qllpp2cly4t,Nuna,PIPA Aire rx,nuna-pipa-aire-rx,INFANT,ADAPTER,t,,MEDIUM,Guava Family Roam accepts Nuna / Maxi-Cosi / CYBEX / Clek infant seats via a Guava Family click-and-go car seat adapter (sold separately). Confirm the exact adapter for your model year before purchase.,,,,2026-06-30 14:55:11.604,2026-06-30 14:55:11.604
cmr0rqcac002fsp62m6e6iiuc,Guava Family,Roam Jogging,cmqpqqzhz00187qllpp2cly4t,Nuna,PIPA RX,nuna-pipa-rx,INFANT,ADAPTER,t,,MEDIUM,Guava Family Roam accepts Nuna / Maxi-Cosi / CYBEX / Clek infant seats via a Guava Family click-and-go car seat adapter (sold separately). Confirm the exact adapter for your model year before purchase.,,,,2026-06-30 14:55:11.797,2026-06-30 14:55:11.797
cmr0rqcge002hsp62guy7ilv9,Guava Family,Roam Jogging,cmqpqqzhz00187qllpp2cly4t,Nuna,PIPA urbn,nuna-pipa-urbn,INFANT,ADAPTER,t,,MEDIUM,Guava Family Roam accepts Nuna / Maxi-Cosi / CYBEX / Clek infant seats via a Guava Family click-and-go car seat adapter (sold separately). Confirm the exact adapter for your model year before purchase.,,,,2026-06-30 14:55:12.014,2026-06-30 14:55:12.014
cmqx6t2nn000t14fcb9tefg0m,Inglesina,Quid³,cmqpqqzmv001a7qllu2cdnmm6,Clek,Liing,clek-liing,INFANT,ADAPTER,t,Inglesina Quid³ Car Seat Adapter,MEDIUM,"Inferred from the catalog adapter ""Inglesina Quid³ Car Seat Adapter"".",https://babylist.pxf.io/c/6560395/1160375/13580?prodsku=2514367&u=https%3A%2F%2Fwww.babylist.com%2Fgp%2Finglesina-quid-car-seat-adapter%2F74834%2F2514367&intsrc=CATF_8981,49,,2026-06-28 02:46:08.819,2026-06-28 02:46:08.819
cmqx6t2uj000z14fczraiw1no,Inglesina,Quid³,cmqpqqzmv001a7qllu2cdnmm6,Clek,Liingo,clek-liingo,INFANT,ADAPTER,t,Inglesina Quid³ Car Seat Adapter,MEDIUM,"Inferred from the catalog adapter ""Inglesina Quid³ Car Seat Adapter"".",https://babylist.pxf.io/c/6560395/1160375/13580?prodsku=2514367&u=https%3A%2F%2Fwww.babylist.com%2Fgp%2Finglesina-quid-car-seat-adapter%2F74834%2F2514367&intsrc=CATF_8981,49,,2026-06-28 02:46:09.067,2026-06-28 02:46:09.067
cmqx6t2z6001314fc52qwvtx5,Inglesina,Quid³,cmqpqqzmv001a7qllu2cdnmm6,Cybex,Cloud T,cybex-cloud-t,INFANT,ADAPTER,t,Inglesina Quid³ Car Seat Adapter,MEDIUM,"Inferred from the catalog adapter ""Inglesina Quid³ Car Seat Adapter"".",https://babylist.pxf.io/c/6560395/1160375/13580?prodsku=2514367&u=https%3A%2F%2Fwww.babylist.com%2Fgp%2Finglesina-quid-car-seat-adapter%2F74834%2F2514367&intsrc=CATF_8981,49,,2026-06-28 02:46:09.235,2026-06-28 02:46:09.235
cmqx6t2pw000v14fcuceoc7x2,Inglesina,Quid³,cmqpqqzmv001a7qllu2cdnmm6,Maxi-Cosi,Mico Luxe,maxi-cosi-mico-luxe,INFANT,ADAPTER,t,Inglesina Quid³ Car Seat Adapter,MEDIUM,"Inferred from the catalog adapter ""Inglesina Quid³ Car Seat Adapter"".",https://babylist.pxf.io/c/6560395/1160375/13580?prodsku=2514367&u=https%3A%2F%2Fwww.babylist.com%2Fgp%2Finglesina-quid-car-seat-adapter%2F74834%2F2514367&intsrc=CATF_8981,49,,2026-06-28 02:46:08.901,2026-06-28 02:46:08.901
cmqx6t367001914fc8kamujtf,Inglesina,Quid³,cmqpqqzmv001a7qllu2cdnmm6,Maxi-Cosi,Peri 180,maxi-cosi-peri,INFANT,ADAPTER,t,Inglesina Quid³ Car Seat Adapter,MEDIUM,"Inferred from the catalog adapter ""Inglesina Quid³ Car Seat Adapter"".",https://babylist.pxf.io/c/6560395/1160375/13580?prodsku=2514367&u=https%3A%2F%2Fwww.babylist.com%2Fgp%2Finglesina-quid-car-seat-adapter%2F74834%2F2514367&intsrc=CATF_8981,49,,2026-06-28 02:46:09.488,2026-06-28 02:46:09.488
cmqx6t31g001514fcnybfhw91,Inglesina,Quid³,cmqpqqzmv001a7qllu2cdnmm6,Nuna,PIPA Aire,nuna-pipa-lite-rx,INFANT,ADAPTER,t,Inglesina Quid³ Car Seat Adapter,MEDIUM,"Inferred from the catalog adapter ""Inglesina Quid³ Car Seat Adapter"".",https://babylist.pxf.io/c/6560395/1160375/13580?prodsku=2514367&u=https%3A%2F%2Fwww.babylist.com%2Fgp%2Finglesina-quid-car-seat-adapter%2F74834%2F2514367&intsrc=CATF_8981,49,,2026-06-28 02:46:09.317,2026-06-28 02:46:09.317
cmqx6t2wt001114fcf4ds3pps,Inglesina,Quid³,cmqpqqzmv001a7qllu2cdnmm6,Nuna,PIPA Aire rx,nuna-pipa-aire-rx,INFANT,ADAPTER,t,Inglesina Quid³ Car Seat Adapter,MEDIUM,"Inferred from the catalog adapter ""Inglesina Quid³ Car Seat Adapter"".",https://babylist.pxf.io/c/6560395/1160375/13580?prodsku=2514367&u=https%3A%2F%2Fwww.babylist.com%2Fgp%2Finglesina-quid-car-seat-adapter%2F74834%2F2514367&intsrc=CATF_8981,49,,2026-06-28 02:46:09.149,2026-06-28 02:46:09.149
cmqx6t33r001714fcjo0n511a,Inglesina,Quid³,cmqpqqzmv001a7qllu2cdnmm6,Nuna,PIPA urbn,nuna-pipa-urbn,INFANT,ADAPTER,t,Inglesina Quid³ Car Seat Adapter,MEDIUM,"Inferred from the catalog adapter ""Inglesina Quid³ Car Seat Adapter"".",https://babylist.pxf.io/c/6560395/1160375/13580?prodsku=2514367&u=https%3A%2F%2Fwww.babylist.com%2Fgp%2Finglesina-quid-car-seat-adapter%2F74834%2F2514367&intsrc=CATF_8981,49,,2026-06-28 02:46:09.399,2026-06-28 02:46:09.399
cmqx6t3py001p14fce6fldler,Joolz,Aer+,joolz-aer-plus,Clek,Liing,clek-liing,INFANT,ADAPTER,t,Joolz - Aer+ Car Seat Adapters,MEDIUM,"Inferred from the catalog adapter ""Joolz - Aer+ Car Seat Adapters"".",https://www.macrobaby.com/products/joolz-aer-car-seat-adapters?_j=taylormadebabyco.com,49.99,,2026-06-28 02:46:10.198,2026-06-28 02:46:10.198
cmqx6t3s9001r14fc9p48tmu1,Joolz,Aer+,joolz-aer-plus,Cybex,Cloud T,cybex-cloud-t,INFANT,ADAPTER,t,Joolz - Aer+ Car Seat Adapters,MEDIUM,"Inferred from the catalog adapter ""Joolz - Aer+ Car Seat Adapters"".",https://www.macrobaby.com/products/joolz-aer-car-seat-adapters?_j=taylormadebabyco.com,49.99,,2026-06-28 02:46:10.281,2026-06-28 02:46:10.281
joolz-aer-plus__maxi-cosi-mico-luxe,Joolz,Aer+,joolz-aer-plus,Maxi-Cosi,Mico Luxe,maxi-cosi-mico-luxe,INFANT,ADAPTER,t,Joolz adapter for Maxi-Cosi / Nuna / CYBEX / Clek infant seats,MEDIUM,Joolz uses an adapter-based travel system path for Maxi-Cosi Mico Luxe.,,,,2026-03-22 17:19:43.856,2026-03-22 17:19:43.856
joolz-aer-plus__maxi-cosi-mico-pro,Joolz,Aer+,joolz-aer-plus,Maxi-Cosi,Mico Pro,maxi-cosi-mico-pro,INFANT,ADAPTER,t,Joolz adapter for Maxi-Cosi / Nuna / CYBEX / Clek infant seats,MEDIUM,Compatible via same Maxi-Cosi click connector as Mico Luxe.,,,,2026-06-13 20:48:32.741,2026-06-13 20:48:32.741
joolz-aer-plus__nuna-pipa-aire-rx,Joolz,Aer+,joolz-aer-plus,Nuna,PIPA Aire rx,nuna-pipa-aire-rx,INFANT,ADAPTER,t,Joolz adapter for Maxi-Cosi / Nuna / CYBEX / Clek infant seats,MEDIUM,Compatible via same adapter path as Nuna PIPA rx.,,,,2026-06-13 20:48:32.741,2026-06-13 20:48:32.741
joolz-aer-plus__nuna-pipa-rx,Joolz,Aer+,joolz-aer-plus,Nuna,PIPA RX,nuna-pipa-rx,INFANT,ADAPTER,t,Joolz adapter for Maxi-Cosi / Nuna / CYBEX / Clek infant seats,MEDIUM,Joolz uses an adapter-based travel system path for Nuna PIPA RX.,,,,2026-03-22 17:19:43.856,2026-03-22 17:19:43.856
cmqx6t3uq001t14fc036toi2n,Joolz,Aer+,joolz-aer-plus,Nuna,PIPA urbn,nuna-pipa-urbn,INFANT,ADAPTER,t,Joolz - Aer+ Car Seat Adapters,MEDIUM,"Inferred from the catalog adapter ""Joolz - Aer+ Car Seat Adapters"".",https://www.macrobaby.com/products/joolz-aer-car-seat-adapters?_j=taylormadebabyco.com,49.99,,2026-06-28 02:46:10.371,2026-06-28 02:46:10.371
cmqx6t3dl001f14fckkmvi6tn,Joolz,Aer2,cmqpqr063001i7qllm67qnr96,Clek,Liing,clek-liing,INFANT,ADAPTER,t,,HIGH,,https://amzn.to/4wDy3kk,,,2026-06-28 02:46:09.754,2026-07-11 03:50:15.343
cmrfttn74007zbyefbl8szjci,Joolz,Aer2,cmqpqr063001i7qllm67qnr96,Clek,Liingo,clek-liingo,INFANT,ADAPTER,t,,HIGH,,https://amzn.to/4wDy3kk,,,2026-07-11 03:50:15.343,2026-07-11 03:50:15.343
cmrfttlbj007tbyefg9g68uhw,Joolz,Aer2,cmqpqr063001i7qllm67qnr96,Cybex,Aton G2,cmqx4qpgs00073835wm1de2we,INFANT,ADAPTER,t,,HIGH,,https://amzn.to/4wDy3kk,,,2026-07-11 03:50:15.343,2026-07-11 03:50:15.343
cmrfttn74007vbyefhz7xpdot,Joolz,Aer2,cmqpqr063001i7qllm67qnr96,Cybex,Aton G2 Swivel,cmrdwvbsy000u7tmavhnk64ww,INFANT,ADAPTER,t,,HIGH,,https://amzn.to/4wDy3kk,,,2026-07-11 03:50:15.343,2026-07-11 03:50:15.343
cmqx6t3g1001h14fcq8ocbmfp,Joolz,Aer2,cmqpqr063001i7qllm67qnr96,Cybex,Cloud T,cybex-cloud-t,INFANT,ADAPTER,t,,HIGH,,https://amzn.to/4wDy3kk,,,2026-06-28 02:46:09.841,2026-07-11 03:50:15.343
cmrftsai3007dbyef9eqk26c7,Joolz,Aer2,cmqpqr063001i7qllm67qnr96,Maxi-Cosi,Ambra,cmqx4qqbg000k3835k8b3mf6l,INFANT,ADAPTER,t,,HIGH,,https://amzn.to/4wDy3kk,,,2026-07-11 03:49:14.667,2026-07-11 03:49:14.667
cmqu8mbyp003xwwsbyksosyxj,Joolz,Aer2,cmqpqr063001i7qllm67qnr96,Maxi-Cosi,Mico Luxe,maxi-cosi-mico-luxe,INFANT,ADAPTER,t,,HIGH,,https://amzn.to/4wDy3kk,,,2026-06-26 01:13:34.993,2026-07-11 03:49:14.667
cmqu8mc15003zwwsbj2uoyvz1,Joolz,Aer2,cmqpqr063001i7qllm67qnr96,Maxi-Cosi,Mico Pro,maxi-cosi-mico-pro,INFANT,ADAPTER,t,,HIGH,,https://amzn.to/4wDy3kk,,,2026-06-26 01:13:35.081,2026-07-11 03:49:14.667
cmrftsai4007fbyefpxevahdv,Joolz,Aer2,cmqpqr063001i7qllm67qnr96,Maxi-Cosi,Peri 180,maxi-cosi-peri,INFANT,ADAPTER,t,,HIGH,,https://amzn.to/4wDy3kk,,,2026-07-11 03:49:14.667,2026-07-11 03:49:14.667
cmrftsai3007abyef99hie8wi,Joolz,Aer2,cmqpqr063001i7qllm67qnr96,Nuna,PIPA Aire,nuna-pipa-lite-rx,INFANT,ADAPTER,t,,HIGH,,https://amzn.to/4wDy3kk,,,2026-07-11 03:49:14.667,2026-07-11 03:49:14.667
cmqu8mbp1003rwwsb6dvp97ta,Joolz,Aer2,cmqpqr063001i7qllm67qnr96,Nuna,PIPA Aire rx,nuna-pipa-aire-rx,INFANT,ADAPTER,t,,HIGH,,https://amzn.to/4wDy3kk,,,2026-06-26 01:13:34.645,2026-07-11 03:49:14.667
cmqu8mbrm003twwsbhiiflbee,Joolz,Aer2,cmqpqr063001i7qllm67qnr96,Nuna,PIPA RX,nuna-pipa-rx,INFANT,ADAPTER,t,,HIGH,,https://amzn.to/4wDy3kk,,,2026-06-26 01:13:34.738,2026-07-11 03:49:14.667
cmqx6t3iu001j14fcgxi7s6d9,Joolz,Aer2,cmqpqr063001i7qllm67qnr96,Nuna,PIPA urbn,nuna-pipa-urbn,INFANT,ADAPTER,t,,HIGH,,https://amzn.to/4wDy3kk,,,2026-06-28 02:46:09.942,2026-07-11 03:49:14.667
joolz-day__maxi-cosi-mico-luxe,Joolz,Day,joolz-day,Maxi-Cosi,Mico Luxe,maxi-cosi-mico-luxe,INFANT,ADAPTER,t,Joolz adapter for Maxi-Cosi / Nuna / CYBEX / Clek infant seats,MEDIUM,Joolz uses an adapter-based travel system path for Maxi-Cosi Mico Luxe.,,,,2026-03-22 17:19:43.856,2026-03-22 17:19:43.856
joolz-day__maxi-cosi-mico-pro,Joolz,Day,joolz-day,Maxi-Cosi,Mico Pro,maxi-cosi-mico-pro,INFANT,ADAPTER,t,Joolz adapter for Maxi-Cosi / Nuna / CYBEX / Clek infant seats,MEDIUM,Compatible via same Maxi-Cosi click connector as Mico Luxe.,,,,2026-06-13 20:48:32.741,2026-06-13 20:48:32.741
joolz-day__nuna-pipa-aire-rx,Joolz,Day,joolz-day,Nuna,PIPA Aire rx,nuna-pipa-aire-rx,INFANT,ADAPTER,t,Joolz adapter for Maxi-Cosi / Nuna / CYBEX / Clek infant seats,MEDIUM,Compatible via same adapter path as Nuna PIPA rx.,,,,2026-06-13 20:48:32.741,2026-06-13 20:48:32.741
joolz-day__nuna-pipa-rx,Joolz,Day,joolz-day,Nuna,PIPA RX,nuna-pipa-rx,INFANT,ADAPTER,t,Joolz adapter for Maxi-Cosi / Nuna / CYBEX / Clek infant seats,MEDIUM,Joolz uses an adapter-based travel system path for Nuna PIPA RX.,,,,2026-03-22 17:19:43.856,2026-03-22 17:19:43.856
cmr5mq8rf000f10s6apb6i4wn,Joolz,Day,joolz-day,Nuna,PIPA urbn,nuna-pipa-urbn,INFANT,ADAPTER,t,Joolz adapter for Maxi-Cosi / Nuna / CYBEX / Clek infant seats,MEDIUM,Compatible via same adapter path as Nuna PIPA rx.,,,,2026-07-04 00:34:00.028,2026-07-04 00:34:00.028
cmqzte0de000dsjat42jhvfeg,Joolz,Dot Ultra Travel,cmqx8d4v9000x13kp4ryugipd,Nuna,PIPA Aire,nuna-pipa-lite-rx,INFANT,ADAPTER,t,,MEDIUM,Joolz Dot / Geo accepts Nuna / Maxi-Cosi / CYBEX / Clek infant seats via a Joolz click-and-go car seat adapter (sold separately). Confirm the exact adapter for your model year before purchase.,,,,2026-06-29 22:53:49.538,2026-06-29 22:53:49.538
cmqzte0i9000fsjatokz4swf9,Joolz,Dot Ultra Travel,cmqx8d4v9000x13kp4ryugipd,Nuna,PIPA Aire rx,nuna-pipa-aire-rx,INFANT,ADAPTER,t,,MEDIUM,Joolz Dot / Geo accepts Nuna / Maxi-Cosi / CYBEX / Clek infant seats via a Joolz click-and-go car seat adapter (sold separately). Confirm the exact adapter for your model year before purchase.,,,,2026-06-29 22:53:49.713,2026-06-29 22:53:49.713
cmqzte0n2000hsjatc1vkd8kn,Joolz,Dot Ultra Travel,cmqx8d4v9000x13kp4ryugipd,Nuna,PIPA RX,nuna-pipa-rx,INFANT,ADAPTER,t,,MEDIUM,Joolz Dot / Geo accepts Nuna / Maxi-Cosi / CYBEX / Clek infant seats via a Joolz click-and-go car seat adapter (sold separately). Confirm the exact adapter for your model year before purchase.,,,,2026-06-29 22:53:49.886,2026-06-29 22:53:49.886
cmqzte0ru000jsjatxrx3ay6z,Joolz,Dot Ultra Travel,cmqx8d4v9000x13kp4ryugipd,Nuna,PIPA urbn,nuna-pipa-urbn,INFANT,ADAPTER,t,,MEDIUM,Joolz Dot / Geo accepts Nuna / Maxi-Cosi / CYBEX / Clek infant seats via a Joolz click-and-go car seat adapter (sold separately). Confirm the exact adapter for your model year before purchase.,,,,2026-06-29 22:53:50.059,2026-06-29 22:53:50.059
joolz-geo__maxi-cosi-mico-luxe,Joolz,Geo,joolz-geo,Maxi-Cosi,Mico Luxe,maxi-cosi-mico-luxe,INFANT,ADAPTER,t,Joolz adapter for Maxi-Cosi / Nuna / CYBEX / Clek infant seats,MEDIUM,Joolz uses an adapter-based travel system path for Maxi-Cosi Mico Luxe.,,,,2026-03-22 17:19:43.856,2026-03-22 17:19:43.856
joolz-geo__maxi-cosi-mico-pro,Joolz,Geo,joolz-geo,Maxi-Cosi,Mico Pro,maxi-cosi-mico-pro,INFANT,ADAPTER,t,Joolz adapter for Maxi-Cosi / Nuna / CYBEX / Clek infant seats,MEDIUM,Compatible via same Maxi-Cosi click connector as Mico Luxe.,,,,2026-06-13 20:48:32.741,2026-06-13 20:48:32.741
cmqzte0wj000lsjatd9kwtja9,Joolz,Geo,joolz-geo,Nuna,PIPA Aire,nuna-pipa-lite-rx,INFANT,ADAPTER,t,,MEDIUM,Joolz Dot / Geo accepts Nuna / Maxi-Cosi / CYBEX / Clek infant seats via a Joolz click-and-go car seat adapter (sold separately). Confirm the exact adapter for your model year before purchase.,,,,2026-06-29 22:53:50.227,2026-06-29 22:53:50.227
joolz-geo__nuna-pipa-aire-rx,Joolz,Geo,joolz-geo,Nuna,PIPA Aire rx,nuna-pipa-aire-rx,INFANT,ADAPTER,t,Joolz adapter for Maxi-Cosi / Nuna / CYBEX / Clek infant seats,MEDIUM,Compatible via same adapter path as Nuna PIPA rx.,,,,2026-06-13 20:48:32.741,2026-06-13 20:48:32.741
joolz-geo__nuna-pipa-rx,Joolz,Geo,joolz-geo,Nuna,PIPA RX,nuna-pipa-rx,INFANT,ADAPTER,t,Joolz adapter for Maxi-Cosi / Nuna / CYBEX / Clek infant seats,MEDIUM,Joolz uses an adapter-based travel system path for Nuna PIPA RX.,,,,2026-03-22 17:19:43.856,2026-03-22 17:19:43.856
cmqzte15z000nsjatocigjzfa,Joolz,Geo,joolz-geo,Nuna,PIPA urbn,nuna-pipa-urbn,INFANT,ADAPTER,t,,MEDIUM,Joolz Dot / Geo accepts Nuna / Maxi-Cosi / CYBEX / Clek infant seats via a Joolz click-and-go car seat adapter (sold separately). Confirm the exact adapter for your model year before purchase.,,,,2026-06-29 22:53:50.567,2026-06-29 22:53:50.567
cmrbbtsnb002hyuli3fvwav2i,Joolz,Hub2,cmr11h2gp00025u5o8yyyjpsy,Clek,Liing,clek-liing,INFANT,ADAPTER,t,Joolz - Hub2 Car Seat Adapter Set,MEDIUM,"Inferred from the catalog adapter ""Joolz - Hub2 Car Seat Adapter Set"".",https://www.macrobaby.com/products/joolz-hub2-car-seat-adapter-set?_j=taylormadebabyco.com,59.99,,2026-07-08 00:15:27.048,2026-07-08 00:15:27.048
cmrbbtsru002lyuli8crswjo3,Joolz,Hub2,cmr11h2gp00025u5o8yyyjpsy,Clek,Liingo,clek-liingo,INFANT,ADAPTER,t,Joolz - Hub2 Car Seat Adapter Set,MEDIUM,"Inferred from the catalog adapter ""Joolz - Hub2 Car Seat Adapter Set"".",https://www.macrobaby.com/products/joolz-hub2-car-seat-adapter-set?_j=taylormadebabyco.com,59.99,,2026-07-08 00:15:27.21,2026-07-08 00:15:27.21
cmrmtzn9n00074fxsu424hxvk,Joolz,Hub2,cmr11h2gp00025u5o8yyyjpsy,Cybex,Aton G2,cmqx4qpgs00073835wm1de2we,INFANT,ADAPTER,t,Joolz Hub2 car seat adapter set in Black,MEDIUM,"Inferred from the catalog adapter ""Joolz Hub2 car seat adapter set in Black"".",https://babylist.pxf.io/c/6560395/1160375/13580?prodsku=2402313&u=https%3A%2F%2Fwww.babylist.com%2Fgp%2Fjoolz-hub2-car-seat-adapter-set%2F72244%2F2402313&intsrc=CATF_8981,59.99,,2026-07-16 01:29:21.035,2026-07-16 01:29:21.035
cmrmtznge000d4fxsy2wxm4wa,Joolz,Hub2,cmr11h2gp00025u5o8yyyjpsy,Cybex,Aton G2 Swivel,cmrdwvbsy000u7tmavhnk64ww,INFANT,ADAPTER,t,Joolz Hub2 car seat adapter set in Black,MEDIUM,"Inferred from the catalog adapter ""Joolz Hub2 car seat adapter set in Black"".",https://babylist.pxf.io/c/6560395/1160375/13580?prodsku=2402313&u=https%3A%2F%2Fwww.babylist.com%2Fgp%2Fjoolz-hub2-car-seat-adapter-set%2F72244%2F2402313&intsrc=CATF_8981,59.99,,2026-07-16 01:29:21.279,2026-07-16 01:29:21.279
cmrmtznbv00094fxs4rsnzql6,Joolz,Hub2,cmr11h2gp00025u5o8yyyjpsy,Cybex,Cloud G Pro Comfort Extend,cmqx4qpj400083835htva49ii,INFANT,ADAPTER,t,Joolz Hub2 car seat adapter set in Black,MEDIUM,"Inferred from the catalog adapter ""Joolz Hub2 car seat adapter set in Black"".",https://babylist.pxf.io/c/6560395/1160375/13580?prodsku=2402313&u=https%3A%2F%2Fwww.babylist.com%2Fgp%2Fjoolz-hub2-car-seat-adapter-set%2F72244%2F2402313&intsrc=CATF_8981,59.99,,2026-07-16 01:29:21.116,2026-07-16 01:29:21.116
cmrbbtsu5002nyuliru7b3efq,Joolz,Hub2,cmr11h2gp00025u5o8yyyjpsy,Cybex,Cloud T,cybex-cloud-t,INFANT,ADAPTER,t,Joolz - Hub2 Car Seat Adapter Set,MEDIUM,"Inferred from the catalog adapter ""Joolz - Hub2 Car Seat Adapter Set"".",https://www.macrobaby.com/products/joolz-hub2-car-seat-adapter-set?_j=taylormadebabyco.com,59.99,,2026-07-08 00:15:27.293,2026-07-08 00:15:27.293
cmrmtznku000h4fxs7f1ylwtn,Joolz,Hub2,cmr11h2gp00025u5o8yyyjpsy,Maxi-Cosi,Ambra,cmqx4qqbg000k3835k8b3mf6l,INFANT,ADAPTER,t,Joolz Hub2 car seat adapter set in Black,MEDIUM,"Inferred from the catalog adapter ""Joolz Hub2 car seat adapter set in Black"".",https://babylist.pxf.io/c/6560395/1160375/13580?prodsku=2402313&u=https%3A%2F%2Fwww.babylist.com%2Fgp%2Fjoolz-hub2-car-seat-adapter-set%2F72244%2F2402313&intsrc=CATF_8981,59.99,,2026-07-16 01:29:21.438,2026-07-16 01:29:21.438
cmrmtzn5700034fxspwfct196,Joolz,Hub2,cmr11h2gp00025u5o8yyyjpsy,Maxi-Cosi,Mico Luxe,maxi-cosi-mico-luxe,INFANT,ADAPTER,t,Joolz Hub2 car seat adapter set in Black,MEDIUM,"Inferred from the catalog adapter ""Joolz Hub2 car seat adapter set in Black"".",https://babylist.pxf.io/c/6560395/1160375/13580?prodsku=2402313&u=https%3A%2F%2Fwww.babylist.com%2Fgp%2Fjoolz-hub2-car-seat-adapter-set%2F72244%2F2402313&intsrc=CATF_8981,59.99,,2026-07-16 01:29:20.876,2026-07-16 01:29:20.876
cmrmtzn7f00054fxsogd6hpur,Joolz,Hub2,cmr11h2gp00025u5o8yyyjpsy,Maxi-Cosi,Mico Pro,maxi-cosi-mico-pro,INFANT,ADAPTER,t,Joolz Hub2 car seat adapter set in Black,MEDIUM,"Inferred from the catalog adapter ""Joolz Hub2 car seat adapter set in Black"".",https://babylist.pxf.io/c/6560395/1160375/13580?prodsku=2402313&u=https%3A%2F%2Fwww.babylist.com%2Fgp%2Fjoolz-hub2-car-seat-adapter-set%2F72244%2F2402313&intsrc=CATF_8981,59.99,,2026-07-16 01:29:20.956,2026-07-16 01:29:20.956
cmrmtzne3000b4fxsbtkane13,Joolz,Hub2,cmr11h2gp00025u5o8yyyjpsy,Maxi-Cosi,Peri 180,maxi-cosi-peri,INFANT,ADAPTER,t,Joolz Hub2 car seat adapter set in Black,MEDIUM,"Inferred from the catalog adapter ""Joolz Hub2 car seat adapter set in Black"".",https://babylist.pxf.io/c/6560395/1160375/13580?prodsku=2402313&u=https%3A%2F%2Fwww.babylist.com%2Fgp%2Fjoolz-hub2-car-seat-adapter-set%2F72244%2F2402313&intsrc=CATF_8981,59.99,,2026-07-16 01:29:21.195,2026-07-16 01:29:21.195
cmr11h7z800053tavbm8c5j7u,Joolz,Hub2,cmr11h2gp00025u5o8yyyjpsy,Nuna,PIPA Aire,nuna-pipa-lite-rx,INFANT,ADAPTER,t,,MEDIUM,Joolz Dot / Geo / Hub accepts Nuna / Maxi-Cosi / CYBEX / Clek infant seats via a Joolz click-and-go car seat adapter (sold separately). Confirm the exact adapter for your model year before purchase.,,,,2026-06-30 19:28:02.468,2026-06-30 19:28:02.468
cmr11h83u00073tavcm9462vx,Joolz,Hub2,cmr11h2gp00025u5o8yyyjpsy,Nuna,PIPA Aire rx,nuna-pipa-aire-rx,INFANT,ADAPTER,t,,MEDIUM,Joolz Dot / Geo / Hub accepts Nuna / Maxi-Cosi / CYBEX / Clek infant seats via a Joolz click-and-go car seat adapter (sold separately). Confirm the exact adapter for your model year before purchase.,,,,2026-06-30 19:28:02.634,2026-06-30 19:28:02.634
cmr11h88b00093tavampqxzkz,Joolz,Hub2,cmr11h2gp00025u5o8yyyjpsy,Nuna,PIPA RX,nuna-pipa-rx,INFANT,ADAPTER,t,,MEDIUM,Joolz Dot / Geo / Hub accepts Nuna / Maxi-Cosi / CYBEX / Clek infant seats via a Joolz click-and-go car seat adapter (sold separately). Confirm the exact adapter for your model year before purchase.,,,,2026-06-30 19:28:02.796,2026-06-30 19:28:02.796
cmr11h8cu000b3tavynrvio82,Joolz,Hub2,cmr11h2gp00025u5o8yyyjpsy,Nuna,PIPA urbn,nuna-pipa-urbn,INFANT,ADAPTER,t,,MEDIUM,Joolz Dot / Geo / Hub accepts Nuna / Maxi-Cosi / CYBEX / Clek infant seats via a Joolz click-and-go car seat adapter (sold separately). Confirm the exact adapter for your model year before purchase.,,,,2026-06-30 19:28:02.958,2026-06-30 19:28:02.958
joovy-caboose-s__maxi-cosi-mico-luxe,Joovy,Caboose S,joovy-caboose-s,Maxi-Cosi,Mico Luxe,maxi-cosi-mico-luxe,INFANT,ADAPTER,t,Joovy car seat adapter for Maxi-Cosi,HIGH,Maxi-Cosi Mico Luxe fits the Joovy Caboose S via a Joovy Maxi-Cosi adapter. Confirm the correct adapter SKU for your stroller model before purchase.,,,,2026-06-15 20:33:14.735,2026-06-15 20:33:14.735
joovy-caboose-s__maxi-cosi-mico-pro,Joovy,Caboose S,joovy-caboose-s,Maxi-Cosi,Mico Pro,maxi-cosi-mico-pro,INFANT,ADAPTER,t,Joovy car seat adapter for Maxi-Cosi,HIGH,Maxi-Cosi Mico Pro fits the Joovy Caboose S via a Joovy Maxi-Cosi adapter. Confirm the correct adapter SKU for your stroller model before purchase.,,,,2026-06-15 20:33:14.735,2026-06-15 20:33:14.735
joovy-caboose-s__maxi-cosi-peri,Joovy,Caboose S,joovy-caboose-s,Maxi-Cosi,Peri 180,maxi-cosi-peri,INFANT,ADAPTER,t,Joovy car seat adapter for Maxi-Cosi,HIGH,Maxi-Cosi Peri 180 fits the Joovy Caboose S via a Joovy Maxi-Cosi adapter. Confirm the correct adapter SKU for your stroller model before purchase.,,,,2026-06-15 20:33:14.735,2026-06-15 20:33:14.735
joovy-caboose-s__nuna-pipa-lite-rx,Joovy,Caboose S,joovy-caboose-s,Nuna,PIPA Aire,nuna-pipa-lite-rx,INFANT,ADAPTER,t,Joovy car seat adapter for Nuna,HIGH,Nuna PIPA Aire fits the Joovy Caboose S via a Joovy Nuna adapter. Confirm the correct adapter SKU for your stroller model before purchase.,,,,2026-06-15 20:33:14.735,2026-06-15 20:33:14.735
joovy-caboose-s__nuna-pipa-aire-rx,Joovy,Caboose S,joovy-caboose-s,Nuna,PIPA Aire rx,nuna-pipa-aire-rx,INFANT,ADAPTER,t,Joovy car seat adapter for Nuna,HIGH,Nuna PIPA Aire rx fits the Joovy Caboose S via a Joovy Nuna adapter. Confirm the correct adapter SKU for your stroller model before purchase.,,,,2026-06-15 20:33:14.735,2026-06-15 20:33:14.735
joovy-caboose-s__nuna-pipa-rx,Joovy,Caboose S,joovy-caboose-s,Nuna,PIPA RX,nuna-pipa-rx,INFANT,ADAPTER,t,Joovy car seat adapter for Nuna,HIGH,Nuna PIPA RX fits the Joovy Caboose S via a Joovy Nuna adapter. Confirm the correct adapter SKU for your stroller model before purchase.,,,,2026-06-15 20:33:14.735,2026-06-15 20:33:14.735
joovy-caboose-s__nuna-pipa-urbn,Joovy,Caboose S,joovy-caboose-s,Nuna,PIPA urbn,nuna-pipa-urbn,INFANT,ADAPTER,t,Joovy car seat adapter for Nuna,HIGH,Nuna PIPA urbn fits the Joovy Caboose S via a Joovy Nuna adapter. Confirm the correct adapter SKU for your stroller model before purchase.,,,,2026-06-15 20:33:14.735,2026-06-15 20:33:14.735
joovy-caboose-ultralight-graphite__maxi-cosi-mico-luxe,Joovy,Caboose Ultralight Graphite,joovy-caboose-ultralight-graphite,Maxi-Cosi,Mico Luxe,maxi-cosi-mico-luxe,INFANT,ADAPTER,t,Joovy car seat adapter for Maxi-Cosi,HIGH,Maxi-Cosi Mico Luxe fits the Joovy Caboose Ultralight Graphite via a Joovy Maxi-Cosi adapter. Confirm the correct adapter SKU for your stroller model before purchase.,,,,2026-06-15 20:33:14.735,2026-06-15 20:33:14.735
joovy-caboose-ultralight-graphite__maxi-cosi-mico-pro,Joovy,Caboose Ultralight Graphite,joovy-caboose-ultralight-graphite,Maxi-Cosi,Mico Pro,maxi-cosi-mico-pro,INFANT,ADAPTER,t,Joovy car seat adapter for Maxi-Cosi,HIGH,Maxi-Cosi Mico Pro fits the Joovy Caboose Ultralight Graphite via a Joovy Maxi-Cosi adapter. Confirm the correct adapter SKU for your stroller model before purchase.,,,,2026-06-15 20:33:14.735,2026-06-15 20:33:14.735
joovy-caboose-ultralight-graphite__maxi-cosi-peri,Joovy,Caboose Ultralight Graphite,joovy-caboose-ultralight-graphite,Maxi-Cosi,Peri 180,maxi-cosi-peri,INFANT,ADAPTER,t,Joovy car seat adapter for Maxi-Cosi,HIGH,Maxi-Cosi Peri 180 fits the Joovy Caboose Ultralight Graphite via a Joovy Maxi-Cosi adapter. Confirm the correct adapter SKU for your stroller model before purchase.,,,,2026-06-15 20:33:14.735,2026-06-15 20:33:14.735
joovy-caboose-ultralight-graphite__nuna-pipa-lite-rx,Joovy,Caboose Ultralight Graphite,joovy-caboose-ultralight-graphite,Nuna,PIPA Aire,nuna-pipa-lite-rx,INFANT,ADAPTER,t,Joovy car seat adapter for Nuna,HIGH,Nuna PIPA Aire fits the Joovy Caboose Ultralight Graphite via a Joovy Nuna adapter. Confirm the correct adapter SKU for your stroller model before purchase.,,,,2026-06-15 20:33:14.735,2026-06-15 20:33:14.735
joovy-caboose-ultralight-graphite__nuna-pipa-aire-rx,Joovy,Caboose Ultralight Graphite,joovy-caboose-ultralight-graphite,Nuna,PIPA Aire rx,nuna-pipa-aire-rx,INFANT,ADAPTER,t,Joovy car seat adapter for Nuna,HIGH,Nuna PIPA Aire rx fits the Joovy Caboose Ultralight Graphite via a Joovy Nuna adapter. Confirm the correct adapter SKU for your stroller model before purchase.,,,,2026-06-15 20:33:14.735,2026-06-15 20:33:14.735
joovy-caboose-ultralight-graphite__nuna-pipa-rx,Joovy,Caboose Ultralight Graphite,joovy-caboose-ultralight-graphite,Nuna,PIPA RX,nuna-pipa-rx,INFANT,ADAPTER,t,Joovy car seat adapter for Nuna,HIGH,Nuna PIPA RX fits the Joovy Caboose Ultralight Graphite via a Joovy Nuna adapter. Confirm the correct adapter SKU for your stroller model before purchase.,,,,2026-06-15 20:33:14.735,2026-06-15 20:33:14.735
joovy-caboose-ultralight-graphite__nuna-pipa-urbn,Joovy,Caboose Ultralight Graphite,joovy-caboose-ultralight-graphite,Nuna,PIPA urbn,nuna-pipa-urbn,INFANT,ADAPTER,t,Joovy car seat adapter for Nuna,HIGH,Nuna PIPA urbn fits the Joovy Caboose Ultralight Graphite via a Joovy Nuna adapter. Confirm the correct adapter SKU for your stroller model before purchase.,,,,2026-06-15 20:33:14.735,2026-06-15 20:33:14.735
joovy-caboose-ultralight-graphite__uppababy-aria-v2,Joovy,Caboose Ultralight Graphite,joovy-caboose-ultralight-graphite,UPPAbaby,Aria V2,uppababy-aria-v2,INFANT,ADAPTER,t,Joovy car seat adapter for UPPAbaby,HIGH,UPPAbaby Aria V2 fits the Joovy Caboose Ultralight Graphite via a Joovy UPPAbaby adapter. Confirm the correct adapter SKU for your stroller model before purchase.,,,,2026-06-15 20:33:14.735,2026-06-15 20:33:14.735
joovy-caboose-ultralight-graphite__uppababy-mesa-v3,Joovy,Caboose Ultralight Graphite,joovy-caboose-ultralight-graphite,UPPAbaby,Mesa V3,uppababy-mesa-v3,INFANT,ADAPTER,t,Joovy car seat adapter for UPPAbaby,HIGH,UPPAbaby Mesa V3 fits the Joovy Caboose Ultralight Graphite via a Joovy UPPAbaby adapter. Confirm the correct adapter SKU for your stroller model before purchase.,,,,2026-06-15 20:33:14.735,2026-06-15 20:33:14.735
joovy-qool__maxi-cosi-mico-luxe,Joovy,Qool,joovy-qool,Maxi-Cosi,Mico Luxe,maxi-cosi-mico-luxe,INFANT,ADAPTER,t,Joovy car seat adapter for Maxi-Cosi,HIGH,Maxi-Cosi Mico Luxe fits the Joovy Qool via a Joovy Maxi-Cosi adapter. Confirm the correct adapter SKU for your stroller model before purchase.,,,,2026-06-15 20:33:14.735,2026-06-15 20:33:14.735
joovy-qool__maxi-cosi-mico-pro,Joovy,Qool,joovy-qool,Maxi-Cosi,Mico Pro,maxi-cosi-mico-pro,INFANT,ADAPTER,t,Joovy car seat adapter for Maxi-Cosi,HIGH,Maxi-Cosi Mico Pro fits the Joovy Qool via a Joovy Maxi-Cosi adapter. Confirm the correct adapter SKU for your stroller model before purchase.,,,,2026-06-15 20:33:14.735,2026-06-15 20:33:14.735
joovy-qool__maxi-cosi-peri,Joovy,Qool,joovy-qool,Maxi-Cosi,Peri 180,maxi-cosi-peri,INFANT,ADAPTER,t,Joovy car seat adapter for Maxi-Cosi,HIGH,Maxi-Cosi Peri 180 fits the Joovy Qool via a Joovy Maxi-Cosi adapter. Confirm the correct adapter SKU for your stroller model before purchase.,,,,2026-06-15 20:33:14.735,2026-06-15 20:33:14.735
joovy-qool__nuna-pipa-lite-rx,Joovy,Qool,joovy-qool,Nuna,PIPA Aire,nuna-pipa-lite-rx,INFANT,ADAPTER,t,Joovy car seat adapter for Nuna,HIGH,Nuna PIPA Aire fits the Joovy Qool via a Joovy Nuna adapter. Confirm the correct adapter SKU for your stroller model before purchase.,,,,2026-06-15 20:33:14.735,2026-06-15 20:33:14.735
joovy-qool__nuna-pipa-aire-rx,Joovy,Qool,joovy-qool,Nuna,PIPA Aire rx,nuna-pipa-aire-rx,INFANT,ADAPTER,t,Joovy car seat adapter for Nuna,HIGH,Nuna PIPA Aire rx fits the Joovy Qool via a Joovy Nuna adapter. Confirm the correct adapter SKU for your stroller model before purchase.,,,,2026-06-15 20:33:14.735,2026-06-15 20:33:14.735
joovy-qool__nuna-pipa-rx,Joovy,Qool,joovy-qool,Nuna,PIPA RX,nuna-pipa-rx,INFANT,ADAPTER,t,Joovy car seat adapter for Nuna,HIGH,Nuna PIPA RX fits the Joovy Qool via a Joovy Nuna adapter. Confirm the correct adapter SKU for your stroller model before purchase.,,,,2026-06-15 20:33:14.735,2026-06-15 20:33:14.735
joovy-qool__nuna-pipa-urbn,Joovy,Qool,joovy-qool,Nuna,PIPA urbn,nuna-pipa-urbn,INFANT,ADAPTER,t,Joovy car seat adapter for Nuna,HIGH,Nuna PIPA urbn fits the Joovy Qool via a Joovy Nuna adapter. Confirm the correct adapter SKU for your stroller model before purchase.,,,,2026-06-15 20:33:14.735,2026-06-15 20:33:14.735
joovy-twin-roo-plus__maxi-cosi-mico-luxe,Joovy,Twin Roo+,joovy-twin-roo-plus,Maxi-Cosi,Mico Luxe,maxi-cosi-mico-luxe,INFANT,ADAPTER,t,Joovy car seat adapter for Maxi-Cosi,HIGH,Maxi-Cosi Mico Luxe fits the Joovy Twin Roo+ via a Joovy Maxi-Cosi adapter. Confirm the correct adapter SKU for your stroller model before purchase.,,,,2026-06-15 20:33:14.735,2026-06-15 20:33:14.735
joovy-twin-roo-plus__maxi-cosi-mico-pro,Joovy,Twin Roo+,joovy-twin-roo-plus,Maxi-Cosi,Mico Pro,maxi-cosi-mico-pro,INFANT,ADAPTER,t,Joovy car seat adapter for Maxi-Cosi,HIGH,Maxi-Cosi Mico Pro fits the Joovy Twin Roo+ via a Joovy Maxi-Cosi adapter. Confirm the correct adapter SKU for your stroller model before purchase.,,,,2026-06-15 20:33:14.735,2026-06-15 20:33:14.735
joovy-twin-roo-plus__maxi-cosi-peri,Joovy,Twin Roo+,joovy-twin-roo-plus,Maxi-Cosi,Peri 180,maxi-cosi-peri,INFANT,ADAPTER,t,Joovy car seat adapter for Maxi-Cosi,HIGH,Maxi-Cosi Peri 180 fits the Joovy Twin Roo+ via a Joovy Maxi-Cosi adapter. Confirm the correct adapter SKU for your stroller model before purchase.,,,,2026-06-15 20:33:14.735,2026-06-15 20:33:14.735
joovy-twin-roo-plus__uppababy-aria-v2,Joovy,Twin Roo+,joovy-twin-roo-plus,UPPAbaby,Aria V2,uppababy-aria-v2,INFANT,ADAPTER,t,Joovy car seat adapter for UPPAbaby,HIGH,UPPAbaby Aria V2 fits the Joovy Twin Roo+ via a Joovy UPPAbaby adapter. Confirm the correct adapter SKU for your stroller model before purchase.,,,,2026-06-15 20:33:14.735,2026-06-15 20:33:14.735
joovy-twin-roo-plus__uppababy-mesa-v3,Joovy,Twin Roo+,joovy-twin-roo-plus,UPPAbaby,Mesa V3,uppababy-mesa-v3,INFANT,ADAPTER,t,Joovy car seat adapter for UPPAbaby,HIGH,UPPAbaby Mesa V3 fits the Joovy Twin Roo+ via a Joovy UPPAbaby adapter. Confirm the correct adapter SKU for your stroller model before purchase.,,,,2026-06-15 20:33:14.735,2026-06-15 20:33:14.735
cmrfd6an600mht7814md87uoh,Larktale,Caravan Coupe Quad,cmqpqr0au001k7qll71z91bkj,Chicco,KeyFit 30,chicco-keyfit-30,INFANT,ADAPTER,t,,MEDIUM,Larktale Caravan accepts Nuna / Maxi-Cosi / CYBEX / Clek infant seats via a Larktale click-and-go car seat adapter (sold separately). Confirm the exact adapter for your model year before purchase.,,,,2026-07-10 20:04:14.563,2026-07-10 20:04:14.563
cmrfd6arw00mjt781d5u01tob,Larktale,Caravan Coupe Quad,cmqpqr0au001k7qll71z91bkj,Chicco,KeyFit 30 ClearTex,cmqx4qp6y00033835pgtlizxk,INFANT,ADAPTER,t,,MEDIUM,Larktale Caravan accepts Nuna / Maxi-Cosi / CYBEX / Clek infant seats via a Larktale click-and-go car seat adapter (sold separately). Confirm the exact adapter for your model year before purchase.,,,,2026-07-10 20:04:14.732,2026-07-10 20:04:14.732
cmrfd6b1000mnt781zu3ynunr,Larktale,Caravan Coupe Quad,cmqpqr0au001k7qll71z91bkj,Chicco,KeyFit Max ClearTex,cmqx4qp9s00043835h85g6sl0,INFANT,ADAPTER,t,,MEDIUM,Larktale Caravan accepts Nuna / Maxi-Cosi / CYBEX / Clek infant seats via a Larktale click-and-go car seat adapter (sold separately). Confirm the exact adapter for your model year before purchase.,,,,2026-07-10 20:04:15.06,2026-07-10 20:04:15.06
cmrfd6b5i00mpt781y7hr8c2q,Larktale,Caravan Coupe Quad,cmqpqr0au001k7qll71z91bkj,Chicco,KeyFit Max Zip ClearLux,cmqx4qpc50005383512d994gn,INFANT,ADAPTER,t,,MEDIUM,Larktale Caravan accepts Nuna / Maxi-Cosi / CYBEX / Clek infant seats via a Larktale click-and-go car seat adapter (sold separately). Confirm the exact adapter for your model year before purchase.,,,,2026-07-10 20:04:15.223,2026-07-10 20:04:15.223
cmrfd6ba400mrt781m7ltww7q,Larktale,Caravan Coupe Quad,cmqpqr0au001k7qll71z91bkj,Chicco,KeyFit Max Zip ClearTex,cmqx4qpeg00063835eten1p5s,INFANT,ADAPTER,t,,MEDIUM,Larktale Caravan accepts Nuna / Maxi-Cosi / CYBEX / Clek infant seats via a Larktale click-and-go car seat adapter (sold separately). Confirm the exact adapter for your model year before purchase.,,,,2026-07-10 20:04:15.388,2026-07-10 20:04:15.388
cmr0t6x960001bv7atg5nhbtf,Larktale,Caravan Coupe Quad,cmqpqr0au001k7qll71z91bkj,Nuna,PIPA Aire,nuna-pipa-lite-rx,INFANT,ADAPTER,t,,MEDIUM,Larktale Caravan accepts Nuna / Maxi-Cosi / CYBEX / Clek infant seats via a Larktale click-and-go car seat adapter (sold separately). Confirm the exact adapter for your model year before purchase.,,,,2026-06-30 15:36:05.082,2026-06-30 15:36:05.082
cmr0t6xg40003bv7aq3jpe9tt,Larktale,Caravan Coupe Quad,cmqpqr0au001k7qll71z91bkj,Nuna,PIPA Aire rx,nuna-pipa-aire-rx,INFANT,ADAPTER,t,,MEDIUM,Larktale Caravan accepts Nuna / Maxi-Cosi / CYBEX / Clek infant seats via a Larktale click-and-go car seat adapter (sold separately). Confirm the exact adapter for your model year before purchase.,,,,2026-06-30 15:36:05.332,2026-06-30 15:36:05.332
cmr0t6xkt0005bv7akjk2nilt,Larktale,Caravan Coupe Quad,cmqpqr0au001k7qll71z91bkj,Nuna,PIPA RX,nuna-pipa-rx,INFANT,ADAPTER,t,,MEDIUM,Larktale Caravan accepts Nuna / Maxi-Cosi / CYBEX / Clek infant seats via a Larktale click-and-go car seat adapter (sold separately). Confirm the exact adapter for your model year before purchase.,,,,2026-06-30 15:36:05.502,2026-06-30 15:36:05.502
cmr0t6xpo0007bv7a1yds40mu,Larktale,Caravan Coupe Quad,cmqpqr0au001k7qll71z91bkj,Nuna,PIPA urbn,nuna-pipa-urbn,INFANT,ADAPTER,t,,MEDIUM,Larktale Caravan accepts Nuna / Maxi-Cosi / CYBEX / Clek infant seats via a Larktale click-and-go car seat adapter (sold separately). Confirm the exact adapter for your model year before purchase.,,,,2026-06-30 15:36:05.676,2026-06-30 15:36:05.676
cmrfd6bs400mvt781fyszndh4,Larktale,Caravan Coupe V2,cmqpqr0d4001l7qll72k5gj7h,Chicco,KeyFit 30,chicco-keyfit-30,INFANT,ADAPTER,t,,MEDIUM,Larktale Caravan accepts Nuna / Maxi-Cosi / CYBEX / Clek infant seats via a Larktale click-and-go car seat adapter (sold separately). Confirm the exact adapter for your model year before purchase.,,,,2026-07-10 20:04:16.036,2026-07-10 20:04:16.036
cmrfd6bwp00mxt7816ltpljao,Larktale,Caravan Coupe V2,cmqpqr0d4001l7qll72k5gj7h,Chicco,KeyFit 30 ClearTex,cmqx4qp6y00033835pgtlizxk,INFANT,ADAPTER,t,,MEDIUM,Larktale Caravan accepts Nuna / Maxi-Cosi / CYBEX / Clek infant seats via a Larktale click-and-go car seat adapter (sold separately). Confirm the exact adapter for your model year before purchase.,,,,2026-07-10 20:04:16.202,2026-07-10 20:04:16.202
cmrfd6c5k00n1t781ufglcrhf,Larktale,Caravan Coupe V2,cmqpqr0d4001l7qll72k5gj7h,Chicco,KeyFit Max ClearTex,cmqx4qp9s00043835h85g6sl0,INFANT,ADAPTER,t,,MEDIUM,Larktale Caravan accepts Nuna / Maxi-Cosi / CYBEX / Clek infant seats via a Larktale click-and-go car seat adapter (sold separately). Confirm the exact adapter for your model year before purchase.,,,,2026-07-10 20:04:16.52,2026-07-10 20:04:16.52
cmrfd6c9y00n3t781ehpvv0vb,Larktale,Caravan Coupe V2,cmqpqr0d4001l7qll72k5gj7h,Chicco,KeyFit Max Zip ClearLux,cmqx4qpc50005383512d994gn,INFANT,ADAPTER,t,,MEDIUM,Larktale Caravan accepts Nuna / Maxi-Cosi / CYBEX / Clek infant seats via a Larktale click-and-go car seat adapter (sold separately). Confirm the exact adapter for your model year before purchase.,,,,2026-07-10 20:04:16.678,2026-07-10 20:04:16.678
cmrfd6cei00n5t781x5f7aksl,Larktale,Caravan Coupe V2,cmqpqr0d4001l7qll72k5gj7h,Chicco,KeyFit Max Zip ClearTex,cmqx4qpeg00063835eten1p5s,INFANT,ADAPTER,t,,MEDIUM,Larktale Caravan accepts Nuna / Maxi-Cosi / CYBEX / Clek infant seats via a Larktale click-and-go car seat adapter (sold separately). Confirm the exact adapter for your model year before purchase.,,,,2026-07-10 20:04:16.842,2026-07-10 20:04:16.842
cmr0t6yyh000nbv7aj0bcdkcy,Larktale,Caravan Coupe V2,cmqpqr0d4001l7qll72k5gj7h,Nuna,PIPA Aire,nuna-pipa-lite-rx,INFANT,ADAPTER,t,,MEDIUM,Larktale Caravan accepts Nuna / Maxi-Cosi / CYBEX / Clek infant seats via a Larktale click-and-go car seat adapter (sold separately). Confirm the exact adapter for your model year before purchase.,,,,2026-06-30 15:36:07.29,2026-06-30 15:36:07.29
cmr0t6z5r000pbv7a05lno4pf,Larktale,Caravan Coupe V2,cmqpqr0d4001l7qll72k5gj7h,Nuna,PIPA Aire rx,nuna-pipa-aire-rx,INFANT,ADAPTER,t,,MEDIUM,Larktale Caravan accepts Nuna / Maxi-Cosi / CYBEX / Clek infant seats via a Larktale click-and-go car seat adapter (sold separately). Confirm the exact adapter for your model year before purchase.,,,,2026-06-30 15:36:07.552,2026-06-30 15:36:07.552
cmr0t6zdh000rbv7ad65quism,Larktale,Caravan Coupe V2,cmqpqr0d4001l7qll72k5gj7h,Nuna,PIPA RX,nuna-pipa-rx,INFANT,ADAPTER,t,,MEDIUM,Larktale Caravan accepts Nuna / Maxi-Cosi / CYBEX / Clek infant seats via a Larktale click-and-go car seat adapter (sold separately). Confirm the exact adapter for your model year before purchase.,,,,2026-06-30 15:36:07.83,2026-06-30 15:36:07.83
cmr0t6zhw000tbv7a6vl93rsx,Larktale,Caravan Coupe V2,cmqpqr0d4001l7qll72k5gj7h,Nuna,PIPA urbn,nuna-pipa-urbn,INFANT,ADAPTER,t,,MEDIUM,Larktale Caravan accepts Nuna / Maxi-Cosi / CYBEX / Clek infant seats via a Larktale click-and-go car seat adapter (sold separately). Confirm the exact adapter for your model year before purchase.,,,,2026-06-30 15:36:07.989,2026-06-30 15:36:07.989
cmrfd6cw900n9t7811vuv8qn6,Larktale,Caravan Quad,cmqpqr0fr001m7qllwzvj6bnn,Chicco,KeyFit 30,chicco-keyfit-30,INFANT,ADAPTER,t,,MEDIUM,Larktale Caravan accepts Nuna / Maxi-Cosi / CYBEX / Clek infant seats via a Larktale click-and-go car seat adapter (sold separately). Confirm the exact adapter for your model year before purchase.,,,,2026-07-10 20:04:17.481,2026-07-10 20:04:17.481
cmrfd6d1200nbt781tycl5sqz,Larktale,Caravan Quad,cmqpqr0fr001m7qllwzvj6bnn,Chicco,KeyFit 30 ClearTex,cmqx4qp6y00033835pgtlizxk,INFANT,ADAPTER,t,,MEDIUM,Larktale Caravan accepts Nuna / Maxi-Cosi / CYBEX / Clek infant seats via a Larktale click-and-go car seat adapter (sold separately). Confirm the exact adapter for your model year before purchase.,,,,2026-07-10 20:04:17.654,2026-07-10 20:04:17.654
cmrfd6da800nft7817lt0eds1,Larktale,Caravan Quad,cmqpqr0fr001m7qllwzvj6bnn,Chicco,KeyFit Max ClearTex,cmqx4qp9s00043835h85g6sl0,INFANT,ADAPTER,t,,MEDIUM,Larktale Caravan accepts Nuna / Maxi-Cosi / CYBEX / Clek infant seats via a Larktale click-and-go car seat adapter (sold separately). Confirm the exact adapter for your model year before purchase.,,,,2026-07-10 20:04:17.985,2026-07-10 20:04:17.985
cmrfd6dep00nht781j6mvxppj,Larktale,Caravan Quad,cmqpqr0fr001m7qllwzvj6bnn,Chicco,KeyFit Max Zip ClearLux,cmqx4qpc50005383512d994gn,INFANT,ADAPTER,t,,MEDIUM,Larktale Caravan accepts Nuna / Maxi-Cosi / CYBEX / Clek infant seats via a Larktale click-and-go car seat adapter (sold separately). Confirm the exact adapter for your model year before purchase.,,,,2026-07-10 20:04:18.146,2026-07-10 20:04:18.146
cmrfd6dj500njt7814bii6t9a,Larktale,Caravan Quad,cmqpqr0fr001m7qllwzvj6bnn,Chicco,KeyFit Max Zip ClearTex,cmqx4qpeg00063835eten1p5s,INFANT,ADAPTER,t,,MEDIUM,Larktale Caravan accepts Nuna / Maxi-Cosi / CYBEX / Clek infant seats via a Larktale click-and-go car seat adapter (sold separately). Confirm the exact adapter for your model year before purchase.,,,,2026-07-10 20:04:18.306,2026-07-10 20:04:18.306
cmr0t70ig0019bv7agw76ufq5,Larktale,Caravan Quad,cmqpqr0fr001m7qllwzvj6bnn,Nuna,PIPA Aire,nuna-pipa-lite-rx,INFANT,ADAPTER,t,,MEDIUM,Larktale Caravan accepts Nuna / Maxi-Cosi / CYBEX / Clek infant seats via a Larktale click-and-go car seat adapter (sold separately). Confirm the exact adapter for your model year before purchase.,,,,2026-06-30 15:36:09.305,2026-06-30 15:36:09.305
cmr0t70nx001bbv7axc9tfq2b,Larktale,Caravan Quad,cmqpqr0fr001m7qllwzvj6bnn,Nuna,PIPA Aire rx,nuna-pipa-aire-rx,INFANT,ADAPTER,t,,MEDIUM,Larktale Caravan accepts Nuna / Maxi-Cosi / CYBEX / Clek infant seats via a Larktale click-and-go car seat adapter (sold separately). Confirm the exact adapter for your model year before purchase.,,,,2026-06-30 15:36:09.501,2026-06-30 15:36:09.501
cmr0t70sy001dbv7ankq1okp2,Larktale,Caravan Quad,cmqpqr0fr001m7qllwzvj6bnn,Nuna,PIPA RX,nuna-pipa-rx,INFANT,ADAPTER,t,,MEDIUM,Larktale Caravan accepts Nuna / Maxi-Cosi / CYBEX / Clek infant seats via a Larktale click-and-go car seat adapter (sold separately). Confirm the exact adapter for your model year before purchase.,,,,2026-06-30 15:36:09.683,2026-06-30 15:36:09.683
cmr0t70xl001fbv7angb8x4ib,Larktale,Caravan Quad,cmqpqr0fr001m7qllwzvj6bnn,Nuna,PIPA urbn,nuna-pipa-urbn,INFANT,ADAPTER,t,,MEDIUM,Larktale Caravan accepts Nuna / Maxi-Cosi / CYBEX / Clek infant seats via a Larktale click-and-go car seat adapter (sold separately). Confirm the exact adapter for your model year before purchase.,,,,2026-06-30 15:36:09.849,2026-06-30 15:36:09.849
cmqzsx33u000zvnthfdqxonvw,Maxi-Cosi,Fame Modular,cmqx8d4xj000y13kp8g65kbr1,Maxi-Cosi,Mico Luxe,maxi-cosi-mico-luxe,INFANT,DIRECT,f,,MEDIUM,Conservative same-brand default for Fame / Oxford / Tayla / Zelia strollers and Mico / Coral / Peri infant seats. Confirm current model-year details before purchase.,,,,2026-06-29 22:40:39.931,2026-06-29 22:40:39.931
cmqzsx38k0011vnthu5yflwjz,Maxi-Cosi,Fame Modular,cmqx8d4xj000y13kp8g65kbr1,Maxi-Cosi,Mico Pro,maxi-cosi-mico-pro,INFANT,DIRECT,f,,MEDIUM,Conservative same-brand default for Fame / Oxford / Tayla / Zelia strollers and Mico / Coral / Peri infant seats. Confirm current model-year details before purchase.,,,,2026-06-29 22:40:40.101,2026-06-29 22:40:40.101
cmqzsx3dc0013vnthmh6nf7j1,Maxi-Cosi,Fame Modular,cmqx8d4xj000y13kp8g65kbr1,Maxi-Cosi,Peri 180,maxi-cosi-peri,INFANT,DIRECT,f,,MEDIUM,Conservative same-brand default for Fame / Oxford / Tayla / Zelia strollers and Mico / Coral / Peri infant seats. Confirm current model-year details before purchase.,,,,2026-06-29 22:40:40.273,2026-06-29 22:40:40.273
maxi-cosi-lila__maxi-cosi-mico-luxe,Maxi-Cosi,Lila,maxi-cosi-lila,Maxi-Cosi,Mico Luxe,maxi-cosi-mico-luxe,INFANT,ADAPTER,t,Maxi-Cosi car seat adapter (included with stroller),HIGH,Maxi-Cosi Mico Luxe is compatible with the Maxi-Cosi Lila. The adapter is included with stroller purchase.,,,,2026-06-15 20:33:14.735,2026-06-15 20:33:14.735
maxi-cosi-lila__maxi-cosi-mico-pro,Maxi-Cosi,Lila,maxi-cosi-lila,Maxi-Cosi,Mico Pro,maxi-cosi-mico-pro,INFANT,ADAPTER,t,Maxi-Cosi car seat adapter (included with stroller),HIGH,Maxi-Cosi Mico Pro is compatible with the Maxi-Cosi Lila. The adapter is included with stroller purchase.,,,,2026-06-15 20:33:14.735,2026-06-15 20:33:14.735
maxi-cosi-lila__maxi-cosi-peri,Maxi-Cosi,Lila,maxi-cosi-lila,Maxi-Cosi,Peri 180,maxi-cosi-peri,INFANT,ADAPTER,t,Maxi-Cosi car seat adapter (included with stroller),HIGH,Maxi-Cosi Peri 180 is compatible with the Maxi-Cosi Lila. The adapter is included with stroller purchase.,,,,2026-06-15 20:33:14.735,2026-06-15 20:33:14.735
cmqzsx3ms0017vnthhgj9s432,Maxi-Cosi,Oxford Cabin Travel,cmqpqr0kg001o7qll8qrtlpwj,Maxi-Cosi,Mico Luxe,maxi-cosi-mico-luxe,INFANT,DIRECT,f,,MEDIUM,Conservative same-brand default for Fame / Oxford / Tayla / Zelia strollers and Mico / Coral / Peri infant seats. Confirm current model-year details before purchase.,,,,2026-06-29 22:40:40.612,2026-06-29 22:40:40.612
cmqzsx3rm0019vnthw0qsxbzf,Maxi-Cosi,Oxford Cabin Travel,cmqpqr0kg001o7qll8qrtlpwj,Maxi-Cosi,Mico Pro,maxi-cosi-mico-pro,INFANT,DIRECT,f,,MEDIUM,Conservative same-brand default for Fame / Oxford / Tayla / Zelia strollers and Mico / Coral / Peri infant seats. Confirm current model-year details before purchase.,,,,2026-06-29 22:40:40.786,2026-06-29 22:40:40.786
cmqzsx3wb001bvnthdq85zl3i,Maxi-Cosi,Oxford Cabin Travel,cmqpqr0kg001o7qll8qrtlpwj,Maxi-Cosi,Peri 180,maxi-cosi-peri,INFANT,DIRECT,f,,MEDIUM,Conservative same-brand default for Fame / Oxford / Tayla / Zelia strollers and Mico / Coral / Peri infant seats. Confirm current model-year details before purchase.,,,,2026-06-29 22:40:40.955,2026-06-29 22:40:40.955
maxi-cosi-tayla__maxi-cosi-mico-luxe,Maxi-Cosi,Tayla,maxi-cosi-tayla,Maxi-Cosi,Mico Luxe,maxi-cosi-mico-luxe,INFANT,ADAPTER,t,Maxi-Cosi car seat adapter (included with stroller),HIGH,Maxi-Cosi Mico Luxe is compatible with the Maxi-Cosi Tayla. The adapter is included with stroller purchase.,,,,2026-06-15 20:33:14.735,2026-06-15 20:33:14.735
maxi-cosi-tayla__maxi-cosi-mico-pro,Maxi-Cosi,Tayla,maxi-cosi-tayla,Maxi-Cosi,Mico Pro,maxi-cosi-mico-pro,INFANT,ADAPTER,t,Maxi-Cosi car seat adapter (included with stroller),HIGH,Maxi-Cosi Mico Pro is compatible with the Maxi-Cosi Tayla. The adapter is included with stroller purchase.,,,,2026-06-15 20:33:14.735,2026-06-15 20:33:14.735
maxi-cosi-tayla__maxi-cosi-peri,Maxi-Cosi,Tayla,maxi-cosi-tayla,Maxi-Cosi,Peri 180,maxi-cosi-peri,INFANT,ADAPTER,t,Maxi-Cosi car seat adapter (included with stroller),HIGH,Maxi-Cosi Peri 180 is compatible with the Maxi-Cosi Tayla. The adapter is included with stroller purchase.,,,,2026-06-15 20:33:14.735,2026-06-15 20:33:14.735
cmqu8md3v004hwwsb5qsvvqhz,Maxi-Cosi,Tayla Max Modular,cmqpqr0mr001p7qll44id4ncr,Maxi-Cosi,Mico Luxe,maxi-cosi-mico-luxe,INFANT,ADAPTER,t,Maxi-Cosi car seat adapter (included with stroller),HIGH,Maxi-Cosi Mico Luxe is compatible with the Maxi-Cosi Tayla. The adapter is included with stroller purchase.,,,,2026-06-26 01:13:36.475,2026-06-26 01:13:36.475
cmqu8mdav004nwwsb4vhhynzc,Maxi-Cosi,Tayla Max Modular,cmqpqr0mr001p7qll44id4ncr,Maxi-Cosi,Mico Pro,maxi-cosi-mico-pro,INFANT,ADAPTER,t,Maxi-Cosi car seat adapter (included with stroller),HIGH,Maxi-Cosi Mico Pro is compatible with the Maxi-Cosi Tayla. The adapter is included with stroller purchase.,,,,2026-06-26 01:13:36.728,2026-06-26 01:13:36.728
cmqu8md8k004lwwsbljj6bmgb,Maxi-Cosi,Tayla Max Modular,cmqpqr0mr001p7qll44id4ncr,Maxi-Cosi,Peri 180,maxi-cosi-peri,INFANT,ADAPTER,t,Maxi-Cosi car seat adapter (included with stroller),HIGH,Maxi-Cosi Peri 180 is compatible with the Maxi-Cosi Tayla. The adapter is included with stroller purchase.,,,,2026-06-26 01:13:36.645,2026-06-26 01:13:36.645
cmry4kv3a003rpaeglp7c7z21,Mercedes,Amg Gt² Single,cmqx8d4zv000z13kphx33yzvr,Clek,Liing,clek-liing,INFANT,ADAPTER,t,,HIGH,,,,,2026-07-23 23:11:15.045,2026-07-23 23:11:15.045
cmry4kv3a003vpaegi5n1iuam,Mercedes,Amg Gt² Single,cmqx8d4zv000z13kphx33yzvr,Clek,Liingo,clek-liingo,INFANT,ADAPTER,t,,HIGH,,,,,2026-07-23 23:11:15.045,2026-07-23 23:11:15.045
cmry4kv3b003zpaeg0tj6smtm,Mercedes,Amg Gt² Single,cmqx8d4zv000z13kphx33yzvr,Cybex,Aton G2,cmqx4qpgs00073835wm1de2we,INFANT,ADAPTER,t,,HIGH,,,,,2026-07-23 23:11:15.045,2026-07-23 23:11:15.045
cmry4kv3b003xpaegdezj2eoc,Mercedes,Amg Gt² Single,cmqx8d4zv000z13kphx33yzvr,Cybex,Aton G2 Swivel,cmrdwvbsy000u7tmavhnk64ww,INFANT,ADAPTER,t,,HIGH,,,,,2026-07-23 23:11:15.045,2026-07-23 23:11:15.045
cmry4kv3a003tpaegrconx37e,Mercedes,Amg Gt² Single,cmqx8d4zv000z13kphx33yzvr,Cybex,Cloud G Pro Comfort Extend,cmqx4qpj400083835htva49ii,INFANT,ADAPTER,t,,HIGH,,,,,2026-07-23 23:11:15.045,2026-07-23 23:11:15.045
cmry4kv3j0041paegpl7gipom,Mercedes,Amg Gt² Single,cmqx8d4zv000z13kphx33yzvr,Cybex,Cloud T,cybex-cloud-t,INFANT,ADAPTER,t,,HIGH,,,,,2026-07-23 23:11:15.045,2026-07-23 23:11:15.045
cmry4hx1u002spaeg6u1bnslj,Mercedes,Amg Gt² Single,cmqx8d4zv000z13kphx33yzvr,Maxi-Cosi,Ambra,cmqx4qqbg000k3835k8b3mf6l,INFANT,ADAPTER,t,,HIGH,,,,,2026-07-23 23:08:57.618,2026-07-23 23:08:57.618
cmry4hx1u002wpaegfhxehb8j,Mercedes,Amg Gt² Single,cmqx8d4zv000z13kphx33yzvr,Maxi-Cosi,Mico Luxe,maxi-cosi-mico-luxe,INFANT,ADAPTER,t,,HIGH,,,,,2026-07-23 23:08:57.618,2026-07-23 23:08:57.618
cmry4hx1u002vpaegx0lyo5mu,Mercedes,Amg Gt² Single,cmqx8d4zv000z13kphx33yzvr,Maxi-Cosi,Mico Pro,maxi-cosi-mico-pro,INFANT,ADAPTER,t,,HIGH,,,,,2026-07-23 23:08:57.618,2026-07-23 23:08:57.618
cmry4hx1v002ypaeg1ffchbb4,Mercedes,Amg Gt² Single,cmqx8d4zv000z13kphx33yzvr,Maxi-Cosi,Peri 180,maxi-cosi-peri,INFANT,ADAPTER,t,,HIGH,,,,,2026-07-23 23:08:57.618,2026-07-23 23:08:57.618
cmqzte8u6003lsjat8n42x1aj,Mercedes,Amg Gt² Single,cmqx8d4zv000z13kphx33yzvr,Nuna,PIPA Aire,nuna-pipa-lite-rx,INFANT,ADAPTER,t,,HIGH,,,,,2026-06-29 22:54:00.51,2026-07-23 23:08:57.618
cmqzte8yt003nsjat9hgan5sv,Mercedes,Amg Gt² Single,cmqx8d4zv000z13kphx33yzvr,Nuna,PIPA Aire rx,nuna-pipa-aire-rx,INFANT,ADAPTER,t,,HIGH,,,,,2026-06-29 22:54:00.677,2026-07-23 23:08:57.618
cmqzte93k003psjatmvq5a7r4,Mercedes,Amg Gt² Single,cmqx8d4zv000z13kphx33yzvr,Nuna,PIPA RX,nuna-pipa-rx,INFANT,ADAPTER,t,,HIGH,,,,,2026-06-29 22:54:00.849,2026-07-23 23:08:57.618
cmqzte982003rsjatf9rhlim7,Mercedes,Amg Gt² Single,cmqx8d4zv000z13kphx33yzvr,Nuna,PIPA urbn,nuna-pipa-urbn,INFANT,ADAPTER,t,,HIGH,,,,,2026-06-29 22:54:01.011,2026-07-23 23:08:57.618
cmry4lnkn004epaegoi180f1u,Mercedes,Performance Single,cmqx8d527001013kpg5wgthx0,Clek,Liing,clek-liing,INFANT,ADAPTER,t,,HIGH,,,,,2026-07-23 23:11:51.957,2026-07-23 23:11:51.957
cmry4lnkm0047paegtzfxlnk4,Mercedes,Performance Single,cmqx8d527001013kpg5wgthx0,Clek,Liingo,clek-liingo,INFANT,ADAPTER,t,,HIGH,,,,,2026-07-23 23:11:51.957,2026-07-23 23:11:51.957
cmry4lnkn004fpaegfiufoasg,Mercedes,Performance Single,cmqx8d527001013kpg5wgthx0,Cybex,Aton G2,cmqx4qpgs00073835wm1de2we,INFANT,ADAPTER,t,,HIGH,,,,,2026-07-23 23:11:51.958,2026-07-23 23:11:51.958
cmry4lnkw004jpaegqnaz89tf,Mercedes,Performance Single,cmqx8d527001013kpg5wgthx0,Cybex,Aton G2 Swivel,cmrdwvbsy000u7tmavhnk64ww,INFANT,ADAPTER,t,,HIGH,,,,,2026-07-23 23:11:51.958,2026-07-23 23:11:51.958
cmry4lnks004hpaeg25wxjums,Mercedes,Performance Single,cmqx8d527001013kpg5wgthx0,Cybex,Cloud G Pro Comfort Extend,cmqx4qpj400083835htva49ii,INFANT,ADAPTER,t,,HIGH,,,,,2026-07-23 23:11:51.958,2026-07-23 23:11:51.958
cmry4lnkw004lpaeg1rtghfdn,Mercedes,Performance Single,cmqx8d527001013kpg5wgthx0,Cybex,Cloud T,cybex-cloud-t,INFANT,ADAPTER,t,,HIGH,,,,,2026-07-23 23:11:51.958,2026-07-23 23:11:51.958
cmry4iqzz003kpaegz5b6byyb,Mercedes,Performance Single,cmqx8d527001013kpg5wgthx0,Maxi-Cosi,Ambra,cmqx4qqbg000k3835k8b3mf6l,INFANT,ADAPTER,t,,HIGH,,,,,2026-07-23 23:09:36.423,2026-07-23 23:09:36.423
cmry4iqzs0038paegras4hoh2,Mercedes,Performance Single,cmqx8d527001013kpg5wgthx0,Maxi-Cosi,Mico Luxe,maxi-cosi-mico-luxe,INFANT,ADAPTER,t,,HIGH,,,,,2026-07-23 23:09:36.423,2026-07-23 23:09:36.423
cmry4iqzs003apaeg04try9gp,Mercedes,Performance Single,cmqx8d527001013kpg5wgthx0,Maxi-Cosi,Mico Pro,maxi-cosi-mico-pro,INFANT,ADAPTER,t,,HIGH,,,,,2026-07-23 23:09:36.423,2026-07-23 23:09:36.423
cmry4iqzs003dpaegh6tw3dpg,Mercedes,Performance Single,cmqx8d527001013kpg5wgthx0,Maxi-Cosi,Peri 180,maxi-cosi-peri,INFANT,ADAPTER,t,,HIGH,,,,,2026-07-23 23:09:36.423,2026-07-23 23:09:36.423
cmqzte9cu003tsjatznh5sfaw,Mercedes,Performance Single,cmqx8d527001013kpg5wgthx0,Nuna,PIPA Aire,nuna-pipa-lite-rx,INFANT,ADAPTER,t,,HIGH,,,,,2026-06-29 22:54:01.182,2026-07-23 23:09:36.423
cmqzte9hj003vsjatpueqag0b,Mercedes,Performance Single,cmqx8d527001013kpg5wgthx0,Nuna,PIPA Aire rx,nuna-pipa-aire-rx,INFANT,ADAPTER,t,,HIGH,,,,,2026-06-29 22:54:01.351,2026-07-23 23:09:36.423
cmqzte9mb003xsjatn6oiskbt,Mercedes,Performance Single,cmqx8d527001013kpg5wgthx0,Nuna,PIPA RX,nuna-pipa-rx,INFANT,ADAPTER,t,,HIGH,,,,,2026-06-29 22:54:01.523,2026-07-23 23:09:36.423
cmqzte9r5003zsjatb7f3gzmk,Mercedes,Performance Single,cmqx8d527001013kpg5wgthx0,Nuna,PIPA urbn,nuna-pipa-urbn,INFANT,ADAPTER,t,,HIGH,,,,,2026-06-29 22:54:01.697,2026-07-23 23:09:36.423
cmrtzb77d001uwvot3j0k5fky,Mima,Creo,mima-creo,Clek,Liing,clek-liing,INFANT,ADAPTER,t,,HIGH,,https://www.macrobaby.com/products/mima-creo-car-seat-adaptor?_pos=1&_psq=mima+car+seat+adapter&_psid=1518597b8&_ss=e&_v=1.0&_j=taylormadebabyco.com,,,2026-07-21 01:32:41.401,2026-07-21 01:32:41.401
cmrtzb77x0021wvoty5reypn0,Mima,Creo,mima-creo,Clek,Liingo,clek-liingo,INFANT,ADAPTER,t,,HIGH,,https://www.macrobaby.com/products/mima-creo-car-seat-adaptor?_pos=1&_psq=mima+car+seat+adapter&_psid=1518597b8&_ss=e&_v=1.0&_j=taylormadebabyco.com,,,2026-07-21 01:32:41.401,2026-07-21 01:32:41.401
cmrtzb77x0020wvotf23aiyhz,Mima,Creo,mima-creo,Cybex,Aton G2,cmqx4qpgs00073835wm1de2we,INFANT,ADAPTER,t,,HIGH,,https://www.macrobaby.com/products/mima-creo-car-seat-adaptor?_pos=1&_psq=mima+car+seat+adapter&_psid=1518597b8&_ss=e&_v=1.0&_j=taylormadebabyco.com,,,2026-07-21 01:32:41.401,2026-07-21 01:32:41.401
cmrtzb77x001xwvot19lanm7g,Mima,Creo,mima-creo,Cybex,Aton G2 Swivel,cmrdwvbsy000u7tmavhnk64ww,INFANT,ADAPTER,t,,HIGH,,https://www.macrobaby.com/products/mima-creo-car-seat-adaptor?_pos=1&_psq=mima+car+seat+adapter&_psid=1518597b8&_ss=e&_v=1.0&_j=taylormadebabyco.com,,,2026-07-21 01:32:41.401,2026-07-21 01:32:41.401
cmrtzb77d001owvotivrbc9dx,Mima,Creo,mima-creo,Cybex,Cloud G Pro Comfort Extend,cmqx4qpj400083835htva49ii,INFANT,ADAPTER,t,,HIGH,,https://www.macrobaby.com/products/mima-creo-car-seat-adaptor?_pos=1&_psq=mima+car+seat+adapter&_psid=1518597b8&_ss=e&_v=1.0&_j=taylormadebabyco.com,,,2026-07-21 01:32:41.401,2026-07-21 01:32:41.401
cmrtzb77d001vwvotfeqsglzh,Mima,Creo,mima-creo,Cybex,Cloud T,cybex-cloud-t,INFANT,ADAPTER,t,,HIGH,,https://www.macrobaby.com/products/mima-creo-car-seat-adaptor?_pos=1&_psq=mima+car+seat+adapter&_psid=1518597b8&_ss=e&_v=1.0&_j=taylormadebabyco.com,,,2026-07-21 01:32:41.401,2026-07-21 01:32:41.401
cmrtzc6ko0027wvotqxrjh30l,Mima,Creo,mima-creo,Maxi-Cosi,Ambra,cmqx4qqbg000k3835k8b3mf6l,INFANT,ADAPTER,t,,HIGH,,https://www.macrobaby.com/products/mima-creo-car-seat-adaptor?_pos=1&_psq=mima+car+seat+adapter&_psid=1518597b8&_ss=e&_v=1.0&_j=taylormadebabyco.com,,,2026-07-21 01:33:27.24,2026-07-21 01:33:27.24
mima-creo__maxi-cosi-mico-luxe,Mima,Creo,mima-creo,Maxi-Cosi,Mico Luxe,maxi-cosi-mico-luxe,INFANT,ADAPTER,t,,HIGH,,https://www.macrobaby.com/products/mima-creo-car-seat-adaptor?_pos=1&_psq=mima+car+seat+adapter&_psid=1518597b8&_ss=e&_v=1.0&_j=taylormadebabyco.com,,,2026-03-22 17:19:43.856,2026-07-21 01:33:27.24
mima-creo__maxi-cosi-mico-pro,Mima,Creo,mima-creo,Maxi-Cosi,Mico Pro,maxi-cosi-mico-pro,INFANT,ADAPTER,t,,HIGH,,https://www.macrobaby.com/products/mima-creo-car-seat-adaptor?_pos=1&_psq=mima+car+seat+adapter&_psid=1518597b8&_ss=e&_v=1.0&_j=taylormadebabyco.com,,,2026-06-13 20:48:32.741,2026-07-21 01:33:27.24
cmrtzc6ko0023wvot14t4u961,Mima,Creo,mima-creo,Maxi-Cosi,Peri 180,maxi-cosi-peri,INFANT,ADAPTER,t,,HIGH,,https://www.macrobaby.com/products/mima-creo-car-seat-adaptor?_pos=1&_psq=mima+car+seat+adapter&_psid=1518597b8&_ss=e&_v=1.0&_j=taylormadebabyco.com,,,2026-07-21 01:33:27.24,2026-07-21 01:33:27.24
cmr0560wi0001i7a6l9lipr2x,Mima,Creo,mima-creo,Nuna,PIPA Aire,nuna-pipa-lite-rx,INFANT,ADAPTER,t,,HIGH,,https://www.macrobaby.com/products/mima-creo-car-seat-adaptor?_pos=1&_psq=mima+car+seat+adapter&_psid=1518597b8&_ss=e&_v=1.0&_j=taylormadebabyco.com,,,2026-06-30 04:23:32.369,2026-07-21 01:33:27.24
mima-creo__nuna-pipa-aire-rx,Mima,Creo,mima-creo,Nuna,PIPA Aire rx,nuna-pipa-aire-rx,INFANT,ADAPTER,t,,HIGH,,https://www.macrobaby.com/products/mima-creo-car-seat-adaptor?_pos=1&_psq=mima+car+seat+adapter&_psid=1518597b8&_ss=e&_v=1.0&_j=taylormadebabyco.com,,,2026-06-13 20:48:32.741,2026-07-21 01:33:27.24
mima-creo__nuna-pipa-rx,Mima,Creo,mima-creo,Nuna,PIPA RX,nuna-pipa-rx,INFANT,ADAPTER,t,,HIGH,,https://www.macrobaby.com/products/mima-creo-car-seat-adaptor?_pos=1&_psq=mima+car+seat+adapter&_psid=1518597b8&_ss=e&_v=1.0&_j=taylormadebabyco.com,,,2026-03-22 17:19:43.856,2026-07-21 01:33:27.24
cmr05617x0003i7a618i7k125,Mima,Creo,mima-creo,Nuna,PIPA urbn,nuna-pipa-urbn,INFANT,ADAPTER,t,,HIGH,,https://www.macrobaby.com/products/mima-creo-car-seat-adaptor?_pos=1&_psq=mima+car+seat+adapter&_psid=1518597b8&_ss=e&_v=1.0&_j=taylormadebabyco.com,,,2026-06-30 04:23:32.781,2026-07-21 01:33:27.24
cmrmtzori001j4fxs3oqw5jd9,Mima,Miro,cmqx8d54j001113kpk34atiq8,Cybex,Aton G2,cmqx4qpgs00073835wm1de2we,INFANT,ADAPTER,t,Mima Miro Car Seat Adapter Set,MEDIUM,"Inferred from the catalog adapter ""Mima Miro Car Seat Adapter Set"".",https://www.macrobaby.com/products/mima-miro-car-seat-adapter-set?_j=taylormadebabyco.com,49.99,,2026-07-16 01:29:22.974,2026-07-16 01:29:22.974
cmrmtzp0d001r4fxs4arrqyi1,Mima,Miro,cmqx8d54j001113kpk34atiq8,Cybex,Aton G2 Swivel,cmrdwvbsy000u7tmavhnk64ww,INFANT,ADAPTER,t,Mima Miro Car Seat Adapter Set,MEDIUM,"Inferred from the catalog adapter ""Mima Miro Car Seat Adapter Set"".",https://www.macrobaby.com/products/mima-miro-car-seat-adapter-set?_j=taylormadebabyco.com,49.99,,2026-07-16 01:29:23.293,2026-07-16 01:29:23.293
cmrmtzotp001l4fxsbcfkplo8,Mima,Miro,cmqx8d54j001113kpk34atiq8,Cybex,Cloud G Pro Comfort Extend,cmqx4qpj400083835htva49ii,INFANT,ADAPTER,t,Mima Miro Car Seat Adapter Set,MEDIUM,"Inferred from the catalog adapter ""Mima Miro Car Seat Adapter Set"".",https://www.macrobaby.com/products/mima-miro-car-seat-adapter-set?_j=taylormadebabyco.com,49.99,,2026-07-16 01:29:23.054,2026-07-16 01:29:23.054
cmrmtzovy001n4fxskiapbvs3,Mima,Miro,cmqx8d54j001113kpk34atiq8,Cybex,Cloud T,cybex-cloud-t,INFANT,ADAPTER,t,Mima Miro Car Seat Adapter Set,MEDIUM,"Inferred from the catalog adapter ""Mima Miro Car Seat Adapter Set"".",https://www.macrobaby.com/products/mima-miro-car-seat-adapter-set?_j=taylormadebabyco.com,49.99,,2026-07-16 01:29:23.134,2026-07-16 01:29:23.134
cmrmtzp4s001v4fxstyrpc2pj,Mima,Miro,cmqx8d54j001113kpk34atiq8,Maxi-Cosi,Ambra,cmqx4qqbg000k3835k8b3mf6l,INFANT,ADAPTER,t,Mima Miro Car Seat Adapter Set,MEDIUM,"Inferred from the catalog adapter ""Mima Miro Car Seat Adapter Set"".",https://www.macrobaby.com/products/mima-miro-car-seat-adapter-set?_j=taylormadebabyco.com,49.99,,2026-07-16 01:29:23.452,2026-07-16 01:29:23.452
cmrmtzokq001d4fxskzogp7bg,Mima,Miro,cmqx8d54j001113kpk34atiq8,Maxi-Cosi,Mico Luxe,maxi-cosi-mico-luxe,INFANT,ADAPTER,t,Mima Miro Car Seat Adapter Set,MEDIUM,"Inferred from the catalog adapter ""Mima Miro Car Seat Adapter Set"".",https://www.macrobaby.com/products/mima-miro-car-seat-adapter-set?_j=taylormadebabyco.com,49.99,,2026-07-16 01:29:22.73,2026-07-16 01:29:22.73
cmrmtzon5001f4fxsgr5s5fax,Mima,Miro,cmqx8d54j001113kpk34atiq8,Maxi-Cosi,Mico Pro,maxi-cosi-mico-pro,INFANT,ADAPTER,t,Mima Miro Car Seat Adapter Set,MEDIUM,"Inferred from the catalog adapter ""Mima Miro Car Seat Adapter Set"".",https://www.macrobaby.com/products/mima-miro-car-seat-adapter-set?_j=taylormadebabyco.com,49.99,,2026-07-16 01:29:22.817,2026-07-16 01:29:22.817
cmrmtzoy5001p4fxsvm8nlr50,Mima,Miro,cmqx8d54j001113kpk34atiq8,Maxi-Cosi,Peri 180,maxi-cosi-peri,INFANT,ADAPTER,t,Mima Miro Car Seat Adapter Set,MEDIUM,"Inferred from the catalog adapter ""Mima Miro Car Seat Adapter Set"".",https://www.macrobaby.com/products/mima-miro-car-seat-adapter-set?_j=taylormadebabyco.com,49.99,,2026-07-16 01:29:23.214,2026-07-16 01:29:23.214
cmqzte1cv000psjatkde1s2q1,Mima,Miro,cmqx8d54j001113kpk34atiq8,Nuna,PIPA Aire,nuna-pipa-lite-rx,INFANT,ADAPTER,t,,MEDIUM,Mima Miro / Xari / Zigi accepts Nuna / Maxi-Cosi / CYBEX / Clek infant seats via a Mima click-and-go car seat adapter (sold separately). Confirm the exact adapter for your model year before purchase.,,,,2026-06-29 22:53:50.816,2026-06-29 22:53:50.816
cmqzte1hs000rsjatvfb2zngc,Mima,Miro,cmqx8d54j001113kpk34atiq8,Nuna,PIPA Aire rx,nuna-pipa-aire-rx,INFANT,ADAPTER,t,,MEDIUM,Mima Miro / Xari / Zigi accepts Nuna / Maxi-Cosi / CYBEX / Clek infant seats via a Mima click-and-go car seat adapter (sold separately). Confirm the exact adapter for your model year before purchase.,,,,2026-06-29 22:53:50.992,2026-06-29 22:53:50.992
cmqzte1mg000tsjatqofdmu29,Mima,Miro,cmqx8d54j001113kpk34atiq8,Nuna,PIPA RX,nuna-pipa-rx,INFANT,ADAPTER,t,,MEDIUM,Mima Miro / Xari / Zigi accepts Nuna / Maxi-Cosi / CYBEX / Clek infant seats via a Mima click-and-go car seat adapter (sold separately). Confirm the exact adapter for your model year before purchase.,,,,2026-06-29 22:53:51.16,2026-06-29 22:53:51.16
cmqzte1r9000vsjat24n0safv,Mima,Miro,cmqx8d54j001113kpk34atiq8,Nuna,PIPA urbn,nuna-pipa-urbn,INFANT,ADAPTER,t,,MEDIUM,Mima Miro / Xari / Zigi accepts Nuna / Maxi-Cosi / CYBEX / Clek infant seats via a Mima click-and-go car seat adapter (sold separately). Confirm the exact adapter for your model year before purchase.,,,,2026-06-29 22:53:51.333,2026-06-29 22:53:51.333
cmrtzf3j3003cwvotjhewptpp,Mima,Xari,mima-xari,Clek,Liing,clek-liing,INFANT,ADAPTER,t,,HIGH,,https://www.macrobaby.com/products/mima-xari-max-car-seat-adapter?_pos=3&_psq=mima+xari&_psid=b3b580e70&_ss=e&_v=1.0&_j=taylormadebabyco.com,,,2026-07-21 01:35:43.262,2026-07-21 01:35:43.262
cmrtzf3j30038wvotgmco22nz,Mima,Xari,mima-xari,Clek,Liingo,clek-liingo,INFANT,ADAPTER,t,,HIGH,,https://www.macrobaby.com/products/mima-xari-max-car-seat-adapter?_pos=3&_psq=mima+xari&_psid=b3b580e70&_ss=e&_v=1.0&_j=taylormadebabyco.com,,,2026-07-21 01:35:43.262,2026-07-21 01:35:43.262
cmrtzf3jd003ewvot0cyi43al,Mima,Xari,mima-xari,Cybex,Aton G2,cmqx4qpgs00073835wm1de2we,INFANT,ADAPTER,t,,HIGH,,https://www.macrobaby.com/products/mima-xari-max-car-seat-adapter?_pos=3&_psq=mima+xari&_psid=b3b580e70&_ss=e&_v=1.0&_j=taylormadebabyco.com,,,2026-07-21 01:35:43.262,2026-07-21 01:35:43.262
cmrtzf3jf003iwvotqmavweat,Mima,Xari,mima-xari,Cybex,Aton G2 Swivel,cmrdwvbsy000u7tmavhnk64ww,INFANT,ADAPTER,t,,HIGH,,https://www.macrobaby.com/products/mima-xari-max-car-seat-adapter?_pos=3&_psq=mima+xari&_psid=b3b580e70&_ss=e&_v=1.0&_j=taylormadebabyco.com,,,2026-07-21 01:35:43.262,2026-07-21 01:35:43.262
cmrtzf3j30037wvotayzqrkdz,Mima,Xari,mima-xari,Cybex,Cloud G Pro Comfort Extend,cmqx4qpj400083835htva49ii,INFANT,ADAPTER,t,,HIGH,,https://www.macrobaby.com/products/mima-xari-max-car-seat-adapter?_pos=3&_psq=mima+xari&_psid=b3b580e70&_ss=e&_v=1.0&_j=taylormadebabyco.com,,,2026-07-21 01:35:43.262,2026-07-21 01:35:43.262
cmrtzf3j3003awvot0dzlfi30,Mima,Xari,mima-xari,Cybex,Cloud T,cybex-cloud-t,INFANT,ADAPTER,t,,HIGH,,https://www.macrobaby.com/products/mima-xari-max-car-seat-adapter?_pos=3&_psq=mima+xari&_psid=b3b580e70&_ss=e&_v=1.0&_j=taylormadebabyco.com,,,2026-07-21 01:35:43.262,2026-07-21 01:35:43.262
cmrtze4ie002owvotgyckd74t,Mima,Xari,mima-xari,Maxi-Cosi,Ambra,cmqx4qqbg000k3835k8b3mf6l,INFANT,ADAPTER,t,,HIGH,,https://www.macrobaby.com/products/mima-xari-max-car-seat-adapter?_pos=3&_psq=mima+xari&_psid=b3b580e70&_ss=e&_v=1.0&_j=taylormadebabyco.com,,,2026-07-21 01:34:57.877,2026-07-21 01:34:57.877
mima-xari__maxi-cosi-mico-luxe,Mima,Xari,mima-xari,Maxi-Cosi,Mico Luxe,maxi-cosi-mico-luxe,INFANT,ADAPTER,t,,HIGH,,https://www.macrobaby.com/products/mima-xari-max-car-seat-adapter?_pos=3&_psq=mima+xari&_psid=b3b580e70&_ss=e&_v=1.0&_j=taylormadebabyco.com,,,2026-03-22 17:19:43.856,2026-07-21 01:34:57.877
mima-xari__maxi-cosi-mico-pro,Mima,Xari,mima-xari,Maxi-Cosi,Mico Pro,maxi-cosi-mico-pro,INFANT,ADAPTER,t,,HIGH,,https://www.macrobaby.com/products/mima-xari-max-car-seat-adapter?_pos=3&_psq=mima+xari&_psid=b3b580e70&_ss=e&_v=1.0&_j=taylormadebabyco.com,,,2026-06-13 20:48:32.741,2026-07-21 01:34:57.877
cmrtze4if002swvotbpy0ifhf,Mima,Xari,mima-xari,Maxi-Cosi,Peri 180,maxi-cosi-peri,INFANT,ADAPTER,t,,HIGH,,https://www.macrobaby.com/products/mima-xari-max-car-seat-adapter?_pos=3&_psq=mima+xari&_psid=b3b580e70&_ss=e&_v=1.0&_j=taylormadebabyco.com,,,2026-07-21 01:34:57.877,2026-07-21 01:34:57.877
cmqzte1vs000xsjatgjeilye0,Mima,Xari,mima-xari,Nuna,PIPA Aire,nuna-pipa-lite-rx,INFANT,ADAPTER,t,,HIGH,,https://www.macrobaby.com/products/mima-xari-max-car-seat-adapter?_pos=3&_psq=mima+xari&_psid=b3b580e70&_ss=e&_v=1.0&_j=taylormadebabyco.com,,,2026-06-29 22:53:51.496,2026-07-21 01:34:57.877
mima-xari__nuna-pipa-aire-rx,Mima,Xari,mima-xari,Nuna,PIPA Aire rx,nuna-pipa-aire-rx,INFANT,ADAPTER,t,,HIGH,,https://www.macrobaby.com/products/mima-xari-max-car-seat-adapter?_pos=3&_psq=mima+xari&_psid=b3b580e70&_ss=e&_v=1.0&_j=taylormadebabyco.com,,,2026-06-13 20:48:32.741,2026-07-21 01:34:57.877
mima-xari__nuna-pipa-rx,Mima,Xari,mima-xari,Nuna,PIPA RX,nuna-pipa-rx,INFANT,ADAPTER,t,,HIGH,,https://www.macrobaby.com/products/mima-xari-max-car-seat-adapter?_pos=3&_psq=mima+xari&_psid=b3b580e70&_ss=e&_v=1.0&_j=taylormadebabyco.com,,,2026-03-22 17:19:43.856,2026-07-21 01:34:57.877
cmqzte24p000zsjatxcutyb6a,Mima,Xari,mima-xari,Nuna,PIPA urbn,nuna-pipa-urbn,INFANT,ADAPTER,t,,HIGH,,https://www.macrobaby.com/products/mima-xari-max-car-seat-adapter?_pos=3&_psq=mima+xari&_psid=b3b580e70&_ss=e&_v=1.0&_j=taylormadebabyco.com,,,2026-06-29 22:53:51.817,2026-07-21 01:34:57.877
cmr11h9ln000f3tavoikbjf92,Mima,Xari Max,cmr11h31s00055u5ox2jhaz79,Nuna,PIPA Aire,nuna-pipa-lite-rx,INFANT,ADAPTER,t,,MEDIUM,Mima Miro / Xari / Zigi / Creo accepts Nuna / Maxi-Cosi / CYBEX / Clek infant seats via a Mima click-and-go car seat adapter (sold separately). Confirm the exact adapter for your model year before purchase.,,,,2026-06-30 19:28:04.572,2026-06-30 19:28:04.572
cmr11h9qa000h3tavuwnjozml,Mima,Xari Max,cmr11h31s00055u5ox2jhaz79,Nuna,PIPA Aire rx,nuna-pipa-aire-rx,INFANT,ADAPTER,t,,MEDIUM,Mima Miro / Xari / Zigi / Creo accepts Nuna / Maxi-Cosi / CYBEX / Clek infant seats via a Mima click-and-go car seat adapter (sold separately). Confirm the exact adapter for your model year before purchase.,,,,2026-06-30 19:28:04.738,2026-06-30 19:28:04.738
cmr11h9v2000j3tavxt0xjrn7,Mima,Xari Max,cmr11h31s00055u5ox2jhaz79,Nuna,PIPA RX,nuna-pipa-rx,INFANT,ADAPTER,t,,MEDIUM,Mima Miro / Xari / Zigi / Creo accepts Nuna / Maxi-Cosi / CYBEX / Clek infant seats via a Mima click-and-go car seat adapter (sold separately). Confirm the exact adapter for your model year before purchase.,,,,2026-06-30 19:28:04.91,2026-06-30 19:28:04.91
cmr11ha0f000l3tav9iq66di4,Mima,Xari Max,cmr11h31s00055u5ox2jhaz79,Nuna,PIPA urbn,nuna-pipa-urbn,INFANT,ADAPTER,t,,MEDIUM,Mima Miro / Xari / Zigi / Creo accepts Nuna / Maxi-Cosi / CYBEX / Clek infant seats via a Mima click-and-go car seat adapter (sold separately). Confirm the exact adapter for your model year before purchase.,,,,2026-06-30 19:28:05.103,2026-06-30 19:28:05.103
cmqzte29c0011sjathgvpl57g,Mima,Xari Sport,mima-xari-sport,Nuna,PIPA Aire,nuna-pipa-lite-rx,INFANT,ADAPTER,t,,MEDIUM,Mima Miro / Xari / Zigi accepts Nuna / Maxi-Cosi / CYBEX / Clek infant seats via a Mima click-and-go car seat adapter (sold separately). Confirm the exact adapter for your model year before purchase.,,,,2026-06-29 22:53:51.984,2026-06-29 22:53:51.984
cmqzte2e40013sjathfle956a,Mima,Xari Sport,mima-xari-sport,Nuna,PIPA Aire rx,nuna-pipa-aire-rx,INFANT,ADAPTER,t,,MEDIUM,Mima Miro / Xari / Zigi accepts Nuna / Maxi-Cosi / CYBEX / Clek infant seats via a Mima click-and-go car seat adapter (sold separately). Confirm the exact adapter for your model year before purchase.,,,,2026-06-29 22:53:52.157,2026-06-29 22:53:52.157
cmqzte2j00015sjatmkxqpgyi,Mima,Xari Sport,mima-xari-sport,Nuna,PIPA RX,nuna-pipa-rx,INFANT,ADAPTER,t,,MEDIUM,Mima Miro / Xari / Zigi accepts Nuna / Maxi-Cosi / CYBEX / Clek infant seats via a Mima click-and-go car seat adapter (sold separately). Confirm the exact adapter for your model year before purchase.,,,,2026-06-29 22:53:52.332,2026-06-29 22:53:52.332
cmqzte2nq0017sjat6ek4iyal,Mima,Xari Sport,mima-xari-sport,Nuna,PIPA urbn,nuna-pipa-urbn,INFANT,ADAPTER,t,,MEDIUM,Mima Miro / Xari / Zigi accepts Nuna / Maxi-Cosi / CYBEX / Clek infant seats via a Mima click-and-go car seat adapter (sold separately). Confirm the exact adapter for your model year before purchase.,,,,2026-06-29 22:53:52.502,2026-06-29 22:53:52.502
mima-xari-sport__uppababy-aria-v2,Mima,Xari Sport,mima-xari-sport,UPPAbaby,Aria V2,uppababy-aria-v2,INFANT,ADAPTER,t,Mima car seat adapter for UPPAbaby,HIGH,UPPAbaby Aria V2 fits the Mima Xari Sport via a Mima UPPAbaby adapter. Confirm the correct adapter SKU for your stroller model before purchase.,,,,2026-06-15 20:33:14.735,2026-06-15 20:33:14.735
mima-xari-sport__uppababy-mesa-v3,Mima,Xari Sport,mima-xari-sport,UPPAbaby,Mesa V3,uppababy-mesa-v3,INFANT,ADAPTER,t,Mima car seat adapter for UPPAbaby,HIGH,UPPAbaby Mesa V3 fits the Mima Xari Sport via a Mima UPPAbaby adapter. Confirm the correct adapter SKU for your stroller model before purchase.,,,,2026-06-15 20:33:14.735,2026-06-15 20:33:14.735
mima-zigi__maxi-cosi-mico-luxe,Mima,Zigi,mima-zigi,Maxi-Cosi,Mico Luxe,maxi-cosi-mico-luxe,INFANT,LIMITED,t,Mima adapter for Maxi-Cosi / Nuna / CYBEX / Clek infant seats,LOW,"Mima compatibility is narrower than most, so use this as a limited lane rather than a broad mix-and-match system.",,,,2026-03-22 17:19:43.856,2026-03-22 17:19:43.856
mima-zigi__maxi-cosi-mico-pro,Mima,Zigi,mima-zigi,Maxi-Cosi,Mico Pro,maxi-cosi-mico-pro,INFANT,LIMITED,t,Mima adapter for Maxi-Cosi / Nuna / CYBEX / Clek infant seats,LOW,Compatible via same Maxi-Cosi click connector as Mico Luxe.,,,,2026-06-13 20:48:32.741,2026-06-13 20:48:32.741
cmqzte2sv0019sjate23xb4e3,Mima,Zigi,mima-zigi,Nuna,PIPA Aire,nuna-pipa-lite-rx,INFANT,ADAPTER,t,,MEDIUM,Mima Miro / Xari / Zigi accepts Nuna / Maxi-Cosi / CYBEX / Clek infant seats via a Mima click-and-go car seat adapter (sold separately). Confirm the exact adapter for your model year before purchase.,,,,2026-06-29 22:53:52.688,2026-06-29 22:53:52.688
mima-zigi__nuna-pipa-aire-rx,Mima,Zigi,mima-zigi,Nuna,PIPA Aire rx,nuna-pipa-aire-rx,INFANT,LIMITED,t,Mima adapter for Maxi-Cosi / Nuna / CYBEX / Clek infant seats,LOW,Compatible via same adapter path as Nuna PIPA rx.,,,,2026-06-13 20:48:32.741,2026-06-13 20:48:32.741
mima-zigi__nuna-pipa-rx,Mima,Zigi,mima-zigi,Nuna,PIPA RX,nuna-pipa-rx,INFANT,LIMITED,t,Mima adapter for Maxi-Cosi / Nuna / CYBEX / Clek infant seats,LOW,"Mima compatibility is narrower than most, so use this as a limited lane rather than a broad mix-and-match system.",,,,2026-03-22 17:19:43.856,2026-03-22 17:19:43.856
cmqzte34y001bsjat56kttvvl,Mima,Zigi,mima-zigi,Nuna,PIPA urbn,nuna-pipa-urbn,INFANT,ADAPTER,t,,MEDIUM,Mima Miro / Xari / Zigi accepts Nuna / Maxi-Cosi / CYBEX / Clek infant seats via a Mima click-and-go car seat adapter (sold separately). Confirm the exact adapter for your model year before purchase.,,,,2026-06-29 22:53:53.122,2026-06-29 22:53:53.122
cmqu8mdnb004rwwsbfjzk000t,Mockingbird,Single,cmqpqr0p5001q7qllhayemg9s,Baby Jogger,City GO 2,baby-jogger-city-go-2,INFANT,ADAPTER,t,Mockingbird car seat adapter — Nuna/Maxi-Cosi/CYBEX/Britax Willow ($50),HIGH,Use the Mockingbird Nuna/Maxi-Cosi/CYBEX/Britax Willow adapter for Baby Jogger City GO 2.,https://babylist.pxf.io/c/6560395/1160375/13580?prodsku=276094&u=https%3A%2F%2Fwww.babylist.com%2Fgp%2Fmockingbird-car-seat-adapter-for-mockingbird-stroller%2F15467%2F276094&intsrc=APIG_8981,50,product_8981_276094,2026-06-26 01:13:37.175,2026-06-26 01:13:37.175
cmqu8mee6005bwwsbjqn77mgc,Mockingbird,Single,cmqpqr0p5001q7qllhayemg9s,Britax,Willow S,britax-willow-s,INFANT,ADAPTER,t,Mockingbird car seat adapter — Nuna/Maxi-Cosi/CYBEX/Britax Willow ($50),HIGH,Use the Mockingbird Nuna/Maxi-Cosi/CYBEX/Britax Willow adapter for Britax Willow S.,https://babylist.pxf.io/c/6560395/1160375/13580?prodsku=2332430&u=https%3A%2F%2Fwww.babylist.com%2Fgp%2Fmockingbird-car-seat-adapter-for-mockingbird-stroller%2F15467%2F2332430&intsrc=APIG_8981,50,product_8981_2332430,2026-06-26 01:13:38.142,2026-06-26 01:13:38.142
cmrfd6ery00nxt78158dlfd6y,Mockingbird,Single,cmqpqr0p5001q7qllhayemg9s,Chicco,KeyFit 30,chicco-keyfit-30,INFANT,ADAPTER,t,,MEDIUM,Mockingbird Single / Single-to-Double accepts Nuna / Maxi-Cosi / CYBEX / Clek infant seats via a Mockingbird click-and-go car seat adapter (sold separately). Confirm the exact adapter for your model year before purchase.,,,,2026-07-10 20:04:19.918,2026-07-10 20:04:19.918
cmrfd6ewh00nzt781kcehiwac,Mockingbird,Single,cmqpqr0p5001q7qllhayemg9s,Chicco,KeyFit 30 ClearTex,cmqx4qp6y00033835pgtlizxk,INFANT,ADAPTER,t,,MEDIUM,Mockingbird Single / Single-to-Double accepts Nuna / Maxi-Cosi / CYBEX / Clek infant seats via a Mockingbird click-and-go car seat adapter (sold separately). Confirm the exact adapter for your model year before purchase.,,,,2026-07-10 20:04:20.082,2026-07-10 20:04:20.082
cmrfd6f5d00o3t781hxultiqx,Mockingbird,Single,cmqpqr0p5001q7qllhayemg9s,Chicco,KeyFit Max ClearTex,cmqx4qp9s00043835h85g6sl0,INFANT,ADAPTER,t,,MEDIUM,Mockingbird Single / Single-to-Double accepts Nuna / Maxi-Cosi / CYBEX / Clek infant seats via a Mockingbird click-and-go car seat adapter (sold separately). Confirm the exact adapter for your model year before purchase.,,,,2026-07-10 20:04:20.402,2026-07-10 20:04:20.402
cmrfd6fa000o5t7815maoqpbi,Mockingbird,Single,cmqpqr0p5001q7qllhayemg9s,Chicco,KeyFit Max Zip ClearLux,cmqx4qpc50005383512d994gn,INFANT,ADAPTER,t,,MEDIUM,Mockingbird Single / Single-to-Double accepts Nuna / Maxi-Cosi / CYBEX / Clek infant seats via a Mockingbird click-and-go car seat adapter (sold separately). Confirm the exact adapter for your model year before purchase.,,,,2026-07-10 20:04:20.568,2026-07-10 20:04:20.568
cmrfd6feh00o7t781ch7w3bh8,Mockingbird,Single,cmqpqr0p5001q7qllhayemg9s,Chicco,KeyFit Max Zip ClearTex,cmqx4qpeg00063835eten1p5s,INFANT,ADAPTER,t,,MEDIUM,Mockingbird Single / Single-to-Double accepts Nuna / Maxi-Cosi / CYBEX / Clek infant seats via a Mockingbird click-and-go car seat adapter (sold separately). Confirm the exact adapter for your model year before purchase.,,,,2026-07-10 20:04:20.73,2026-07-10 20:04:20.73
cmqu8mds2004vwwsb7un3dl0o,Mockingbird,Single,cmqpqr0p5001q7qllhayemg9s,Clek,Liing,clek-liing,INFANT,ADAPTER,t,Mockingbird Clek car seat adapter ($50),HIGH,Use the Mockingbird Clek adapter for Clek Liing.,https://babylist.pxf.io/c/6560395/1160375/13580?prodsku=1855634&u=https%3A%2F%2Fwww.babylist.com%2Fgp%2Fmockingbird-car-seat-adapter-for-mockingbird-stroller%2F15467%2F1855634&intsrc=APIG_8981,50,product_8981_1855634,2026-06-26 01:13:37.346,2026-06-26 01:13:37.346
cmqu8mev0005nwwsbv211ctvp,Mockingbird,Single,cmqpqr0p5001q7qllhayemg9s,Clek,Liingo,clek-liingo,INFANT,ADAPTER,t,Mockingbird Clek car seat adapter ($50),HIGH,Use the Mockingbird Clek adapter for Clek Liingo.,https://babylist.pxf.io/c/6560395/1160375/13580?prodsku=1855634&u=https%3A%2F%2Fwww.babylist.com%2Fgp%2Fmockingbird-car-seat-adapter-for-mockingbird-stroller%2F15467%2F1855634&intsrc=APIG_8981,50,product_8981_1855634,2026-06-26 01:13:38.748,2026-06-26 01:13:38.748
cmqu8me1u0051wwsb8rcsv712,Mockingbird,Single,cmqpqr0p5001q7qllhayemg9s,Cybex,Cloud T,cybex-cloud-t,INFANT,ADAPTER,t,Mockingbird car seat adapter — Nuna/Maxi-Cosi/CYBEX/Britax Willow ($50),MEDIUM,CYBEX Cloud T uses the same click-connector interface as confirmed compatible seats. Verify with Mockingbird before purchase.,https://babylist.pxf.io/c/6560395/1160375/13580?prodsku=2332430&u=https%3A%2F%2Fwww.babylist.com%2Fgp%2Fmockingbird-car-seat-adapter-for-mockingbird-stroller%2F15467%2F2332430&intsrc=APIG_8981,50,product_8981_2332430,2026-06-26 01:13:37.698,2026-06-26 01:13:37.698
cmrfd6e1300nlt781kntjraz5,Mockingbird,Single,cmqpqr0p5001q7qllhayemg9s,Graco,GoMax,cmqx4qpx8000e3835nvrnxr0i,INFANT,ADAPTER,t,,MEDIUM,Mockingbird Single / Single-to-Double accepts Nuna / Maxi-Cosi / CYBEX / Clek infant seats via a Mockingbird click-and-go car seat adapter (sold separately). Confirm the exact adapter for your model year before purchase.,,,,2026-07-10 20:04:18.952,2026-07-10 20:04:18.952
cmrfd6e5p00nnt7811mw1rwcl,Mockingbird,Single,cmqpqr0p5001q7qllhayemg9s,Graco,SnugRide Lite LX,cmqx4qpzp000f3835i6cp9pth,INFANT,ADAPTER,t,,MEDIUM,Mockingbird Single / Single-to-Double accepts Nuna / Maxi-Cosi / CYBEX / Clek infant seats via a Mockingbird click-and-go car seat adapter (sold separately). Confirm the exact adapter for your model year before purchase.,,,,2026-07-10 20:04:19.117,2026-07-10 20:04:19.117
cmrfd6ea400npt781ee2jexhn,Mockingbird,Single,cmqpqr0p5001q7qllhayemg9s,Graco,SnugRide SnugFit,cmqx4qq4h000h3835n8ni2r9m,INFANT,ADAPTER,t,,MEDIUM,Mockingbird Single / Single-to-Double accepts Nuna / Maxi-Cosi / CYBEX / Clek infant seats via a Mockingbird click-and-go car seat adapter (sold separately). Confirm the exact adapter for your model year before purchase.,,,,2026-07-10 20:04:19.276,2026-07-10 20:04:19.276
cmrfd6eek00nrt7816ul390oa,Mockingbird,Single,cmqpqr0p5001q7qllhayemg9s,Graco,SnugRide SnugFit DLX,cmqx4qq26000g3835g3mh924j,INFANT,ADAPTER,t,,MEDIUM,Mockingbird Single / Single-to-Double accepts Nuna / Maxi-Cosi / CYBEX / Clek infant seats via a Mockingbird click-and-go car seat adapter (sold separately). Confirm the exact adapter for your model year before purchase.,,,,2026-07-10 20:04:19.437,2026-07-10 20:04:19.437
cmrfd6ej000ntt781izpxfkbh,Mockingbird,Single,cmqpqr0p5001q7qllhayemg9s,Graco,SnugRide SnugFit LX,cmqx4qq6u000i3835j7t2euy8,INFANT,ADAPTER,t,,MEDIUM,Mockingbird Single / Single-to-Double accepts Nuna / Maxi-Cosi / CYBEX / Clek infant seats via a Mockingbird click-and-go car seat adapter (sold separately). Confirm the exact adapter for your model year before purchase.,,,,2026-07-10 20:04:19.596,2026-07-10 20:04:19.596
cmr45x0dz000rrxubkgf0lrhm,Mockingbird,Single,cmqpqr0p5001q7qllhayemg9s,Joie,Mint Latch,cmqx4qq94000j3835te5r5f6g,INFANT,ADAPTER,t,,MEDIUM,Mockingbird Single / Single-to-Double accepts Nuna / Maxi-Cosi / CYBEX / Clek infant seats via a Mockingbird click-and-go car seat adapter (sold separately). Confirm the exact adapter for your model year before purchase.,,,,2026-07-02 23:55:36.12,2026-07-02 23:55:36.12
cmqu8mdx4004xwwsbgx5d4nw8,Mockingbird,Single,cmqpqr0p5001q7qllhayemg9s,Joie,Rue,joie-rue,INFANT,ADAPTER,t,Joie ICS Adaptor for Mockingbird (~$27),HIGH,Use the Joie ICS Adaptor to mount the Joie Rue on the Mockingbird stroller. Adapter sold separately.,,,,2026-06-26 01:13:37.528,2026-06-26 01:13:37.528
cmqu8melj005hwwsb52nmxnb6,Mockingbird,Single,cmqpqr0p5001q7qllhayemg9s,Maxi-Cosi,Mico Luxe,maxi-cosi-mico-luxe,INFANT,ADAPTER,t,Mockingbird car seat adapter — Nuna/Maxi-Cosi/CYBEX/Britax Willow ($50),MEDIUM,Maxi-Cosi Mico Luxe uses the same click-connector interface as confirmed compatible seats. Verify with Mockingbird before purchase.,https://babylist.pxf.io/c/6560395/1160375/13580?prodsku=2332430&u=https%3A%2F%2Fwww.babylist.com%2Fgp%2Fmockingbird-car-seat-adapter-for-mockingbird-stroller%2F15467%2F2332430&intsrc=APIG_8981,50,product_8981_2332430,2026-06-26 01:13:38.407,2026-06-26 01:13:38.407
cmqu8mdpm004twwsb6q8j6ie2,Mockingbird,Single,cmqpqr0p5001q7qllhayemg9s,Maxi-Cosi,Mico Pro,maxi-cosi-mico-pro,INFANT,ADAPTER,t,Mockingbird car seat adapter — Nuna/Maxi-Cosi/CYBEX/Britax Willow ($50),HIGH,Use the Mockingbird Nuna/Maxi-Cosi/CYBEX/Britax Willow adapter for Maxi-Cosi Mico Pro.,https://babylist.pxf.io/c/6560395/1160375/13580?prodsku=2332430&u=https%3A%2F%2Fwww.babylist.com%2Fgp%2Fmockingbird-car-seat-adapter-for-mockingbird-stroller%2F15467%2F2332430&intsrc=APIG_8981,50,product_8981_2332430,2026-06-26 01:13:37.259,2026-06-26 01:13:37.259
cmqu8me440053wwsbmuwaylsy,Mockingbird,Single,cmqpqr0p5001q7qllhayemg9s,Maxi-Cosi,Peri 180,maxi-cosi-peri,INFANT,ADAPTER,t,Mockingbird car seat adapter — Nuna/Maxi-Cosi/CYBEX/Britax Willow ($50),MEDIUM,Maxi-Cosi Peri 180 uses the same click-connector interface as confirmed compatible seats. Verify with Mockingbird before purchase.,https://babylist.pxf.io/c/6560395/1160375/13580?prodsku=2332430&u=https%3A%2F%2Fwww.babylist.com%2Fgp%2Fmockingbird-car-seat-adapter-for-mockingbird-stroller%2F15467%2F2332430&intsrc=APIG_8981,50,product_8981_2332430,2026-06-26 01:13:37.78,2026-06-26 01:13:37.78
cmqu8mesk005lwwsbag6ad7w5,Mockingbird,Single,cmqpqr0p5001q7qllhayemg9s,Nuna,PIPA Aire,nuna-pipa-lite-rx,INFANT,ADAPTER,t,Mockingbird car seat adapter — Nuna/Maxi-Cosi/CYBEX/Britax Willow ($50),MEDIUM,Nuna PIPA Aire uses the same click-connector interface as confirmed compatible seats. Verify with Mockingbird before purchase.,https://babylist.pxf.io/c/6560395/1160375/13580?prodsku=2332430&u=https%3A%2F%2Fwww.babylist.com%2Fgp%2Fmockingbird-car-seat-adapter-for-mockingbird-stroller%2F15467%2F2332430&intsrc=APIG_8981,50,product_8981_2332430,2026-06-26 01:13:38.66,2026-06-26 01:13:38.66
cmqu8megl005dwwsba1pz4228,Mockingbird,Single,cmqpqr0p5001q7qllhayemg9s,Nuna,PIPA Aire rx,nuna-pipa-aire-rx,INFANT,ADAPTER,t,Mockingbird car seat adapter — Nuna/Maxi-Cosi/CYBEX/Britax Willow ($50),HIGH,Use the Mockingbird Nuna/Maxi-Cosi/CYBEX/Britax Willow adapter for Nuna PIPA Aire rx.,https://babylist.pxf.io/c/6560395/1160375/13580?prodsku=2332430&u=https%3A%2F%2Fwww.babylist.com%2Fgp%2Fmockingbird-car-seat-adapter-for-mockingbird-stroller%2F15467%2F2332430&intsrc=APIG_8981,50,product_8981_2332430,2026-06-26 01:13:38.229,2026-06-26 01:13:38.229
cmqu8mdky004pwwsby4wsnsp5,Mockingbird,Single,cmqpqr0p5001q7qllhayemg9s,Nuna,PIPA RX,nuna-pipa-rx,INFANT,ADAPTER,t,Mockingbird car seat adapter — Nuna/Maxi-Cosi/CYBEX/Britax Willow ($50),HIGH,Use the Mockingbird Nuna/Maxi-Cosi/CYBEX/Britax Willow adapter for Nuna PIPA RX.,https://babylist.pxf.io/c/6560395/1160375/13580?prodsku=2332430&u=https%3A%2F%2Fwww.babylist.com%2Fgp%2Fmockingbird-car-seat-adapter-for-mockingbird-stroller%2F15467%2F2332430&intsrc=APIG_8981,50,product_8981_2332430,2026-06-26 01:13:37.09,2026-06-26 01:13:37.09
cmqu8mexd005pwwsbhaajgdht,Mockingbird,Single,cmqpqr0p5001q7qllhayemg9s,Nuna,PIPA urbn,nuna-pipa-urbn,INFANT,ADAPTER,t,Mockingbird car seat adapter — Nuna/Maxi-Cosi/CYBEX/Britax Willow ($50),MEDIUM,Nuna PIPA urbn uses the same click-connector interface as confirmed compatible seats. Verify with Mockingbird before purchase.,https://babylist.pxf.io/c/6560395/1160375/13580?prodsku=2332430&u=https%3A%2F%2Fwww.babylist.com%2Fgp%2Fmockingbird-car-seat-adapter-for-mockingbird-stroller%2F15467%2F2332430&intsrc=APIG_8981,50,product_8981_2332430,2026-06-26 01:13:38.833,2026-06-26 01:13:38.833
cmqu8me6f0055wwsb4s2q78ne,Mockingbird,Single,cmqpqr0p5001q7qllhayemg9s,UPPAbaby,Aria,uppababy-aria,INFANT,ADAPTER,t,Mockingbird UPPAbaby car seat adapter ($50),HIGH,Use the Mockingbird UPPAbaby adapter for UPPAbaby Aria.,https://babylist.pxf.io/c/6560395/1160375/13580?prodsku=1552361&u=https%3A%2F%2Fwww.babylist.com%2Fgp%2Fmockingbird-car-seat-adapter-for-mockingbird-stroller%2F15467%2F1552361&intsrc=APIG_8981,50,product_8981_1552361,2026-06-26 01:13:37.863,2026-06-26 01:13:37.863
cmqu8mebo0059wwsbkcp4n3p1,Mockingbird,Single,cmqpqr0p5001q7qllhayemg9s,UPPAbaby,Aria V2,uppababy-aria-v2,INFANT,ADAPTER,t,Mockingbird UPPAbaby car seat adapter ($50),HIGH,Use the Mockingbird UPPAbaby adapter for UPPAbaby Aria V2.,https://babylist.pxf.io/c/6560395/1160375/13580?prodsku=1552361&u=https%3A%2F%2Fwww.babylist.com%2Fgp%2Fmockingbird-car-seat-adapter-for-mockingbird-stroller%2F15467%2F1552361&intsrc=APIG_8981,50,product_8981_1552361,2026-06-26 01:13:38.052,2026-06-26 01:13:38.052
cmqu8mdzj004zwwsbz5rvwa7r,Mockingbird,Single,cmqpqr0p5001q7qllhayemg9s,UPPAbaby,Mesa V3,uppababy-mesa-v3,INFANT,ADAPTER,t,Mockingbird UPPAbaby car seat adapter ($50),HIGH,Use the Mockingbird UPPAbaby adapter for UPPAbaby Mesa V3.,https://babylist.pxf.io/c/6560395/1160375/13580?prodsku=1552361&u=https%3A%2F%2Fwww.babylist.com%2Fgp%2Fmockingbird-car-seat-adapter-for-mockingbird-stroller%2F15467%2F1552361&intsrc=APIG_8981,50,product_8981_1552361,2026-06-26 01:13:37.615,2026-06-26 01:13:37.615
mockingbird-single-3__baby-jogger-city-go-2,Mockingbird,Single 3.0,mockingbird-single-3,Baby Jogger,City GO 2,baby-jogger-city-go-2,INFANT,ADAPTER,t,Mockingbird car seat adapter — Nuna/Maxi-Cosi/CYBEX/Britax Willow ($50),HIGH,Use the Mockingbird Nuna/Maxi-Cosi/CYBEX/Britax Willow adapter for Baby Jogger City GO 2.,https://babylist.pxf.io/c/6560395/1160375/13580?prodsku=276094&u=https%3A%2F%2Fwww.babylist.com%2Fgp%2Fmockingbird-car-seat-adapter-for-mockingbird-stroller%2F15467%2F276094&intsrc=APIG_8981,50,product_8981_276094,2026-06-13 20:48:32.741,2026-06-21 03:52:05.081
mockingbird-single-3__britax-willow-s,Mockingbird,Single 3.0,mockingbird-single-3,Britax,Willow S,britax-willow-s,INFANT,ADAPTER,t,Mockingbird car seat adapter — Nuna/Maxi-Cosi/CYBEX/Britax Willow ($50),HIGH,Use the Mockingbird Nuna/Maxi-Cosi/CYBEX/Britax Willow adapter for Britax Willow S.,https://babylist.pxf.io/c/6560395/1160375/13580?prodsku=2332430&u=https%3A%2F%2Fwww.babylist.com%2Fgp%2Fmockingbird-car-seat-adapter-for-mockingbird-stroller%2F15467%2F2332430&intsrc=APIG_8981,50,product_8981_2332430,2026-06-13 20:48:32.741,2026-06-21 03:52:05.527
cmrfd6h2q00olt781v8wai7g3,Mockingbird,Single 3.0,mockingbird-single-3,Chicco,KeyFit 30,chicco-keyfit-30,INFANT,ADAPTER,t,,MEDIUM,Mockingbird Single / Single-to-Double accepts Nuna / Maxi-Cosi / CYBEX / Clek infant seats via a Mockingbird click-and-go car seat adapter (sold separately). Confirm the exact adapter for your model year before purchase.,,,,2026-07-10 20:04:22.898,2026-07-10 20:04:22.898
cmrfd6h7c00ont7813ifktmpy,Mockingbird,Single 3.0,mockingbird-single-3,Chicco,KeyFit 30 ClearTex,cmqx4qp6y00033835pgtlizxk,INFANT,ADAPTER,t,,MEDIUM,Mockingbird Single / Single-to-Double accepts Nuna / Maxi-Cosi / CYBEX / Clek infant seats via a Mockingbird click-and-go car seat adapter (sold separately). Confirm the exact adapter for your model year before purchase.,,,,2026-07-10 20:04:23.064,2026-07-10 20:04:23.064
cmrfd6hgs00ort781czw78y1y,Mockingbird,Single 3.0,mockingbird-single-3,Chicco,KeyFit Max ClearTex,cmqx4qp9s00043835h85g6sl0,INFANT,ADAPTER,t,,MEDIUM,Mockingbird Single / Single-to-Double accepts Nuna / Maxi-Cosi / CYBEX / Clek infant seats via a Mockingbird click-and-go car seat adapter (sold separately). Confirm the exact adapter for your model year before purchase.,,,,2026-07-10 20:04:23.404,2026-07-10 20:04:23.404
cmrfd6hlb00ott781puhcestm,Mockingbird,Single 3.0,mockingbird-single-3,Chicco,KeyFit Max Zip ClearLux,cmqx4qpc50005383512d994gn,INFANT,ADAPTER,t,,MEDIUM,Mockingbird Single / Single-to-Double accepts Nuna / Maxi-Cosi / CYBEX / Clek infant seats via a Mockingbird click-and-go car seat adapter (sold separately). Confirm the exact adapter for your model year before purchase.,,,,2026-07-10 20:04:23.568,2026-07-10 20:04:23.568
cmrfd6hpz00ovt7816hzdv3le,Mockingbird,Single 3.0,mockingbird-single-3,Chicco,KeyFit Max Zip ClearTex,cmqx4qpeg00063835eten1p5s,INFANT,ADAPTER,t,,MEDIUM,Mockingbird Single / Single-to-Double accepts Nuna / Maxi-Cosi / CYBEX / Clek infant seats via a Mockingbird click-and-go car seat adapter (sold separately). Confirm the exact adapter for your model year before purchase.,,,,2026-07-10 20:04:23.735,2026-07-10 20:04:23.735
mockingbird-single-3__clek-liing,Mockingbird,Single 3.0,mockingbird-single-3,Clek,Liing,clek-liing,INFANT,ADAPTER,t,Mockingbird Clek car seat adapter ($50),HIGH,Use the Mockingbird Clek adapter for Clek Liing.,https://babylist.pxf.io/c/6560395/1160375/13580?prodsku=1855634&u=https%3A%2F%2Fwww.babylist.com%2Fgp%2Fmockingbird-car-seat-adapter-for-mockingbird-stroller%2F15467%2F1855634&intsrc=APIG_8981,50,product_8981_1855634,2026-06-13 20:48:32.741,2026-06-21 03:52:05.58
mockingbird-single-3__clek-liingo,Mockingbird,Single 3.0,mockingbird-single-3,Clek,Liingo,clek-liingo,INFANT,ADAPTER,t,Mockingbird Clek car seat adapter ($50),HIGH,Use the Mockingbird Clek adapter for Clek Liingo.,https://babylist.pxf.io/c/6560395/1160375/13580?prodsku=1855634&u=https%3A%2F%2Fwww.babylist.com%2Fgp%2Fmockingbird-car-seat-adapter-for-mockingbird-stroller%2F15467%2F1855634&intsrc=APIG_8981,50,product_8981_1855634,2026-06-13 20:48:32.741,2026-06-21 03:52:05.587
mockingbird-single-3__cybex-cloud-t,Mockingbird,Single 3.0,mockingbird-single-3,Cybex,Cloud T,cybex-cloud-t,INFANT,ADAPTER,t,Mockingbird car seat adapter — Nuna/Maxi-Cosi/CYBEX/Britax Willow ($50),MEDIUM,CYBEX Cloud T uses the same click-connector interface as confirmed compatible seats. Verify with Mockingbird before purchase.,https://babylist.pxf.io/c/6560395/1160375/13580?prodsku=2332430&u=https%3A%2F%2Fwww.babylist.com%2Fgp%2Fmockingbird-car-seat-adapter-for-mockingbird-stroller%2F15467%2F2332430&intsrc=APIG_8981,50,product_8981_2332430,2026-06-13 20:48:32.741,2026-06-21 03:52:05.466
cmrfd6g9o00o9t781npnkr8nm,Mockingbird,Single 3.0,mockingbird-single-3,Graco,GoMax,cmqx4qpx8000e3835nvrnxr0i,INFANT,ADAPTER,t,,MEDIUM,Mockingbird Single / Single-to-Double accepts Nuna / Maxi-Cosi / CYBEX / Clek infant seats via a Mockingbird click-and-go car seat adapter (sold separately). Confirm the exact adapter for your model year before purchase.,,,,2026-07-10 20:04:21.852,2026-07-10 20:04:21.852
cmrfd6ged00obt7810fbbwxpt,Mockingbird,Single 3.0,mockingbird-single-3,Graco,SnugRide Lite LX,cmqx4qpzp000f3835i6cp9pth,INFANT,ADAPTER,t,,MEDIUM,Mockingbird Single / Single-to-Double accepts Nuna / Maxi-Cosi / CYBEX / Clek infant seats via a Mockingbird click-and-go car seat adapter (sold separately). Confirm the exact adapter for your model year before purchase.,,,,2026-07-10 20:04:22.021,2026-07-10 20:04:22.021
cmrfd6giu00odt781ehgcny39,Mockingbird,Single 3.0,mockingbird-single-3,Graco,SnugRide SnugFit,cmqx4qq4h000h3835n8ni2r9m,INFANT,ADAPTER,t,,MEDIUM,Mockingbird Single / Single-to-Double accepts Nuna / Maxi-Cosi / CYBEX / Clek infant seats via a Mockingbird click-and-go car seat adapter (sold separately). Confirm the exact adapter for your model year before purchase.,,,,2026-07-10 20:04:22.182,2026-07-10 20:04:22.182
cmrfd6gnr00oft7814c4siy40,Mockingbird,Single 3.0,mockingbird-single-3,Graco,SnugRide SnugFit DLX,cmqx4qq26000g3835g3mh924j,INFANT,ADAPTER,t,,MEDIUM,Mockingbird Single / Single-to-Double accepts Nuna / Maxi-Cosi / CYBEX / Clek infant seats via a Mockingbird click-and-go car seat adapter (sold separately). Confirm the exact adapter for your model year before purchase.,,,,2026-07-10 20:04:22.359,2026-07-10 20:04:22.359
cmrfd6gsc00oht78112n5mwpw,Mockingbird,Single 3.0,mockingbird-single-3,Graco,SnugRide SnugFit LX,cmqx4qq6u000i3835j7t2euy8,INFANT,ADAPTER,t,,MEDIUM,Mockingbird Single / Single-to-Double accepts Nuna / Maxi-Cosi / CYBEX / Clek infant seats via a Mockingbird click-and-go car seat adapter (sold separately). Confirm the exact adapter for your model year before purchase.,,,,2026-07-10 20:04:22.525,2026-07-10 20:04:22.525
cmr45x2wh001jrxub7digmwl6,Mockingbird,Single 3.0,mockingbird-single-3,Joie,Mint Latch,cmqx4qq94000j3835te5r5f6g,INFANT,ADAPTER,t,,MEDIUM,Mockingbird Single / Single-to-Double accepts Nuna / Maxi-Cosi / CYBEX / Clek infant seats via a Mockingbird click-and-go car seat adapter (sold separately). Confirm the exact adapter for your model year before purchase.,,,,2026-07-02 23:55:39.377,2026-07-02 23:55:39.377
mockingbird-single-3__joie-rue,Mockingbird,Single 3.0,mockingbird-single-3,Joie,Rue,joie-rue,INFANT,ADAPTER,t,Joie ICS Adaptor for Mockingbird (~$27),HIGH,Use the Joie ICS Adaptor to mount the Joie Rue on the Mockingbird stroller. Adapter sold separately.,,,,2026-06-13 20:48:32.741,2026-06-13 20:48:32.741
mockingbird-single-3__maxi-cosi-mico-luxe,Mockingbird,Single 3.0,mockingbird-single-3,Maxi-Cosi,Mico Luxe,maxi-cosi-mico-luxe,INFANT,ADAPTER,t,Mockingbird car seat adapter — Nuna/Maxi-Cosi/CYBEX/Britax Willow ($50),MEDIUM,Maxi-Cosi Mico Luxe uses the same click-connector interface as confirmed compatible seats. Verify with Mockingbird before purchase.,https://babylist.pxf.io/c/6560395/1160375/13580?prodsku=2332430&u=https%3A%2F%2Fwww.babylist.com%2Fgp%2Fmockingbird-car-seat-adapter-for-mockingbird-stroller%2F15467%2F2332430&intsrc=APIG_8981,50,product_8981_2332430,2026-06-13 20:48:32.741,2026-06-21 03:52:05.416
mockingbird-single-3__maxi-cosi-mico-pro,Mockingbird,Single 3.0,mockingbird-single-3,Maxi-Cosi,Mico Pro,maxi-cosi-mico-pro,INFANT,ADAPTER,t,Mockingbird car seat adapter — Nuna/Maxi-Cosi/CYBEX/Britax Willow ($50),HIGH,Use the Mockingbird Nuna/Maxi-Cosi/CYBEX/Britax Willow adapter for Maxi-Cosi Mico Pro.,https://babylist.pxf.io/c/6560395/1160375/13580?prodsku=2332430&u=https%3A%2F%2Fwww.babylist.com%2Fgp%2Fmockingbird-car-seat-adapter-for-mockingbird-stroller%2F15467%2F2332430&intsrc=APIG_8981,50,product_8981_2332430,2026-06-13 20:48:32.741,2026-06-21 03:52:05.454
mockingbird-single-3__maxi-cosi-peri,Mockingbird,Single 3.0,mockingbird-single-3,Maxi-Cosi,Peri 180,maxi-cosi-peri,INFANT,ADAPTER,t,Mockingbird car seat adapter — Nuna/Maxi-Cosi/CYBEX/Britax Willow ($50),MEDIUM,Maxi-Cosi Peri 180 uses the same click-connector interface as confirmed compatible seats. Verify with Mockingbird before purchase.,https://babylist.pxf.io/c/6560395/1160375/13580?prodsku=2332430&u=https%3A%2F%2Fwww.babylist.com%2Fgp%2Fmockingbird-car-seat-adapter-for-mockingbird-stroller%2F15467%2F2332430&intsrc=APIG_8981,50,product_8981_2332430,2026-06-13 20:48:32.741,2026-06-21 03:52:05.541
mockingbird-single-3__nuna-pipa-lite-rx,Mockingbird,Single 3.0,mockingbird-single-3,Nuna,PIPA Aire,nuna-pipa-lite-rx,INFANT,ADAPTER,t,Mockingbird car seat adapter — Nuna/Maxi-Cosi/CYBEX/Britax Willow ($50),MEDIUM,Nuna PIPA Aire uses the same click-connector interface as confirmed compatible seats. Verify with Mockingbird before purchase.,https://babylist.pxf.io/c/6560395/1160375/13580?prodsku=2332430&u=https%3A%2F%2Fwww.babylist.com%2Fgp%2Fmockingbird-car-seat-adapter-for-mockingbird-stroller%2F15467%2F2332430&intsrc=APIG_8981,50,product_8981_2332430,2026-06-13 20:48:32.741,2026-06-21 03:52:05.514
mockingbird-single-3__nuna-pipa-aire-rx,Mockingbird,Single 3.0,mockingbird-single-3,Nuna,PIPA Aire rx,nuna-pipa-aire-rx,INFANT,ADAPTER,t,Mockingbird car seat adapter — Nuna/Maxi-Cosi/CYBEX/Britax Willow ($50),HIGH,Use the Mockingbird Nuna/Maxi-Cosi/CYBEX/Britax Willow adapter for Nuna PIPA Aire rx.,https://babylist.pxf.io/c/6560395/1160375/13580?prodsku=2332430&u=https%3A%2F%2Fwww.babylist.com%2Fgp%2Fmockingbird-car-seat-adapter-for-mockingbird-stroller%2F15467%2F2332430&intsrc=APIG_8981,50,product_8981_2332430,2026-06-13 20:48:32.741,2026-06-21 03:52:05.403
mockingbird-single-3__nuna-pipa-rx,Mockingbird,Single 3.0,mockingbird-single-3,Nuna,PIPA RX,nuna-pipa-rx,INFANT,ADAPTER,t,Mockingbird car seat adapter — Nuna/Maxi-Cosi/CYBEX/Britax Willow ($50),HIGH,Use the Mockingbird Nuna/Maxi-Cosi/CYBEX/Britax Willow adapter for Nuna PIPA RX.,https://babylist.pxf.io/c/6560395/1160375/13580?prodsku=2332430&u=https%3A%2F%2Fwww.babylist.com%2Fgp%2Fmockingbird-car-seat-adapter-for-mockingbird-stroller%2F15467%2F2332430&intsrc=APIG_8981,50,product_8981_2332430,2026-06-13 20:48:32.741,2026-06-21 03:52:05.478
mockingbird-single-3__nuna-pipa-urbn,Mockingbird,Single 3.0,mockingbird-single-3,Nuna,PIPA urbn,nuna-pipa-urbn,INFANT,ADAPTER,t,Mockingbird car seat adapter — Nuna/Maxi-Cosi/CYBEX/Britax Willow ($50),MEDIUM,Nuna PIPA urbn uses the same click-connector interface as confirmed compatible seats. Verify with Mockingbird before purchase.,https://babylist.pxf.io/c/6560395/1160375/13580?prodsku=2332430&u=https%3A%2F%2Fwww.babylist.com%2Fgp%2Fmockingbird-car-seat-adapter-for-mockingbird-stroller%2F15467%2F2332430&intsrc=APIG_8981,50,product_8981_2332430,2026-06-13 20:48:32.741,2026-06-21 03:52:05.484
mockingbird-single-3__uppababy-aria,Mockingbird,Single 3.0,mockingbird-single-3,UPPAbaby,Aria,uppababy-aria,INFANT,ADAPTER,t,Mockingbird UPPAbaby car seat adapter ($50),HIGH,Use the Mockingbird UPPAbaby adapter for UPPAbaby Aria.,https://babylist.pxf.io/c/6560395/1160375/13580?prodsku=1552361&u=https%3A%2F%2Fwww.babylist.com%2Fgp%2Fmockingbird-car-seat-adapter-for-mockingbird-stroller%2F15467%2F1552361&intsrc=APIG_8981,50,product_8981_1552361,2026-06-13 20:48:32.741,2026-06-21 03:52:05.315
mockingbird-single-3__uppababy-aria-v2,Mockingbird,Single 3.0,mockingbird-single-3,UPPAbaby,Aria V2,uppababy-aria-v2,INFANT,ADAPTER,t,Mockingbird UPPAbaby car seat adapter ($50),HIGH,Use the Mockingbird UPPAbaby adapter for UPPAbaby Aria V2.,https://babylist.pxf.io/c/6560395/1160375/13580?prodsku=1552361&u=https%3A%2F%2Fwww.babylist.com%2Fgp%2Fmockingbird-car-seat-adapter-for-mockingbird-stroller%2F15467%2F1552361&intsrc=APIG_8981,50,product_8981_1552361,2026-06-13 20:48:32.741,2026-06-21 03:52:05.333
mockingbird-single-3__uppababy-mesa-v3,Mockingbird,Single 3.0,mockingbird-single-3,UPPAbaby,Mesa V3,uppababy-mesa-v3,INFANT,ADAPTER,t,Mockingbird UPPAbaby car seat adapter ($50),HIGH,Use the Mockingbird UPPAbaby adapter for UPPAbaby Mesa V3.,https://babylist.pxf.io/c/6560395/1160375/13580?prodsku=1552361&u=https%3A%2F%2Fwww.babylist.com%2Fgp%2Fmockingbird-car-seat-adapter-for-mockingbird-stroller%2F15467%2F1552361&intsrc=APIG_8981,50,product_8981_1552361,2026-06-13 20:48:32.741,2026-06-21 03:52:05.327
cmqu8mf9c005twwsb6jp007kp,Mockingbird,Single-to-Double,cmqpqr0rg001r7qllv13t2jq2,Baby Jogger,City GO 2,baby-jogger-city-go-2,INFANT,ADAPTER,t,Mockingbird car seat adapter — Nuna/Maxi-Cosi/CYBEX/Britax Willow ($50),HIGH,Use the Mockingbird Nuna/Maxi-Cosi/CYBEX/Britax Willow adapter for Baby Jogger City GO 2.,https://babylist.pxf.io/c/6560395/1160375/13580?prodsku=276094&u=https%3A%2F%2Fwww.babylist.com%2Fgp%2Fmockingbird-car-seat-adapter-for-mockingbird-stroller%2F15467%2F276094&intsrc=APIG_8981,50,product_8981_276094,2026-06-26 01:13:39.264,2026-06-26 01:13:39.264
cmqu8mg2x006dwwsbv0a446pj,Mockingbird,Single-to-Double,cmqpqr0rg001r7qllv13t2jq2,Britax,Willow S,britax-willow-s,INFANT,ADAPTER,t,Mockingbird car seat adapter — Nuna/Maxi-Cosi/CYBEX/Britax Willow ($50),HIGH,Use the Mockingbird Nuna/Maxi-Cosi/CYBEX/Britax Willow adapter for Britax Willow S.,https://babylist.pxf.io/c/6560395/1160375/13580?prodsku=2332430&u=https%3A%2F%2Fwww.babylist.com%2Fgp%2Fmockingbird-car-seat-adapter-for-mockingbird-stroller%2F15467%2F2332430&intsrc=APIG_8981,50,product_8981_2332430,2026-06-26 01:13:40.33,2026-06-26 01:13:40.33
cmrfd6jf800p9t781tfuehw8v,Mockingbird,Single-to-Double,cmqpqr0rg001r7qllv13t2jq2,Chicco,KeyFit 30,chicco-keyfit-30,INFANT,ADAPTER,t,,HIGH,,https://amzn.to/4ygcJmp,,,2026-07-10 20:04:25.941,2026-07-11 18:04:26.802
cmrfd6jjs00pbt781hgn3hfiy,Mockingbird,Single-to-Double,cmqpqr0rg001r7qllv13t2jq2,Chicco,KeyFit 30 ClearTex,cmqx4qp6y00033835pgtlizxk,INFANT,ADAPTER,t,,HIGH,,https://amzn.to/4ygcJmp,,,2026-07-10 20:04:26.104,2026-07-11 18:04:26.802
cmrfd6jsy00pft781lc5ovi5s,Mockingbird,Single-to-Double,cmqpqr0rg001r7qllv13t2jq2,Chicco,KeyFit Max ClearTex,cmqx4qp9s00043835h85g6sl0,INFANT,ADAPTER,t,,HIGH,,https://amzn.to/4ygcJmp,,,2026-07-10 20:04:26.435,2026-07-11 18:04:26.802
cmrfd6jxj00pht781uhpwj2jo,Mockingbird,Single-to-Double,cmqpqr0rg001r7qllv13t2jq2,Chicco,KeyFit Max Zip ClearLux,cmqx4qpc50005383512d994gn,INFANT,ADAPTER,t,,HIGH,,https://amzn.to/4ygcJmp,,,2026-07-10 20:04:26.599,2026-07-11 18:04:26.802
cmrfd6k2100pjt781921uovdt,Mockingbird,Single-to-Double,cmqpqr0rg001r7qllv13t2jq2,Chicco,KeyFit Max Zip ClearTex,cmqx4qpeg00063835eten1p5s,INFANT,ADAPTER,t,,HIGH,,https://amzn.to/4ygcJmp,,,2026-07-10 20:04:26.761,2026-07-11 18:04:26.802
cmqu8mfe8005xwwsbem5jhekj,Mockingbird,Single-to-Double,cmqpqr0rg001r7qllv13t2jq2,Clek,Liing,clek-liing,INFANT,ADAPTER,t,,HIGH,,https://amzn.to/4furr1L,,,2026-06-26 01:13:39.441,2026-07-11 17:59:45.727
cmqu8mgkr006pwwsb24ppxwjz,Mockingbird,Single-to-Double,cmqpqr0rg001r7qllv13t2jq2,Clek,Liingo,clek-liingo,INFANT,ADAPTER,t,,HIGH,,https://amzn.to/4furr1L,,,2026-06-26 01:13:40.971,2026-07-11 17:59:45.727
cmrgo62bw00b3byef6tfjr16x,Mockingbird,Single-to-Double,cmqpqr0rg001r7qllv13t2jq2,Cybex,Aton G2,cmqx4qpgs00073835wm1de2we,INFANT,ADAPTER,t,,HIGH,,https://amzn.to/4furr1L,,,2026-07-11 17:59:45.728,2026-07-11 17:59:45.728
cmrgo62bu00b1byef3f606tox,Mockingbird,Single-to-Double,cmqpqr0rg001r7qllv13t2jq2,Cybex,Aton G2 Swivel,cmrdwvbsy000u7tmavhnk64ww,INFANT,ADAPTER,t,,HIGH,,https://amzn.to/4furr1L,,,2026-07-11 17:59:45.728,2026-07-11 17:59:45.728
cmrgo62bj00asbyef5pd3m9qj,Mockingbird,Single-to-Double,cmqpqr0rg001r7qllv13t2jq2,Cybex,Cloud G Pro Comfort Extend,cmqx4qpj400083835htva49ii,INFANT,ADAPTER,t,,HIGH,,https://amzn.to/4furr1L,,,2026-07-11 17:59:45.727,2026-07-11 17:59:45.727
cmqu8mfny0063wwsbpik749w0,Mockingbird,Single-to-Double,cmqpqr0rg001r7qllv13t2jq2,Cybex,Cloud T,cybex-cloud-t,INFANT,ADAPTER,t,,HIGH,,https://amzn.to/4furr1L,,,2026-06-26 01:13:39.791,2026-07-11 17:59:45.728
cmrfd6imx00oxt781lu8kbbsw,Mockingbird,Single-to-Double,cmqpqr0rg001r7qllv13t2jq2,Graco,GoMax,cmqx4qpx8000e3835nvrnxr0i,INFANT,ADAPTER,t,,HIGH,,https://amzn.to/4ygcJmp,,,2026-07-10 20:04:24.922,2026-07-11 18:01:56.952
cmrfd6irm00ozt78187hyw92d,Mockingbird,Single-to-Double,cmqpqr0rg001r7qllv13t2jq2,Graco,SnugRide Lite LX,cmqx4qpzp000f3835i6cp9pth,INFANT,ADAPTER,t,,HIGH,,https://amzn.to/4ygcJmp,,,2026-07-10 20:04:25.09,2026-07-11 18:01:56.952
cmrfd6iwc00p1t781jkmu8fze,Mockingbird,Single-to-Double,cmqpqr0rg001r7qllv13t2jq2,Graco,SnugRide SnugFit,cmqx4qq4h000h3835n8ni2r9m,INFANT,ADAPTER,t,,HIGH,,https://amzn.to/4ygcJmp,,,2026-07-10 20:04:25.26,2026-07-11 18:01:56.952
cmrfd6j0x00p3t7816n8o2ab7,Mockingbird,Single-to-Double,cmqpqr0rg001r7qllv13t2jq2,Graco,SnugRide SnugFit DLX,cmqx4qq26000g3835g3mh924j,INFANT,ADAPTER,t,,HIGH,,https://amzn.to/4ygcJmp,,,2026-07-10 20:04:25.425,2026-07-11 18:01:56.952
cmrfd6j5m00p5t781yt1ym95e,Mockingbird,Single-to-Double,cmqpqr0rg001r7qllv13t2jq2,Graco,SnugRide SnugFit LX,cmqx4qq6u000i3835j7t2euy8,INFANT,ADAPTER,t,,MEDIUM,Mockingbird Single / Single-to-Double accepts Nuna / Maxi-Cosi / CYBEX / Clek infant seats via a Mockingbird click-and-go car seat adapter (sold separately). Confirm the exact adapter for your model year before purchase.,,,,2026-07-10 20:04:25.594,2026-07-10 20:04:25.594
cmr45x5ej002brxubwyw03ut1,Mockingbird,Single-to-Double,cmqpqr0rg001r7qllv13t2jq2,Joie,Mint Latch,cmqx4qq94000j3835te5r5f6g,INFANT,ADAPTER,t,,MEDIUM,Mockingbird Single / Single-to-Double accepts Nuna / Maxi-Cosi / CYBEX / Clek infant seats via a Mockingbird click-and-go car seat adapter (sold separately). Confirm the exact adapter for your model year before purchase.,,,,2026-07-02 23:55:42.62,2026-07-02 23:55:42.62
cmqu8mfgp005zwwsbjcmzk7t7,Mockingbird,Single-to-Double,cmqpqr0rg001r7qllv13t2jq2,Joie,Rue,joie-rue,INFANT,ADAPTER,t,Joie ICS Adaptor for Mockingbird (~$27),HIGH,Use the Joie ICS Adaptor to mount the Joie Rue on the Mockingbird stroller. Adapter sold separately.,,,,2026-06-26 01:13:39.529,2026-06-26 01:13:39.529
cmqu8mgcg006jwwsb80gv1xen,Mockingbird,Single-to-Double,cmqpqr0rg001r7qllv13t2jq2,Maxi-Cosi,Mico Luxe,maxi-cosi-mico-luxe,INFANT,ADAPTER,t,Mockingbird car seat adapter — Nuna/Maxi-Cosi/CYBEX/Britax Willow ($50),MEDIUM,Maxi-Cosi Mico Luxe uses the same click-connector interface as confirmed compatible seats. Verify with Mockingbird before purchase.,https://babylist.pxf.io/c/6560395/1160375/13580?prodsku=2332430&u=https%3A%2F%2Fwww.babylist.com%2Fgp%2Fmockingbird-car-seat-adapter-for-mockingbird-stroller%2F15467%2F2332430&intsrc=APIG_8981,50,product_8981_2332430,2026-06-26 01:13:40.672,2026-06-26 01:13:40.672
cmqu8mfbs005vwwsbqphcl207,Mockingbird,Single-to-Double,cmqpqr0rg001r7qllv13t2jq2,Maxi-Cosi,Mico Pro,maxi-cosi-mico-pro,INFANT,ADAPTER,t,Mockingbird car seat adapter — Nuna/Maxi-Cosi/CYBEX/Britax Willow ($50),HIGH,Use the Mockingbird Nuna/Maxi-Cosi/CYBEX/Britax Willow adapter for Maxi-Cosi Mico Pro.,https://babylist.pxf.io/c/6560395/1160375/13580?prodsku=2332430&u=https%3A%2F%2Fwww.babylist.com%2Fgp%2Fmockingbird-car-seat-adapter-for-mockingbird-stroller%2F15467%2F2332430&intsrc=APIG_8981,50,product_8981_2332430,2026-06-26 01:13:39.353,2026-06-26 01:13:39.353
cmqu8mfqa0065wwsbchwukakp,Mockingbird,Single-to-Double,cmqpqr0rg001r7qllv13t2jq2,Maxi-Cosi,Peri 180,maxi-cosi-peri,INFANT,ADAPTER,t,Mockingbird car seat adapter — Nuna/Maxi-Cosi/CYBEX/Britax Willow ($50),MEDIUM,Maxi-Cosi Peri 180 uses the same click-connector interface as confirmed compatible seats. Verify with Mockingbird before purchase.,https://babylist.pxf.io/c/6560395/1160375/13580?prodsku=2332430&u=https%3A%2F%2Fwww.babylist.com%2Fgp%2Fmockingbird-car-seat-adapter-for-mockingbird-stroller%2F15467%2F2332430&intsrc=APIG_8981,50,product_8981_2332430,2026-06-26 01:13:39.875,2026-06-26 01:13:39.875
cmqu8mghs006nwwsbsqbidjzs,Mockingbird,Single-to-Double,cmqpqr0rg001r7qllv13t2jq2,Nuna,PIPA Aire,nuna-pipa-lite-rx,INFANT,ADAPTER,t,Mockingbird car seat adapter — Nuna/Maxi-Cosi/CYBEX/Britax Willow ($50),MEDIUM,Nuna PIPA Aire uses the same click-connector interface as confirmed compatible seats. Verify with Mockingbird before purchase.,https://babylist.pxf.io/c/6560395/1160375/13580?prodsku=2332430&u=https%3A%2F%2Fwww.babylist.com%2Fgp%2Fmockingbird-car-seat-adapter-for-mockingbird-stroller%2F15467%2F2332430&intsrc=APIG_8981,50,product_8981_2332430,2026-06-26 01:13:40.864,2026-06-26 01:13:40.864
cmqu8mg5g006fwwsbom82u854,Mockingbird,Single-to-Double,cmqpqr0rg001r7qllv13t2jq2,Nuna,PIPA Aire rx,nuna-pipa-aire-rx,INFANT,ADAPTER,t,Mockingbird car seat adapter — Nuna/Maxi-Cosi/CYBEX/Britax Willow ($50),HIGH,Use the Mockingbird Nuna/Maxi-Cosi/CYBEX/Britax Willow adapter for Nuna PIPA Aire rx.,https://babylist.pxf.io/c/6560395/1160375/13580?prodsku=2332430&u=https%3A%2F%2Fwww.babylist.com%2Fgp%2Fmockingbird-car-seat-adapter-for-mockingbird-stroller%2F15467%2F2332430&intsrc=APIG_8981,50,product_8981_2332430,2026-06-26 01:13:40.42,2026-06-26 01:13:40.42
cmqu8mf6w005rwwsb6x60sbzg,Mockingbird,Single-to-Double,cmqpqr0rg001r7qllv13t2jq2,Nuna,PIPA RX,nuna-pipa-rx,INFANT,ADAPTER,t,Mockingbird car seat adapter — Nuna/Maxi-Cosi/CYBEX/Britax Willow ($50),HIGH,Use the Mockingbird Nuna/Maxi-Cosi/CYBEX/Britax Willow adapter for Nuna PIPA RX.,https://babylist.pxf.io/c/6560395/1160375/13580?prodsku=2332430&u=https%3A%2F%2Fwww.babylist.com%2Fgp%2Fmockingbird-car-seat-adapter-for-mockingbird-stroller%2F15467%2F2332430&intsrc=APIG_8981,50,product_8981_2332430,2026-06-26 01:13:39.176,2026-06-26 01:13:39.176
cmqu8mgnt006rwwsb38n5c7r5,Mockingbird,Single-to-Double,cmqpqr0rg001r7qllv13t2jq2,Nuna,PIPA urbn,nuna-pipa-urbn,INFANT,ADAPTER,t,Mockingbird car seat adapter — Nuna/Maxi-Cosi/CYBEX/Britax Willow ($50),MEDIUM,Nuna PIPA urbn uses the same click-connector interface as confirmed compatible seats. Verify with Mockingbird before purchase.,https://babylist.pxf.io/c/6560395/1160375/13580?prodsku=2332430&u=https%3A%2F%2Fwww.babylist.com%2Fgp%2Fmockingbird-car-seat-adapter-for-mockingbird-stroller%2F15467%2F2332430&intsrc=APIG_8981,50,product_8981_2332430,2026-06-26 01:13:41.081,2026-06-26 01:13:41.081
cmqu8mfsk0067wwsb9mphc67d,Mockingbird,Single-to-Double,cmqpqr0rg001r7qllv13t2jq2,UPPAbaby,Aria,uppababy-aria,INFANT,ADAPTER,t,Mockingbird UPPAbaby car seat adapter ($50),HIGH,Use the Mockingbird UPPAbaby adapter for UPPAbaby Aria.,https://babylist.pxf.io/c/6560395/1160375/13580?prodsku=1552361&u=https%3A%2F%2Fwww.babylist.com%2Fgp%2Fmockingbird-car-seat-adapter-for-mockingbird-stroller%2F15467%2F1552361&intsrc=APIG_8981,50,product_8981_1552361,2026-06-26 01:13:39.957,2026-06-26 01:13:39.957
cmqu8mg0g006bwwsb0bzqf1o1,Mockingbird,Single-to-Double,cmqpqr0rg001r7qllv13t2jq2,UPPAbaby,Aria V2,uppababy-aria-v2,INFANT,ADAPTER,t,,HIGH,,https://amzn.to/4fgnYCZ,,,2026-06-26 01:13:40.24,2026-07-11 17:57:23.308
cmqu8mflm0061wwsbt4cqesin,Mockingbird,Single-to-Double,cmqpqr0rg001r7qllv13t2jq2,UPPAbaby,Mesa V3,uppababy-mesa-v3,INFANT,ADAPTER,t,,HIGH,,https://amzn.to/4fgnYCZ,,,2026-06-26 01:13:39.705,2026-07-11 17:57:23.308
cmrctk7n0003p5euky0vdqimd,Momcozy,ChangeGo Baby,cmqzur5230003eqf6od8gh7ti,Clek,Liing,clek-liing,INFANT,ADAPTER,t,,HIGH,,https://amzn.to/4h3buAX,,,2026-07-09 01:19:39.179,2026-07-09 01:19:39.179
cmrctk7n0003r5euk59lv5ql0,Momcozy,ChangeGo Baby,cmqzur5230003eqf6od8gh7ti,Clek,Liingo,clek-liingo,INFANT,ADAPTER,t,,HIGH,,https://amzn.to/4h3buAX,,,2026-07-09 01:19:39.179,2026-07-09 01:19:39.179
cmrctk7n7003z5eukj9h0fgjd,Momcozy,ChangeGo Baby,cmqzur5230003eqf6od8gh7ti,Cybex,Aton G2,cmqx4qpgs00073835wm1de2we,INFANT,ADAPTER,t,,HIGH,,https://amzn.to/4h3buAX,,,2026-07-09 01:19:39.179,2026-07-09 01:19:39.179
cmrctk7n0003w5eukkfgjbn0f,Momcozy,ChangeGo Baby,cmqzur5230003eqf6od8gh7ti,Cybex,Cloud G Pro Comfort Extend,cmqx4qpj400083835htva49ii,INFANT,ADAPTER,t,,HIGH,,https://amzn.to/4h3buAX,,,2026-07-09 01:19:39.179,2026-07-09 01:19:39.179
cmrctk7n0003v5euk3zg7seec,Momcozy,ChangeGo Baby,cmqzur5230003eqf6od8gh7ti,Cybex,Cloud T,cybex-cloud-t,INFANT,ADAPTER,t,,HIGH,,https://amzn.to/4h3buAX,,,2026-07-09 01:19:39.179,2026-07-09 01:19:39.179
cmrctlh6y00435eukydqbvbk5,Momcozy,ChangeGo Baby,cmqzur5230003eqf6od8gh7ti,Joie,Mint Latch,cmqx4qq94000j3835te5r5f6g,INFANT,ADAPTER,t,,HIGH,,https://amzn.to/4h3buAX,,,2026-07-09 01:20:38.217,2026-07-09 01:20:38.217
cmrctmr2j004b5eukgb6cr86a,Momcozy,ChangeGo Baby,cmqzur5230003eqf6od8gh7ti,Maxi-Cosi,Ambra,cmqx4qqbg000k3835k8b3mf6l,INFANT,ADAPTER,t,,HIGH,,https://amzn.to/4ygWXrG,,,2026-07-09 01:21:37.673,2026-07-09 01:21:37.673
cmrctmr2i00465eukf78ass5r,Momcozy,ChangeGo Baby,cmqzur5230003eqf6od8gh7ti,Maxi-Cosi,Mico Luxe,maxi-cosi-mico-luxe,INFANT,ADAPTER,t,,HIGH,,https://amzn.to/4ygWXrG,,,2026-07-09 01:21:37.673,2026-07-09 01:21:37.673
cmrctmr2j004d5eukro5kyhlg,Momcozy,ChangeGo Baby,cmqzur5230003eqf6od8gh7ti,Maxi-Cosi,Mico Pro,maxi-cosi-mico-pro,INFANT,ADAPTER,t,,HIGH,,https://amzn.to/4ygWXrG,,,2026-07-09 01:21:37.673,2026-07-09 01:21:37.673
cmrctmr2i00495euk4worma5u,Momcozy,ChangeGo Baby,cmqzur5230003eqf6od8gh7ti,Maxi-Cosi,Peri 180,maxi-cosi-peri,INFANT,ADAPTER,t,,HIGH,,https://amzn.to/4ygWXrG,,,2026-07-09 01:21:37.673,2026-07-09 01:21:37.673
cmr0srphv000v2rthznbz7n8u,Momcozy,ChangeGo Baby,cmqzur5230003eqf6od8gh7ti,Nuna,PIPA Aire,nuna-pipa-lite-rx,INFANT,ADAPTER,t,,MEDIUM,Momcozy ChangeGo accepts Nuna / Maxi-Cosi / CYBEX / Clek infant seats via a Momcozy click-and-go car seat adapter (sold separately). Confirm the exact adapter for your model year before purchase.,https://amzn.to/4ygWXrG,,,2026-06-30 15:24:15.188,2026-07-09 01:17:20.572
cmr0srpmq000x2rthg3d5onkg,Momcozy,ChangeGo Baby,cmqzur5230003eqf6od8gh7ti,Nuna,PIPA Aire rx,nuna-pipa-aire-rx,INFANT,ADAPTER,t,,MEDIUM,Momcozy ChangeGo accepts Nuna / Maxi-Cosi / CYBEX / Clek infant seats via a Momcozy click-and-go car seat adapter (sold separately). Confirm the exact adapter for your model year before purchase.,https://amzn.to/4ygWXrG,,,2026-06-30 15:24:15.362,2026-07-09 01:18:23.907
cmr0srprn000z2rthzozwkiti,Momcozy,ChangeGo Baby,cmqzur5230003eqf6od8gh7ti,Nuna,PIPA RX,nuna-pipa-rx,INFANT,ADAPTER,t,,MEDIUM,Momcozy ChangeGo accepts Nuna / Maxi-Cosi / CYBEX / Clek infant seats via a Momcozy click-and-go car seat adapter (sold separately). Confirm the exact adapter for your model year before purchase.,https://amzn.to/4ygWXrG,,,2026-06-30 15:24:15.539,2026-07-09 01:18:16.087
cmr0srpwd00112rth1zj4omxi,Momcozy,ChangeGo Baby,cmqzur5230003eqf6od8gh7ti,Nuna,PIPA urbn,nuna-pipa-urbn,INFANT,ADAPTER,t,,MEDIUM,Momcozy ChangeGo accepts Nuna / Maxi-Cosi / CYBEX / Clek infant seats via a Momcozy click-and-go car seat adapter (sold separately). Confirm the exact adapter for your model year before purchase.,https://amzn.to/4ygWXrG,,,2026-06-30 15:24:15.709,2026-07-09 01:18:08.755
cmqzte7p10035sjatr5yvjeqb,Mompush,Meteor 2,cmqpqr12x001w7qll5v4zoqet,Nuna,PIPA Aire,nuna-pipa-lite-rx,INFANT,ADAPTER,t,,MEDIUM,Mompush Ultimate / Meteor accepts Nuna / Maxi-Cosi / CYBEX / Clek infant seats via a Mompush click-and-go car seat adapter (sold separately). Confirm the exact adapter for your model year before purchase.,,,,2026-06-29 22:53:59.029,2026-06-29 22:53:59.029
cmqzte7ts0037sjatv5seykdn,Mompush,Meteor 2,cmqpqr12x001w7qll5v4zoqet,Nuna,PIPA Aire rx,nuna-pipa-aire-rx,INFANT,ADAPTER,t,,MEDIUM,Mompush Ultimate / Meteor accepts Nuna / Maxi-Cosi / CYBEX / Clek infant seats via a Mompush click-and-go car seat adapter (sold separately). Confirm the exact adapter for your model year before purchase.,,,,2026-06-29 22:53:59.2,2026-06-29 22:53:59.2
cmqzte7yv0039sjatdnzjw7ds,Mompush,Meteor 2,cmqpqr12x001w7qll5v4zoqet,Nuna,PIPA RX,nuna-pipa-rx,INFANT,ADAPTER,t,,MEDIUM,Mompush Ultimate / Meteor accepts Nuna / Maxi-Cosi / CYBEX / Clek infant seats via a Mompush click-and-go car seat adapter (sold separately). Confirm the exact adapter for your model year before purchase.,,,,2026-06-29 22:53:59.383,2026-06-29 22:53:59.383
cmqzte84g003bsjatvy1rts8q,Mompush,Meteor 2,cmqpqr12x001w7qll5v4zoqet,Nuna,PIPA urbn,nuna-pipa-urbn,INFANT,ADAPTER,t,,MEDIUM,Mompush Ultimate / Meteor accepts Nuna / Maxi-Cosi / CYBEX / Clek infant seats via a Mompush click-and-go car seat adapter (sold separately). Confirm the exact adapter for your model year before purchase.,,,,2026-06-29 22:53:59.584,2026-06-29 22:53:59.584
cmqzte895003dsjatqg5blhn4,Mompush,Ultimate 2 Seat,cmqpqr157001x7qllwic3dr6g,Nuna,PIPA Aire,nuna-pipa-lite-rx,INFANT,ADAPTER,t,,MEDIUM,Mompush Ultimate / Meteor accepts Nuna / Maxi-Cosi / CYBEX / Clek infant seats via a Mompush click-and-go car seat adapter (sold separately). Confirm the exact adapter for your model year before purchase.,,,,2026-06-29 22:53:59.754,2026-06-29 22:53:59.754
cmqzte8dp003fsjatcfcwo3k1,Mompush,Ultimate 2 Seat,cmqpqr157001x7qllwic3dr6g,Nuna,PIPA Aire rx,nuna-pipa-aire-rx,INFANT,ADAPTER,t,,MEDIUM,Mompush Ultimate / Meteor accepts Nuna / Maxi-Cosi / CYBEX / Clek infant seats via a Mompush click-and-go car seat adapter (sold separately). Confirm the exact adapter for your model year before purchase.,,,,2026-06-29 22:53:59.917,2026-06-29 22:53:59.917
cmqzte8il003hsjatmdx5ruoy,Mompush,Ultimate 2 Seat,cmqpqr157001x7qllwic3dr6g,Nuna,PIPA RX,nuna-pipa-rx,INFANT,ADAPTER,t,,MEDIUM,Mompush Ultimate / Meteor accepts Nuna / Maxi-Cosi / CYBEX / Clek infant seats via a Mompush click-and-go car seat adapter (sold separately). Confirm the exact adapter for your model year before purchase.,,,,2026-06-29 22:54:00.093,2026-06-29 22:54:00.093
cmqzte8nb003jsjat713topqp,Mompush,Ultimate 2 Seat,cmqpqr157001x7qllwic3dr6g,Nuna,PIPA urbn,nuna-pipa-urbn,INFANT,ADAPTER,t,,MEDIUM,Mompush Ultimate / Meteor accepts Nuna / Maxi-Cosi / CYBEX / Clek infant seats via a Mompush click-and-go car seat adapter (sold separately). Confirm the exact adapter for your model year before purchase.,,,,2026-06-29 22:54:00.263,2026-06-29 22:54:00.263
cmr0sqo5w00012rthgrpdhhg0,Mompush,Velo Travel,cmqpqr17i001y7qllzy4rhcm4,Nuna,PIPA Aire,nuna-pipa-lite-rx,INFANT,ADAPTER,t,,MEDIUM,Mompush Ultimate / Meteor / Velo accepts Nuna / Maxi-Cosi / CYBEX / Clek infant seats via a Mompush click-and-go car seat adapter (sold separately). Confirm the exact adapter for your model year before purchase.,,,,2026-06-30 15:23:26.804,2026-06-30 15:23:26.804
cmr0sqocu00032rthybmlj2bn,Mompush,Velo Travel,cmqpqr17i001y7qllzy4rhcm4,Nuna,PIPA Aire rx,nuna-pipa-aire-rx,INFANT,ADAPTER,t,,MEDIUM,Mompush Ultimate / Meteor / Velo accepts Nuna / Maxi-Cosi / CYBEX / Clek infant seats via a Mompush click-and-go car seat adapter (sold separately). Confirm the exact adapter for your model year before purchase.,,,,2026-06-30 15:23:27.054,2026-06-30 15:23:27.054
cmr0sqohq00052rthkblmho5u,Mompush,Velo Travel,cmqpqr17i001y7qllzy4rhcm4,Nuna,PIPA RX,nuna-pipa-rx,INFANT,ADAPTER,t,,MEDIUM,Mompush Ultimate / Meteor / Velo accepts Nuna / Maxi-Cosi / CYBEX / Clek infant seats via a Mompush click-and-go car seat adapter (sold separately). Confirm the exact adapter for your model year before purchase.,,,,2026-06-30 15:23:27.23,2026-06-30 15:23:27.23
cmr0sqoml00072rtho62pewox,Mompush,Velo Travel,cmqpqr17i001y7qllzy4rhcm4,Nuna,PIPA urbn,nuna-pipa-urbn,INFANT,ADAPTER,t,,MEDIUM,Mompush Ultimate / Meteor / Velo accepts Nuna / Maxi-Cosi / CYBEX / Clek infant seats via a Mompush click-and-go car seat adapter (sold separately). Confirm the exact adapter for your model year before purchase.,,,,2026-06-30 15:23:27.405,2026-06-30 15:23:27.405
cmrfd4cvr0041t781uh6cvgeh,Mompush,Wiz,cmqpqr19z001z7qllvwvfvx5w,Chicco,KeyFit 30,chicco-keyfit-30,INFANT,ADAPTER,t,Mompush Wiz Stroller Car Seat Adapter,HIGH,,https://amzn.to/4hcAHc6,,,2026-07-10 20:02:44.152,2026-07-11 00:27:57.298
cmrfd4d060043t7812nksif0y,Mompush,Wiz,cmqpqr19z001z7qllvwvfvx5w,Chicco,KeyFit 30 ClearTex,cmqx4qp6y00033835pgtlizxk,INFANT,ADAPTER,t,Mompush Wiz Stroller Car Seat Adapter,HIGH,,https://amzn.to/4hcAHc6,,,2026-07-10 20:02:44.311,2026-07-11 00:27:57.298
cmrfd4d920047t781pvac7wxz,Mompush,Wiz,cmqpqr19z001z7qllvwvfvx5w,Chicco,KeyFit Max ClearTex,cmqx4qp9s00043835h85g6sl0,INFANT,ADAPTER,t,Mompush Wiz Stroller Car Seat Adapter,HIGH,,https://amzn.to/4hcAHc6,,,2026-07-10 20:02:44.631,2026-07-11 00:27:57.298
cmrfd4ddj0049t781e9uvzmxb,Mompush,Wiz,cmqpqr19z001z7qllvwvfvx5w,Chicco,KeyFit Max Zip ClearLux,cmqx4qpc50005383512d994gn,INFANT,ADAPTER,t,Mompush Wiz Stroller Car Seat Adapter,HIGH,,https://amzn.to/4hcAHc6,,,2026-07-10 20:02:44.791,2026-07-11 00:27:57.298
cmrfd4di0004bt781hnfo957s,Mompush,Wiz,cmqpqr19z001z7qllvwvfvx5w,Chicco,KeyFit Max Zip ClearTex,cmqx4qpeg00063835eten1p5s,INFANT,ADAPTER,t,Mompush Wiz Stroller Car Seat Adapter,HIGH,,https://amzn.to/4hcAHc6,,,2026-07-10 20:02:44.952,2026-07-11 00:27:57.298
cmrfmjdfe002sqal3d0g0gcdb,Mompush,Wiz,cmqpqr19z001z7qllvwvfvx5w,Clek,Liing,clek-liing,INFANT,ADAPTER,t,Mompush Wiz Stroller Car Seat Adapter,HIGH,,https://amzn.to/4bfD1LO,,,2026-07-11 00:26:21.24,2026-07-11 00:26:21.24
cmrfmjdfd002qqal30wnjx4nk,Mompush,Wiz,cmqpqr19z001z7qllvwvfvx5w,Clek,Liingo,clek-liingo,INFANT,ADAPTER,t,Mompush Wiz Stroller Car Seat Adapter,HIGH,,https://amzn.to/4bfD1LO,,,2026-07-11 00:26:21.24,2026-07-11 00:26:21.24
cmrfmjdff002yqal35i36qw2s,Mompush,Wiz,cmqpqr19z001z7qllvwvfvx5w,Cybex,Aton G2,cmqx4qpgs00073835wm1de2we,INFANT,ADAPTER,t,Mompush Wiz Stroller Car Seat Adapter,HIGH,,https://amzn.to/4bfD1LO,,,2026-07-11 00:26:21.24,2026-07-11 00:26:21.24
cmrfmjdfo0030qal32zosk43i,Mompush,Wiz,cmqpqr19z001z7qllvwvfvx5w,Cybex,Aton G2 Swivel,cmrdwvbsy000u7tmavhnk64ww,INFANT,ADAPTER,t,Mompush Wiz Stroller Car Seat Adapter,HIGH,,https://amzn.to/4bfD1LO,,,2026-07-11 00:26:21.241,2026-07-11 00:26:21.241
cmrfmjdfs0032qal3kcl5ulnf,Mompush,Wiz,cmqpqr19z001z7qllvwvfvx5w,Cybex,Cloud G Pro Comfort Extend,cmqx4qpj400083835htva49ii,INFANT,ADAPTER,t,Mompush Wiz Stroller Car Seat Adapter,HIGH,,https://amzn.to/4bfD1LO,,,2026-07-11 00:26:21.241,2026-07-11 00:26:21.241
cmrfmjdfe002uqal38jlmu8em,Mompush,Wiz,cmqpqr19z001z7qllvwvfvx5w,Cybex,Cloud T,cybex-cloud-t,INFANT,ADAPTER,t,Mompush Wiz Stroller Car Seat Adapter,HIGH,,https://amzn.to/4bfD1LO,,,2026-07-11 00:26:21.24,2026-07-11 00:26:21.24
cmrfmgoh40028qal31ct0xopx,Mompush,Wiz,cmqpqr19z001z7qllvwvfvx5w,Maxi-Cosi,Ambra,cmqx4qqbg000k3835k8b3mf6l,INFANT,ADAPTER,t,Mompush Wiz Stroller Car Seat Adapter,HIGH,,https://amzn.to/4aQ81C2,,,2026-07-11 00:24:15.59,2026-07-11 00:24:15.59
cmrfmgohf002iqal31cukbken,Mompush,Wiz,cmqpqr19z001z7qllvwvfvx5w,Maxi-Cosi,Mico Luxe,maxi-cosi-mico-luxe,INFANT,ADAPTER,t,Mompush Wiz Stroller Car Seat Adapter,HIGH,,https://amzn.to/4aQ81C2,,,2026-07-11 00:24:15.595,2026-07-11 00:24:15.595
cmrfmgoh6002eqal3aetuvksf,Mompush,Wiz,cmqpqr19z001z7qllvwvfvx5w,Maxi-Cosi,Mico Pro,maxi-cosi-mico-pro,INFANT,ADAPTER,t,Mompush Wiz Stroller Car Seat Adapter,HIGH,,https://amzn.to/4aQ81C2,,,2026-07-11 00:24:15.59,2026-07-11 00:24:15.59
cmrfmgohm002oqal3ju8w9cvj,Mompush,Wiz,cmqpqr19z001z7qllvwvfvx5w,Maxi-Cosi,Peri 180,maxi-cosi-peri,INFANT,ADAPTER,t,Mompush Wiz Stroller Car Seat Adapter,HIGH,,https://amzn.to/4aQ81C2,,,2026-07-11 00:24:15.599,2026-07-11 00:24:15.599
cmr0sqotn00092rthe6sac9dn,Mompush,Wiz,cmqpqr19z001z7qllvwvfvx5w,Nuna,PIPA Aire,nuna-pipa-lite-rx,INFANT,ADAPTER,t,Mompush Wiz Stroller Car Seat Adapter,HIGH,,https://amzn.to/4aQ81C2,,,2026-06-30 15:23:27.659,2026-07-11 00:24:15.596
cmr0sqoyb000b2rthghdr59r5,Mompush,Wiz,cmqpqr19z001z7qllvwvfvx5w,Nuna,PIPA Aire rx,nuna-pipa-aire-rx,INFANT,ADAPTER,t,Mompush Wiz Stroller Car Seat Adapter,HIGH,,https://amzn.to/4aQ81C2,,,2026-06-30 15:23:27.827,2026-07-11 00:24:15.595
cmr0sqp2y000d2rth4eleejru,Mompush,Wiz,cmqpqr19z001z7qllvwvfvx5w,Nuna,PIPA RX,nuna-pipa-rx,INFANT,ADAPTER,t,Mompush Wiz Stroller Car Seat Adapter,HIGH,,https://amzn.to/4aQ81C2,,,2026-06-30 15:23:27.994,2026-07-11 00:24:15.596
cmr0sqp7h000f2rthd35oti1s,Mompush,Wiz,cmqpqr19z001z7qllvwvfvx5w,Nuna,PIPA urbn,nuna-pipa-urbn,INFANT,ADAPTER,t,Mompush Wiz Stroller Car Seat Adapter,HIGH,,https://amzn.to/4aQ81C2,,,2026-06-30 15:23:28.158,2026-07-11 00:24:15.591
nuna-demi-next__nuna-pipa-lite-rx,Nuna,DEMI next,nuna-demi-next,Nuna,PIPA Aire,nuna-pipa-lite-rx,INFANT,DIRECT,f,,HIGH,Nuna works most cleanly inside the PIPA ecosystem.,,,,2026-03-22 17:19:43.856,2026-03-22 17:19:43.856
nuna-demi-next__nuna-pipa-aire-rx,Nuna,DEMI next,nuna-demi-next,Nuna,PIPA Aire rx,nuna-pipa-aire-rx,INFANT,DIRECT,f,,HIGH,Compatible via same adapter path as Nuna PIPA rx.,,,,2026-06-13 20:48:32.741,2026-06-13 20:48:32.741
nuna-demi-next__nuna-pipa-rx,Nuna,DEMI next,nuna-demi-next,Nuna,PIPA RX,nuna-pipa-rx,INFANT,DIRECT,f,,HIGH,Nuna works most cleanly inside the PIPA ecosystem.,,,,2026-03-22 17:19:43.856,2026-03-22 17:19:43.856
nuna-demi-next__nuna-pipa-urbn,Nuna,DEMI next,nuna-demi-next,Nuna,PIPA urbn,nuna-pipa-urbn,INFANT,DIRECT,f,,HIGH,Nuna works most cleanly inside the PIPA ecosystem.,,,,2026-03-22 17:19:43.856,2026-03-22 17:19:43.856
nuna-mixx-next__nuna-pipa-lite-rx,Nuna,MIXX next,nuna-mixx-next,Nuna,PIPA Aire,nuna-pipa-lite-rx,INFANT,DIRECT,f,,HIGH,"Same-brand direct fit — Nuna PIPA seats click straight onto Nuna strollers, no adapter needed.",,,,2026-03-22 03:02:28.613,2026-07-26 20:47:37.801
nuna-mixx-next__nuna-pipa-aire-rx,Nuna,MIXX next,nuna-mixx-next,Nuna,PIPA Aire rx,nuna-pipa-aire-rx,INFANT,DIRECT,f,,HIGH,"Same-brand direct fit — Nuna PIPA seats click straight onto Nuna strollers, no adapter needed.",,,,2026-06-13 20:48:32.741,2026-07-26 20:47:37.994
nuna-mixx-next__nuna-pipa-rx,Nuna,MIXX next,nuna-mixx-next,Nuna,PIPA RX,nuna-pipa-rx,INFANT,DIRECT,f,,HIGH,"Same-brand direct fit — Nuna PIPA seats click straight onto Nuna strollers, no adapter needed.",,,,2026-03-22 03:02:28.613,2026-07-26 20:47:37.613
nuna-mixx-next__nuna-pipa-urbn,Nuna,MIXX next,nuna-mixx-next,Nuna,PIPA urbn,nuna-pipa-urbn,INFANT,DIRECT,f,,HIGH,"Same-brand direct fit — Nuna PIPA seats click straight onto Nuna strollers, no adapter needed.",,,,2026-03-22 03:02:28.613,2026-07-26 20:47:37.895
cmqzsb0x9002512dxop8akp9x,Nuna,Mixx Next Bmw,cmqx8d5bv001413kpjri9r4s9,Nuna,PIPA Aire,nuna-pipa-lite-rx,INFANT,DIRECT,f,,HIGH,"Same-brand direct fit — Nuna PIPA seats click straight onto Nuna strollers, no adapter needed.",,,,2026-06-29 22:23:30.67,2026-07-26 20:47:38.566
cmqzsb12h002912dxi4u99r6j,Nuna,Mixx Next Bmw,cmqx8d5bv001413kpjri9r4s9,Nuna,PIPA Aire rx,nuna-pipa-aire-rx,INFANT,DIRECT,f,,HIGH,"Same-brand direct fit — Nuna PIPA seats click straight onto Nuna strollers, no adapter needed.",,,,2026-06-29 22:23:30.857,2026-07-26 20:47:38.759
cmqzsb0us002312dxnwd9mgeu,Nuna,Mixx Next Bmw,cmqx8d5bv001413kpjri9r4s9,Nuna,PIPA RX,nuna-pipa-rx,INFANT,DIRECT,f,,HIGH,"Same-brand direct fit — Nuna PIPA seats click straight onto Nuna strollers, no adapter needed.",,,,2026-06-29 22:23:30.58,2026-07-26 20:47:38.47
cmqzsb100002712dxo0jqa6ti,Nuna,Mixx Next Bmw,cmqx8d5bv001413kpjri9r4s9,Nuna,PIPA urbn,nuna-pipa-urbn,INFANT,DIRECT,f,,HIGH,"Same-brand direct fit — Nuna PIPA seats click straight onto Nuna strollers, no adapter needed.",,,,2026-06-29 22:23:30.768,2026-07-26 20:47:38.661
cmqzsb1bo002d12dx8qv6r4gp,Nuna,Mixx Next With Magnetic Buckle,cmqx8d5e9001513kpvy66jrkf,Nuna,PIPA Aire,nuna-pipa-lite-rx,INFANT,DIRECT,f,,HIGH,"Same-brand direct fit — Nuna PIPA seats click straight onto Nuna strollers, no adapter needed.",,,,2026-06-29 22:23:31.188,2026-07-26 20:47:38.945
cmqzsb1ge002h12dxwmrrxo54,Nuna,Mixx Next With Magnetic Buckle,cmqx8d5e9001513kpvy66jrkf,Nuna,PIPA Aire rx,nuna-pipa-aire-rx,INFANT,DIRECT,f,,HIGH,"Same-brand direct fit — Nuna PIPA seats click straight onto Nuna strollers, no adapter needed.",,,,2026-06-29 22:23:31.357,2026-07-26 20:47:39.134
cmqzsb19c002b12dx44btkn3q,Nuna,Mixx Next With Magnetic Buckle,cmqx8d5e9001513kpvy66jrkf,Nuna,PIPA RX,nuna-pipa-rx,INFANT,DIRECT,f,,HIGH,"Same-brand direct fit — Nuna PIPA seats click straight onto Nuna strollers, no adapter needed.",,,,2026-06-29 22:23:31.105,2026-07-26 20:47:38.849
cmqzsb1e0002f12dxw5iatglx,Nuna,Mixx Next With Magnetic Buckle,cmqx8d5e9001513kpvy66jrkf,Nuna,PIPA urbn,nuna-pipa-urbn,INFANT,DIRECT,f,,HIGH,"Same-brand direct fit — Nuna PIPA seats click straight onto Nuna strollers, no adapter needed.",,,,2026-06-29 22:23:31.272,2026-07-26 20:47:39.038
nuna-tavo-next__nuna-pipa-lite-rx,Nuna,TAVO next,nuna-tavo-next,Nuna,PIPA Aire,nuna-pipa-lite-rx,INFANT,DIRECT,f,,HIGH,Nuna works most cleanly inside the PIPA ecosystem.,,,,2026-03-22 17:19:43.856,2026-03-22 17:19:43.856
nuna-tavo-next__nuna-pipa-aire-rx,Nuna,TAVO next,nuna-tavo-next,Nuna,PIPA Aire rx,nuna-pipa-aire-rx,INFANT,DIRECT,f,,HIGH,Compatible via same adapter path as Nuna PIPA rx.,,,,2026-06-13 20:48:32.741,2026-06-13 20:48:32.741
nuna-tavo-next__nuna-pipa-rx,Nuna,TAVO next,nuna-tavo-next,Nuna,PIPA RX,nuna-pipa-rx,INFANT,DIRECT,f,,HIGH,Nuna works most cleanly inside the PIPA ecosystem.,,,,2026-03-22 17:19:43.856,2026-03-22 17:19:43.856
nuna-tavo-next__nuna-pipa-urbn,Nuna,TAVO next,nuna-tavo-next,Nuna,PIPA urbn,nuna-pipa-urbn,INFANT,DIRECT,f,,HIGH,Nuna works most cleanly inside the PIPA ecosystem.,,,,2026-03-22 17:19:43.856,2026-03-22 17:19:43.856
cmqzsb1q0002l12dxherdnnr5,Nuna,Tavo Next Granite,cmqx8d5gq001613kp6pkqi29a,Nuna,PIPA Aire,nuna-pipa-lite-rx,INFANT,DIRECT,f,,HIGH,Nuna works most cleanly inside the PIPA ecosystem.,,,,2026-06-29 22:23:31.705,2026-06-29 22:23:31.705
cmqzsb1ux002p12dxj3fxdtcv,Nuna,Tavo Next Granite,cmqx8d5gq001613kp6pkqi29a,Nuna,PIPA Aire rx,nuna-pipa-aire-rx,INFANT,DIRECT,f,,HIGH,Compatible via same adapter path as Nuna PIPA rx.,,,,2026-06-29 22:23:31.881,2026-06-29 22:23:31.881
cmqzsb1ni002j12dx1yjr1dob,Nuna,Tavo Next Granite,cmqx8d5gq001613kp6pkqi29a,Nuna,PIPA RX,nuna-pipa-rx,INFANT,DIRECT,f,,HIGH,Nuna works most cleanly inside the PIPA ecosystem.,,,,2026-06-29 22:23:31.614,2026-06-29 22:23:31.614
cmqzsb1sf002n12dx760z5llw,Nuna,Tavo Next Granite,cmqx8d5gq001613kp6pkqi29a,Nuna,PIPA urbn,nuna-pipa-urbn,INFANT,DIRECT,f,,HIGH,Nuna works most cleanly inside the PIPA ecosystem.,,,,2026-06-29 22:23:31.791,2026-06-29 22:23:31.791
cmrh19jlk001f110gprgw1st5,Nuna,TRIV LX,cmqscejzb0000ltzkwuczhvv1,Nuna,PIPA Aire,nuna-pipa-lite-rx,INFANT,DIRECT,f,,HIGH,,,,,2026-07-12 00:06:23.095,2026-07-12 00:06:23.095
cmrh19jll001l110gm5li1yjo,Nuna,TRIV LX,cmqscejzb0000ltzkwuczhvv1,Nuna,PIPA Aire rx,nuna-pipa-aire-rx,INFANT,DIRECT,f,,HIGH,,,,,2026-07-12 00:06:23.095,2026-07-12 00:06:23.095
cmrh19jlk001h110gnr19adk2,Nuna,TRIV LX,cmqscejzb0000ltzkwuczhvv1,Nuna,PIPA RX,nuna-pipa-rx,INFANT,DIRECT,f,,HIGH,,,,,2026-07-12 00:06:23.095,2026-07-12 00:06:23.095
cmrh19jll001j110g9izjs7li,Nuna,TRIV LX,cmqscejzb0000ltzkwuczhvv1,Nuna,PIPA urbn,nuna-pipa-urbn,INFANT,DIRECT,f,,HIGH,,,,,2026-07-12 00:06:23.095,2026-07-12 00:06:23.095
nuna-triv-next__nuna-pipa-lite-rx,Nuna,TRIV next,nuna-triv-next,Nuna,PIPA Aire,nuna-pipa-lite-rx,INFANT,DIRECT,f,,HIGH,Nuna works most cleanly inside the PIPA ecosystem.,,,,2026-03-22 17:19:43.856,2026-03-22 17:19:43.856
nuna-triv-next__nuna-pipa-aire-rx,Nuna,TRIV next,nuna-triv-next,Nuna,PIPA Aire rx,nuna-pipa-aire-rx,INFANT,DIRECT,f,,HIGH,Compatible via same adapter path as Nuna PIPA rx.,,,,2026-06-13 20:48:32.741,2026-06-13 20:48:32.741
nuna-triv-next__nuna-pipa-rx,Nuna,TRIV next,nuna-triv-next,Nuna,PIPA RX,nuna-pipa-rx,INFANT,DIRECT,f,,HIGH,Nuna works most cleanly inside the PIPA ecosystem.,,,,2026-03-22 17:19:43.856,2026-03-22 17:19:43.856
nuna-triv-next__nuna-pipa-urbn,Nuna,TRIV next,nuna-triv-next,Nuna,PIPA urbn,nuna-pipa-urbn,INFANT,DIRECT,f,,HIGH,Nuna works most cleanly inside the PIPA ecosystem.,,,,2026-03-22 17:19:43.856,2026-03-22 17:19:43.856
cmqzsb241002t12dxxl3j4002,Nuna,Triv Next Bmw,cmqx8d5mh001813kpj7dt2y6v,Nuna,PIPA Aire,nuna-pipa-lite-rx,INFANT,DIRECT,f,,HIGH,Nuna works most cleanly inside the PIPA ecosystem.,,,,2026-06-29 22:23:32.208,2026-06-29 22:23:32.208
cmqzsb28r002x12dx56b7k5vy,Nuna,Triv Next Bmw,cmqx8d5mh001813kpj7dt2y6v,Nuna,PIPA Aire rx,nuna-pipa-aire-rx,INFANT,DIRECT,f,,HIGH,Compatible via same adapter path as Nuna PIPA rx.,,,,2026-06-29 22:23:32.379,2026-06-29 22:23:32.379
cmqzsb21n002r12dx5seoy9uc,Nuna,Triv Next Bmw,cmqx8d5mh001813kpj7dt2y6v,Nuna,PIPA RX,nuna-pipa-rx,INFANT,DIRECT,f,,HIGH,Nuna works most cleanly inside the PIPA ecosystem.,,,,2026-06-29 22:23:32.124,2026-06-29 22:23:32.124
cmqzsb26e002v12dxq88jtxx5,Nuna,Triv Next Bmw,cmqx8d5mh001813kpj7dt2y6v,Nuna,PIPA urbn,nuna-pipa-urbn,INFANT,DIRECT,f,,HIGH,Nuna works most cleanly inside the PIPA ecosystem.,,,,2026-06-29 22:23:32.294,2026-06-29 22:23:32.294
cmqzsb2wt003912dxdry7qqi7,Nuna,Triv Next With Magnetic Buckle Caviar/Chocolate,cmqx8d5w0001c13kp4aatwr59,Nuna,PIPA Aire,nuna-pipa-lite-rx,INFANT,DIRECT,f,,HIGH,Nuna works most cleanly inside the PIPA ecosystem.,,,,2026-06-29 22:23:33.245,2026-06-29 22:23:33.245
cmqzsb31s003d12dxqdjjamjt,Nuna,Triv Next With Magnetic Buckle Caviar/Chocolate,cmqx8d5w0001c13kp4aatwr59,Nuna,PIPA Aire rx,nuna-pipa-aire-rx,INFANT,DIRECT,f,,HIGH,Compatible via same adapter path as Nuna PIPA rx.,,,,2026-06-29 22:23:33.425,2026-06-29 22:23:33.425
cmqzsb2uf003712dxdcpw1kp6,Nuna,Triv Next With Magnetic Buckle Caviar/Chocolate,cmqx8d5w0001c13kp4aatwr59,Nuna,PIPA RX,nuna-pipa-rx,INFANT,DIRECT,f,,HIGH,Nuna works most cleanly inside the PIPA ecosystem.,,,,2026-06-29 22:23:33.159,2026-06-29 22:23:33.159
cmqzsb2zc003b12dxr22zoh5h,Nuna,Triv Next With Magnetic Buckle Caviar/Chocolate,cmqx8d5w0001c13kp4aatwr59,Nuna,PIPA urbn,nuna-pipa-urbn,INFANT,DIRECT,f,,HIGH,Nuna works most cleanly inside the PIPA ecosystem.,,,,2026-06-29 22:23:33.336,2026-06-29 22:23:33.336
cmqzsb2id003112dxyve1ch8d,Nuna,Triv Next W Magnetic Buckle,cmqx8d5ox001913kpewofgj0y,Nuna,PIPA Aire,nuna-pipa-lite-rx,INFANT,DIRECT,f,,HIGH,Nuna works most cleanly inside the PIPA ecosystem.,,,,2026-06-29 22:23:32.725,2026-06-29 22:23:32.725
cmqzsb2n6003512dxb4jxwn6i,Nuna,Triv Next W Magnetic Buckle,cmqx8d5ox001913kpewofgj0y,Nuna,PIPA Aire rx,nuna-pipa-aire-rx,INFANT,DIRECT,f,,HIGH,Compatible via same adapter path as Nuna PIPA rx.,,,,2026-06-29 22:23:32.898,2026-06-29 22:23:32.898
cmqzsb2fw002z12dx8ifh3tb3,Nuna,Triv Next W Magnetic Buckle,cmqx8d5ox001913kpewofgj0y,Nuna,PIPA RX,nuna-pipa-rx,INFANT,DIRECT,f,,HIGH,Nuna works most cleanly inside the PIPA ecosystem.,,,,2026-06-29 22:23:32.636,2026-06-29 22:23:32.636
cmqzsb2kt003312dxjw0y47fs,Nuna,Triv Next W Magnetic Buckle,cmqx8d5ox001913kpewofgj0y,Nuna,PIPA urbn,nuna-pipa-urbn,INFANT,DIRECT,f,,HIGH,Nuna works most cleanly inside the PIPA ecosystem.,,,,2026-06-29 22:23:32.813,2026-06-29 22:23:32.813
cmr49d9y7000lo2uou68rluod,Nuna,TRVL,cmr49d9kl000fo2uo8bit0bst,Nuna,PIPA Aire,nuna-pipa-lite-rx,INFANT,DIRECT,f,,HIGH,Nuna TRVL Easy Fold connects directly with Nuna PIPA series infant car seats with a click — no adapter needed.,,,,2026-07-03 01:32:13.855,2026-07-03 01:32:13.855
cmr49d9tp000jo2uozjeduyum,Nuna,TRVL,cmr49d9kl000fo2uo8bit0bst,Nuna,PIPA Aire rx,nuna-pipa-aire-rx,INFANT,DIRECT,f,,HIGH,Nuna TRVL Easy Fold connects directly with Nuna PIPA series infant car seats with a click — no adapter needed.,,,,2026-07-03 01:32:13.693,2026-07-03 01:32:13.693
cmr49d9p4000ho2uo00d61sq9,Nuna,TRVL,cmr49d9kl000fo2uo8bit0bst,Nuna,PIPA RX,nuna-pipa-rx,INFANT,DIRECT,f,,HIGH,Nuna TRVL Easy Fold connects directly with Nuna PIPA series infant car seats with a click — no adapter needed.,,,,2026-07-03 01:32:13.528,2026-07-03 01:32:13.528
cmr49da2q000no2uomrg551de,Nuna,TRVL,cmr49d9kl000fo2uo8bit0bst,Nuna,PIPA urbn,nuna-pipa-urbn,INFANT,DIRECT,f,,HIGH,Nuna TRVL Easy Fold connects directly with Nuna PIPA series infant car seats with a click — no adapter needed.,,,,2026-07-03 01:32:14.019,2026-07-03 01:32:14.019
cmr49dapu000xo2uod9av08g1,Nuna,TRVL DUBL,cmr49dac4000ro2uo6vl42vul,Nuna,PIPA Aire,nuna-pipa-lite-rx,INFANT,DIRECT,f,,HIGH,Nuna TRVL DUBL connects directly with Nuna PIPA series infant car seats with a click — no adapter needed.,,,,2026-07-03 01:32:14.85,2026-07-03 01:32:14.85
cmr49dal6000vo2uoryfu46z0,Nuna,TRVL DUBL,cmr49dac4000ro2uo6vl42vul,Nuna,PIPA Aire rx,nuna-pipa-aire-rx,INFANT,DIRECT,f,,HIGH,Nuna TRVL DUBL connects directly with Nuna PIPA series infant car seats with a click — no adapter needed.,,,,2026-07-03 01:32:14.682,2026-07-03 01:32:14.682
cmr49dagm000to2uo1k8btis7,Nuna,TRVL DUBL,cmr49dac4000ro2uo6vl42vul,Nuna,PIPA RX,nuna-pipa-rx,INFANT,DIRECT,f,,HIGH,Nuna TRVL DUBL connects directly with Nuna PIPA series infant car seats with a click — no adapter needed.,,,,2026-07-03 01:32:14.519,2026-07-03 01:32:14.519
cmr49daul000zo2uoqxp8ed1g,Nuna,TRVL DUBL,cmr49dac4000ro2uo6vl42vul,Nuna,PIPA urbn,nuna-pipa-urbn,INFANT,DIRECT,f,,HIGH,Nuna TRVL DUBL connects directly with Nuna PIPA series infant car seats with a click — no adapter needed.,,,,2026-07-03 01:32:15.021,2026-07-03 01:32:15.021
cmr49d96n0009o2uoavakzz6t,Nuna,TRVL LX,cmr49d8m40003o2uox4u071ll,Nuna,PIPA Aire,nuna-pipa-lite-rx,INFANT,DIRECT,f,,HIGH,Nuna TRVL LX connects directly with Nuna PIPA series infant car seats with a click — no adapter needed.,,,,2026-07-03 01:32:12.863,2026-07-03 01:32:12.863
cmr49d91y0007o2uohz6f1x02,Nuna,TRVL LX,cmr49d8m40003o2uox4u071ll,Nuna,PIPA Aire rx,nuna-pipa-aire-rx,INFANT,DIRECT,f,,HIGH,Nuna TRVL LX connects directly with Nuna PIPA series infant car seats with a click — no adapter needed.,,,,2026-07-03 01:32:12.694,2026-07-03 01:32:12.694
cmr49d8v20005o2uozpogn402,Nuna,TRVL LX,cmr49d8m40003o2uox4u071ll,Nuna,PIPA RX,nuna-pipa-rx,INFANT,DIRECT,f,,HIGH,Nuna TRVL LX connects directly with Nuna PIPA series infant car seats with a click — no adapter needed.,,,,2026-07-03 01:32:12.446,2026-07-03 01:32:12.446
cmr49d9b5000bo2uo54qq6aaw,Nuna,TRVL LX,cmr49d8m40003o2uox4u071ll,Nuna,PIPA urbn,nuna-pipa-urbn,INFANT,DIRECT,f,,HIGH,Nuna TRVL LX connects directly with Nuna PIPA series infant car seats with a click — no adapter needed.,,,,2026-07-03 01:32:13.026,2026-07-03 01:32:13.026
cmr49dcaj0018o2uozydn6kz7,Nuna,VIAA Cabn,cmqscek420001ltzkm4tqtb5v,Nuna,PIPA Aire,nuna-pipa-lite-rx,INFANT,DIRECT,f,,HIGH,Nuna VIAA CABN connects directly with Nuna PIPA series infant car seats with a click — no adapter needed.,,,,2026-07-03 01:32:16.891,2026-07-03 01:32:16.891
cmr49dc5m0016o2uoi7sag9fz,Nuna,VIAA Cabn,cmqscek420001ltzkm4tqtb5v,Nuna,PIPA Aire rx,nuna-pipa-aire-rx,INFANT,DIRECT,f,,HIGH,Nuna VIAA CABN connects directly with Nuna PIPA series infant car seats with a click — no adapter needed.,,,,2026-07-03 01:32:16.715,2026-07-03 01:32:16.715
cmr49dbyc0014o2uo4bzc3r3z,Nuna,VIAA Cabn,cmqscek420001ltzkm4tqtb5v,Nuna,PIPA RX,nuna-pipa-rx,INFANT,DIRECT,f,,HIGH,Nuna VIAA CABN connects directly with Nuna PIPA series infant car seats with a click — no adapter needed.,,,,2026-07-03 01:32:16.452,2026-07-03 01:32:16.452
cmr49dcfc001ao2uownc9uhg4,Nuna,VIAA Cabn,cmqscek420001ltzkm4tqtb5v,Nuna,PIPA urbn,nuna-pipa-urbn,INFANT,DIRECT,f,,HIGH,Nuna VIAA CABN connects directly with Nuna PIPA series infant car seats with a click — no adapter needed.,,,,2026-07-03 01:32:17.064,2026-07-03 01:32:17.064
cmqu8mgzp006vwwsbjix74cy4,Nuna,x BMW MIXX next,cmqpqr1jj00237qllzjnymes5,Nuna,PIPA Aire,nuna-pipa-lite-rx,INFANT,DIRECT,f,,HIGH,"Same-brand direct fit — Nuna PIPA seats click straight onto Nuna strollers, no adapter needed.",,,,2026-06-26 01:13:41.509,2026-07-26 20:47:38.188
cmqu8mh5n006zwwsbh7isyqgm,Nuna,x BMW MIXX next,cmqpqr1jj00237qllzjnymes5,Nuna,PIPA Aire rx,nuna-pipa-aire-rx,INFANT,DIRECT,f,,HIGH,"Same-brand direct fit — Nuna PIPA seats click straight onto Nuna strollers, no adapter needed.",,,,2026-06-26 01:13:41.724,2026-07-26 20:47:38.375
cmqu8mgx7006twwsbklfxr9zy,Nuna,x BMW MIXX next,cmqpqr1jj00237qllzjnymes5,Nuna,PIPA RX,nuna-pipa-rx,INFANT,DIRECT,f,,HIGH,"Same-brand direct fit — Nuna PIPA seats click straight onto Nuna strollers, no adapter needed.",,,,2026-06-26 01:13:41.419,2026-07-26 20:47:38.089
cmqu8mh26006xwwsbdenyug64,Nuna,x BMW MIXX next,cmqpqr1jj00237qllzjnymes5,Nuna,PIPA urbn,nuna-pipa-urbn,INFANT,DIRECT,f,,HIGH,"Same-brand direct fit — Nuna PIPA seats click straight onto Nuna strollers, no adapter needed.",,,,2026-06-26 01:13:41.598,2026-07-26 20:47:38.278
cmqu8mhf80073wwsb9emp5h1j,Nuna,x BMW TRIV next,cmqpqr1lv00247qllwhlhf7mr,Nuna,PIPA Aire,nuna-pipa-lite-rx,INFANT,DIRECT,f,,HIGH,Nuna works most cleanly inside the PIPA ecosystem.,,,,2026-06-26 01:13:42.068,2026-06-26 01:13:42.068
cmqu8mhme0077wwsbe7614ufj,Nuna,x BMW TRIV next,cmqpqr1lv00247qllwhlhf7mr,Nuna,PIPA Aire rx,nuna-pipa-aire-rx,INFANT,DIRECT,f,,HIGH,Compatible via same adapter path as Nuna PIPA rx.,,,,2026-06-26 01:13:42.326,2026-06-26 01:13:42.326
cmqu8mhcx0071wwsbt4edpiiq,Nuna,x BMW TRIV next,cmqpqr1lv00247qllwhlhf7mr,Nuna,PIPA RX,nuna-pipa-rx,INFANT,DIRECT,f,,HIGH,Nuna works most cleanly inside the PIPA ecosystem.,,,,2026-06-26 01:13:41.985,2026-06-26 01:13:41.985
cmqu8mhhn0075wwsbv2a34lbh,Nuna,x BMW TRIV next,cmqpqr1lv00247qllwhlhf7mr,Nuna,PIPA urbn,nuna-pipa-urbn,INFANT,DIRECT,f,,HIGH,Nuna works most cleanly inside the PIPA ecosystem.,,,,2026-06-26 01:13:42.156,2026-06-26 01:13:42.156
cmrmtwfkn000x11u5c5e0lvdd,Orbit Baby,G5,orbit-baby-g5,Clek,Liing,clek-liing,INFANT,ADAPTER,t,Orbit Baby Car Seat Adapter for Orbit Baby Stroller (Maxi-Cosi / Cybex / Nuna / Clek),MEDIUM,"Inferred from the catalog adapter ""Orbit Baby Car Seat Adapter for Orbit Baby Stroller (Maxi-Cosi / Cybex / Nuna / Clek)"".",https://www.macrobaby.com/products/car-seat-stroller-adapter?_j=taylormadebabyco.com,60,,2026-07-16 01:26:51.095,2026-07-16 01:26:51.095
cmrmtwfu1001511u58qrgdubh,Orbit Baby,G5,orbit-baby-g5,Clek,Liingo,clek-liingo,INFANT,ADAPTER,t,Orbit Baby Car Seat Adapter for Orbit Baby Stroller (Maxi-Cosi / Cybex / Nuna / Clek),MEDIUM,"Inferred from the catalog adapter ""Orbit Baby Car Seat Adapter for Orbit Baby Stroller (Maxi-Cosi / Cybex / Nuna / Clek)"".",https://www.macrobaby.com/products/car-seat-stroller-adapter?_j=taylormadebabyco.com,60,,2026-07-16 01:26:51.433,2026-07-16 01:26:51.433
cmrmtwfwk001711u5vsethav8,Orbit Baby,G5,orbit-baby-g5,Cybex,Aton G2,cmqx4qpgs00073835wm1de2we,INFANT,ADAPTER,t,Orbit Baby Car Seat Adapter for Orbit Baby Stroller (Maxi-Cosi / Cybex / Nuna / Clek),MEDIUM,"Inferred from the catalog adapter ""Orbit Baby Car Seat Adapter for Orbit Baby Stroller (Maxi-Cosi / Cybex / Nuna / Clek)"".",https://www.macrobaby.com/products/car-seat-stroller-adapter?_j=taylormadebabyco.com,60,,2026-07-16 01:26:51.525,2026-07-16 01:26:51.525
cmrmtwg6i001f11u5c6vhugm1,Orbit Baby,G5,orbit-baby-g5,Cybex,Aton G2 Swivel,cmrdwvbsy000u7tmavhnk64ww,INFANT,ADAPTER,t,Orbit Baby Car Seat Adapter for Orbit Baby Stroller (Maxi-Cosi / Cybex / Nuna / Clek),MEDIUM,"Inferred from the catalog adapter ""Orbit Baby Car Seat Adapter for Orbit Baby Stroller (Maxi-Cosi / Cybex / Nuna / Clek)"".",https://www.macrobaby.com/products/car-seat-stroller-adapter?_j=taylormadebabyco.com,60,,2026-07-16 01:26:51.883,2026-07-16 01:26:51.883
cmrmtwfyt001911u5n2pj61sl,Orbit Baby,G5,orbit-baby-g5,Cybex,Cloud G Pro Comfort Extend,cmqx4qpj400083835htva49ii,INFANT,ADAPTER,t,Orbit Baby Car Seat Adapter for Orbit Baby Stroller (Maxi-Cosi / Cybex / Nuna / Clek),MEDIUM,"Inferred from the catalog adapter ""Orbit Baby Car Seat Adapter for Orbit Baby Stroller (Maxi-Cosi / Cybex / Nuna / Clek)"".",https://www.macrobaby.com/products/car-seat-stroller-adapter?_j=taylormadebabyco.com,60,,2026-07-16 01:26:51.605,2026-07-16 01:26:51.605
cmrmtwg1t001b11u50tpusupn,Orbit Baby,G5,orbit-baby-g5,Cybex,Cloud T,cybex-cloud-t,INFANT,ADAPTER,t,Orbit Baby Car Seat Adapter for Orbit Baby Stroller (Maxi-Cosi / Cybex / Nuna / Clek),MEDIUM,"Inferred from the catalog adapter ""Orbit Baby Car Seat Adapter for Orbit Baby Stroller (Maxi-Cosi / Cybex / Nuna / Clek)"".",https://www.macrobaby.com/products/car-seat-stroller-adapter?_j=taylormadebabyco.com,60,,2026-07-16 01:26:51.714,2026-07-16 01:26:51.714
cmrmtwgb5001j11u5jcuho0sk,Orbit Baby,G5,orbit-baby-g5,Maxi-Cosi,Ambra,cmqx4qqbg000k3835k8b3mf6l,INFANT,ADAPTER,t,Orbit Baby Car Seat Adapter for Orbit Baby Stroller (Maxi-Cosi / Cybex / Nuna / Clek),MEDIUM,"Inferred from the catalog adapter ""Orbit Baby Car Seat Adapter for Orbit Baby Stroller (Maxi-Cosi / Cybex / Nuna / Clek)"".",https://www.macrobaby.com/products/car-seat-stroller-adapter?_j=taylormadebabyco.com,60,,2026-07-16 01:26:52.05,2026-07-16 01:26:52.05
cmrmtwfn0000z11u5sjqx9ts4,Orbit Baby,G5,orbit-baby-g5,Maxi-Cosi,Mico Luxe,maxi-cosi-mico-luxe,INFANT,ADAPTER,t,Orbit Baby Car Seat Adapter for Orbit Baby Stroller (Maxi-Cosi / Cybex / Nuna / Clek),MEDIUM,"Inferred from the catalog adapter ""Orbit Baby Car Seat Adapter for Orbit Baby Stroller (Maxi-Cosi / Cybex / Nuna / Clek)"".",https://www.macrobaby.com/products/car-seat-stroller-adapter?_j=taylormadebabyco.com,60,,2026-07-16 01:26:51.18,2026-07-16 01:26:51.18
cmrmtwfpa001111u5upq0fwbl,Orbit Baby,G5,orbit-baby-g5,Maxi-Cosi,Mico Pro,maxi-cosi-mico-pro,INFANT,ADAPTER,t,Orbit Baby Car Seat Adapter for Orbit Baby Stroller (Maxi-Cosi / Cybex / Nuna / Clek),MEDIUM,"Inferred from the catalog adapter ""Orbit Baby Car Seat Adapter for Orbit Baby Stroller (Maxi-Cosi / Cybex / Nuna / Clek)"".",https://www.macrobaby.com/products/car-seat-stroller-adapter?_j=taylormadebabyco.com,60,,2026-07-16 01:26:51.263,2026-07-16 01:26:51.263
cmrmtwg41001d11u5yefh32vg,Orbit Baby,G5,orbit-baby-g5,Maxi-Cosi,Peri 180,maxi-cosi-peri,INFANT,ADAPTER,t,Orbit Baby Car Seat Adapter for Orbit Baby Stroller (Maxi-Cosi / Cybex / Nuna / Clek),MEDIUM,"Inferred from the catalog adapter ""Orbit Baby Car Seat Adapter for Orbit Baby Stroller (Maxi-Cosi / Cybex / Nuna / Clek)"".",https://www.macrobaby.com/products/car-seat-stroller-adapter?_j=taylormadebabyco.com,60,,2026-07-16 01:26:51.793,2026-07-16 01:26:51.793
cmr03i5tz0009m37wfq03750n,Orbit Baby,G5,orbit-baby-g5,Nuna,PIPA Aire,nuna-pipa-lite-rx,INFANT,ADAPTER,t,,MEDIUM,Orbit Baby all Orbit Baby strollers accepts Nuna / Maxi-Cosi / CYBEX / Clek infant seats via a Orbit Baby click-and-go car seat adapter (sold separately). Confirm the exact adapter for your model year before purchase.,,,,2026-06-30 03:36:59.399,2026-06-30 03:36:59.399
cmr03i5yj000bm37w1t6zhxow,Orbit Baby,G5,orbit-baby-g5,Nuna,PIPA Aire rx,nuna-pipa-aire-rx,INFANT,ADAPTER,t,,MEDIUM,Orbit Baby all Orbit Baby strollers accepts Nuna / Maxi-Cosi / CYBEX / Clek infant seats via a Orbit Baby click-and-go car seat adapter (sold separately). Confirm the exact adapter for your model year before purchase.,,,,2026-06-30 03:36:59.563,2026-06-30 03:36:59.563
cmr03i636000dm37wkxmlytgq,Orbit Baby,G5,orbit-baby-g5,Nuna,PIPA RX,nuna-pipa-rx,INFANT,ADAPTER,t,,MEDIUM,Orbit Baby all Orbit Baby strollers accepts Nuna / Maxi-Cosi / CYBEX / Clek infant seats via a Orbit Baby click-and-go car seat adapter (sold separately). Confirm the exact adapter for your model year before purchase.,,,,2026-06-30 03:36:59.73,2026-06-30 03:36:59.73
cmr03i67w000fm37wklwr6z4i,Orbit Baby,G5,orbit-baby-g5,Nuna,PIPA urbn,nuna-pipa-urbn,INFANT,ADAPTER,t,,MEDIUM,Orbit Baby all Orbit Baby strollers accepts Nuna / Maxi-Cosi / CYBEX / Clek infant seats via a Orbit Baby click-and-go car seat adapter (sold separately). Confirm the exact adapter for your model year before purchase.,,,,2026-06-30 03:36:59.901,2026-06-30 03:36:59.901
cmrh0xtew000q110gxcrqygkh,Orbit Baby,G5,orbit-baby-g5,Orbit Baby,G5,cmqx4qqdv000l3835x5pi9onc,INFANT,DIRECT,f,,HIGH,,,,,2026-07-11 23:57:15.943,2026-07-11 23:57:15.943
cmrmtwgfu001n11u5ld0isyki,Orbit Baby,M+,cmqx8d65j001g13kpv68ufmt4,Clek,Liing,clek-liing,INFANT,ADAPTER,t,Orbit Baby Car Seat Adapter for Orbit Baby Stroller (Maxi-Cosi / Cybex / Nuna / Clek),MEDIUM,"Inferred from the catalog adapter ""Orbit Baby Car Seat Adapter for Orbit Baby Stroller (Maxi-Cosi / Cybex / Nuna / Clek)"".",https://www.macrobaby.com/products/car-seat-stroller-adapter?_j=taylormadebabyco.com,60,,2026-07-16 01:26:52.219,2026-07-16 01:26:52.219
cmrmtwgow001v11u5t58y66tt,Orbit Baby,M+,cmqx8d65j001g13kpv68ufmt4,Clek,Liingo,clek-liingo,INFANT,ADAPTER,t,Orbit Baby Car Seat Adapter for Orbit Baby Stroller (Maxi-Cosi / Cybex / Nuna / Clek),MEDIUM,"Inferred from the catalog adapter ""Orbit Baby Car Seat Adapter for Orbit Baby Stroller (Maxi-Cosi / Cybex / Nuna / Clek)"".",https://www.macrobaby.com/products/car-seat-stroller-adapter?_j=taylormadebabyco.com,60,,2026-07-16 01:26:52.544,2026-07-16 01:26:52.544
cmrmtwgr4001x11u5l5htaflb,Orbit Baby,M+,cmqx8d65j001g13kpv68ufmt4,Cybex,Aton G2,cmqx4qpgs00073835wm1de2we,INFANT,ADAPTER,t,Orbit Baby Car Seat Adapter for Orbit Baby Stroller (Maxi-Cosi / Cybex / Nuna / Clek),MEDIUM,"Inferred from the catalog adapter ""Orbit Baby Car Seat Adapter for Orbit Baby Stroller (Maxi-Cosi / Cybex / Nuna / Clek)"".",https://www.macrobaby.com/products/car-seat-stroller-adapter?_j=taylormadebabyco.com,60,,2026-07-16 01:26:52.624,2026-07-16 01:26:52.624
cmrmtwh0e002511u5l7ix36qo,Orbit Baby,M+,cmqx8d65j001g13kpv68ufmt4,Cybex,Aton G2 Swivel,cmrdwvbsy000u7tmavhnk64ww,INFANT,ADAPTER,t,Orbit Baby Car Seat Adapter for Orbit Baby Stroller (Maxi-Cosi / Cybex / Nuna / Clek),MEDIUM,"Inferred from the catalog adapter ""Orbit Baby Car Seat Adapter for Orbit Baby Stroller (Maxi-Cosi / Cybex / Nuna / Clek)"".",https://www.macrobaby.com/products/car-seat-stroller-adapter?_j=taylormadebabyco.com,60,,2026-07-16 01:26:52.959,2026-07-16 01:26:52.959
cmrmtwgtd001z11u5sr3v7ofr,Orbit Baby,M+,cmqx8d65j001g13kpv68ufmt4,Cybex,Cloud G Pro Comfort Extend,cmqx4qpj400083835htva49ii,INFANT,ADAPTER,t,Orbit Baby Car Seat Adapter for Orbit Baby Stroller (Maxi-Cosi / Cybex / Nuna / Clek),MEDIUM,"Inferred from the catalog adapter ""Orbit Baby Car Seat Adapter for Orbit Baby Stroller (Maxi-Cosi / Cybex / Nuna / Clek)"".",https://www.macrobaby.com/products/car-seat-stroller-adapter?_j=taylormadebabyco.com,60,,2026-07-16 01:26:52.705,2026-07-16 01:26:52.705
cmrmtwgvm002111u52cyaivwz,Orbit Baby,M+,cmqx8d65j001g13kpv68ufmt4,Cybex,Cloud T,cybex-cloud-t,INFANT,ADAPTER,t,Orbit Baby Car Seat Adapter for Orbit Baby Stroller (Maxi-Cosi / Cybex / Nuna / Clek),MEDIUM,"Inferred from the catalog adapter ""Orbit Baby Car Seat Adapter for Orbit Baby Stroller (Maxi-Cosi / Cybex / Nuna / Clek)"".",https://www.macrobaby.com/products/car-seat-stroller-adapter?_j=taylormadebabyco.com,60,,2026-07-16 01:26:52.787,2026-07-16 01:26:52.787
cmrmtwh5c002911u59l3f8ppk,Orbit Baby,M+,cmqx8d65j001g13kpv68ufmt4,Maxi-Cosi,Ambra,cmqx4qqbg000k3835k8b3mf6l,INFANT,ADAPTER,t,Orbit Baby Car Seat Adapter for Orbit Baby Stroller (Maxi-Cosi / Cybex / Nuna / Clek),MEDIUM,"Inferred from the catalog adapter ""Orbit Baby Car Seat Adapter for Orbit Baby Stroller (Maxi-Cosi / Cybex / Nuna / Clek)"".",https://www.macrobaby.com/products/car-seat-stroller-adapter?_j=taylormadebabyco.com,60,,2026-07-16 01:26:53.136,2026-07-16 01:26:53.136
cmrmtwgi6001p11u57o7ph0sj,Orbit Baby,M+,cmqx8d65j001g13kpv68ufmt4,Maxi-Cosi,Mico Luxe,maxi-cosi-mico-luxe,INFANT,ADAPTER,t,Orbit Baby Car Seat Adapter for Orbit Baby Stroller (Maxi-Cosi / Cybex / Nuna / Clek),MEDIUM,"Inferred from the catalog adapter ""Orbit Baby Car Seat Adapter for Orbit Baby Stroller (Maxi-Cosi / Cybex / Nuna / Clek)"".",https://www.macrobaby.com/products/car-seat-stroller-adapter?_j=taylormadebabyco.com,60,,2026-07-16 01:26:52.303,2026-07-16 01:26:52.303
cmrmtwgkf001r11u5qb7tv31r,Orbit Baby,M+,cmqx8d65j001g13kpv68ufmt4,Maxi-Cosi,Mico Pro,maxi-cosi-mico-pro,INFANT,ADAPTER,t,Orbit Baby Car Seat Adapter for Orbit Baby Stroller (Maxi-Cosi / Cybex / Nuna / Clek),MEDIUM,"Inferred from the catalog adapter ""Orbit Baby Car Seat Adapter for Orbit Baby Stroller (Maxi-Cosi / Cybex / Nuna / Clek)"".",https://www.macrobaby.com/products/car-seat-stroller-adapter?_j=taylormadebabyco.com,60,,2026-07-16 01:26:52.383,2026-07-16 01:26:52.383
cmrmtwgxu002311u54rf127ty,Orbit Baby,M+,cmqx8d65j001g13kpv68ufmt4,Maxi-Cosi,Peri 180,maxi-cosi-peri,INFANT,ADAPTER,t,Orbit Baby Car Seat Adapter for Orbit Baby Stroller (Maxi-Cosi / Cybex / Nuna / Clek),MEDIUM,"Inferred from the catalog adapter ""Orbit Baby Car Seat Adapter for Orbit Baby Stroller (Maxi-Cosi / Cybex / Nuna / Clek)"".",https://www.macrobaby.com/products/car-seat-stroller-adapter?_j=taylormadebabyco.com,60,,2026-07-16 01:26:52.866,2026-07-16 01:26:52.866
cmr03i6cg000hm37wuczgopc5,Orbit Baby,M+,cmqx8d65j001g13kpv68ufmt4,Nuna,PIPA Aire,nuna-pipa-lite-rx,INFANT,ADAPTER,t,,MEDIUM,Orbit Baby all Orbit Baby strollers accepts Nuna / Maxi-Cosi / CYBEX / Clek infant seats via a Orbit Baby click-and-go car seat adapter (sold separately). Confirm the exact adapter for your model year before purchase.,,,,2026-06-30 03:37:00.064,2026-06-30 03:37:00.064
cmr03i6h4000jm37wjbs6yuxq,Orbit Baby,M+,cmqx8d65j001g13kpv68ufmt4,Nuna,PIPA Aire rx,nuna-pipa-aire-rx,INFANT,ADAPTER,t,,MEDIUM,Orbit Baby all Orbit Baby strollers accepts Nuna / Maxi-Cosi / CYBEX / Clek infant seats via a Orbit Baby click-and-go car seat adapter (sold separately). Confirm the exact adapter for your model year before purchase.,,,,2026-06-30 03:37:00.233,2026-06-30 03:37:00.233
cmr03i6lp000lm37w036z73d7,Orbit Baby,M+,cmqx8d65j001g13kpv68ufmt4,Nuna,PIPA RX,nuna-pipa-rx,INFANT,ADAPTER,t,,MEDIUM,Orbit Baby all Orbit Baby strollers accepts Nuna / Maxi-Cosi / CYBEX / Clek infant seats via a Orbit Baby click-and-go car seat adapter (sold separately). Confirm the exact adapter for your model year before purchase.,,,,2026-06-30 03:37:00.397,2026-06-30 03:37:00.397
cmr03i6qa000nm37wc92ohttm,Orbit Baby,M+,cmqx8d65j001g13kpv68ufmt4,Nuna,PIPA urbn,nuna-pipa-urbn,INFANT,ADAPTER,t,,MEDIUM,Orbit Baby all Orbit Baby strollers accepts Nuna / Maxi-Cosi / CYBEX / Clek infant seats via a Orbit Baby click-and-go car seat adapter (sold separately). Confirm the exact adapter for your model year before purchase.,,,,2026-06-30 03:37:00.562,2026-06-30 03:37:00.562
cmrh0z30b000z110gw48t0v6h,Orbit Baby,M+,cmqx8d65j001g13kpv68ufmt4,Orbit Baby,G5,cmqx4qqdv000l3835x5pi9onc,INFANT,DIRECT,f,,HIGH,,,,,2026-07-11 23:58:15.035,2026-07-11 23:59:28.104
cmr03i5650001m37w7fk7qppz,Peg Perego,City Loop,cmr03hxw20003y6k2unrgw6d4,Nuna,PIPA Aire,nuna-pipa-lite-rx,INFANT,ADAPTER,t,,MEDIUM,Peg Perego City Loop accepts Nuna / Maxi-Cosi / CYBEX / Clek infant seats via a Peg Perego click-and-go car seat adapter (sold separately). Confirm the exact adapter for your model year before purchase.,,,,2026-06-30 03:36:58.541,2026-06-30 03:36:58.541
cmr03i5d90003m37wnkqc2sxv,Peg Perego,City Loop,cmr03hxw20003y6k2unrgw6d4,Nuna,PIPA Aire rx,nuna-pipa-aire-rx,INFANT,ADAPTER,t,,MEDIUM,Peg Perego City Loop accepts Nuna / Maxi-Cosi / CYBEX / Clek infant seats via a Peg Perego click-and-go car seat adapter (sold separately). Confirm the exact adapter for your model year before purchase.,,,,2026-06-30 03:36:58.797,2026-06-30 03:36:58.797
cmr03i5hx0005m37w8fuh8oqt,Peg Perego,City Loop,cmr03hxw20003y6k2unrgw6d4,Nuna,PIPA RX,nuna-pipa-rx,INFANT,ADAPTER,t,,MEDIUM,Peg Perego City Loop accepts Nuna / Maxi-Cosi / CYBEX / Clek infant seats via a Peg Perego click-and-go car seat adapter (sold separately). Confirm the exact adapter for your model year before purchase.,,,,2026-06-30 03:36:58.965,2026-06-30 03:36:58.965
cmr03i5mm0007m37w64zdbrpw,Peg Perego,City Loop,cmr03hxw20003y6k2unrgw6d4,Nuna,PIPA urbn,nuna-pipa-urbn,INFANT,ADAPTER,t,,MEDIUM,Peg Perego City Loop accepts Nuna / Maxi-Cosi / CYBEX / Clek infant seats via a Peg Perego click-and-go car seat adapter (sold separately). Confirm the exact adapter for your model year before purchase.,,,,2026-06-30 03:36:59.134,2026-06-30 03:36:59.134
peg-perego-selfie__nuna-pipa-aire-rx,Peg Perego,Selfie,peg-perego-selfie,Nuna,PIPA Aire rx,nuna-pipa-aire-rx,INFANT,ADAPTER,t,Peg Perego adapter for Maxi-Cosi / Nuna / CYBEX / Clek infant seats,LOW,Compatible via same adapter path as Nuna PIPA rx.,,,,2026-06-13 20:48:32.741,2026-06-13 20:48:32.741
peg-perego-selfie__nuna-pipa-rx,Peg Perego,Selfie,peg-perego-selfie,Nuna,PIPA RX,nuna-pipa-rx,INFANT,ADAPTER,t,Peg Perego adapter for Maxi-Cosi / Nuna / CYBEX / Clek infant seats,LOW,"Peg Perego can widen out with adapters, but it is still best understood as a semi-closed system.",,,,2026-03-22 17:19:43.856,2026-03-22 17:19:43.856
cmr5mqa06000r10s6mk5dxpnk,Peg Perego,Selfie,peg-perego-selfie,Nuna,PIPA urbn,nuna-pipa-urbn,INFANT,ADAPTER,t,Peg Perego adapter for Maxi-Cosi / Nuna / CYBEX / Clek infant seats,LOW,Compatible via same adapter path as Nuna PIPA rx.,,,,2026-07-04 00:34:01.639,2026-07-04 00:34:01.639
cmrh20jas005rapa5kiz8l5h2,Peg Perego,Vivace,cmqx8d67u001h13kpx46xmh0o,Peg Perego,Primo Viaggio 4-35,peg-perego-primo-viaggio-4-35,INFANT,DIRECT,f,,MEDIUM,Conservative same-brand default for YPSI / Vivace / Z4 strollers and Primo Viaggio infant seats. Confirm current model-year details before purchase.,,,,2026-07-12 00:27:22.42,2026-07-12 00:27:22.42
cmrh20jhu005tapa5lb5z764e,Peg Perego,Vivace,cmqx8d67u001h13kpx46xmh0o,Peg Perego,Primo Viaggio Lounge,cmqx4qqg6000m3835m0yyofjb,INFANT,DIRECT,f,,MEDIUM,Conservative same-brand default for YPSI / Vivace / Z4 strollers and Primo Viaggio infant seats. Confirm current model-year details before purchase.,,,,2026-07-12 00:27:22.674,2026-07-12 00:27:22.674
cmrh20jmi005vapa5cj9j8mp5,Peg Perego,Vivace,cmqx8d67u001h13kpx46xmh0o,Peg Perego,Primo Viaggio Nido,cmqx4qqif000n3835uubq8mpy,INFANT,DIRECT,f,,MEDIUM,Conservative same-brand default for YPSI / Vivace / Z4 strollers and Primo Viaggio infant seats. Confirm current model-year details before purchase.,,,,2026-07-12 00:27:22.842,2026-07-12 00:27:22.842
cmrh20jr0005xapa536y62cyc,Peg Perego,Vivace Single,cmqx8d6cn001j13kpn0ratclf,Peg Perego,Primo Viaggio 4-35,peg-perego-primo-viaggio-4-35,INFANT,DIRECT,f,,MEDIUM,Conservative same-brand default for YPSI / Vivace / Z4 strollers and Primo Viaggio infant seats. Confirm current model-year details before purchase.,,,,2026-07-12 00:27:23.005,2026-07-12 00:27:23.005
cmrh20jvl005zapa5eosaj26n,Peg Perego,Vivace Single,cmqx8d6cn001j13kpn0ratclf,Peg Perego,Primo Viaggio Lounge,cmqx4qqg6000m3835m0yyofjb,INFANT,DIRECT,f,,MEDIUM,Conservative same-brand default for YPSI / Vivace / Z4 strollers and Primo Viaggio infant seats. Confirm current model-year details before purchase.,,,,2026-07-12 00:27:23.169,2026-07-12 00:27:23.169
cmrh20k040061apa5ypf5b4h0,Peg Perego,Vivace Single,cmqx8d6cn001j13kpn0ratclf,Peg Perego,Primo Viaggio Nido,cmqx4qqif000n3835uubq8mpy,INFANT,DIRECT,f,,MEDIUM,Conservative same-brand default for YPSI / Vivace / Z4 strollers and Primo Viaggio infant seats. Confirm current model-year details before purchase.,,,,2026-07-12 00:27:23.333,2026-07-12 00:27:23.333
peg-perego-ypsi__nuna-pipa-aire-rx,Peg Perego,YPSI,peg-perego-ypsi,Nuna,PIPA Aire rx,nuna-pipa-aire-rx,INFANT,ADAPTER,t,Peg Perego adapter for Maxi-Cosi / Nuna / CYBEX / Clek infant seats,LOW,Compatible via same adapter path as Nuna PIPA rx.,,,,2026-06-13 20:48:32.741,2026-06-13 20:48:32.741
peg-perego-ypsi__nuna-pipa-rx,Peg Perego,YPSI,peg-perego-ypsi,Nuna,PIPA RX,nuna-pipa-rx,INFANT,ADAPTER,t,Peg Perego adapter for Maxi-Cosi / Nuna / CYBEX / Clek infant seats,LOW,"Peg Perego can widen out with adapters, but it is still best understood as a semi-closed system.",,,,2026-03-22 17:19:43.856,2026-03-22 17:19:43.856
cmr5mq9qn000n10s67cqcz03z,Peg Perego,YPSI,peg-perego-ypsi,Nuna,PIPA urbn,nuna-pipa-urbn,INFANT,ADAPTER,t,Peg Perego adapter for Maxi-Cosi / Nuna / CYBEX / Clek infant seats,LOW,Compatible via same adapter path as Nuna PIPA rx.,,,,2026-07-04 00:34:01.295,2026-07-04 00:34:01.295
cmrh20k4m0063apa5abk02i4k,Peg Perego,YPSI,peg-perego-ypsi,Peg Perego,Primo Viaggio 4-35,peg-perego-primo-viaggio-4-35,INFANT,DIRECT,f,,MEDIUM,Conservative same-brand default for YPSI / Vivace / Z4 strollers and Primo Viaggio infant seats. Confirm current model-year details before purchase.,,,,2026-07-12 00:27:23.494,2026-07-12 00:27:23.494
cmrh20k910065apa50r4ab5bh,Peg Perego,YPSI,peg-perego-ypsi,Peg Perego,Primo Viaggio Lounge,cmqx4qqg6000m3835m0yyofjb,INFANT,DIRECT,f,,MEDIUM,Conservative same-brand default for YPSI / Vivace / Z4 strollers and Primo Viaggio infant seats. Confirm current model-year details before purchase.,,,,2026-07-12 00:27:23.653,2026-07-12 00:27:23.653
cmrh20kdi0067apa56ibdiiva,Peg Perego,YPSI,peg-perego-ypsi,Peg Perego,Primo Viaggio Nido,cmqx4qqif000n3835uubq8mpy,INFANT,DIRECT,f,,MEDIUM,Conservative same-brand default for YPSI / Vivace / Z4 strollers and Primo Viaggio infant seats. Confirm current model-year details before purchase.,,,,2026-07-12 00:27:23.814,2026-07-12 00:27:23.814
peg-perego-z4__nuna-pipa-aire-rx,Peg Perego,Z4,peg-perego-z4,Nuna,PIPA Aire rx,nuna-pipa-aire-rx,INFANT,ADAPTER,t,Peg Perego adapter for Maxi-Cosi / Nuna / CYBEX / Clek infant seats,LOW,Compatible via same adapter path as Nuna PIPA rx.,,,,2026-06-13 20:48:32.741,2026-06-13 20:48:32.741
peg-perego-z4__nuna-pipa-rx,Peg Perego,Z4,peg-perego-z4,Nuna,PIPA RX,nuna-pipa-rx,INFANT,ADAPTER,t,Peg Perego adapter for Maxi-Cosi / Nuna / CYBEX / Clek infant seats,LOW,"Peg Perego can widen out with adapters, but it is still best understood as a semi-closed system.",,,,2026-03-22 17:19:43.856,2026-03-22 17:19:43.856
cmr5mq9vb000p10s6qfhn5ncj,Peg Perego,Z4,peg-perego-z4,Nuna,PIPA urbn,nuna-pipa-urbn,INFANT,ADAPTER,t,Peg Perego adapter for Maxi-Cosi / Nuna / CYBEX / Clek infant seats,LOW,Compatible via same adapter path as Nuna PIPA rx.,,,,2026-07-04 00:34:01.463,2026-07-04 00:34:01.463
cmrh20khw0069apa56vwt29zf,Peg Perego,Z4,peg-perego-z4,Peg Perego,Primo Viaggio 4-35,peg-perego-primo-viaggio-4-35,INFANT,DIRECT,f,,MEDIUM,Conservative same-brand default for YPSI / Vivace / Z4 strollers and Primo Viaggio infant seats. Confirm current model-year details before purchase.,,,,2026-07-12 00:27:23.973,2026-07-12 00:27:23.973
cmrh20kmd006bapa5af2f6zbn,Peg Perego,Z4,peg-perego-z4,Peg Perego,Primo Viaggio Lounge,cmqx4qqg6000m3835m0yyofjb,INFANT,DIRECT,f,,MEDIUM,Conservative same-brand default for YPSI / Vivace / Z4 strollers and Primo Viaggio infant seats. Confirm current model-year details before purchase.,,,,2026-07-12 00:27:24.133,2026-07-12 00:27:24.133
cmrh20kqw006dapa51zjg38yg,Peg Perego,Z4,peg-perego-z4,Peg Perego,Primo Viaggio Nido,cmqx4qqif000n3835uubq8mpy,INFANT,DIRECT,f,,MEDIUM,Conservative same-brand default for YPSI / Vivace / Z4 strollers and Primo Viaggio infant seats. Confirm current model-year details before purchase.,,,,2026-07-12 00:27:24.297,2026-07-12 00:27:24.297
cmrz76yd7000yumyxkmx0eynu,Romer,Tura,romer-tura,Britax,Cypress S,britax-cypress-s,INFANT,DIRECT,f,,HIGH,Clicks straight onto the Romer Tura — no adapter needed (Romer stroller compatibility chart).,,,,2026-07-24 17:12:11.131,2026-07-24 19:56:45.865
cmrz76ycp000uumyxesqm2r8m,Romer,Tura,romer-tura,Britax,Willow S,britax-willow-s,INFANT,DIRECT,f,,HIGH,Clicks straight onto the Romer Tura — no adapter needed (Romer stroller compatibility chart).,,,,2026-07-24 17:12:11.113,2026-07-24 19:56:45.853
cmrz76yd1000wumyx24uygjv4,Romer,Tura,romer-tura,Britax,Willow SC,cmqt1dq4e00043u44vihpznhm,INFANT,DIRECT,f,,HIGH,Clicks straight onto the Romer Tura — no adapter needed (Romer stroller compatibility chart).,,,,2026-07-24 17:12:11.125,2026-07-24 19:56:45.859
cmrz76yal000oumyxysfv2tpg,Romer,Tura,romer-tura,Cybex,Cloud T,cybex-cloud-t,INFANT,DIRECT,f,,HIGH,Clicks straight onto the Romer Tura — no adapter needed (Romer stroller compatibility chart).,,,,2026-07-24 17:12:11.037,2026-07-24 19:56:45.812
cmrz76y9e000aumyxjnm6gxtp,Romer,Tura,romer-tura,Nuna,PIPA Aire,nuna-pipa-lite-rx,INFANT,DIRECT,f,,HIGH,Clicks straight onto the Romer Tura — no adapter needed (Romer stroller compatibility chart).,,,,2026-07-24 17:12:10.995,2026-07-24 19:56:45.754
cmrz76y990008umyxyd5kow73,Romer,Tura,romer-tura,Nuna,PIPA Aire rx,nuna-pipa-aire-rx,INFANT,DIRECT,f,,HIGH,Clicks straight onto the Romer Tura — no adapter needed (Romer stroller compatibility chart).,,,,2026-07-24 17:12:10.989,2026-07-24 19:56:45.748
cmrz76y920006umyxo42m8zn4,Romer,Tura,romer-tura,Nuna,PIPA RX,nuna-pipa-rx,INFANT,DIRECT,f,,HIGH,Clicks straight onto the Romer Tura — no adapter needed (Romer stroller compatibility chart).,,,,2026-07-24 17:12:10.982,2026-07-24 19:56:45.742
cmrz76y9x000gumyx0fqy5r7w,Romer,Tura,romer-tura,Nuna,PIPA urbn,nuna-pipa-urbn,INFANT,DIRECT,f,,HIGH,Clicks straight onto the Romer Tura — no adapter needed (Romer stroller compatibility chart).,,,,2026-07-24 17:12:11.013,2026-07-24 19:56:45.778
cmrz76y8i0001umyxmfvrjzep,Romer,Tura,romer-tura,Romer,Juni,cmqx4qqkp000o38351izn0hlv,INFANT,DIRECT,f,,HIGH,Same-brand direct fit on the Romer Tura (Romer stroller compatibility chart).,,,,2026-07-24 17:12:10.962,2026-07-24 17:12:10.962
cmri62ud4005hkfwpt0owdmz0,Silver Cross,Breez,cmqx8d6v1001r13kpy9w26i27,Clek,Liing,clek-liing,INFANT,ADAPTER,t,,HIGH,,https://silvercrossus.com/product/breez-car-seat-adapters/?ref=4762,,,2026-07-12 19:08:54.711,2026-07-29 18:58:08.441
cmri62udp005okfwp9d2cltbw,Silver Cross,Breez,cmqx8d6v1001r13kpy9w26i27,Clek,Liingo,clek-liingo,INFANT,ADAPTER,t,,HIGH,,https://silvercrossus.com/product/breez-car-seat-adapters/?ref=4762,,,2026-07-12 19:08:54.711,2026-07-29 18:58:08.441
cmri62ud4005ckfwpt07beo0u,Silver Cross,Breez,cmqx8d6v1001r13kpy9w26i27,Cybex,Aton G2,cmqx4qpgs00073835wm1de2we,INFANT,ADAPTER,t,,HIGH,,https://silvercrossus.com/product/breez-car-seat-adapters/?ref=4762,,,2026-07-12 19:08:54.711,2026-07-29 18:58:08.441
cmri62udj005mkfwp9bu0idjy,Silver Cross,Breez,cmqx8d6v1001r13kpy9w26i27,Cybex,Aton G2 Swivel,cmrdwvbsy000u7tmavhnk64ww,INFANT,ADAPTER,t,,HIGH,,https://silvercrossus.com/product/breez-car-seat-adapters/?ref=4762,,,2026-07-12 19:08:54.711,2026-07-29 18:58:08.441
cmri62ud3005akfwphgdeibx6,Silver Cross,Breez,cmqx8d6v1001r13kpy9w26i27,Cybex,Cloud G Pro Comfort Extend,cmqx4qpj400083835htva49ii,INFANT,ADAPTER,t,,HIGH,,https://silvercrossus.com/product/breez-car-seat-adapters/?ref=4762,,,2026-07-12 19:08:54.711,2026-07-29 18:58:08.441
cmri62ud4005gkfwps1xl8i9g,Silver Cross,Breez,cmqx8d6v1001r13kpy9w26i27,Cybex,Cloud T,cybex-cloud-t,INFANT,ADAPTER,t,,HIGH,,https://silvercrossus.com/product/breez-car-seat-adapters/?ref=4762,,,2026-07-12 19:08:54.711,2026-07-29 18:58:08.441
cmri61mkh004skfwpr8lpfgrt,Silver Cross,Breez,cmqx8d6v1001r13kpy9w26i27,Maxi-Cosi,Ambra,cmqx4qqbg000k3835k8b3mf6l,INFANT,ADAPTER,t,,HIGH,,https://silvercrossus.com/product/breez-car-seat-adapters/?ref=4762,,,2026-07-12 19:07:57.951,2026-07-29 18:58:49.18
cmri61mkh004wkfwp0kw6uqyd,Silver Cross,Breez,cmqx8d6v1001r13kpy9w26i27,Maxi-Cosi,Mico Luxe,maxi-cosi-mico-luxe,INFANT,ADAPTER,t,,HIGH,,https://silvercrossus.com/product/breez-car-seat-adapters/?ref=4762,,,2026-07-12 19:07:57.951,2026-07-29 18:58:49.184
cmri61mkj0050kfwpzkrkv5tw,Silver Cross,Breez,cmqx8d6v1001r13kpy9w26i27,Maxi-Cosi,Mico Pro,maxi-cosi-mico-pro,INFANT,ADAPTER,t,,HIGH,,https://silvercrossus.com/product/breez-car-seat-adapters/?ref=4762,,,2026-07-12 19:07:57.951,2026-07-29 18:58:49.186
cms6g7cgy0054vbfqrugbz0p9,Silver Cross,Breez,cmqx8d6v1001r13kpy9w26i27,Maxi-Cosi,Mico XP,cmry6pa5o001ovblfjcngmv5n,INFANT,ADAPTER,t,,HIGH,,https://silvercrossus.com/product/breez-car-seat-adapters/?ref=4762,,,2026-07-29 18:58:49.183,2026-07-29 18:58:49.183
cmri61mkj004ykfwpjn8tzynl,Silver Cross,Breez,cmqx8d6v1001r13kpy9w26i27,Maxi-Cosi,Peri 180,maxi-cosi-peri,INFANT,ADAPTER,t,,HIGH,,https://silvercrossus.com/product/breez-car-seat-adapters/?ref=4762,,,2026-07-12 19:07:57.951,2026-07-29 18:58:49.184
cmr0rq53z0001sp62q61m36aw,Silver Cross,Breez,cmqx8d6v1001r13kpy9w26i27,Nuna,PIPA Aire,nuna-pipa-lite-rx,INFANT,ADAPTER,t,,HIGH,,https://silvercrossus.com/product/breez-car-seat-adapters/?ref=4762,,,2026-06-30 14:55:02.495,2026-07-29 18:58:49.184
cmr0rq5az0003sp62ibqarsxl,Silver Cross,Breez,cmqx8d6v1001r13kpy9w26i27,Nuna,PIPA Aire rx,nuna-pipa-aire-rx,INFANT,ADAPTER,t,,HIGH,,https://silvercrossus.com/product/breez-car-seat-adapters/?ref=4762,,,2026-06-30 14:55:02.747,2026-07-29 18:58:49.184
cmr0rq5fg0005sp62gclm10em,Silver Cross,Breez,cmqx8d6v1001r13kpy9w26i27,Nuna,PIPA RX,nuna-pipa-rx,INFANT,ADAPTER,t,,HIGH,,https://silvercrossus.com/product/breez-car-seat-adapters/?ref=4762,,,2026-06-30 14:55:02.908,2026-07-29 18:58:49.184
cmr0rq5k20007sp620b1ooo6j,Silver Cross,Breez,cmqx8d6v1001r13kpy9w26i27,Nuna,PIPA urbn,nuna-pipa-urbn,INFANT,ADAPTER,t,,HIGH,,https://silvercrossus.com/product/breez-car-seat-adapters/?ref=4762,,,2026-06-30 14:55:03.074,2026-07-29 18:58:49.184
cmr4a4ur8000ddl4517vxtah9,Silver Cross,Clic,silver-cross-clic,Joie,Mint Latch,cmqx4qq94000j3835te5r5f6g,INFANT,DIRECT,f,,HIGH,The Silver Cross Clic clicks directly onto Joie infant car seats — no adapter needed.,,,,2026-07-03 01:53:40.532,2026-07-03 01:53:40.532
cmr4a4uoz000bdl45ufp7kdk3,Silver Cross,Clic,silver-cross-clic,Joie,Rue,joie-rue,INFANT,DIRECT,f,,HIGH,The Silver Cross Clic clicks directly onto Joie infant car seats — no adapter needed.,,,,2026-07-03 01:53:40.451,2026-07-03 01:53:40.451
cmr4a4ukc0007dl458q5crkah,Silver Cross,Clic,silver-cross-clic,Nuna,PIPA Aire,nuna-pipa-lite-rx,INFANT,DIRECT,f,,HIGH,The Silver Cross Clic clicks directly onto Nuna infant car seats — no adapter needed.,,,,2026-07-03 01:53:40.284,2026-07-03 01:53:40.284
cmr4a4uhy0005dl45s959a3bi,Silver Cross,Clic,silver-cross-clic,Nuna,PIPA Aire rx,nuna-pipa-aire-rx,INFANT,DIRECT,f,,HIGH,The Silver Cross Clic clicks directly onto Nuna infant car seats — no adapter needed.,,,,2026-07-03 01:53:40.198,2026-07-03 01:53:40.198
cmr4a4uax0001dl45hxn6lfj2,Silver Cross,Clic,silver-cross-clic,Nuna,PIPA RX,nuna-pipa-rx,INFANT,DIRECT,f,,HIGH,The Silver Cross Clic clicks directly onto Nuna infant car seats — no adapter needed.,,,,2026-07-03 01:53:39.945,2026-07-03 01:53:39.945
cmr4a4ump0009dl45cnaq4d15,Silver Cross,Clic,silver-cross-clic,Nuna,PIPA urbn,nuna-pipa-urbn,INFANT,DIRECT,f,,HIGH,The Silver Cross Clic clicks directly onto Nuna infant car seats — no adapter needed.,,,,2026-07-03 01:53:40.369,2026-07-03 01:53:40.369
cmr4a4vcg000rdl45fc0c2sqd,Silver Cross,Clic Compact,cmqpqr1xi00297qlld8p7uw3b,Joie,Mint Latch,cmqx4qq94000j3835te5r5f6g,INFANT,DIRECT,f,,HIGH,The Silver Cross Clic clicks directly onto Joie infant car seats — no adapter needed.,,,,2026-07-03 01:53:41.296,2026-07-03 01:53:41.296
cmr4a4va5000pdl45tmhafh2g,Silver Cross,Clic Compact,cmqpqr1xi00297qlld8p7uw3b,Joie,Rue,joie-rue,INFANT,DIRECT,f,,HIGH,The Silver Cross Clic clicks directly onto Joie infant car seats — no adapter needed.,,,,2026-07-03 01:53:41.214,2026-07-03 01:53:41.214
cmr4a4v5i000ldl45ycdx0k4q,Silver Cross,Clic Compact,cmqpqr1xi00297qlld8p7uw3b,Nuna,PIPA Aire,nuna-pipa-lite-rx,INFANT,DIRECT,f,,HIGH,The Silver Cross Clic clicks directly onto Nuna infant car seats — no adapter needed.,,,,2026-07-03 01:53:41.046,2026-07-03 01:53:41.046
cmr4a4v36000jdl451aei7nwn,Silver Cross,Clic Compact,cmqpqr1xi00297qlld8p7uw3b,Nuna,PIPA Aire rx,nuna-pipa-aire-rx,INFANT,DIRECT,f,,HIGH,The Silver Cross Clic clicks directly onto Nuna infant car seats — no adapter needed.,,,,2026-07-03 01:53:40.962,2026-07-03 01:53:40.962
cmr4a4uy7000fdl45fby16pe0,Silver Cross,Clic Compact,cmqpqr1xi00297qlld8p7uw3b,Nuna,PIPA RX,nuna-pipa-rx,INFANT,DIRECT,f,,HIGH,The Silver Cross Clic clicks directly onto Nuna infant car seats — no adapter needed.,,,,2026-07-03 01:53:40.783,2026-07-03 01:53:40.783
cmr4a4v7v000ndl45mc2lqe6j,Silver Cross,Clic Compact,cmqpqr1xi00297qlld8p7uw3b,Nuna,PIPA urbn,nuna-pipa-urbn,INFANT,DIRECT,f,,HIGH,The Silver Cross Clic clicks directly onto Nuna infant car seats — no adapter needed.,,,,2026-07-03 01:53:41.132,2026-07-03 01:53:41.132
silver-cross-comet__cybex-cloud-t,Silver Cross,Comet,silver-cross-comet,Cybex,Cloud T,cybex-cloud-t,INFANT,ADAPTER,t,Silver Cross adapter for Maxi-Cosi / Nuna / CYBEX / Clek infant seats,MEDIUM,"Cloud T has a wider premium adapter lane than most, but it is still an adapter decision on this stroller.",,,,2026-03-22 17:19:43.93,2026-03-22 17:19:43.93
silver-cross-comet__maxi-cosi-mico-luxe,Silver Cross,Comet,silver-cross-comet,Maxi-Cosi,Mico Luxe,maxi-cosi-mico-luxe,INFANT,ADAPTER,t,Silver Cross adapter for Maxi-Cosi / Nuna / CYBEX / Clek infant seats,MEDIUM,"Maxi-Cosi Mico Luxe lives in one of the most universal travel-system lanes, but it is still an adapter story on this stroller.",,,,2026-03-22 17:19:43.856,2026-03-22 17:19:43.93
silver-cross-comet__maxi-cosi-mico-pro,Silver Cross,Comet,silver-cross-comet,Maxi-Cosi,Mico Pro,maxi-cosi-mico-pro,INFANT,ADAPTER,t,Silver Cross adapter for Maxi-Cosi / Nuna / CYBEX / Clek infant seats,MEDIUM,Compatible via same Maxi-Cosi click connector as Mico Luxe.,,,,2026-06-13 20:48:32.741,2026-06-13 20:48:32.741
silver-cross-comet__maxi-cosi-peri,Silver Cross,Comet,silver-cross-comet,Maxi-Cosi,Peri 180,maxi-cosi-peri,INFANT,ADAPTER,t,Silver Cross adapter for Maxi-Cosi / Nuna / CYBEX / Clek infant seats,MEDIUM,"Maxi-Cosi Peri 180 lives in one of the most universal travel-system lanes, but it is still an adapter story on this stroller.",,,,2026-03-22 17:19:43.93,2026-03-22 17:19:43.93
cmr0rq6bo000dsp62igfqub8d,Silver Cross,Comet,silver-cross-comet,Nuna,PIPA Aire,nuna-pipa-lite-rx,INFANT,ADAPTER,t,,MEDIUM,Silver Cross all Silver Cross frames accepts Nuna / Maxi-Cosi / CYBEX / Clek infant seats via a Silver Cross click-and-go car seat adapter (sold separately). Confirm the exact adapter for your model year before purchase.,,,,2026-06-30 14:55:04.068,2026-06-30 14:55:04.068
silver-cross-comet__nuna-pipa-aire-rx,Silver Cross,Comet,silver-cross-comet,Nuna,PIPA Aire rx,nuna-pipa-aire-rx,INFANT,ADAPTER,t,Silver Cross adapter for Maxi-Cosi / Nuna / CYBEX / Clek infant seats,MEDIUM,Compatible via same adapter path as Nuna PIPA rx.,,,,2026-06-13 20:48:32.741,2026-06-13 20:48:32.741
silver-cross-comet__nuna-pipa-rx,Silver Cross,Comet,silver-cross-comet,Nuna,PIPA RX,nuna-pipa-rx,INFANT,ADAPTER,t,Silver Cross adapter for Maxi-Cosi / Nuna / CYBEX / Clek infant seats,MEDIUM,Silver Cross uses an adapter-based travel system path for Nuna PIPA RX.,,,,2026-03-22 17:19:43.856,2026-03-22 17:19:43.856
cmr0rq6ko000fsp62zl2b73rg,Silver Cross,Comet,silver-cross-comet,Nuna,PIPA urbn,nuna-pipa-urbn,INFANT,ADAPTER,t,,MEDIUM,Silver Cross all Silver Cross frames accepts Nuna / Maxi-Cosi / CYBEX / Clek infant seats via a Silver Cross click-and-go car seat adapter (sold separately). Confirm the exact adapter for your model year before purchase.,,,,2026-06-30 14:55:04.392,2026-06-30 14:55:04.392
cmqx8dmdw000dcb6foezj4f55,Silver Cross,Cove 2,cmqx8d6sq001q13kphzobb0wi,Clek,Liing,clek-liing,INFANT,ADAPTER,t,,HIGH,,https://silvercrossus.com/product/cove-2-car-seat-adapters/?ref=4762,,,2026-06-28 03:30:07.125,2026-07-29 18:55:31.437
cms6g33vx0039vbfqf14gnn7q,Silver Cross,Cove 2,cmqx8d6sq001q13kphzobb0wi,Clek,Liingo,clek-liingo,INFANT,ADAPTER,t,,HIGH,,https://silvercrossus.com/product/cove-2-car-seat-adapters/?ref=4762,,,2026-07-29 18:55:31.437,2026-07-29 18:55:31.437
cms6g33vx003bvbfqygdd5njf,Silver Cross,Cove 2,cmqx8d6sq001q13kphzobb0wi,Cybex,Aton G2,cmqx4qpgs00073835wm1de2we,INFANT,ADAPTER,t,,HIGH,,https://silvercrossus.com/product/cove-2-car-seat-adapters/?ref=4762,,,2026-07-29 18:55:31.437,2026-07-29 18:55:31.437
cms6g33w5003ivbfqr564f5wu,Silver Cross,Cove 2,cmqx8d6sq001q13kphzobb0wi,Cybex,Aton G2 Swivel,cmrdwvbsy000u7tmavhnk64ww,INFANT,ADAPTER,t,,HIGH,,https://silvercrossus.com/product/cove-2-car-seat-adapters/?ref=4762,,,2026-07-29 18:55:31.437,2026-07-29 18:55:31.437
cms6g33w6003mvbfqwi6rmd2v,Silver Cross,Cove 2,cmqx8d6sq001q13kphzobb0wi,Cybex,Cloud G Pro Comfort Extend,cmqx4qpj400083835htva49ii,INFANT,ADAPTER,t,,HIGH,,https://silvercrossus.com/product/cove-2-car-seat-adapters/?ref=4762,,,2026-07-29 18:55:31.437,2026-07-29 18:55:31.437
cms6g33w7003ovbfqbdf6cizz,Silver Cross,Cove 2,cmqx8d6sq001q13kphzobb0wi,Cybex,Cloud T,cybex-cloud-t,INFANT,ADAPTER,t,,HIGH,,https://silvercrossus.com/product/cove-2-car-seat-adapters/?ref=4762,,,2026-07-29 18:55:31.438,2026-07-29 18:55:31.438
cms6g46eg003yvbfqx0zt416x,Silver Cross,Cove 2,cmqx8d6sq001q13kphzobb0wi,Maxi-Cosi,Ambra,cmqx4qqbg000k3835k8b3mf6l,INFANT,ADAPTER,t,,HIGH,,https://silvercrossus.com/product/cove-2-car-seat-adapters/?ref=4762,,,2026-07-29 18:56:21.35,2026-07-29 18:56:21.35
cms6g46ef003svbfqyoec0yjr,Silver Cross,Cove 2,cmqx8d6sq001q13kphzobb0wi,Maxi-Cosi,Mico Luxe,maxi-cosi-mico-luxe,INFANT,ADAPTER,t,,HIGH,,https://silvercrossus.com/product/cove-2-car-seat-adapters/?ref=4762,,,2026-07-29 18:56:21.35,2026-07-29 18:56:21.35
cms6g46ef003vvbfq76uc5xx1,Silver Cross,Cove 2,cmqx8d6sq001q13kphzobb0wi,Maxi-Cosi,Mico Pro,maxi-cosi-mico-pro,INFANT,ADAPTER,t,,HIGH,,https://silvercrossus.com/product/cove-2-car-seat-adapters/?ref=4762,,,2026-07-29 18:56:21.35,2026-07-29 18:56:21.35
cms6g46en0042vbfqweq6q1ml,Silver Cross,Cove 2,cmqx8d6sq001q13kphzobb0wi,Maxi-Cosi,Mico XP,cmry6pa5o001ovblfjcngmv5n,INFANT,ADAPTER,t,,HIGH,,https://silvercrossus.com/product/cove-2-car-seat-adapters/?ref=4762,,,2026-07-29 18:56:21.35,2026-07-29 18:56:21.35
cms6g46en0041vbfqscqql6du,Silver Cross,Cove 2,cmqx8d6sq001q13kphzobb0wi,Maxi-Cosi,Peri 180,maxi-cosi-peri,INFANT,ADAPTER,t,,HIGH,,https://silvercrossus.com/product/cove-2-car-seat-adapters/?ref=4762,,,2026-07-29 18:56:21.35,2026-07-29 18:56:21.35
cmr0rq6p6000hsp62pvjumtbh,Silver Cross,Cove 2,cmqx8d6sq001q13kphzobb0wi,Nuna,PIPA Aire,nuna-pipa-lite-rx,INFANT,ADAPTER,t,,HIGH,,https://silvercrossus.com/product/cove-2-car-seat-adapters/?ref=4762,,,2026-06-30 14:55:04.555,2026-07-29 18:56:21.35
cmr0rq6tt000jsp62ww7fgao7,Silver Cross,Cove 2,cmqx8d6sq001q13kphzobb0wi,Nuna,PIPA Aire rx,nuna-pipa-aire-rx,INFANT,ADAPTER,t,,HIGH,,https://silvercrossus.com/product/cove-2-car-seat-adapters/?ref=4762,,,2026-06-30 14:55:04.721,2026-07-29 18:56:21.35
cmr0rq6yr000lsp629i0189ip,Silver Cross,Cove 2,cmqx8d6sq001q13kphzobb0wi,Nuna,PIPA RX,nuna-pipa-rx,INFANT,ADAPTER,t,,HIGH,,https://silvercrossus.com/product/cove-2-car-seat-adapters/?ref=4762,,,2026-06-30 14:55:04.899,2026-07-29 18:56:21.35
cmr0rq73h000nsp62g4hf7zsu,Silver Cross,Cove 2,cmqx8d6sq001q13kphzobb0wi,Nuna,PIPA urbn,nuna-pipa-urbn,INFANT,ADAPTER,t,,HIGH,,https://silvercrossus.com/product/cove-2-car-seat-adapters/?ref=4762,,,2026-06-30 14:55:05.069,2026-07-29 18:56:21.351
silver-cross-dune__clek-liing,Silver Cross,Dune,silver-cross-dune,Clek,Liing,clek-liing,INFANT,ADAPTER,t,Silver Cross car seat adapter for Clek,HIGH,Clek Liing fits the Silver Cross Dune via a Silver Cross Clek infant seat adapter. Confirm the correct adapter SKU for your stroller model before purchase.,,,,2026-06-15 20:33:14.735,2026-06-15 20:33:14.735
silver-cross-dune__clek-liingo,Silver Cross,Dune,silver-cross-dune,Clek,Liingo,clek-liingo,INFANT,ADAPTER,t,Silver Cross car seat adapter for Clek,HIGH,Clek Liingo fits the Silver Cross Dune via a Silver Cross Clek infant seat adapter. Confirm the correct adapter SKU for your stroller model before purchase.,,,,2026-06-15 20:33:14.735,2026-06-15 20:33:14.735
silver-cross-dune__maxi-cosi-mico-luxe,Silver Cross,Dune,silver-cross-dune,Maxi-Cosi,Mico Luxe,maxi-cosi-mico-luxe,INFANT,ADAPTER,t,Silver Cross car seat adapter for Maxi-Cosi,HIGH,Maxi-Cosi Mico Luxe fits the Silver Cross Dune via a Silver Cross Maxi-Cosi adapter. Confirm the correct adapter SKU for your stroller model before purchase.,,,,2026-06-15 20:33:14.735,2026-06-15 20:33:14.735
silver-cross-dune__maxi-cosi-mico-pro,Silver Cross,Dune,silver-cross-dune,Maxi-Cosi,Mico Pro,maxi-cosi-mico-pro,INFANT,ADAPTER,t,Silver Cross car seat adapter for Maxi-Cosi,HIGH,Maxi-Cosi Mico Pro fits the Silver Cross Dune via a Silver Cross Maxi-Cosi adapter. Confirm the correct adapter SKU for your stroller model before purchase.,,,,2026-06-15 20:33:14.735,2026-06-15 20:33:14.735
silver-cross-dune__maxi-cosi-peri,Silver Cross,Dune,silver-cross-dune,Maxi-Cosi,Peri 180,maxi-cosi-peri,INFANT,ADAPTER,t,Silver Cross car seat adapter for Maxi-Cosi,HIGH,Maxi-Cosi Peri 180 fits the Silver Cross Dune via a Silver Cross Maxi-Cosi adapter. Confirm the correct adapter SKU for your stroller model before purchase.,,,,2026-06-15 20:33:14.735,2026-06-15 20:33:14.735
cmr0rq785000psp62o6d7353a,Silver Cross,Dune,silver-cross-dune,Nuna,PIPA Aire,nuna-pipa-lite-rx,INFANT,ADAPTER,t,,MEDIUM,Silver Cross all Silver Cross frames accepts Nuna / Maxi-Cosi / CYBEX / Clek infant seats via a Silver Cross click-and-go car seat adapter (sold separately). Confirm the exact adapter for your model year before purchase.,,,,2026-06-30 14:55:05.237,2026-06-30 14:55:05.237
cmr0rq7ds000rsp62yyf1ijv7,Silver Cross,Dune,silver-cross-dune,Nuna,PIPA Aire rx,nuna-pipa-aire-rx,INFANT,ADAPTER,t,,MEDIUM,Silver Cross all Silver Cross frames accepts Nuna / Maxi-Cosi / CYBEX / Clek infant seats via a Silver Cross click-and-go car seat adapter (sold separately). Confirm the exact adapter for your model year before purchase.,,,,2026-06-30 14:55:05.439,2026-06-30 14:55:05.439
cmqx6t38r001b14fc0mhdh40g,Silver Cross,Dune,silver-cross-dune,Nuna,PIPA RX,nuna-pipa-rx,INFANT,ADAPTER,t,Silver Cross Dune/Reef Universal Car Seat Adapters in Black,MEDIUM,"Inferred from the catalog adapter ""Silver Cross Dune/Reef Universal Car Seat Adapters in Black"".",https://babylist.pxf.io/c/6560395/1160375/13580?prodsku=1185762&u=https%3A%2F%2Fwww.babylist.com%2Fgp%2Fsilver-cross-dune-reef-universal-car-seat-adapters%2F25568%2F1185762&intsrc=CATF_8981,59.99,,2026-06-28 02:46:09.579,2026-06-28 02:46:09.579
cmr0rq7l5000tsp62japjmjjc,Silver Cross,Dune,silver-cross-dune,Nuna,PIPA urbn,nuna-pipa-urbn,INFANT,ADAPTER,t,,MEDIUM,Silver Cross all Silver Cross frames accepts Nuna / Maxi-Cosi / CYBEX / Clek infant seats via a Silver Cross click-and-go car seat adapter (sold separately). Confirm the exact adapter for your model year before purchase.,,,,2026-06-30 14:55:05.705,2026-06-30 14:55:05.705
silver-cross-dune-2__cybex-cloud-t,Silver Cross,Dune 2,silver-cross-dune-2,Cybex,Cloud T,cybex-cloud-t,INFANT,ADAPTER,t,Silver Cross adapter for Maxi-Cosi / Nuna / CYBEX / Clek infant seats,MEDIUM,"Cloud T has a wider premium adapter lane than most, but it is still an adapter decision on this stroller.",,,,2026-03-22 17:19:43.93,2026-03-22 17:19:43.93
silver-cross-dune-2__maxi-cosi-mico-luxe,Silver Cross,Dune 2,silver-cross-dune-2,Maxi-Cosi,Mico Luxe,maxi-cosi-mico-luxe,INFANT,ADAPTER,t,Silver Cross adapter for Maxi-Cosi / Nuna / CYBEX / Clek infant seats,MEDIUM,"Maxi-Cosi Mico Luxe lives in one of the most universal travel-system lanes, but it is still an adapter story on this stroller.",,,,2026-03-22 17:19:43.856,2026-03-22 17:19:43.93
silver-cross-dune-2__maxi-cosi-mico-pro,Silver Cross,Dune 2,silver-cross-dune-2,Maxi-Cosi,Mico Pro,maxi-cosi-mico-pro,INFANT,ADAPTER,t,Silver Cross adapter for Maxi-Cosi / Nuna / CYBEX / Clek infant seats,MEDIUM,Compatible via same Maxi-Cosi click connector as Mico Luxe.,,,,2026-06-13 20:48:32.741,2026-06-13 20:48:32.741
silver-cross-dune-2__maxi-cosi-peri,Silver Cross,Dune 2,silver-cross-dune-2,Maxi-Cosi,Peri 180,maxi-cosi-peri,INFANT,ADAPTER,t,Silver Cross adapter for Maxi-Cosi / Nuna / CYBEX / Clek infant seats,MEDIUM,"Maxi-Cosi Peri 180 lives in one of the most universal travel-system lanes, but it is still an adapter story on this stroller.",,,,2026-03-22 17:19:43.93,2026-03-22 17:19:43.93
cmr0rq7pv000vsp62yrp73ucq,Silver Cross,Dune 2,silver-cross-dune-2,Nuna,PIPA Aire,nuna-pipa-lite-rx,INFANT,ADAPTER,t,,MEDIUM,Silver Cross all Silver Cross frames accepts Nuna / Maxi-Cosi / CYBEX / Clek infant seats via a Silver Cross click-and-go car seat adapter (sold separately). Confirm the exact adapter for your model year before purchase.,,,,2026-06-30 14:55:05.874,2026-06-30 14:55:05.874
silver-cross-dune-2__nuna-pipa-aire-rx,Silver Cross,Dune 2,silver-cross-dune-2,Nuna,PIPA Aire rx,nuna-pipa-aire-rx,INFANT,ADAPTER,t,Silver Cross adapter for Maxi-Cosi / Nuna / CYBEX / Clek infant seats,MEDIUM,Compatible via same adapter path as Nuna PIPA rx.,,,,2026-06-13 20:48:32.741,2026-06-13 20:48:32.741
silver-cross-dune-2__nuna-pipa-rx,Silver Cross,Dune 2,silver-cross-dune-2,Nuna,PIPA RX,nuna-pipa-rx,INFANT,ADAPTER,t,Silver Cross adapter for Maxi-Cosi / Nuna / CYBEX / Clek infant seats,MEDIUM,Silver Cross uses an adapter-based travel system path for Nuna PIPA RX.,,,,2026-03-22 17:19:43.856,2026-03-22 17:19:43.856
cmr0rq7z3000xsp62pa8zgg18,Silver Cross,Dune 2,silver-cross-dune-2,Nuna,PIPA urbn,nuna-pipa-urbn,INFANT,ADAPTER,t,,MEDIUM,Silver Cross all Silver Cross frames accepts Nuna / Maxi-Cosi / CYBEX / Clek infant seats via a Silver Cross click-and-go car seat adapter (sold separately). Confirm the exact adapter for your model year before purchase.,,,,2026-06-30 14:55:06.207,2026-06-30 14:55:06.207
cmqx6t3zh001x14fcdw0vwb9r,Silver Cross,Jet 5,silver-cross-jet-5,Clek,Liing,clek-liing,INFANT,ADAPTER,t,Silver Cross - Jet 5 & Jet Double Car Seat Adapters,MEDIUM,"Inferred from the catalog adapter ""Silver Cross - Jet 5 & Jet Double Car Seat Adapters"".",https://www.macrobaby.com/products/silver-cross-jet-5-jet-double-car-seat-adapters-1?_j=taylormadebabyco.com,59.99,,2026-06-28 02:46:10.541,2026-06-28 02:46:10.541
silver-cross-jet-5__cybex-cloud-t,Silver Cross,Jet 5,silver-cross-jet-5,Cybex,Cloud T,cybex-cloud-t,INFANT,ADAPTER,t,Silver Cross adapter for Maxi-Cosi / Nuna / CYBEX / Clek infant seats,MEDIUM,"Cloud T has a wider premium adapter lane than most, but it is still an adapter decision on this stroller.",,,,2026-03-22 17:19:43.93,2026-03-22 17:19:43.93
silver-cross-jet-5__maxi-cosi-mico-luxe,Silver Cross,Jet 5,silver-cross-jet-5,Maxi-Cosi,Mico Luxe,maxi-cosi-mico-luxe,INFANT,ADAPTER,t,Silver Cross adapter for Maxi-Cosi / Nuna / CYBEX / Clek infant seats,MEDIUM,"Maxi-Cosi Mico Luxe lives in one of the most universal travel-system lanes, but it is still an adapter story on this stroller.",,,,2026-03-22 17:19:43.856,2026-03-22 17:19:43.93
silver-cross-jet-5__maxi-cosi-mico-pro,Silver Cross,Jet 5,silver-cross-jet-5,Maxi-Cosi,Mico Pro,maxi-cosi-mico-pro,INFANT,ADAPTER,t,Silver Cross adapter for Maxi-Cosi / Nuna / CYBEX / Clek infant seats,MEDIUM,Compatible via same Maxi-Cosi click connector as Mico Luxe.,,,,2026-06-13 20:48:32.741,2026-06-13 20:48:32.741
silver-cross-jet-5__maxi-cosi-peri,Silver Cross,Jet 5,silver-cross-jet-5,Maxi-Cosi,Peri 180,maxi-cosi-peri,INFANT,ADAPTER,t,Silver Cross adapter for Maxi-Cosi / Nuna / CYBEX / Clek infant seats,MEDIUM,"Maxi-Cosi Peri 180 lives in one of the most universal travel-system lanes, but it is still an adapter story on this stroller.",,,,2026-03-22 17:19:43.93,2026-03-22 17:19:43.93
cmr0rq83t000zsp62cdbx0atr,Silver Cross,Jet 5,silver-cross-jet-5,Nuna,PIPA Aire,nuna-pipa-lite-rx,INFANT,ADAPTER,t,,MEDIUM,Silver Cross all Silver Cross frames accepts Nuna / Maxi-Cosi / CYBEX / Clek infant seats via a Silver Cross click-and-go car seat adapter (sold separately). Confirm the exact adapter for your model year before purchase.,,,,2026-06-30 14:55:06.377,2026-06-30 14:55:06.377
silver-cross-jet-5__nuna-pipa-aire-rx,Silver Cross,Jet 5,silver-cross-jet-5,Nuna,PIPA Aire rx,nuna-pipa-aire-rx,INFANT,ADAPTER,t,Silver Cross adapter for Maxi-Cosi / Nuna / CYBEX / Clek infant seats,MEDIUM,Compatible via same adapter path as Nuna PIPA rx.,,,,2026-06-13 20:48:32.741,2026-06-13 20:48:32.741
silver-cross-jet-5__nuna-pipa-rx,Silver Cross,Jet 5,silver-cross-jet-5,Nuna,PIPA RX,nuna-pipa-rx,INFANT,ADAPTER,t,Silver Cross adapter for Maxi-Cosi / Nuna / CYBEX / Clek infant seats,MEDIUM,Silver Cross uses an adapter-based travel system path for Nuna PIPA RX.,,,,2026-03-22 17:19:43.856,2026-03-22 17:19:43.856
cmr0rq8cx0011sp62r33vndtp,Silver Cross,Jet 5,silver-cross-jet-5,Nuna,PIPA urbn,nuna-pipa-urbn,INFANT,ADAPTER,t,,MEDIUM,Silver Cross all Silver Cross frames accepts Nuna / Maxi-Cosi / CYBEX / Clek infant seats via a Silver Cross click-and-go car seat adapter (sold separately). Confirm the exact adapter for your model year before purchase.,,,,2026-06-30 14:55:06.706,2026-06-30 14:55:06.706
cmqx6t41v001z14fcfd737l84,Silver Cross,Jet Double,silver-cross-jet-double,Clek,Liing,clek-liing,INFANT,ADAPTER,t,,HIGH,,https://silvercrossus.com/product/jet-5-jet-double-car-seat-adapters/?ref=4762,,,2026-06-28 02:46:10.627,2026-07-29 19:10:06.284
cms6gluxg009gvbfqgups0wm8,Silver Cross,Jet Double,silver-cross-jet-double,Clek,Liingo,clek-liingo,INFANT,ADAPTER,t,,HIGH,,https://silvercrossus.com/product/jet-5-jet-double-car-seat-adapters/?ref=4762,,,2026-07-29 19:10:06.284,2026-07-29 19:10:06.284
cms6glux70093vbfqw27eiihs,Silver Cross,Jet Double,silver-cross-jet-double,Cybex,Aton G2,cmqx4qpgs00073835wm1de2we,INFANT,ADAPTER,t,,HIGH,,https://silvercrossus.com/product/jet-5-jet-double-car-seat-adapters/?ref=4762,,,2026-07-29 19:10:06.283,2026-07-29 19:10:06.283
cms6gluxi009ivbfq5skzci31,Silver Cross,Jet Double,silver-cross-jet-double,Cybex,Aton G2 Swivel,cmrdwvbsy000u7tmavhnk64ww,INFANT,ADAPTER,t,,HIGH,,https://silvercrossus.com/product/jet-5-jet-double-car-seat-adapters/?ref=4762,,,2026-07-29 19:10:06.284,2026-07-29 19:10:06.284
cms6glux70094vbfqrgwlklvm,Silver Cross,Jet Double,silver-cross-jet-double,Cybex,Cloud G Pro Comfort Extend,cmqx4qpj400083835htva49ii,INFANT,ADAPTER,t,,HIGH,,https://silvercrossus.com/product/jet-5-jet-double-car-seat-adapters/?ref=4762,,,2026-07-29 19:10:06.283,2026-07-29 19:10:06.283
cms6glux8009avbfqldocxc05,Silver Cross,Jet Double,silver-cross-jet-double,Cybex,Cloud T,cybex-cloud-t,INFANT,ADAPTER,t,,HIGH,,https://silvercrossus.com/product/jet-5-jet-double-car-seat-adapters/?ref=4762,,,2026-07-29 19:10:06.284,2026-07-29 19:10:06.284
cms6gmnut009xvbfqj21x2id2,Silver Cross,Jet Double,silver-cross-jet-double,Maxi-Cosi,Ambra,cmqx4qqbg000k3835k8b3mf6l,INFANT,ADAPTER,t,,HIGH,,https://silvercrossus.com/product/jet-5-jet-double-car-seat-adapters/?ref=4762,,,2026-07-29 19:10:43.775,2026-07-29 19:10:43.775
silver-cross-jet-double__maxi-cosi-mico-luxe,Silver Cross,Jet Double,silver-cross-jet-double,Maxi-Cosi,Mico Luxe,maxi-cosi-mico-luxe,INFANT,ADAPTER,t,,HIGH,,https://silvercrossus.com/product/jet-5-jet-double-car-seat-adapters/?ref=4762,,,2026-06-13 20:48:32.697,2026-07-29 19:10:43.775
silver-cross-jet-double__maxi-cosi-mico-pro,Silver Cross,Jet Double,silver-cross-jet-double,Maxi-Cosi,Mico Pro,maxi-cosi-mico-pro,INFANT,ADAPTER,t,,HIGH,,https://silvercrossus.com/product/jet-5-jet-double-car-seat-adapters/?ref=4762,,,2026-06-13 20:48:32.741,2026-07-29 19:10:43.775
cms6gmnun009ovbfq8aj3p8ij,Silver Cross,Jet Double,silver-cross-jet-double,Maxi-Cosi,Mico XP,cmry6pa5o001ovblfjcngmv5n,INFANT,ADAPTER,t,,HIGH,,https://silvercrossus.com/product/jet-5-jet-double-car-seat-adapters/?ref=4762,,,2026-07-29 19:10:43.775,2026-07-29 19:10:43.775
silver-cross-jet-double__maxi-cosi-peri,Silver Cross,Jet Double,silver-cross-jet-double,Maxi-Cosi,Peri 180,maxi-cosi-peri,INFANT,ADAPTER,t,,HIGH,,https://silvercrossus.com/product/jet-5-jet-double-car-seat-adapters/?ref=4762,,,2026-06-13 20:48:32.697,2026-07-29 19:10:43.775
cmr0rq8hl0013sp626nh1r0r2,Silver Cross,Jet Double,silver-cross-jet-double,Nuna,PIPA Aire,nuna-pipa-lite-rx,INFANT,ADAPTER,t,,HIGH,,https://silvercrossus.com/product/jet-5-jet-double-car-seat-adapters/?ref=4762,,,2026-06-30 14:55:06.873,2026-07-29 19:10:43.775
silver-cross-jet-double__nuna-pipa-aire-rx,Silver Cross,Jet Double,silver-cross-jet-double,Nuna,PIPA Aire rx,nuna-pipa-aire-rx,INFANT,ADAPTER,t,,HIGH,,https://silvercrossus.com/product/jet-5-jet-double-car-seat-adapters/?ref=4762,,,2026-06-13 20:48:32.741,2026-07-29 19:10:43.775
silver-cross-jet-double__nuna-pipa-rx,Silver Cross,Jet Double,silver-cross-jet-double,Nuna,PIPA RX,nuna-pipa-rx,INFANT,ADAPTER,t,,HIGH,,https://silvercrossus.com/product/jet-5-jet-double-car-seat-adapters/?ref=4762,,,2026-06-13 20:48:32.697,2026-07-29 19:10:43.775
silver-cross-jet-double__nuna-pipa-urbn,Silver Cross,Jet Double,silver-cross-jet-double,Nuna,PIPA urbn,nuna-pipa-urbn,INFANT,ADAPTER,t,,HIGH,,https://silvercrossus.com/product/jet-5-jet-double-car-seat-adapters/?ref=4762,,,2026-06-13 20:48:32.697,2026-07-29 19:10:43.775
cmri65s51005qkfwpzk57sadr,Silver Cross,Nia Travel,cmqx8d6xc001s13kp99wk94m6,Clek,Liing,clek-liing,INFANT,ADAPTER,t,,HIGH,,https://silvercrossus.com/product/nia-car-seat-adapters/?ref=4762,,,2026-07-12 19:11:11.796,2026-07-29 19:01:17.128
cmri65s57005ykfwpuuxi7but,Silver Cross,Nia Travel,cmqx8d6xc001s13kp99wk94m6,Clek,Liingo,clek-liingo,INFANT,ADAPTER,t,,HIGH,,https://silvercrossus.com/product/nia-car-seat-adapters/?ref=4762,,,2026-07-12 19:11:11.796,2026-07-29 19:01:17.129
cmri65s52005wkfwphgebzldw,Silver Cross,Nia Travel,cmqx8d6xc001s13kp99wk94m6,Cybex,Aton G2,cmqx4qpgs00073835wm1de2we,INFANT,ADAPTER,t,,HIGH,,https://silvercrossus.com/product/nia-car-seat-adapters/?ref=4762,,,2026-07-12 19:11:11.796,2026-07-29 19:01:17.129
cmri65s5l0062kfwpi8cqm54w,Silver Cross,Nia Travel,cmqx8d6xc001s13kp99wk94m6,Cybex,Aton G2 Swivel,cmrdwvbsy000u7tmavhnk64ww,INFANT,ADAPTER,t,,HIGH,,https://silvercrossus.com/product/nia-car-seat-adapters/?ref=4762,,,2026-07-12 19:11:11.797,2026-07-29 19:01:17.129
cmri65s52005tkfwpyd11urs9,Silver Cross,Nia Travel,cmqx8d6xc001s13kp99wk94m6,Cybex,Cloud G Pro Comfort Extend,cmqx4qpj400083835htva49ii,INFANT,ADAPTER,t,,HIGH,,https://silvercrossus.com/product/nia-car-seat-adapters/?ref=4762,,,2026-07-12 19:11:11.796,2026-07-29 19:01:17.129
cmri65s5l0060kfwppd9b57gx,Silver Cross,Nia Travel,cmqx8d6xc001s13kp99wk94m6,Cybex,Cloud T,cybex-cloud-t,INFANT,ADAPTER,t,,HIGH,,https://silvercrossus.com/product/nia-car-seat-adapters/?ref=4762,,,2026-07-12 19:11:11.796,2026-07-29 19:01:17.129
cmri66ha5006akfwpuco6f6xw,Silver Cross,Nia Travel,cmqx8d6xc001s13kp99wk94m6,Maxi-Cosi,Ambra,cmqx4qqbg000k3835k8b3mf6l,INFANT,ADAPTER,t,,HIGH,,https://silvercrossus.com/product/nia-car-seat-adapters/?ref=4762,,,2026-07-12 19:11:44.38,2026-07-29 19:02:16.992
cmri66ha50067kfwpgebjtqqk,Silver Cross,Nia Travel,cmqx8d6xc001s13kp99wk94m6,Maxi-Cosi,Mico Luxe,maxi-cosi-mico-luxe,INFANT,ADAPTER,t,,HIGH,,https://silvercrossus.com/product/nia-car-seat-adapters/?ref=4762,,,2026-07-12 19:11:44.38,2026-07-29 19:02:16.992
cmri66ha5006ckfwp7jft7cs8,Silver Cross,Nia Travel,cmqx8d6xc001s13kp99wk94m6,Maxi-Cosi,Mico Pro,maxi-cosi-mico-pro,INFANT,ADAPTER,t,,HIGH,,https://silvercrossus.com/product/nia-car-seat-adapters/?ref=4762,,,2026-07-12 19:11:44.38,2026-07-29 19:02:16.992
cms6gbsvf006evbfqtlp9di8v,Silver Cross,Nia Travel,cmqx8d6xc001s13kp99wk94m6,Maxi-Cosi,Mico XP,cmry6pa5o001ovblfjcngmv5n,INFANT,ADAPTER,t,,HIGH,,https://silvercrossus.com/product/nia-car-seat-adapters/?ref=4762,,,2026-07-29 19:02:16.993,2026-07-29 19:02:16.993
cmri66ha50068kfwp5b889k1h,Silver Cross,Nia Travel,cmqx8d6xc001s13kp99wk94m6,Maxi-Cosi,Peri 180,maxi-cosi-peri,INFANT,ADAPTER,t,,HIGH,,https://silvercrossus.com/product/nia-car-seat-adapters/?ref=4762,,,2026-07-12 19:11:44.38,2026-07-29 19:02:16.993
cmr0rq8sv0015sp62ejiq767r,Silver Cross,Nia Travel,cmqx8d6xc001s13kp99wk94m6,Nuna,PIPA Aire,nuna-pipa-lite-rx,INFANT,ADAPTER,t,,HIGH,,https://silvercrossus.com/product/nia-car-seat-adapters/?ref=4762,,,2026-06-30 14:55:07.279,2026-07-29 19:02:16.992
cmr0rq8xj0017sp62h4g0f9tw,Silver Cross,Nia Travel,cmqx8d6xc001s13kp99wk94m6,Nuna,PIPA Aire rx,nuna-pipa-aire-rx,INFANT,ADAPTER,t,,HIGH,,https://silvercrossus.com/product/nia-car-seat-adapters/?ref=4762,,,2026-06-30 14:55:07.448,2026-07-29 19:02:16.993
cmr0rq9200019sp62apjz14w8,Silver Cross,Nia Travel,cmqx8d6xc001s13kp99wk94m6,Nuna,PIPA RX,nuna-pipa-rx,INFANT,ADAPTER,t,,HIGH,,https://silvercrossus.com/product/nia-car-seat-adapters/?ref=4762,,,2026-06-30 14:55:07.608,2026-07-29 19:02:16.993
cmr0rq96e001bsp62u9cyszup,Silver Cross,Nia Travel,cmqx8d6xc001s13kp99wk94m6,Nuna,PIPA urbn,nuna-pipa-urbn,INFANT,ADAPTER,t,,HIGH,,https://silvercrossus.com/product/nia-car-seat-adapters/?ref=4762,,,2026-06-30 14:55:07.766,2026-07-29 19:02:16.993
silver-cross-reef__clek-liing,Silver Cross,Reef,silver-cross-reef,Clek,Liing,clek-liing,INFANT,ADAPTER,t,Silver Cross car seat adapter for Clek,HIGH,Clek Liing fits the Silver Cross Reef via a Silver Cross Clek infant seat adapter. Confirm the correct adapter SKU for your stroller model before purchase.,,,,2026-06-15 20:33:14.735,2026-06-15 20:33:14.735
silver-cross-reef__clek-liingo,Silver Cross,Reef,silver-cross-reef,Clek,Liingo,clek-liingo,INFANT,ADAPTER,t,Silver Cross car seat adapter for Clek,HIGH,Clek Liingo fits the Silver Cross Reef via a Silver Cross Clek infant seat adapter. Confirm the correct adapter SKU for your stroller model before purchase.,,,,2026-06-15 20:33:14.735,2026-06-15 20:33:14.735
silver-cross-reef__maxi-cosi-mico-luxe,Silver Cross,Reef,silver-cross-reef,Maxi-Cosi,Mico Luxe,maxi-cosi-mico-luxe,INFANT,ADAPTER,t,Silver Cross car seat adapter for Maxi-Cosi,HIGH,Maxi-Cosi Mico Luxe fits the Silver Cross Reef via a Silver Cross Maxi-Cosi adapter. Confirm the correct adapter SKU for your stroller model before purchase.,,,,2026-06-15 20:33:14.735,2026-06-15 20:33:14.735
silver-cross-reef__maxi-cosi-mico-pro,Silver Cross,Reef,silver-cross-reef,Maxi-Cosi,Mico Pro,maxi-cosi-mico-pro,INFANT,ADAPTER,t,Silver Cross car seat adapter for Maxi-Cosi,HIGH,Maxi-Cosi Mico Pro fits the Silver Cross Reef via a Silver Cross Maxi-Cosi adapter. Confirm the correct adapter SKU for your stroller model before purchase.,,,,2026-06-15 20:33:14.735,2026-06-15 20:33:14.735
silver-cross-reef__maxi-cosi-peri,Silver Cross,Reef,silver-cross-reef,Maxi-Cosi,Peri 180,maxi-cosi-peri,INFANT,ADAPTER,t,Silver Cross car seat adapter for Maxi-Cosi,HIGH,Maxi-Cosi Peri 180 fits the Silver Cross Reef via a Silver Cross Maxi-Cosi adapter. Confirm the correct adapter SKU for your stroller model before purchase.,,,,2026-06-15 20:33:14.735,2026-06-15 20:33:14.735
cmr0rq9ba001dsp62e2g695qy,Silver Cross,Reef,silver-cross-reef,Nuna,PIPA Aire,nuna-pipa-lite-rx,INFANT,ADAPTER,t,,MEDIUM,Silver Cross all Silver Cross frames accepts Nuna / Maxi-Cosi / CYBEX / Clek infant seats via a Silver Cross click-and-go car seat adapter (sold separately). Confirm the exact adapter for your model year before purchase.,,,,2026-06-30 14:55:07.942,2026-06-30 14:55:07.942
cmr0rq9g2001fsp626ig7khqi,Silver Cross,Reef,silver-cross-reef,Nuna,PIPA Aire rx,nuna-pipa-aire-rx,INFANT,ADAPTER,t,,MEDIUM,Silver Cross all Silver Cross frames accepts Nuna / Maxi-Cosi / CYBEX / Clek infant seats via a Silver Cross click-and-go car seat adapter (sold separately). Confirm the exact adapter for your model year before purchase.,,,,2026-06-30 14:55:08.114,2026-06-30 14:55:08.114
cmqx6t3b3001d14fc3khx7uts,Silver Cross,Reef,silver-cross-reef,Nuna,PIPA RX,nuna-pipa-rx,INFANT,ADAPTER,t,Silver Cross Dune/Reef Universal Car Seat Adapters in Black,MEDIUM,"Inferred from the catalog adapter ""Silver Cross Dune/Reef Universal Car Seat Adapters in Black"".",https://babylist.pxf.io/c/6560395/1160375/13580?prodsku=1185762&u=https%3A%2F%2Fwww.babylist.com%2Fgp%2Fsilver-cross-dune-reef-universal-car-seat-adapters%2F25568%2F1185762&intsrc=CATF_8981,59.99,,2026-06-28 02:46:09.664,2026-06-28 02:46:09.664
cmr0rq9nd001hsp62btwqddws,Silver Cross,Reef,silver-cross-reef,Nuna,PIPA urbn,nuna-pipa-urbn,INFANT,ADAPTER,t,,MEDIUM,Silver Cross all Silver Cross frames accepts Nuna / Maxi-Cosi / CYBEX / Clek infant seats via a Silver Cross click-and-go car seat adapter (sold separately). Confirm the exact adapter for your model year before purchase.,,,,2026-06-30 14:55:08.377,2026-06-30 14:55:08.377
cms6fzsnz0020vbfqjp2lbsi9,Silver Cross,Reef 2,silver-cross-reef-2,Clek,Liing,clek-liing,INFANT,ADAPTER,t,,HIGH,,https://silvercrossus.com/product/dune-reef-car-seat-adapters/?ref=4762,,,2026-07-29 18:52:56.927,2026-07-29 18:52:56.927
cms6fzso20028vbfqj8nj7ujz,Silver Cross,Reef 2,silver-cross-reef-2,Clek,Liingo,clek-liingo,INFANT,ADAPTER,t,,HIGH,,https://silvercrossus.com/product/dune-reef-car-seat-adapters/?ref=4762,,,2026-07-29 18:52:56.927,2026-07-29 18:52:56.927
cms6fzso20026vbfqly2xnvrd,Silver Cross,Reef 2,silver-cross-reef-2,Cybex,Aton G2,cmqx4qpgs00073835wm1de2we,INFANT,ADAPTER,t,,HIGH,,https://silvercrossus.com/product/dune-reef-car-seat-adapters/?ref=4762,,,2026-07-29 18:52:56.927,2026-07-29 18:52:56.927
cms6fzsoa002avbfq7n3x0fdf,Silver Cross,Reef 2,silver-cross-reef-2,Cybex,Aton G2 Swivel,cmrdwvbsy000u7tmavhnk64ww,INFANT,ADAPTER,t,,HIGH,,https://silvercrossus.com/product/dune-reef-car-seat-adapters/?ref=4762,,,2026-07-29 18:52:56.927,2026-07-29 18:52:56.927
cms6fzsog002evbfqv0l0gfp2,Silver Cross,Reef 2,silver-cross-reef-2,Cybex,Cloud G Pro Comfort Extend,cmqx4qpj400083835htva49ii,INFANT,ADAPTER,t,,HIGH,,https://silvercrossus.com/product/dune-reef-car-seat-adapters/?ref=4762,,,2026-07-29 18:52:56.927,2026-07-29 18:52:56.927
silver-cross-reef-2__cybex-cloud-t,Silver Cross,Reef 2,silver-cross-reef-2,Cybex,Cloud T,cybex-cloud-t,INFANT,ADAPTER,t,,HIGH,,https://silvercrossus.com/product/dune-reef-car-seat-adapters/?ref=4762,,,2026-03-22 17:19:43.93,2026-07-29 18:52:56.927
cms6g0qu4002kvbfqsp0fhf8p,Silver Cross,Reef 2,silver-cross-reef-2,Maxi-Cosi,Ambra,cmqx4qqbg000k3835k8b3mf6l,INFANT,ADAPTER,t,,HIGH,,https://silvercrossus.com/product/dune-reef-car-seat-adapters/?ref=4762,,,2026-07-29 18:53:41.212,2026-07-29 18:53:41.212
silver-cross-reef-2__maxi-cosi-mico-luxe,Silver Cross,Reef 2,silver-cross-reef-2,Maxi-Cosi,Mico Luxe,maxi-cosi-mico-luxe,INFANT,ADAPTER,t,,HIGH,,https://silvercrossus.com/product/dune-reef-car-seat-adapters/?ref=4762,,,2026-03-22 17:19:43.856,2026-07-29 18:53:41.213
silver-cross-reef-2__maxi-cosi-mico-pro,Silver Cross,Reef 2,silver-cross-reef-2,Maxi-Cosi,Mico Pro,maxi-cosi-mico-pro,INFANT,ADAPTER,t,,HIGH,,https://silvercrossus.com/product/dune-reef-car-seat-adapters/?ref=4762,,,2026-06-13 20:48:32.741,2026-07-29 18:53:41.213
cms6g0que0030vbfqtkb067z5,Silver Cross,Reef 2,silver-cross-reef-2,Maxi-Cosi,Mico XP,cmry6pa5o001ovblfjcngmv5n,INFANT,ADAPTER,t,,HIGH,,https://silvercrossus.com/product/dune-reef-car-seat-adapters/?ref=4762,,,2026-07-29 18:53:41.213,2026-07-29 18:53:41.213
silver-cross-reef-2__maxi-cosi-peri,Silver Cross,Reef 2,silver-cross-reef-2,Maxi-Cosi,Peri 180,maxi-cosi-peri,INFANT,ADAPTER,t,,HIGH,,https://silvercrossus.com/product/dune-reef-car-seat-adapters/?ref=4762,,,2026-03-22 17:19:43.93,2026-07-29 18:53:41.213
cmr0rq9rw001jsp62ekp8ux8z,Silver Cross,Reef 2,silver-cross-reef-2,Nuna,PIPA Aire,nuna-pipa-lite-rx,INFANT,ADAPTER,t,,HIGH,,https://silvercrossus.com/product/dune-reef-car-seat-adapters/?ref=4762,,,2026-06-30 14:55:08.541,2026-07-29 18:53:41.213
silver-cross-reef-2__nuna-pipa-aire-rx,Silver Cross,Reef 2,silver-cross-reef-2,Nuna,PIPA Aire rx,nuna-pipa-aire-rx,INFANT,ADAPTER,t,,HIGH,,https://silvercrossus.com/product/dune-reef-car-seat-adapters/?ref=4762,,,2026-06-13 20:48:32.741,2026-07-29 18:53:41.213
silver-cross-reef-2__nuna-pipa-rx,Silver Cross,Reef 2,silver-cross-reef-2,Nuna,PIPA RX,nuna-pipa-rx,INFANT,ADAPTER,t,,HIGH,,https://silvercrossus.com/product/dune-reef-car-seat-adapters/?ref=4762,,,2026-03-22 17:19:43.856,2026-07-29 18:53:41.213
cmr0rqa12001lsp62hbyqgu9e,Silver Cross,Reef 2,silver-cross-reef-2,Nuna,PIPA urbn,nuna-pipa-urbn,INFANT,ADAPTER,t,,HIGH,,https://silvercrossus.com/product/dune-reef-car-seat-adapters/?ref=4762,,,2026-06-30 14:55:08.87,2026-07-29 18:53:41.213
silver-cross-wave__clek-liing,Silver Cross,Wave,silver-cross-wave,Clek,Liing,clek-liing,INFANT,ADAPTER,t,,HIGH,,https://silvercrossus.com/product/wave-coast-upper-main-car-seat-adapters/?ref=4762,,,2026-06-15 20:33:14.735,2026-07-29 19:05:52.54
silver-cross-wave__clek-liingo,Silver Cross,Wave,silver-cross-wave,Clek,Liingo,clek-liingo,INFANT,ADAPTER,t,,HIGH,,https://silvercrossus.com/product/wave-coast-upper-main-car-seat-adapters/?ref=4762,,,2026-06-15 20:33:14.735,2026-07-29 19:05:52.539
cmrmtzo4w000z4fxsxpxsy2xi,Silver Cross,Wave,silver-cross-wave,Cybex,Aton G2,cmqx4qpgs00073835wm1de2we,INFANT,ADAPTER,t,,HIGH,,https://silvercrossus.com/product/wave-coast-upper-main-car-seat-adapters/?ref=4762,,,2026-07-16 01:29:22.16,2026-07-29 19:05:52.539
cmrmtzobj00154fxsy8dy8qgp,Silver Cross,Wave,silver-cross-wave,Cybex,Aton G2 Swivel,cmrdwvbsy000u7tmavhnk64ww,INFANT,ADAPTER,t,,HIGH,,https://silvercrossus.com/product/wave-coast-upper-main-car-seat-adapters/?ref=4762,,,2026-07-16 01:29:22.399,2026-07-29 19:05:52.539
cmrmtzo7300114fxs7yxyy0vm,Silver Cross,Wave,silver-cross-wave,Cybex,Cloud G Pro Comfort Extend,cmqx4qpj400083835htva49ii,INFANT,ADAPTER,t,,HIGH,,https://silvercrossus.com/product/wave-coast-upper-main-car-seat-adapters/?ref=4762,,,2026-07-16 01:29:22.239,2026-07-29 19:05:52.539
cmrmtzo9a00134fxslhixrdkk,Silver Cross,Wave,silver-cross-wave,Cybex,Cloud T,cybex-cloud-t,INFANT,ADAPTER,t,,HIGH,,https://silvercrossus.com/product/wave-coast-upper-main-car-seat-adapters/?ref=4762,,,2026-07-16 01:29:22.318,2026-07-29 19:05:52.539
cmrmtzog200194fxsuby3ffo1,Silver Cross,Wave,silver-cross-wave,Maxi-Cosi,Ambra,cmqx4qqbg000k3835k8b3mf6l,INFANT,ADAPTER,t,,HIGH,,https://silvercrossus.com/product/wave-coast-upper-main-car-seat-adapters/?ref=4762,,,2026-07-16 01:29:22.563,2026-07-29 19:07:09.254
silver-cross-wave__maxi-cosi-mico-luxe,Silver Cross,Wave,silver-cross-wave,Maxi-Cosi,Mico Luxe,maxi-cosi-mico-luxe,INFANT,ADAPTER,t,,HIGH,,https://silvercrossus.com/product/wave-coast-upper-main-car-seat-adapters/?ref=4762,,,2026-06-15 20:33:14.735,2026-07-29 19:07:09.254
silver-cross-wave__maxi-cosi-mico-pro,Silver Cross,Wave,silver-cross-wave,Maxi-Cosi,Mico Pro,maxi-cosi-mico-pro,INFANT,ADAPTER,t,,HIGH,,https://silvercrossus.com/product/wave-coast-upper-main-car-seat-adapters/?ref=4762,,,2026-06-15 20:33:14.735,2026-07-29 19:07:09.254
cms6gi2c4008avbfqzpckbf87,Silver Cross,Wave,silver-cross-wave,Maxi-Cosi,Mico XP,cmry6pa5o001ovblfjcngmv5n,INFANT,ADAPTER,t,,HIGH,,https://silvercrossus.com/product/wave-coast-upper-main-car-seat-adapters/?ref=4762,,,2026-07-29 19:07:09.254,2026-07-29 19:07:09.254
silver-cross-wave__maxi-cosi-peri,Silver Cross,Wave,silver-cross-wave,Maxi-Cosi,Peri 180,maxi-cosi-peri,INFANT,ADAPTER,t,,HIGH,,https://silvercrossus.com/product/wave-coast-upper-main-car-seat-adapters/?ref=4762,,,2026-06-15 20:33:14.735,2026-07-29 19:07:09.254
cmr0rqa5u001nsp62d43lc4o0,Silver Cross,Wave,silver-cross-wave,Nuna,PIPA Aire,nuna-pipa-lite-rx,INFANT,ADAPTER,t,,HIGH,,https://silvercrossus.com/product/wave-coast-upper-main-car-seat-adapters/?ref=4762,,,2026-06-30 14:55:09.042,2026-07-29 19:07:09.254
cmr0rqaaj001psp62v2fp3owz,Silver Cross,Wave,silver-cross-wave,Nuna,PIPA Aire rx,nuna-pipa-aire-rx,INFANT,ADAPTER,t,,HIGH,,https://silvercrossus.com/product/wave-coast-upper-main-car-seat-adapters/?ref=4762,,,2026-06-30 14:55:09.211,2026-07-29 19:07:09.254
cmr0rqaf3001rsp625wis0dn0,Silver Cross,Wave,silver-cross-wave,Nuna,PIPA RX,nuna-pipa-rx,INFANT,ADAPTER,t,,HIGH,,https://silvercrossus.com/product/wave-coast-upper-main-car-seat-adapters/?ref=4762,,,2026-06-30 14:55:09.375,2026-07-29 19:07:09.254
cmr0rqaji001tsp62z39tnnsy,Silver Cross,Wave,silver-cross-wave,Nuna,PIPA urbn,nuna-pipa-urbn,INFANT,ADAPTER,t,,HIGH,,https://silvercrossus.com/product/wave-coast-upper-main-car-seat-adapters/?ref=4762,,,2026-06-30 14:55:09.535,2026-07-29 19:07:09.254
cms6gh95g007evbfqda63xgqc,Silver Cross,Wave 3,silver-cross-wave-3,Clek,Liing,clek-liing,INFANT,ADAPTER,t,,HIGH,,https://silvercrossus.com/product/wave-coast-upper-main-car-seat-adapters/?ref=4762,,,2026-07-29 19:06:31.443,2026-07-29 19:06:31.443
cms6gh95r007mvbfqbamux2xa,Silver Cross,Wave 3,silver-cross-wave-3,Clek,Liingo,clek-liingo,INFANT,ADAPTER,t,,HIGH,,https://silvercrossus.com/product/wave-coast-upper-main-car-seat-adapters/?ref=4762,,,2026-07-29 19:06:31.444,2026-07-29 19:06:31.444
cms6gh95g007dvbfqv41y0a8g,Silver Cross,Wave 3,silver-cross-wave-3,Cybex,Aton G2,cmqx4qpgs00073835wm1de2we,INFANT,ADAPTER,t,,HIGH,,https://silvercrossus.com/product/wave-coast-upper-main-car-seat-adapters/?ref=4762,,,2026-07-29 19:06:31.443,2026-07-29 19:06:31.443
cms6gh95g007avbfq478h90fh,Silver Cross,Wave 3,silver-cross-wave-3,Cybex,Aton G2 Swivel,cmrdwvbsy000u7tmavhnk64ww,INFANT,ADAPTER,t,,HIGH,,https://silvercrossus.com/product/wave-coast-upper-main-car-seat-adapters/?ref=4762,,,2026-07-29 19:06:31.443,2026-07-29 19:06:31.443
cms6gh95q007ivbfqb8c3qsly,Silver Cross,Wave 3,silver-cross-wave-3,Cybex,Cloud G Pro Comfort Extend,cmqx4qpj400083835htva49ii,INFANT,ADAPTER,t,,HIGH,,https://silvercrossus.com/product/wave-coast-upper-main-car-seat-adapters/?ref=4762,,,2026-07-29 19:06:31.443,2026-07-29 19:06:31.443
silver-cross-wave-3__cybex-cloud-t,Silver Cross,Wave 3,silver-cross-wave-3,Cybex,Cloud T,cybex-cloud-t,INFANT,ADAPTER,t,,HIGH,,https://silvercrossus.com/product/wave-coast-upper-main-car-seat-adapters/?ref=4762,,,2026-03-22 17:19:43.93,2026-07-29 19:06:31.444
cms6giwxb008kvbfqa8as0kjm,Silver Cross,Wave 3,silver-cross-wave-3,Maxi-Cosi,Ambra,cmqx4qqbg000k3835k8b3mf6l,INFANT,ADAPTER,t,,HIGH,,https://silvercrossus.com/product/wave-coast-upper-main-car-seat-adapters/?ref=4762,,,2026-07-29 19:07:48.911,2026-07-29 19:07:48.911
silver-cross-wave-3__maxi-cosi-mico-luxe,Silver Cross,Wave 3,silver-cross-wave-3,Maxi-Cosi,Mico Luxe,maxi-cosi-mico-luxe,INFANT,ADAPTER,t,,HIGH,,https://silvercrossus.com/product/wave-coast-upper-main-car-seat-adapters/?ref=4762,,,2026-03-22 17:19:43.856,2026-07-29 19:07:48.911
silver-cross-wave-3__maxi-cosi-mico-pro,Silver Cross,Wave 3,silver-cross-wave-3,Maxi-Cosi,Mico Pro,maxi-cosi-mico-pro,INFANT,ADAPTER,t,,HIGH,,https://silvercrossus.com/product/wave-coast-upper-main-car-seat-adapters/?ref=4762,,,2026-06-13 20:48:32.741,2026-07-29 19:07:48.911
cms6giwxb008hvbfqhptv1x7f,Silver Cross,Wave 3,silver-cross-wave-3,Maxi-Cosi,Mico XP,cmry6pa5o001ovblfjcngmv5n,INFANT,ADAPTER,t,,HIGH,,https://silvercrossus.com/product/wave-coast-upper-main-car-seat-adapters/?ref=4762,,,2026-07-29 19:07:48.911,2026-07-29 19:07:48.911
silver-cross-wave-3__maxi-cosi-peri,Silver Cross,Wave 3,silver-cross-wave-3,Maxi-Cosi,Peri 180,maxi-cosi-peri,INFANT,ADAPTER,t,,HIGH,,https://silvercrossus.com/product/wave-coast-upper-main-car-seat-adapters/?ref=4762,,,2026-03-22 17:19:43.93,2026-07-29 19:07:48.911
cmr0rqany001vsp62vwtyc01k,Silver Cross,Wave 3,silver-cross-wave-3,Nuna,PIPA Aire,nuna-pipa-lite-rx,INFANT,ADAPTER,t,,HIGH,,https://silvercrossus.com/product/wave-coast-upper-main-car-seat-adapters/?ref=4762,,,2026-06-30 14:55:09.695,2026-07-29 19:07:48.911
silver-cross-wave-3__nuna-pipa-aire-rx,Silver Cross,Wave 3,silver-cross-wave-3,Nuna,PIPA Aire rx,nuna-pipa-aire-rx,INFANT,ADAPTER,t,,HIGH,,https://silvercrossus.com/product/wave-coast-upper-main-car-seat-adapters/?ref=4762,,,2026-06-13 20:48:32.741,2026-07-29 19:07:48.911
silver-cross-wave-3__nuna-pipa-rx,Silver Cross,Wave 3,silver-cross-wave-3,Nuna,PIPA RX,nuna-pipa-rx,INFANT,ADAPTER,t,,HIGH,,https://silvercrossus.com/product/wave-coast-upper-main-car-seat-adapters/?ref=4762,,,2026-03-22 17:19:43.856,2026-07-29 19:07:48.911
cmr0rqaxf001xsp629swk9yil,Silver Cross,Wave 3,silver-cross-wave-3,Nuna,PIPA urbn,nuna-pipa-urbn,INFANT,ADAPTER,t,,HIGH,,https://silvercrossus.com/product/wave-coast-upper-main-car-seat-adapters/?ref=4762,,,2026-06-30 14:55:10.035,2026-07-29 19:07:48.911
cmqu8mjky008bwwsbdidczp4u,Silver Cross,Wave 3 Single to Double,cmqpqr1zv002a7qlltuhbvanr,Cybex,Cloud T,cybex-cloud-t,INFANT,ADAPTER,t,Silver Cross adapter for Maxi-Cosi / Nuna / CYBEX / Clek infant seats,MEDIUM,"Cloud T has a wider premium adapter lane than most, but it is still an adapter decision on this stroller.",,,,2026-06-26 01:13:44.866,2026-06-26 01:13:44.866
cmqu8mjb80085wwsb0o15k6mv,Silver Cross,Wave 3 Single to Double,cmqpqr1zv002a7qlltuhbvanr,Maxi-Cosi,Mico Luxe,maxi-cosi-mico-luxe,INFANT,ADAPTER,t,Silver Cross adapter for Maxi-Cosi / Nuna / CYBEX / Clek infant seats,MEDIUM,"Maxi-Cosi Mico Luxe lives in one of the most universal travel-system lanes, but it is still an adapter story on this stroller.",,,,2026-06-26 01:13:44.516,2026-06-26 01:13:44.516
cmqu8mjnc008dwwsbkgdjsbb3,Silver Cross,Wave 3 Single to Double,cmqpqr1zv002a7qlltuhbvanr,Maxi-Cosi,Mico Pro,maxi-cosi-mico-pro,INFANT,ADAPTER,t,Silver Cross adapter for Maxi-Cosi / Nuna / CYBEX / Clek infant seats,MEDIUM,Compatible via same Maxi-Cosi click connector as Mico Luxe.,,,,2026-06-26 01:13:44.952,2026-06-26 01:13:44.952
cmqu8mjgb0089wwsb8k537n46,Silver Cross,Wave 3 Single to Double,cmqpqr1zv002a7qlltuhbvanr,Maxi-Cosi,Peri 180,maxi-cosi-peri,INFANT,ADAPTER,t,Silver Cross adapter for Maxi-Cosi / Nuna / CYBEX / Clek infant seats,MEDIUM,"Maxi-Cosi Peri 180 lives in one of the most universal travel-system lanes, but it is still an adapter story on this stroller.",,,,2026-06-26 01:13:44.699,2026-06-26 01:13:44.699
cmr0rqb1v001zsp62lfhsfkkd,Silver Cross,Wave 3 Single to Double,cmqpqr1zv002a7qlltuhbvanr,Nuna,PIPA Aire,nuna-pipa-lite-rx,INFANT,ADAPTER,t,,MEDIUM,Silver Cross all Silver Cross frames accepts Nuna / Maxi-Cosi / CYBEX / Clek infant seats via a Silver Cross click-and-go car seat adapter (sold separately). Confirm the exact adapter for your model year before purchase.,,,,2026-06-30 14:55:10.196,2026-06-30 14:55:10.196
cmqu8mj8u0083wwsb6g2wl6e8,Silver Cross,Wave 3 Single to Double,cmqpqr1zv002a7qlltuhbvanr,Nuna,PIPA Aire rx,nuna-pipa-aire-rx,INFANT,ADAPTER,t,Silver Cross adapter for Maxi-Cosi / Nuna / CYBEX / Clek infant seats,MEDIUM,Compatible via same adapter path as Nuna PIPA rx.,,,,2026-06-26 01:13:44.43,2026-06-26 01:13:44.43
cmqu8miyh007vwwsb1lndn7gw,Silver Cross,Wave 3 Single to Double,cmqpqr1zv002a7qlltuhbvanr,Nuna,PIPA RX,nuna-pipa-rx,INFANT,ADAPTER,t,Silver Cross adapter for Maxi-Cosi / Nuna / CYBEX / Clek infant seats,MEDIUM,Silver Cross uses an adapter-based travel system path for Nuna PIPA RX.,,,,2026-06-26 01:13:44.057,2026-06-26 01:13:44.057
cmr0rqbb90021sp627acbnsdj,Silver Cross,Wave 3 Single to Double,cmqpqr1zv002a7qlltuhbvanr,Nuna,PIPA urbn,nuna-pipa-urbn,INFANT,ADAPTER,t,,MEDIUM,Silver Cross all Silver Cross frames accepts Nuna / Maxi-Cosi / CYBEX / Clek infant seats via a Silver Cross click-and-go car seat adapter (sold separately). Confirm the exact adapter for your model year before purchase.,,,,2026-06-30 14:55:10.533,2026-06-30 14:55:10.533
babyzen-yoyo-plus__maxi-cosi-mico-luxe,Stokke,YOYO+,babyzen-yoyo-plus,Maxi-Cosi,Mico Luxe,maxi-cosi-mico-luxe,INFANT,ADAPTER,t,Babyzen car seat adapter for Maxi-Cosi,HIGH,Maxi-Cosi Mico Luxe fits the Babyzen YOYO+ via a Babyzen Maxi-Cosi adapter. Confirm the correct adapter SKU for your stroller model before purchase.,,,,2026-06-15 20:33:14.735,2026-06-15 20:33:14.735
babyzen-yoyo-plus__maxi-cosi-mico-pro,Stokke,YOYO+,babyzen-yoyo-plus,Maxi-Cosi,Mico Pro,maxi-cosi-mico-pro,INFANT,ADAPTER,t,Babyzen car seat adapter for Maxi-Cosi,HIGH,Maxi-Cosi Mico Pro fits the Babyzen YOYO+ via a Babyzen Maxi-Cosi adapter. Confirm the correct adapter SKU for your stroller model before purchase.,,,,2026-06-15 20:33:14.735,2026-06-15 20:33:14.735
babyzen-yoyo-plus__maxi-cosi-peri,Stokke,YOYO+,babyzen-yoyo-plus,Maxi-Cosi,Peri 180,maxi-cosi-peri,INFANT,ADAPTER,t,Babyzen car seat adapter for Maxi-Cosi,HIGH,Maxi-Cosi Peri 180 fits the Babyzen YOYO+ via a Babyzen Maxi-Cosi adapter. Confirm the correct adapter SKU for your stroller model before purchase.,,,,2026-06-15 20:33:14.735,2026-06-15 20:33:14.735
babyzen-yoyo-plus__nuna-pipa-lite-rx,Stokke,YOYO+,babyzen-yoyo-plus,Nuna,PIPA Aire,nuna-pipa-lite-rx,INFANT,ADAPTER,t,Babyzen car seat adapter for Nuna,HIGH,Nuna PIPA Aire fits the Babyzen YOYO+ via a Babyzen Nuna adapter. Confirm the correct adapter SKU for your stroller model before purchase.,,,,2026-06-15 20:33:14.735,2026-06-15 20:33:14.735
babyzen-yoyo-plus__nuna-pipa-aire-rx,Stokke,YOYO+,babyzen-yoyo-plus,Nuna,PIPA Aire rx,nuna-pipa-aire-rx,INFANT,ADAPTER,t,Babyzen car seat adapter for Nuna,HIGH,Nuna PIPA Aire rx fits the Babyzen YOYO+ via a Babyzen Nuna adapter. Confirm the correct adapter SKU for your stroller model before purchase.,,,,2026-06-15 20:33:14.735,2026-06-15 20:33:14.735
babyzen-yoyo-plus__nuna-pipa-rx,Stokke,YOYO+,babyzen-yoyo-plus,Nuna,PIPA RX,nuna-pipa-rx,INFANT,ADAPTER,t,Babyzen car seat adapter for Nuna,HIGH,Nuna PIPA RX fits the Babyzen YOYO+ via a Babyzen Nuna adapter. Confirm the correct adapter SKU for your stroller model before purchase.,,,,2026-06-15 20:33:14.735,2026-06-15 20:33:14.735
babyzen-yoyo-plus__nuna-pipa-urbn,Stokke,YOYO+,babyzen-yoyo-plus,Nuna,PIPA urbn,nuna-pipa-urbn,INFANT,ADAPTER,t,Babyzen car seat adapter for Nuna,HIGH,Nuna PIPA urbn fits the Babyzen YOYO+ via a Babyzen Nuna adapter. Confirm the correct adapter SKU for your stroller model before purchase.,,,,2026-06-15 20:33:14.735,2026-06-15 20:33:14.735
stokke-yoyo3__cybex-cloud-t,Stokke,Yoyo 3,stokke-yoyo3,Cybex,Cloud T,cybex-cloud-t,INFANT,ADAPTER,t,Stokke Yoyo car seat adaptor,HIGH,Compatible via the Stokke Yoyo car seat adaptor for CYBEX Cloud T. Purchase the adaptor variant matching your car seat brand.,,,,2026-06-13 20:48:32.741,2026-06-13 20:48:32.741
stokke-yoyo3__maxi-cosi-mico-luxe,Stokke,Yoyo 3,stokke-yoyo3,Maxi-Cosi,Mico Luxe,maxi-cosi-mico-luxe,INFANT,ADAPTER,t,Stokke Yoyo car seat adaptor,HIGH,Compatible via the Stokke Yoyo car seat adaptor for Maxi-Cosi Mico Luxe. Purchase the adaptor variant matching your car seat brand.,,,,2026-06-13 20:48:32.741,2026-06-13 20:48:32.741
stokke-yoyo3__maxi-cosi-mico-pro,Stokke,Yoyo 3,stokke-yoyo3,Maxi-Cosi,Mico Pro,maxi-cosi-mico-pro,INFANT,ADAPTER,t,Stokke Yoyo car seat adaptor,HIGH,Compatible via same Maxi-Cosi click connector as Mico Luxe.,,,,2026-06-13 20:48:32.741,2026-06-13 20:48:32.741
stokke-yoyo3__maxi-cosi-peri,Stokke,Yoyo 3,stokke-yoyo3,Maxi-Cosi,Peri 180,maxi-cosi-peri,INFANT,ADAPTER,t,Stokke Yoyo car seat adaptor,HIGH,Compatible via the Stokke Yoyo car seat adaptor for Maxi-Cosi Peri 180. Purchase the adaptor variant matching your car seat brand.,,,,2026-06-13 20:48:32.741,2026-06-13 20:48:32.741
stokke-yoyo3__nuna-pipa-lite-rx,Stokke,Yoyo 3,stokke-yoyo3,Nuna,PIPA Aire,nuna-pipa-lite-rx,INFANT,ADAPTER,t,Stokke Yoyo car seat adaptor,HIGH,Compatible via the Stokke Yoyo car seat adaptor for Nuna PIPA Aire. Purchase the adaptor variant matching your car seat brand.,,,,2026-06-13 20:48:32.741,2026-06-13 20:48:32.741
stokke-yoyo3__nuna-pipa-aire-rx,Stokke,Yoyo 3,stokke-yoyo3,Nuna,PIPA Aire rx,nuna-pipa-aire-rx,INFANT,ADAPTER,t,Stokke Yoyo car seat adaptor,HIGH,Compatible via same adapter path as Nuna PIPA rx.,,,,2026-06-13 20:48:32.741,2026-06-13 20:48:32.741
stokke-yoyo3__nuna-pipa-rx,Stokke,Yoyo 3,stokke-yoyo3,Nuna,PIPA RX,nuna-pipa-rx,INFANT,ADAPTER,t,Stokke Yoyo car seat adaptor,HIGH,Compatible via the Stokke Yoyo car seat adaptor for Nuna PIPA RX. Purchase the adaptor variant matching your car seat brand.,,,,2026-06-13 20:48:32.741,2026-06-13 20:48:32.741
stokke-yoyo3__nuna-pipa-urbn,Stokke,Yoyo 3,stokke-yoyo3,Nuna,PIPA urbn,nuna-pipa-urbn,INFANT,ADAPTER,t,Stokke Yoyo car seat adaptor,HIGH,Compatible via the Stokke Yoyo car seat adaptor for Nuna PIPA urbn. Purchase the adaptor variant matching your car seat brand.,,,,2026-06-13 20:48:32.741,2026-06-13 20:48:32.741
thule-glide-2__maxi-cosi-mico-luxe,Thule,Glide 2,thule-glide-2,Maxi-Cosi,Mico Luxe,maxi-cosi-mico-luxe,INFANT,ADAPTER,t,Thule car seat adapter for Maxi-Cosi,HIGH,Maxi-Cosi Mico Luxe fits the Thule Glide 2 via a Thule Maxi-Cosi adapter. Confirm the correct adapter SKU for your stroller model before purchase.,,,,2026-06-15 20:33:14.735,2026-06-15 20:33:14.735
thule-glide-2__maxi-cosi-mico-pro,Thule,Glide 2,thule-glide-2,Maxi-Cosi,Mico Pro,maxi-cosi-mico-pro,INFANT,ADAPTER,t,Thule car seat adapter for Maxi-Cosi,HIGH,Maxi-Cosi Mico Pro fits the Thule Glide 2 via a Thule Maxi-Cosi adapter. Confirm the correct adapter SKU for your stroller model before purchase.,,,,2026-06-15 20:33:14.735,2026-06-15 20:33:14.735
thule-glide-2__maxi-cosi-peri,Thule,Glide 2,thule-glide-2,Maxi-Cosi,Peri 180,maxi-cosi-peri,INFANT,ADAPTER,t,Thule car seat adapter for Maxi-Cosi,HIGH,Maxi-Cosi Peri 180 fits the Thule Glide 2 via a Thule Maxi-Cosi adapter. Confirm the correct adapter SKU for your stroller model before purchase.,,,,2026-06-15 20:33:14.735,2026-06-15 20:33:14.735
thule-glide-2__nuna-pipa-lite-rx,Thule,Glide 2,thule-glide-2,Nuna,PIPA Aire,nuna-pipa-lite-rx,INFANT,ADAPTER,t,Thule car seat adapter for Nuna,HIGH,Nuna PIPA Aire fits the Thule Glide 2 via a Thule Nuna adapter. Confirm the correct adapter SKU for your stroller model before purchase.,,,,2026-06-15 20:33:14.735,2026-06-15 20:33:14.735
thule-glide-2__nuna-pipa-aire-rx,Thule,Glide 2,thule-glide-2,Nuna,PIPA Aire rx,nuna-pipa-aire-rx,INFANT,ADAPTER,t,Thule car seat adapter for Nuna,HIGH,Nuna PIPA Aire rx fits the Thule Glide 2 via a Thule Nuna adapter. Confirm the correct adapter SKU for your stroller model before purchase.,,,,2026-06-15 20:33:14.735,2026-06-15 20:33:14.735
thule-glide-2__nuna-pipa-rx,Thule,Glide 2,thule-glide-2,Nuna,PIPA RX,nuna-pipa-rx,INFANT,ADAPTER,t,Thule car seat adapter for Nuna,HIGH,Nuna PIPA RX fits the Thule Glide 2 via a Thule Nuna adapter. Confirm the correct adapter SKU for your stroller model before purchase.,,,,2026-06-15 20:33:14.735,2026-06-15 20:33:14.735
thule-glide-2__nuna-pipa-urbn,Thule,Glide 2,thule-glide-2,Nuna,PIPA urbn,nuna-pipa-urbn,INFANT,ADAPTER,t,Thule car seat adapter for Nuna,HIGH,Nuna PIPA urbn fits the Thule Glide 2 via a Thule Nuna adapter. Confirm the correct adapter SKU for your stroller model before purchase.,,,,2026-06-15 20:33:14.735,2026-06-15 20:33:14.735
thule-glide-2__uppababy-aria-v2,Thule,Glide 2,thule-glide-2,UPPAbaby,Aria V2,uppababy-aria-v2,INFANT,ADAPTER,t,Thule car seat adapter for UPPAbaby,HIGH,UPPAbaby Aria V2 fits the Thule Glide 2 via a Thule UPPAbaby adapter. Confirm the correct adapter SKU for your stroller model before purchase.,,,,2026-06-15 20:33:14.735,2026-06-15 20:33:14.735
thule-glide-2__uppababy-mesa-v3,Thule,Glide 2,thule-glide-2,UPPAbaby,Mesa V3,uppababy-mesa-v3,INFANT,ADAPTER,t,Thule car seat adapter for UPPAbaby,HIGH,UPPAbaby Mesa V3 fits the Thule Glide 2 via a Thule UPPAbaby adapter. Confirm the correct adapter SKU for your stroller model before purchase.,,,,2026-06-15 20:33:14.735,2026-06-15 20:33:14.735
cms94su7e008gi76bl1f4iw1t,Thule,Shine,cmr1etqjy000f13fej5cpcpyj,Chicco,KeyFit 30,chicco-keyfit-30,INFANT,ADAPTER,t,,HIGH,,https://amzn.to/4wt0DVL,,,2026-07-31 16:02:55.082,2026-07-31 16:02:55.082
cms94su7e008ii76brttdh9az,Thule,Shine,cmr1etqjy000f13fej5cpcpyj,Chicco,KeyFit 30 ClearTex,cmqx4qp6y00033835pgtlizxk,INFANT,ADAPTER,t,,HIGH,,https://amzn.to/4wt0DVL,,,2026-07-31 16:02:55.082,2026-07-31 16:02:55.082
cms94su7e008li76bz0ld8msa,Thule,Shine,cmr1etqjy000f13fej5cpcpyj,Chicco,KeyFit Max ClearTex,cmqx4qp9s00043835h85g6sl0,INFANT,ADAPTER,t,,HIGH,,https://amzn.to/4wt0DVL,,,2026-07-31 16:02:55.082,2026-07-31 16:02:55.082
cms94su7e008ji76b5gtercdp,Thule,Shine,cmr1etqjy000f13fej5cpcpyj,Chicco,KeyFit Max Zip ClearLux,cmqx4qpc50005383512d994gn,INFANT,ADAPTER,t,,HIGH,,https://amzn.to/4wt0DVL,,,2026-07-31 16:02:55.082,2026-07-31 16:02:55.082
cms94su7e008ki76btr60btno,Thule,Shine,cmr1etqjy000f13fej5cpcpyj,Chicco,KeyFit Max Zip ClearTex,cmqx4qpeg00063835eten1p5s,INFANT,ADAPTER,t,,HIGH,,https://amzn.to/4wt0DVL,,,2026-07-31 16:02:55.082,2026-07-31 16:02:55.082
cms94r0w80085i76blh6as5oo,Thule,Shine,cmr1etqjy000f13fej5cpcpyj,Clek,Liing,clek-liing,INFANT,ADAPTER,t,,HIGH,,https://amzn.to/4yS2Yv1,,,2026-07-31 16:01:30.438,2026-07-31 16:01:30.438
cms94r0w70081i76byiyu4of5,Thule,Shine,cmr1etqjy000f13fej5cpcpyj,Clek,Liingo,clek-liingo,INFANT,ADAPTER,t,,HIGH,,https://amzn.to/4yS2Yv1,,,2026-07-31 16:01:30.438,2026-07-31 16:01:30.438
cms94r0wp008bi76bdmkiuh3f,Thule,Shine,cmr1etqjy000f13fej5cpcpyj,Cybex,Aton G2,cmqx4qpgs00073835wm1de2we,INFANT,ADAPTER,t,,HIGH,,https://amzn.to/4yS2Yv1,,,2026-07-31 16:01:30.438,2026-07-31 16:01:30.438
cms94r0w80083i76bviniba0o,Thule,Shine,cmr1etqjy000f13fej5cpcpyj,Cybex,Aton G2 Swivel,cmrdwvbsy000u7tmavhnk64ww,INFANT,ADAPTER,t,,HIGH,,https://amzn.to/4yS2Yv1,,,2026-07-31 16:01:30.438,2026-07-31 16:01:30.438
cms94r0wb0089i76bc4261fcl,Thule,Shine,cmr1etqjy000f13fej5cpcpyj,Cybex,Cloud G Pro Comfort Extend,cmqx4qpj400083835htva49ii,INFANT,ADAPTER,t,,HIGH,,https://amzn.to/4yS2Yv1,,,2026-07-31 16:01:30.438,2026-07-31 16:01:30.438
cms94r0w80087i76bxkjh3pof,Thule,Shine,cmr1etqjy000f13fej5cpcpyj,Cybex,Cloud T,cybex-cloud-t,INFANT,ADAPTER,t,,HIGH,,https://amzn.to/4yS2Yv1,,,2026-07-31 16:01:30.438,2026-07-31 16:01:30.438
cms94q13o007ji76b1brh2vk9,Thule,Shine,cmr1etqjy000f13fej5cpcpyj,Maxi-Cosi,Ambra,cmqx4qqbg000k3835k8b3mf6l,INFANT,ADAPTER,t,,HIGH,,https://amzn.to/4yS2Yv1,,,2026-07-31 16:00:44.051,2026-07-31 16:00:44.051
cms94q13p007li76bzqtqsc3c,Thule,Shine,cmr1etqjy000f13fej5cpcpyj,Maxi-Cosi,Mico Luxe,maxi-cosi-mico-luxe,INFANT,ADAPTER,t,,HIGH,,https://amzn.to/4yS2Yv1,,,2026-07-31 16:00:44.051,2026-07-31 16:00:44.051
cms94q171007zi76b01u709ct,Thule,Shine,cmr1etqjy000f13fej5cpcpyj,Maxi-Cosi,Mico Pro,maxi-cosi-mico-pro,INFANT,ADAPTER,t,,HIGH,,https://amzn.to/4yS2Yv1,,,2026-07-31 16:00:44.052,2026-07-31 16:00:44.052
cms94q13q007pi76bnv9dk212,Thule,Shine,cmr1etqjy000f13fej5cpcpyj,Maxi-Cosi,Mico XP,cmry6pa5o001ovblfjcngmv5n,INFANT,ADAPTER,t,,HIGH,,https://amzn.to/4yS2Yv1,,,2026-07-31 16:00:44.051,2026-07-31 16:00:44.051
cms94q13r007ri76bnzjowwiu,Thule,Shine,cmr1etqjy000f13fej5cpcpyj,Maxi-Cosi,Peri 180,maxi-cosi-peri,INFANT,ADAPTER,t,,HIGH,,https://amzn.to/4yS2Yv1,,,2026-07-31 16:00:44.051,2026-07-31 16:00:44.051
cmr1eu3el0009ab5gae25ss1h,Thule,Shine,cmr1etqjy000f13fej5cpcpyj,Nuna,PIPA Aire,nuna-pipa-lite-rx,INFANT,ADAPTER,t,,HIGH,,https://amzn.to/4yS2Yv1,,,2026-07-01 01:41:58.078,2026-07-31 16:00:44.052
cmr1eu3ka000bab5gq51keve8,Thule,Shine,cmr1etqjy000f13fej5cpcpyj,Nuna,PIPA Aire rx,nuna-pipa-aire-rx,INFANT,ADAPTER,t,,HIGH,,https://amzn.to/4yS2Yv1,,,2026-07-01 01:41:58.282,2026-07-31 16:00:44.052
cmr1eu3py000dab5guf7fmm9d,Thule,Shine,cmr1etqjy000f13fej5cpcpyj,Nuna,PIPA RX,nuna-pipa-rx,INFANT,ADAPTER,t,,HIGH,,https://amzn.to/4yS2Yv1,,,2026-07-01 01:41:58.486,2026-07-31 16:00:44.052
cmr1eu3vj000fab5gfnv7cuwv,Thule,Shine,cmr1etqjy000f13fej5cpcpyj,Nuna,PIPA urbn,nuna-pipa-urbn,INFANT,ADAPTER,t,,HIGH,,https://amzn.to/4yS2Yv1,,,2026-07-01 01:41:58.687,2026-07-31 16:00:44.052
cmqx4rflr004z70o00jbzswc0,Thule,Sleek,thule-sleek,Maxi-Cosi,Ambra,cmqx4qqbg000k3835k8b3mf6l,INFANT,ADAPTER,t,THULE Sleek Car Seat Adapter for Maxi Cosi,MEDIUM,"Inferred from the catalog adapter ""THULE Sleek Car Seat Adapter for Maxi Cosi"".",https://www.awin1.com/cread.php?awinmid=75150&awinaffid=2588613&ued=https%3A%2F%2Fwww.anbbaby.com%2Fproducts%2Fthule-sleek-car-seat-adapter-for-maxi-cosi%3Fvariant%3D32247036510294,64.95,,2026-06-28 01:48:53.055,2026-06-28 01:48:53.055
thule-sleek__maxi-cosi-mico-luxe,Thule,Sleek,thule-sleek,Maxi-Cosi,Mico Luxe,maxi-cosi-mico-luxe,INFANT,ADAPTER,t,Thule Sleek car seat adapter (Maxi-Cosi / Nuna / CYBEX),MEDIUM,Maxi-Cosi Mico Luxe fits the Thule Sleek via a Thule Maxi-Cosi adapter. Confirm the correct adapter SKU for your stroller model before purchase.,https://www.amazon.com/dp/B07FRRM8VD?tag=taylormadebab-20,,,2026-06-13 20:48:32.697,2026-07-27 01:05:39.636
thule-sleek__maxi-cosi-mico-pro,Thule,Sleek,thule-sleek,Maxi-Cosi,Mico Pro,maxi-cosi-mico-pro,INFANT,ADAPTER,t,Thule Sleek car seat adapter (Maxi-Cosi / Nuna / CYBEX),MEDIUM,Maxi-Cosi Mico Pro fits the Thule Sleek via a Thule Maxi-Cosi adapter. Confirm the correct adapter SKU for your stroller model before purchase.,https://www.amazon.com/dp/B07FRRM8VD?tag=taylormadebab-20,,,2026-06-13 20:48:32.741,2026-07-27 01:05:39.918
thule-sleek__maxi-cosi-peri,Thule,Sleek,thule-sleek,Maxi-Cosi,Peri 180,maxi-cosi-peri,INFANT,ADAPTER,t,Thule Sleek car seat adapter (Maxi-Cosi / Nuna / CYBEX),MEDIUM,Maxi-Cosi Peri 180 fits the Thule Sleek via a Thule Maxi-Cosi adapter. Confirm the correct adapter SKU for your stroller model before purchase.,https://www.amazon.com/dp/B07FRRM8VD?tag=taylormadebab-20,,,2026-06-13 20:48:32.697,2026-07-27 01:05:39.821
thule-sleek__nuna-pipa-lite-rx,Thule,Sleek,thule-sleek,Nuna,PIPA Aire,nuna-pipa-lite-rx,INFANT,ADAPTER,t,Thule Sleek car seat adapter (Maxi-Cosi / Nuna / CYBEX),HIGH,Nuna PIPA Aire fits the Thule Sleek via a Thule Nuna adapter. Confirm the correct adapter SKU for your stroller model before purchase.,https://www.amazon.com/dp/B07FRRM8VD?tag=taylormadebab-20,,,2026-06-15 20:33:14.735,2026-07-27 01:05:39.453
thule-sleek__nuna-pipa-aire-rx,Thule,Sleek,thule-sleek,Nuna,PIPA Aire rx,nuna-pipa-aire-rx,INFANT,ADAPTER,t,Thule Sleek car seat adapter (Maxi-Cosi / Nuna / CYBEX),MEDIUM,Nuna PIPA Aire rx fits the Thule Sleek via a Thule Nuna adapter. Confirm the correct adapter SKU for your stroller model before purchase.,https://www.amazon.com/dp/B07FRRM8VD?tag=taylormadebab-20,,,2026-06-13 20:48:32.741,2026-07-27 01:05:39.547
thule-sleek__nuna-pipa-rx,Thule,Sleek,thule-sleek,Nuna,PIPA RX,nuna-pipa-rx,INFANT,ADAPTER,t,Thule Sleek car seat adapter (Maxi-Cosi / Nuna / CYBEX),MEDIUM,Nuna PIPA RX fits the Thule Sleek via a Thule Nuna adapter. Confirm the correct adapter SKU for your stroller model before purchase.,https://www.amazon.com/dp/B07FRRM8VD?tag=taylormadebab-20,,,2026-06-13 20:48:32.697,2026-07-27 01:05:39.174
thule-sleek__nuna-pipa-urbn,Thule,Sleek,thule-sleek,Nuna,PIPA urbn,nuna-pipa-urbn,INFANT,ADAPTER,t,Thule Sleek car seat adapter (Maxi-Cosi / Nuna / CYBEX),MEDIUM,Nuna PIPA urbn fits the Thule Sleek via a Thule Nuna adapter. Confirm the correct adapter SKU for your stroller model before purchase.,https://www.amazon.com/dp/B07FRRM8VD?tag=taylormadebab-20,,,2026-06-13 20:48:32.697,2026-07-27 01:05:39.36
thule-sleek__uppababy-aria,Thule,Sleek,thule-sleek,UPPAbaby,Aria,uppababy-aria,INFANT,ADAPTER,t,Thule adapter for UPPAbaby infant seats,MEDIUM,UPPAbaby Aria is compatible with Thule Sleek via the Thule infant car seat adapter.,,,,2026-06-13 20:48:32.697,2026-06-13 20:48:32.697
thule-sleek__uppababy-aria-v2,Thule,Sleek,thule-sleek,UPPAbaby,Aria V2,uppababy-aria-v2,INFANT,ADAPTER,t,Thule adapter for UPPAbaby infant seats,MEDIUM,UPPAbaby Aria V2 is compatible with Thule Sleek via the Thule infant car seat adapter.,,,,2026-06-13 20:48:32.697,2026-06-13 20:48:32.697
thule-sleek__uppababy-mesa-v3,Thule,Sleek,thule-sleek,UPPAbaby,Mesa V3,uppababy-mesa-v3,INFANT,ADAPTER,t,Thule adapter for UPPAbaby infant seats,MEDIUM,UPPAbaby Mesa V3 is compatible with Thule Sleek via the Thule infant car seat adapter.,,,,2026-06-13 20:48:32.697,2026-06-13 20:48:32.697
cms9521j6009pi76bi1y5b7cv,Thule,Spring 2,cmqpqr2bw002f7qll0aapcmwl,Chicco,KeyFit 30,chicco-keyfit-30,INFANT,ADAPTER,t,,HIGH,,https://amzn.to/4fSAf0K,,,2026-07-31 16:10:04.483,2026-07-31 16:10:04.483
cms9521j6009ri76b01klzb9h,Thule,Spring 2,cmqpqr2bw002f7qll0aapcmwl,Chicco,KeyFit 30 ClearTex,cmqx4qp6y00033835pgtlizxk,INFANT,ADAPTER,t,,HIGH,,https://amzn.to/4fSAf0K,,,2026-07-31 16:10:04.483,2026-07-31 16:10:04.483
cms9521j6009qi76bvldd1pk5,Thule,Spring 2,cmqpqr2bw002f7qll0aapcmwl,Chicco,KeyFit Max ClearTex,cmqx4qp9s00043835h85g6sl0,INFANT,ADAPTER,t,,HIGH,,https://amzn.to/4fSAf0K,,,2026-07-31 16:10:04.483,2026-07-31 16:10:04.483
cms9521j6009ni76b9qcqj16f,Thule,Spring 2,cmqpqr2bw002f7qll0aapcmwl,Chicco,KeyFit Max Zip ClearLux,cmqx4qpc50005383512d994gn,INFANT,ADAPTER,t,,HIGH,,https://amzn.to/4fSAf0K,,,2026-07-31 16:10:04.483,2026-07-31 16:10:04.483
cms9521j9009ti76b3akum117,Thule,Spring 2,cmqpqr2bw002f7qll0aapcmwl,Chicco,KeyFit Max Zip ClearTex,cmqx4qpeg00063835eten1p5s,INFANT,ADAPTER,t,,HIGH,,https://amzn.to/4fSAf0K,,,2026-07-31 16:10:04.483,2026-07-31 16:10:04.483
cms950c77009ei76bvb8nnisu,Thule,Spring 2,cmqpqr2bw002f7qll0aapcmwl,Clek,Liing,clek-liing,INFANT,ADAPTER,t,,HIGH,,https://amzn.to/4pPK83v,,,2026-07-31 16:08:44.995,2026-07-31 16:08:44.995
cms950c77009hi76bwx6h0oyo,Thule,Spring 2,cmqpqr2bw002f7qll0aapcmwl,Clek,Liingo,clek-liingo,INFANT,ADAPTER,t,,HIGH,,https://amzn.to/4pPK83v,,,2026-07-31 16:08:44.995,2026-07-31 16:08:44.995
cms950c77009fi76bxkjwt0ef,Thule,Spring 2,cmqpqr2bw002f7qll0aapcmwl,Cybex,Aton G2,cmqx4qpgs00073835wm1de2we,INFANT,ADAPTER,t,,HIGH,,https://amzn.to/4pPK83v,,,2026-07-31 16:08:44.995,2026-07-31 16:08:44.995
cms950c7o009ji76bqwh09ouz,Thule,Spring 2,cmqpqr2bw002f7qll0aapcmwl,Cybex,Aton G2 Swivel,cmrdwvbsy000u7tmavhnk64ww,INFANT,ADAPTER,t,,HIGH,,https://amzn.to/4pPK83v,,,2026-07-31 16:08:44.995,2026-07-31 16:08:44.995
cms950c77009gi76bjy5myo6e,Thule,Spring 2,cmqpqr2bw002f7qll0aapcmwl,Cybex,Cloud G Pro Comfort Extend,cmqx4qpj400083835htva49ii,INFANT,ADAPTER,t,,HIGH,,https://amzn.to/4pPK83v,,,2026-07-31 16:08:44.995,2026-07-31 16:08:44.995
cms950c77009di76bjdt8cdky,Thule,Spring 2,cmqpqr2bw002f7qll0aapcmwl,Cybex,Cloud T,cybex-cloud-t,INFANT,ADAPTER,t,,HIGH,,https://amzn.to/4pPK83v,,,2026-07-31 16:08:44.995,2026-07-31 16:08:44.995
cms94zasx008vi76b5tkwlqal,Thule,Spring 2,cmqpqr2bw002f7qll0aapcmwl,Maxi-Cosi,Ambra,cmqx4qqbg000k3835k8b3mf6l,INFANT,ADAPTER,t,,HIGH,,https://amzn.to/4pPK83v,,,2026-07-31 16:07:56.528,2026-07-31 16:07:56.528
cms94zat5008xi76bby1a97bs,Thule,Spring 2,cmqpqr2bw002f7qll0aapcmwl,Maxi-Cosi,Mico Luxe,maxi-cosi-mico-luxe,INFANT,ADAPTER,t,,HIGH,,https://amzn.to/4pPK83v,,,2026-07-31 16:07:56.528,2026-07-31 16:07:56.528
cms94zatc0093i76b2binf5tk,Thule,Spring 2,cmqpqr2bw002f7qll0aapcmwl,Maxi-Cosi,Mico Pro,maxi-cosi-mico-pro,INFANT,ADAPTER,t,,HIGH,,https://amzn.to/4pPK83v,,,2026-07-31 16:07:56.528,2026-07-31 16:07:56.528
cms94zatt0097i76b8aeya0ll,Thule,Spring 2,cmqpqr2bw002f7qll0aapcmwl,Maxi-Cosi,Mico XP,cmry6pa5o001ovblfjcngmv5n,INFANT,ADAPTER,t,,HIGH,,https://amzn.to/4pPK83v,,,2026-07-31 16:07:56.528,2026-07-31 16:07:56.528
cms94zasw008ri76b3qyoaoa7,Thule,Spring 2,cmqpqr2bw002f7qll0aapcmwl,Maxi-Cosi,Peri 180,maxi-cosi-peri,INFANT,ADAPTER,t,,HIGH,,https://amzn.to/4pPK83v,,,2026-07-31 16:07:56.528,2026-07-31 16:07:56.528
cmr0r9piu0001rvv04yn52arl,Thule,Spring 2,cmqpqr2bw002f7qll0aapcmwl,Nuna,PIPA Aire,nuna-pipa-lite-rx,INFANT,ADAPTER,t,,HIGH,,https://amzn.to/4pPK83v,,,2026-06-30 14:42:15.797,2026-07-31 16:07:56.528
cmr0r9ppo0003rvv0zmn6u2es,Thule,Spring 2,cmqpqr2bw002f7qll0aapcmwl,Nuna,PIPA Aire rx,nuna-pipa-aire-rx,INFANT,ADAPTER,t,,HIGH,,https://amzn.to/4pPK83v,,,2026-06-30 14:42:16.045,2026-07-31 16:07:56.528
cmr0r9pu60005rvv0mup0ybb5,Thule,Spring 2,cmqpqr2bw002f7qll0aapcmwl,Nuna,PIPA RX,nuna-pipa-rx,INFANT,ADAPTER,t,,HIGH,,https://amzn.to/4pPK83v,,,2026-06-30 14:42:16.206,2026-07-31 16:07:56.528
cmr0r9q1j0007rvv0h8a5flc5,Thule,Spring 2,cmqpqr2bw002f7qll0aapcmwl,Nuna,PIPA urbn,nuna-pipa-urbn,INFANT,ADAPTER,t,,HIGH,,https://amzn.to/4pPK83v,,,2026-06-30 14:42:16.471,2026-07-31 16:07:56.528
thule-urban-glide-2__maxi-cosi-mico-luxe,Thule,Urban Glide 2,thule-urban-glide-2,Maxi-Cosi,Mico Luxe,maxi-cosi-mico-luxe,INFANT,ADAPTER,t,Thule car seat adapter for Maxi-Cosi,MEDIUM,Maxi-Cosi Mico Luxe fits the Thule Urban Glide 2 via a Thule Maxi-Cosi adapter. Confirm the correct adapter SKU for your stroller model before purchase.,,,,2026-06-13 20:48:32.697,2026-06-15 20:33:14.735
thule-urban-glide-2__maxi-cosi-mico-pro,Thule,Urban Glide 2,thule-urban-glide-2,Maxi-Cosi,Mico Pro,maxi-cosi-mico-pro,INFANT,ADAPTER,t,Thule car seat adapter for Maxi-Cosi,MEDIUM,Maxi-Cosi Mico Pro fits the Thule Urban Glide 2 via a Thule Maxi-Cosi adapter. Confirm the correct adapter SKU for your stroller model before purchase.,,,,2026-06-13 20:48:32.741,2026-06-15 20:33:14.735
thule-urban-glide-2__maxi-cosi-peri,Thule,Urban Glide 2,thule-urban-glide-2,Maxi-Cosi,Peri 180,maxi-cosi-peri,INFANT,ADAPTER,t,Thule car seat adapter for Maxi-Cosi,MEDIUM,Maxi-Cosi Peri 180 fits the Thule Urban Glide 2 via a Thule Maxi-Cosi adapter. Confirm the correct adapter SKU for your stroller model before purchase.,,,,2026-06-13 20:48:32.697,2026-06-15 20:33:14.735
thule-urban-glide-2__nuna-pipa-lite-rx,Thule,Urban Glide 2,thule-urban-glide-2,Nuna,PIPA Aire,nuna-pipa-lite-rx,INFANT,ADAPTER,t,Thule car seat adapter for Nuna,HIGH,Nuna PIPA Aire fits the Thule Urban Glide 2 via a Thule Nuna adapter. Confirm the correct adapter SKU for your stroller model before purchase.,,,,2026-06-15 20:33:14.735,2026-06-15 20:33:14.735
thule-urban-glide-2__nuna-pipa-aire-rx,Thule,Urban Glide 2,thule-urban-glide-2,Nuna,PIPA Aire rx,nuna-pipa-aire-rx,INFANT,ADAPTER,t,Thule car seat adapter for Nuna,MEDIUM,Nuna PIPA Aire rx fits the Thule Urban Glide 2 via a Thule Nuna adapter. Confirm the correct adapter SKU for your stroller model before purchase.,,,,2026-06-13 20:48:32.741,2026-06-15 20:33:14.735
thule-urban-glide-2__nuna-pipa-rx,Thule,Urban Glide 2,thule-urban-glide-2,Nuna,PIPA RX,nuna-pipa-rx,INFANT,ADAPTER,t,Thule car seat adapter for Nuna,MEDIUM,Nuna PIPA RX fits the Thule Urban Glide 2 via a Thule Nuna adapter. Confirm the correct adapter SKU for your stroller model before purchase.,,,,2026-06-13 20:48:32.697,2026-06-15 20:33:14.735
thule-urban-glide-2__nuna-pipa-urbn,Thule,Urban Glide 2,thule-urban-glide-2,Nuna,PIPA urbn,nuna-pipa-urbn,INFANT,ADAPTER,t,Thule car seat adapter for Nuna,MEDIUM,Nuna PIPA urbn fits the Thule Urban Glide 2 via a Thule Nuna adapter. Confirm the correct adapter SKU for your stroller model before purchase.,,,,2026-06-13 20:48:32.697,2026-06-15 20:33:14.735
thule-urban-glide-2__uppababy-aria,Thule,Urban Glide 2,thule-urban-glide-2,UPPAbaby,Aria,uppababy-aria,INFANT,ADAPTER,t,Thule adapter for UPPAbaby infant seats,MEDIUM,UPPAbaby Aria is compatible with Thule Urban Glide 2 via the Thule infant car seat adapter.,,,,2026-06-13 20:48:32.697,2026-06-13 20:48:32.697
thule-urban-glide-2__uppababy-aria-v2,Thule,Urban Glide 2,thule-urban-glide-2,UPPAbaby,Aria V2,uppababy-aria-v2,INFANT,ADAPTER,t,Thule car seat adapter for UPPAbaby,MEDIUM,UPPAbaby Aria V2 fits the Thule Urban Glide 2 via a Thule UPPAbaby adapter. Confirm the correct adapter SKU before purchase.,,,,2026-06-13 20:48:32.697,2026-06-15 20:33:14.735
thule-urban-glide-2__uppababy-mesa-v3,Thule,Urban Glide 2,thule-urban-glide-2,UPPAbaby,Mesa V3,uppababy-mesa-v3,INFANT,ADAPTER,t,Thule car seat adapter for UPPAbaby,MEDIUM,UPPAbaby Mesa V3 fits the Thule Urban Glide 2 via a Thule UPPAbaby adapter. Confirm the correct adapter SKU before purchase.,,,,2026-06-13 20:48:32.697,2026-06-15 20:33:14.735
thule-urban-glide-2-double__maxi-cosi-mico-luxe,Thule,Urban Glide 2 Double,thule-urban-glide-2-double,Maxi-Cosi,Mico Luxe,maxi-cosi-mico-luxe,INFANT,ADAPTER,t,Thule adapter for Maxi-Cosi infant seats,MEDIUM,"Maxi-Cosi Mico Luxe lives in one of the most universal travel-system lanes, but it is still an adapter story on this stroller.",,,,2026-06-13 20:48:32.697,2026-06-13 20:48:32.697
thule-urban-glide-2-double__maxi-cosi-mico-pro,Thule,Urban Glide 2 Double,thule-urban-glide-2-double,Maxi-Cosi,Mico Pro,maxi-cosi-mico-pro,INFANT,ADAPTER,t,Thule adapter for Maxi-Cosi infant seats,MEDIUM,Compatible via same Maxi-Cosi click connector as Mico Luxe.,,,,2026-06-13 20:48:32.741,2026-06-13 20:48:32.741
thule-urban-glide-2-double__maxi-cosi-peri,Thule,Urban Glide 2 Double,thule-urban-glide-2-double,Maxi-Cosi,Peri 180,maxi-cosi-peri,INFANT,ADAPTER,t,Thule adapter for Maxi-Cosi infant seats,MEDIUM,"Maxi-Cosi Peri 180 lives in one of the most universal travel-system lanes, but it is still an adapter story on this stroller.",,,,2026-06-13 20:48:32.697,2026-06-13 20:48:32.697
cmr0r9qf00009rvv0hkcbx75e,Thule,Urban Glide 2 Double,thule-urban-glide-2-double,Nuna,PIPA Aire,nuna-pipa-lite-rx,INFANT,ADAPTER,t,,MEDIUM,Thule Urban Glide / Glide / Spring / Sleek accepts Nuna / Maxi-Cosi / CYBEX / Clek infant seats via a Thule click-and-go car seat adapter (sold separately). Confirm the exact adapter for your model year before purchase.,,,,2026-06-30 14:42:16.956,2026-06-30 14:42:16.956
cmr0r9qjo000brvv0oilqtzqi,Thule,Urban Glide 2 Double,thule-urban-glide-2-double,Nuna,PIPA Aire rx,nuna-pipa-aire-rx,INFANT,ADAPTER,t,,MEDIUM,Thule Urban Glide / Glide / Spring / Sleek accepts Nuna / Maxi-Cosi / CYBEX / Clek infant seats via a Thule click-and-go car seat adapter (sold separately). Confirm the exact adapter for your model year before purchase.,,,,2026-06-30 14:42:17.124,2026-06-30 14:42:17.124
cmr0r9qoa000drvv0z01yyjfa,Thule,Urban Glide 2 Double,thule-urban-glide-2-double,Nuna,PIPA RX,nuna-pipa-rx,INFANT,ADAPTER,t,,MEDIUM,Thule Urban Glide / Glide / Spring / Sleek accepts Nuna / Maxi-Cosi / CYBEX / Clek infant seats via a Thule click-and-go car seat adapter (sold separately). Confirm the exact adapter for your model year before purchase.,,,,2026-06-30 14:42:17.29,2026-06-30 14:42:17.29
cmr0r9qsv000frvv0xxl4josn,Thule,Urban Glide 2 Double,thule-urban-glide-2-double,Nuna,PIPA urbn,nuna-pipa-urbn,INFANT,ADAPTER,t,,MEDIUM,Thule Urban Glide / Glide / Spring / Sleek accepts Nuna / Maxi-Cosi / CYBEX / Clek infant seats via a Thule click-and-go car seat adapter (sold separately). Confirm the exact adapter for your model year before purchase.,,,,2026-06-30 14:42:17.455,2026-06-30 14:42:17.455
thule-urban-glide-2-double__uppababy-aria,Thule,Urban Glide 2 Double,thule-urban-glide-2-double,UPPAbaby,Aria,uppababy-aria,INFANT,ADAPTER,t,Thule adapter for UPPAbaby infant seats,MEDIUM,UPPAbaby Aria is compatible with Thule Urban Glide 2 Double via the Thule infant car seat adapter.,,,,2026-06-13 20:48:32.697,2026-06-13 20:48:32.697
thule-urban-glide-2-double__uppababy-aria-v2,Thule,Urban Glide 2 Double,thule-urban-glide-2-double,UPPAbaby,Aria V2,uppababy-aria-v2,INFANT,ADAPTER,t,Thule adapter for UPPAbaby infant seats,MEDIUM,UPPAbaby Aria V2 is compatible with Thule Urban Glide 2 Double via the Thule infant car seat adapter.,,,,2026-06-13 20:48:32.697,2026-06-13 20:48:32.697
thule-urban-glide-2-double__uppababy-mesa-v3,Thule,Urban Glide 2 Double,thule-urban-glide-2-double,UPPAbaby,Mesa V3,uppababy-mesa-v3,INFANT,ADAPTER,t,Thule adapter for UPPAbaby infant seats,MEDIUM,UPPAbaby Mesa V3 is compatible with Thule Urban Glide 2 Double via the Thule infant car seat adapter.,,,,2026-06-13 20:48:32.697,2026-06-13 20:48:32.697
cms99ygfi00a7i76byiszado7,Thule,Urban Glide 3,cmqpqr2gf002h7qlla8ckbqvv,Clek,Liing,clek-liing,INFANT,ADAPTER,t,,HIGH,,https://amzn.to/4x8zl76,,,2026-07-31 18:27:15.246,2026-07-31 18:27:15.246
cms99ygfi00a9i76b5xe52n11,Thule,Urban Glide 3,cmqpqr2gf002h7qlla8ckbqvv,Clek,Liingo,clek-liingo,INFANT,ADAPTER,t,,HIGH,,https://amzn.to/4x8zl76,,,2026-07-31 18:27:15.246,2026-07-31 18:27:15.246
cms99ygfi00a8i76b19a9y4v0,Thule,Urban Glide 3,cmqpqr2gf002h7qlla8ckbqvv,Cybex,Aton G2,cmqx4qpgs00073835wm1de2we,INFANT,ADAPTER,t,,HIGH,,https://amzn.to/4x8zl76,,,2026-07-31 18:27:15.246,2026-07-31 18:27:15.246
cms99ygfi00a6i76bbko5nz1b,Thule,Urban Glide 3,cmqpqr2gf002h7qlla8ckbqvv,Cybex,Aton G2 Swivel,cmrdwvbsy000u7tmavhnk64ww,INFANT,ADAPTER,t,,HIGH,,https://amzn.to/4x8zl76,,,2026-07-31 18:27:15.246,2026-07-31 18:27:15.246
cms99ygg000adi76bp72bksyv,Thule,Urban Glide 3,cmqpqr2gf002h7qlla8ckbqvv,Cybex,Cloud G Pro Comfort Extend,cmqx4qpj400083835htva49ii,INFANT,ADAPTER,t,,HIGH,,https://amzn.to/4x8zl76,,,2026-07-31 18:27:15.246,2026-07-31 18:27:15.246
cms99ygfj00abi76bkj8k933j,Thule,Urban Glide 3,cmqpqr2gf002h7qlla8ckbqvv,Cybex,Cloud T,cybex-cloud-t,INFANT,ADAPTER,t,,HIGH,,https://amzn.to/4x8zl76,,,2026-07-31 18:27:15.246,2026-07-31 18:27:15.246
cmqx8i4b4002tbcx560j94bjp,Thule,Urban Glide 3,cmqpqr2gf002h7qlla8ckbqvv,Maxi-Cosi,Ambra,cmqx4qqbg000k3835k8b3mf6l,INFANT,ADAPTER,t,,HIGH,,https://amzn.to/4x8zl76,,,2026-06-28 03:33:36.977,2026-07-31 18:27:48.725
cmqx8i41l002lbcx534ad5uuc,Thule,Urban Glide 3,cmqpqr2gf002h7qlla8ckbqvv,Maxi-Cosi,Mico Luxe,maxi-cosi-mico-luxe,INFANT,ADAPTER,t,,HIGH,,https://amzn.to/4x8zl76,,,2026-06-28 03:33:36.633,2026-07-31 18:27:48.725
cmqx8i43z002nbcx5tuz077m9,Thule,Urban Glide 3,cmqpqr2gf002h7qlla8ckbqvv,Maxi-Cosi,Mico Pro,maxi-cosi-mico-pro,INFANT,ADAPTER,t,,HIGH,,https://amzn.to/4x8zl76,,,2026-06-28 03:33:36.719,2026-07-31 18:27:48.725
cms99z69h00aji76b171gsx82,Thule,Urban Glide 3,cmqpqr2gf002h7qlla8ckbqvv,Maxi-Cosi,Mico XP,cmry6pa5o001ovblfjcngmv5n,INFANT,ADAPTER,t,,HIGH,,https://amzn.to/4x8zl76,,,2026-07-31 18:27:48.725,2026-07-31 18:27:48.725
cmqx8i48u002rbcx5zjaxiqgn,Thule,Urban Glide 3,cmqpqr2gf002h7qlla8ckbqvv,Maxi-Cosi,Peri 180,maxi-cosi-peri,INFANT,ADAPTER,t,,HIGH,,https://amzn.to/4x8zl76,,,2026-06-28 03:33:36.895,2026-07-31 18:27:48.725
cmr0r9qxl000hrvv0z0cpw1zm,Thule,Urban Glide 3,cmqpqr2gf002h7qlla8ckbqvv,Nuna,PIPA Aire,nuna-pipa-lite-rx,INFANT,ADAPTER,t,,HIGH,,https://amzn.to/4x8zl76,,,2026-06-30 14:42:17.625,2026-07-31 18:27:48.725
cmr0r9r22000jrvv0062a4dgh,Thule,Urban Glide 3,cmqpqr2gf002h7qlla8ckbqvv,Nuna,PIPA Aire rx,nuna-pipa-aire-rx,INFANT,ADAPTER,t,,HIGH,,https://amzn.to/4x8zl76,,,2026-06-30 14:42:17.787,2026-07-31 18:27:48.725
cmr0r9r6h000lrvv0omtgeula,Thule,Urban Glide 3,cmqpqr2gf002h7qlla8ckbqvv,Nuna,PIPA RX,nuna-pipa-rx,INFANT,ADAPTER,t,,HIGH,,https://amzn.to/4x8zl76,,,2026-06-30 14:42:17.945,2026-07-31 18:27:48.725
cmr0r9rb5000nrvv0mumjgooy,Thule,Urban Glide 3,cmqpqr2gf002h7qlla8ckbqvv,Nuna,PIPA urbn,nuna-pipa-urbn,INFANT,ADAPTER,t,,HIGH,,https://amzn.to/4x8zl76,,,2026-06-30 14:42:18.113,2026-07-31 18:27:48.725
cms94m2fz006oi76b5xjulny5,Thule,Urban Glide 3 Double,cmqpqr2e6002g7qllsjri49z6,Clek,Liing,clek-liing,INFANT,ADAPTER,t,,HIGH,,https://amzn.to/4wzviRi,,,2026-07-31 15:57:39.16,2026-07-31 18:29:24.739
cms94m2fv006mi76bzd71bomd,Thule,Urban Glide 3 Double,cmqpqr2e6002g7qllsjri49z6,Clek,Liingo,clek-liingo,INFANT,ADAPTER,t,,HIGH,,https://amzn.to/4wzviRi,,,2026-07-31 15:57:39.16,2026-07-31 18:29:24.739
cms94m2g0006si76b1t0ucwpp,Thule,Urban Glide 3 Double,cmqpqr2e6002g7qllsjri49z6,Cybex,Aton G2,cmqx4qpgs00073835wm1de2we,INFANT,ADAPTER,t,,HIGH,,https://amzn.to/4wzviRi,,,2026-07-31 15:57:39.16,2026-07-31 18:29:24.74
cms94m2gi006ui76bmi2no5ih,Thule,Urban Glide 3 Double,cmqpqr2e6002g7qllsjri49z6,Cybex,Aton G2 Swivel,cmrdwvbsy000u7tmavhnk64ww,INFANT,ADAPTER,t,,HIGH,,https://amzn.to/4wzviRi,,,2026-07-31 15:57:39.16,2026-07-31 18:29:24.739
cms94m2g0006ri76bkv5bmw8d,Thule,Urban Glide 3 Double,cmqpqr2e6002g7qllsjri49z6,Cybex,Cloud G Pro Comfort Extend,cmqx4qpj400083835htva49ii,INFANT,ADAPTER,t,,HIGH,,https://amzn.to/4wzviRi,,,2026-07-31 15:57:39.16,2026-07-31 18:29:24.74
cms94m2gr006wi76bq2eyyj7r,Thule,Urban Glide 3 Double,cmqpqr2e6002g7qllsjri49z6,Cybex,Cloud T,cybex-cloud-t,INFANT,ADAPTER,t,,HIGH,,https://amzn.to/4wzviRi,,,2026-07-31 15:57:39.16,2026-07-31 18:29:24.74
cmqx8i3fx0025bcx55y15gw7o,Thule,Urban Glide 3 Double,cmqpqr2e6002g7qllsjri49z6,Maxi-Cosi,Ambra,cmqx4qqbg000k3835k8b3mf6l,INFANT,ADAPTER,t,,HIGH,,https://amzn.to/4wzviRi,,,2026-06-28 03:33:35.854,2026-07-31 18:28:47.58
cmqx8i360001xbcx52ba7sa06,Thule,Urban Glide 3 Double,cmqpqr2e6002g7qllsjri49z6,Maxi-Cosi,Mico Luxe,maxi-cosi-mico-luxe,INFANT,ADAPTER,t,,HIGH,,https://amzn.to/4wzviRi,,,2026-06-28 03:33:35.496,2026-07-31 18:28:47.58
cmqx8i38h001zbcx5hqmhgcv6,Thule,Urban Glide 3 Double,cmqpqr2e6002g7qllsjri49z6,Maxi-Cosi,Mico Pro,maxi-cosi-mico-pro,INFANT,ADAPTER,t,,HIGH,,https://amzn.to/4wzviRi,,,2026-06-28 03:33:35.585,2026-07-31 18:28:47.58
cms94nskg0076i76bfyoihqfh,Thule,Urban Glide 3 Double,cmqpqr2e6002g7qllsjri49z6,Maxi-Cosi,Mico XP,cmry6pa5o001ovblfjcngmv5n,INFANT,ADAPTER,t,,HIGH,,https://amzn.to/4wzviRi,,,2026-07-31 15:58:59.677,2026-07-31 18:28:47.58
cmqx8i3dl0023bcx5b5wpi1zw,Thule,Urban Glide 3 Double,cmqpqr2e6002g7qllsjri49z6,Maxi-Cosi,Peri 180,maxi-cosi-peri,INFANT,ADAPTER,t,,HIGH,,https://amzn.to/4wzviRi,,,2026-06-28 03:33:35.769,2026-07-31 18:28:47.58
cmr0r9rfv000prvv0nmwhyqan,Thule,Urban Glide 3 Double,cmqpqr2e6002g7qllsjri49z6,Nuna,PIPA Aire,nuna-pipa-lite-rx,INFANT,ADAPTER,t,,HIGH,,https://amzn.to/4wzviRi,,,2026-06-30 14:42:18.283,2026-07-31 18:28:47.58
cmr0r9rki000rrvv0pc4ob41h,Thule,Urban Glide 3 Double,cmqpqr2e6002g7qllsjri49z6,Nuna,PIPA Aire rx,nuna-pipa-aire-rx,INFANT,ADAPTER,t,,HIGH,,https://amzn.to/4wzviRi,,,2026-06-30 14:42:18.451,2026-07-31 18:28:47.58
cmr0r9rq2000trvv0gtcnm4e8,Thule,Urban Glide 3 Double,cmqpqr2e6002g7qllsjri49z6,Nuna,PIPA RX,nuna-pipa-rx,INFANT,ADAPTER,t,,HIGH,,https://amzn.to/4wzviRi,,,2026-06-30 14:42:18.65,2026-07-31 18:28:47.58
cmr0r9ruu000vrvv0r5j8ef1l,Thule,Urban Glide 3 Double,cmqpqr2e6002g7qllsjri49z6,Nuna,PIPA urbn,nuna-pipa-urbn,INFANT,ADAPTER,t,,HIGH,,https://amzn.to/4wzviRi,,,2026-06-30 14:42:18.823,2026-07-31 18:28:47.58
cms94i2qc005xi76bpri7sv0k,Thule,Urban Glide 4-wheel,cmqx8m2rf000110nux9vv7skl,Chicco,KeyFit 30,chicco-keyfit-30,INFANT,ADAPTER,t,,HIGH,,https://amzn.to/4w0FXne,,,2026-07-31 15:54:32.914,2026-07-31 15:54:54.158
cms94i2qa005ri76bfeiavwyq,Thule,Urban Glide 4-wheel,cmqx8m2rf000110nux9vv7skl,Chicco,KeyFit 30 ClearTex,cmqx4qp6y00033835pgtlizxk,INFANT,ADAPTER,t,,HIGH,,https://amzn.to/4w0FXne,,,2026-07-31 15:54:32.914,2026-07-31 15:54:54.158
cms94i2qf005zi76beitch0r7,Thule,Urban Glide 4-wheel,cmqx8m2rf000110nux9vv7skl,Chicco,KeyFit Max ClearTex,cmqx4qp9s00043835h85g6sl0,INFANT,ADAPTER,t,,HIGH,,https://amzn.to/4w0FXne,,,2026-07-31 15:54:32.914,2026-07-31 15:54:54.158
cms94i2qb005vi76bwuxekt78,Thule,Urban Glide 4-wheel,cmqx8m2rf000110nux9vv7skl,Chicco,KeyFit Max Zip ClearLux,cmqx4qpc50005383512d994gn,INFANT,ADAPTER,t,,HIGH,,https://amzn.to/4w0FXne,,,2026-07-31 15:54:32.914,2026-07-31 15:54:54.158
cms94i2qa005ti76bkker9rcg,Thule,Urban Glide 4-wheel,cmqx8m2rf000110nux9vv7skl,Chicco,KeyFit Max Zip ClearTex,cmqx4qpeg00063835eten1p5s,INFANT,ADAPTER,t,,HIGH,,https://amzn.to/4w0FXne,,,2026-07-31 15:54:32.914,2026-07-31 15:54:54.158
cms6o9nn6000x13vzmrgyveys,Thule,Urban Glide 4-wheel,cmqx8m2rf000110nux9vv7skl,Clek,Liing,clek-liing,INFANT,ADAPTER,t,,HIGH,,https://amzn.to/4blLSf1,69.95,,2026-07-29 22:44:33.906,2026-07-29 22:44:33.906
cms6o9nn6000u13vz2pharzt6,Thule,Urban Glide 4-wheel,cmqx8m2rf000110nux9vv7skl,Clek,Liingo,clek-liingo,INFANT,ADAPTER,t,,HIGH,,https://amzn.to/4blLSf1,69.95,,2026-07-29 22:44:33.906,2026-07-29 22:44:33.906
cms6o9nnz001713vzwwladl04,Thule,Urban Glide 4-wheel,cmqx8m2rf000110nux9vv7skl,Cybex,Aton G2,cmqx4qpgs00073835wm1de2we,INFANT,ADAPTER,t,,HIGH,,https://amzn.to/4blLSf1,69.95,,2026-07-29 22:44:33.906,2026-07-29 22:44:33.906
cms6o9nnk000z13vz7risg1dm,Thule,Urban Glide 4-wheel,cmqx8m2rf000110nux9vv7skl,Cybex,Aton G2 Swivel,cmrdwvbsy000u7tmavhnk64ww,INFANT,ADAPTER,t,,HIGH,,https://amzn.to/4blLSf1,69.95,,2026-07-29 22:44:33.906,2026-07-29 22:44:33.906
cms6o9nnk001213vzxnnuy9a2,Thule,Urban Glide 4-wheel,cmqx8m2rf000110nux9vv7skl,Cybex,Cloud G Pro Comfort Extend,cmqx4qpj400083835htva49ii,INFANT,ADAPTER,t,,HIGH,,https://amzn.to/4blLSf1,69.95,,2026-07-29 22:44:33.906,2026-07-29 22:44:33.906
cms6o9nnn001513vz0nduyqyn,Thule,Urban Glide 4-wheel,cmqx8m2rf000110nux9vv7skl,Cybex,Cloud T,cybex-cloud-t,INFANT,ADAPTER,t,,HIGH,,https://amzn.to/4blLSf1,69.95,,2026-07-29 22:44:33.906,2026-07-29 22:44:33.906
cms6oaqod001913vzauxgh1tf,Thule,Urban Glide 4-wheel,cmqx8m2rf000110nux9vv7skl,Maxi-Cosi,Ambra,cmqx4qqbg000k3835k8b3mf6l,INFANT,ADAPTER,t,,HIGH,,https://amzn.to/4blLSf1,69.95,,2026-07-29 22:45:24.493,2026-07-29 22:45:24.493
cms6oaqoe001f13vz1tieocaw,Thule,Urban Glide 4-wheel,cmqx8m2rf000110nux9vv7skl,Maxi-Cosi,Mico Luxe,maxi-cosi-mico-luxe,INFANT,ADAPTER,t,,HIGH,,https://amzn.to/4blLSf1,69.95,,2026-07-29 22:45:24.493,2026-07-29 22:45:24.493
cms6oaqoo001v13vzcjq41rhv,Thule,Urban Glide 4-wheel,cmqx8m2rf000110nux9vv7skl,Maxi-Cosi,Mico Pro,maxi-cosi-mico-pro,INFANT,ADAPTER,t,,HIGH,,https://amzn.to/4blLSf1,69.95,,2026-07-29 22:45:24.493,2026-07-29 22:45:24.493
cms6oaqoe001h13vzrrtqau33,Thule,Urban Glide 4-wheel,cmqx8m2rf000110nux9vv7skl,Maxi-Cosi,Mico XP,cmry6pa5o001ovblfjcngmv5n,INFANT,ADAPTER,t,,HIGH,,https://amzn.to/4blLSf1,69.95,,2026-07-29 22:45:24.493,2026-07-29 22:45:24.493
cms6oaqoj001l13vzk6zxpyfs,Thule,Urban Glide 4-wheel,cmqx8m2rf000110nux9vv7skl,Maxi-Cosi,Peri 180,maxi-cosi-peri,INFANT,ADAPTER,t,,HIGH,,https://amzn.to/4blLSf1,69.95,,2026-07-29 22:45:24.493,2026-07-29 22:45:24.493
cmr0r9rze000xrvv0dah4pos7,Thule,Urban Glide 4-wheel,cmqx8m2rf000110nux9vv7skl,Nuna,PIPA Aire,nuna-pipa-lite-rx,INFANT,ADAPTER,t,,HIGH,,https://amzn.to/4blLSf1,69.95,,2026-06-30 14:42:18.986,2026-07-29 22:45:24.493
cmr0r9s3u000zrvv0fbr4z3j5,Thule,Urban Glide 4-wheel,cmqx8m2rf000110nux9vv7skl,Nuna,PIPA Aire rx,nuna-pipa-aire-rx,INFANT,ADAPTER,t,,HIGH,,https://amzn.to/4blLSf1,69.95,,2026-06-30 14:42:19.146,2026-07-29 22:45:24.493
cmr0r9s8g0011rvv0igxf1qpj,Thule,Urban Glide 4-wheel,cmqx8m2rf000110nux9vv7skl,Nuna,PIPA RX,nuna-pipa-rx,INFANT,ADAPTER,t,,HIGH,,https://amzn.to/4blLSf1,69.95,,2026-06-30 14:42:19.312,2026-07-29 22:45:24.493
cmr0r9sd40013rvv020p8fk1w,Thule,Urban Glide 4-wheel,cmqx8m2rf000110nux9vv7skl,Nuna,PIPA urbn,nuna-pipa-urbn,INFANT,ADAPTER,t,,HIGH,,https://amzn.to/4blLSf1,69.95,,2026-06-30 14:42:19.481,2026-07-29 22:45:24.493
cmr0r9shr0015rvv0m5lop70r,Thule,Urban Glide 4-Wheel Single Child,cmqx8d76m001w13kpohpwn912,Nuna,PIPA Aire,nuna-pipa-lite-rx,INFANT,ADAPTER,t,Thule Urban Glide 3 car seat adapter (Maxi-Cosi / Nuna / CYBEX),MEDIUM,Thule Urban Glide / Glide / Spring / Sleek accepts Nuna / Maxi-Cosi / CYBEX / Clek infant seats via a Thule click-and-go car seat adapter (sold separately). Confirm the exact adapter for your model year before purchase.,https://www.amazon.com/dp/B0D2P1NNJN?tag=taylormadebab-20,,,2026-06-30 14:42:19.648,2026-07-27 01:05:40.778
cmr0r9sme0017rvv0ynjzvfn8,Thule,Urban Glide 4-Wheel Single Child,cmqx8d76m001w13kpohpwn912,Nuna,PIPA Aire rx,nuna-pipa-aire-rx,INFANT,ADAPTER,t,Thule Urban Glide 3 car seat adapter (Maxi-Cosi / Nuna / CYBEX),MEDIUM,Thule Urban Glide / Glide / Spring / Sleek accepts Nuna / Maxi-Cosi / CYBEX / Clek infant seats via a Thule click-and-go car seat adapter (sold separately). Confirm the exact adapter for your model year before purchase.,https://www.amazon.com/dp/B0D2P1NNJN?tag=taylormadebab-20,,,2026-06-30 14:42:19.814,2026-07-27 01:05:40.873
cmr0r9sr10019rvv0lahj7iuv,Thule,Urban Glide 4-Wheel Single Child,cmqx8d76m001w13kpohpwn912,Nuna,PIPA RX,nuna-pipa-rx,INFANT,ADAPTER,t,Thule Urban Glide 3 car seat adapter (Maxi-Cosi / Nuna / CYBEX),MEDIUM,Thule Urban Glide / Glide / Spring / Sleek accepts Nuna / Maxi-Cosi / CYBEX / Clek infant seats via a Thule click-and-go car seat adapter (sold separately). Confirm the exact adapter for your model year before purchase.,https://www.amazon.com/dp/B0D2P1NNJN?tag=taylormadebab-20,,,2026-06-30 14:42:19.981,2026-07-27 01:05:40.975
cmr0r9sxr001brvv0ws3ppc2m,Thule,Urban Glide 4-Wheel Single Child,cmqx8d76m001w13kpohpwn912,Nuna,PIPA urbn,nuna-pipa-urbn,INFANT,ADAPTER,t,Thule Urban Glide 3 car seat adapter (Maxi-Cosi / Nuna / CYBEX),MEDIUM,Thule Urban Glide / Glide / Spring / Sleek accepts Nuna / Maxi-Cosi / CYBEX / Clek infant seats via a Thule click-and-go car seat adapter (sold separately). Confirm the exact adapter for your model year before purchase.,https://www.amazon.com/dp/B0D2P1NNJN?tag=taylormadebab-20,,,2026-06-30 14:42:20.144,2026-07-27 01:05:41.066
uppababy-cruz-v2__britax-cypress-s,UPPAbaby,Cruz V2,uppababy-cruz-v2,Britax,Cypress S,britax-cypress-s,INFANT,ADAPTER,t,UPPAbaby adapter for Britax infant seats,LOW,"Britax Cypress S leans Britax-first, but this pairing still needs an adapter plan rather than blind plug-and-play expectations.",,,,2026-03-22 17:19:43.93,2026-03-22 17:19:43.93
uppababy-cruz-v2__britax-willow-s,UPPAbaby,Cruz V2,uppababy-cruz-v2,Britax,Willow S,britax-willow-s,INFANT,ADAPTER,t,UPPAbaby adapter for Britax infant seats,LOW,"Britax Willow S leans Britax-first, but this pairing still needs an adapter plan rather than blind plug-and-play expectations.",,,,2026-03-22 17:19:43.93,2026-03-22 17:19:43.93
cmrfd4ic3004ft7811nk1vqvx,UPPAbaby,Cruz V2,uppababy-cruz-v2,Chicco,KeyFit 30,chicco-keyfit-30,INFANT,ADAPTER,t,,MEDIUM,UPPAbaby Vista / Cruz / Minu / Ridge accepts Nuna / Maxi-Cosi / CYBEX / Clek infant seats via a UPPAbaby click-and-go car seat adapter (sold separately). Confirm the exact adapter for your model year before purchase.,,,,2026-07-10 20:02:51.219,2026-07-10 20:02:51.219
cmrfd4igh004ht7819zje9iyz,UPPAbaby,Cruz V2,uppababy-cruz-v2,Chicco,KeyFit 30 ClearTex,cmqx4qp6y00033835pgtlizxk,INFANT,ADAPTER,t,,MEDIUM,UPPAbaby Vista / Cruz / Minu / Ridge accepts Nuna / Maxi-Cosi / CYBEX / Clek infant seats via a UPPAbaby click-and-go car seat adapter (sold separately). Confirm the exact adapter for your model year before purchase.,,,,2026-07-10 20:02:51.378,2026-07-10 20:02:51.378
cmrfd4ipf004lt78178ylfwiz,UPPAbaby,Cruz V2,uppababy-cruz-v2,Chicco,KeyFit Max ClearTex,cmqx4qp9s00043835h85g6sl0,INFANT,ADAPTER,t,,MEDIUM,UPPAbaby Vista / Cruz / Minu / Ridge accepts Nuna / Maxi-Cosi / CYBEX / Clek infant seats via a UPPAbaby click-and-go car seat adapter (sold separately). Confirm the exact adapter for your model year before purchase.,,,,2026-07-10 20:02:51.7,2026-07-10 20:02:51.7
cmrfd4itw004nt781iwlnlffr,UPPAbaby,Cruz V2,uppababy-cruz-v2,Chicco,KeyFit Max Zip ClearLux,cmqx4qpc50005383512d994gn,INFANT,ADAPTER,t,,MEDIUM,UPPAbaby Vista / Cruz / Minu / Ridge accepts Nuna / Maxi-Cosi / CYBEX / Clek infant seats via a UPPAbaby click-and-go car seat adapter (sold separately). Confirm the exact adapter for your model year before purchase.,,,,2026-07-10 20:02:51.861,2026-07-10 20:02:51.861
cmrfd4iyc004pt781wumbtd71,UPPAbaby,Cruz V2,uppababy-cruz-v2,Chicco,KeyFit Max Zip ClearTex,cmqx4qpeg00063835eten1p5s,INFANT,ADAPTER,t,,MEDIUM,UPPAbaby Vista / Cruz / Minu / Ridge accepts Nuna / Maxi-Cosi / CYBEX / Clek infant seats via a UPPAbaby click-and-go car seat adapter (sold separately). Confirm the exact adapter for your model year before purchase.,,,,2026-07-10 20:02:52.02,2026-07-10 20:02:52.02
uppababy-cruz-v2__clek-liing,UPPAbaby,Cruz V2,uppababy-cruz-v2,Clek,Liing,clek-liing,INFANT,LIMITED,t,UPPAbaby adapter for Maxi-Cosi / Nuna / CYBEX / Clek infant seats,LOW,"Clek Liing is a more niche travel-system lane. Compatibility exists in select cases, but this is the kind of pairing that always deserves one more confirmation step.",,,,2026-03-22 17:19:43.93,2026-03-22 17:19:43.93
uppababy-cruz-v2__clek-liingo,UPPAbaby,Cruz V2,uppababy-cruz-v2,Clek,Liingo,clek-liingo,INFANT,LIMITED,t,UPPAbaby adapter for Maxi-Cosi / Nuna / CYBEX / Clek infant seats,LOW,"Clek Liingo is a more niche travel-system lane. Compatibility exists in select cases, but this is the kind of pairing that always deserves one more confirmation step.",,,,2026-03-22 17:19:43.93,2026-03-22 17:19:43.93
cmrmtznpb000l4fxsi95sxu3z,UPPAbaby,Cruz V2,uppababy-cruz-v2,Cybex,Aton G2,cmqx4qpgs00073835wm1de2we,INFANT,ADAPTER,t,UPPAbaby Upper Adapters for Cruz V2,MEDIUM,"Inferred from the catalog adapter ""UPPAbaby Upper Adapters for Cruz V2"".",https://babylist.pxf.io/c/6560395/1160375/13580?prodsku=2074020&u=https%3A%2F%2Fwww.babylist.com%2Fgp%2Fuppababy-upper-adapters-for-cruz-v2%2F55566%2F2074020&intsrc=CATF_8981,34.99,,2026-07-16 01:29:21.6,2026-07-16 01:29:21.6
cmrmtznvw000r4fxsm6iipr6e,UPPAbaby,Cruz V2,uppababy-cruz-v2,Cybex,Aton G2 Swivel,cmrdwvbsy000u7tmavhnk64ww,INFANT,ADAPTER,t,UPPAbaby Upper Adapters for Cruz V2,MEDIUM,"Inferred from the catalog adapter ""UPPAbaby Upper Adapters for Cruz V2"".",https://babylist.pxf.io/c/6560395/1160375/13580?prodsku=2074020&u=https%3A%2F%2Fwww.babylist.com%2Fgp%2Fuppababy-upper-adapters-for-cruz-v2%2F55566%2F2074020&intsrc=CATF_8981,34.99,,2026-07-16 01:29:21.837,2026-07-16 01:29:21.837
cmrmtznri000n4fxs1uxuoxdl,UPPAbaby,Cruz V2,uppababy-cruz-v2,Cybex,Cloud G Pro Comfort Extend,cmqx4qpj400083835htva49ii,INFANT,ADAPTER,t,UPPAbaby Upper Adapters for Cruz V2,MEDIUM,"Inferred from the catalog adapter ""UPPAbaby Upper Adapters for Cruz V2"".",https://babylist.pxf.io/c/6560395/1160375/13580?prodsku=2074020&u=https%3A%2F%2Fwww.babylist.com%2Fgp%2Fuppababy-upper-adapters-for-cruz-v2%2F55566%2F2074020&intsrc=CATF_8981,34.99,,2026-07-16 01:29:21.679,2026-07-16 01:29:21.679
cmrmtzntp000p4fxsfmx63ccu,UPPAbaby,Cruz V2,uppababy-cruz-v2,Cybex,Cloud T,cybex-cloud-t,INFANT,ADAPTER,t,UPPAbaby Upper Adapters for Cruz V2,MEDIUM,"Inferred from the catalog adapter ""UPPAbaby Upper Adapters for Cruz V2"".",https://babylist.pxf.io/c/6560395/1160375/13580?prodsku=2074020&u=https%3A%2F%2Fwww.babylist.com%2Fgp%2Fuppababy-upper-adapters-for-cruz-v2%2F55566%2F2074020&intsrc=CATF_8981,34.99,,2026-07-16 01:29:21.758,2026-07-16 01:29:21.758
cmrmtzo0e000v4fxs36kq62jh,UPPAbaby,Cruz V2,uppababy-cruz-v2,Maxi-Cosi,Ambra,cmqx4qqbg000k3835k8b3mf6l,INFANT,ADAPTER,t,UPPAbaby Upper Adapters for Cruz V2,MEDIUM,"Inferred from the catalog adapter ""UPPAbaby Upper Adapters for Cruz V2"".",https://babylist.pxf.io/c/6560395/1160375/13580?prodsku=2074020&u=https%3A%2F%2Fwww.babylist.com%2Fgp%2Fuppababy-upper-adapters-for-cruz-v2%2F55566%2F2074020&intsrc=CATF_8981,34.99,,2026-07-16 01:29:21.998,2026-07-16 01:29:21.998
uppababy-cruz-v2__maxi-cosi-mico-luxe,UPPAbaby,Cruz V2,uppababy-cruz-v2,Maxi-Cosi,Mico Luxe,maxi-cosi-mico-luxe,INFANT,ADAPTER,t,UPPAbaby adapter for Maxi-Cosi / Nuna / CYBEX / Clek infant seats,MEDIUM,"Maxi-Cosi Mico Luxe lives in one of the most universal travel-system lanes, but it is still an adapter story on this stroller.",,,,2026-03-22 17:19:43.93,2026-03-22 17:19:43.93
uppababy-cruz-v2__maxi-cosi-mico-pro,UPPAbaby,Cruz V2,uppababy-cruz-v2,Maxi-Cosi,Mico Pro,maxi-cosi-mico-pro,INFANT,ADAPTER,t,UPPAbaby adapter for Maxi-Cosi / Nuna / CYBEX / Clek infant seats,MEDIUM,Compatible via same Maxi-Cosi click connector as Mico Luxe.,,,,2026-06-13 20:48:32.741,2026-06-13 20:48:32.741
uppababy-cruz-v2__maxi-cosi-peri,UPPAbaby,Cruz V2,uppababy-cruz-v2,Maxi-Cosi,Peri 180,maxi-cosi-peri,INFANT,ADAPTER,t,UPPAbaby adapter for Maxi-Cosi / Nuna / CYBEX / Clek infant seats,MEDIUM,"Maxi-Cosi Peri 180 lives in one of the most universal travel-system lanes, but it is still an adapter story on this stroller.",,,,2026-03-22 17:19:43.93,2026-03-22 17:19:43.93
uppababy-cruz-v2__nuna-pipa-lite-rx,UPPAbaby,Cruz V2,uppababy-cruz-v2,Nuna,PIPA Aire,nuna-pipa-lite-rx,INFANT,ADAPTER,t,UPPAbaby adapter for Maxi-Cosi / Nuna / CYBEX / Clek infant seats,MEDIUM,Use the Vista/Cruz Nuna adapter for PIPA Aire.,,,,2026-03-22 03:02:28.613,2026-03-22 03:02:28.613
uppababy-cruz-v2__nuna-pipa-aire-rx,UPPAbaby,Cruz V2,uppababy-cruz-v2,Nuna,PIPA Aire rx,nuna-pipa-aire-rx,INFANT,ADAPTER,t,UPPAbaby adapter for Maxi-Cosi / Nuna / CYBEX / Clek infant seats,MEDIUM,Compatible via same adapter path as Nuna PIPA rx.,,,,2026-06-13 20:48:32.741,2026-06-13 20:48:32.741
uppababy-cruz-v2__nuna-pipa-rx,UPPAbaby,Cruz V2,uppababy-cruz-v2,Nuna,PIPA RX,nuna-pipa-rx,INFANT,ADAPTER,t,UPPAbaby adapter for Maxi-Cosi / Nuna / CYBEX / Clek infant seats,MEDIUM,Use the Vista/Cruz Nuna adapter for PIPA RX.,,,,2026-03-22 03:02:28.613,2026-03-22 03:02:28.613
uppababy-cruz-v2__nuna-pipa-urbn,UPPAbaby,Cruz V2,uppababy-cruz-v2,Nuna,PIPA urbn,nuna-pipa-urbn,INFANT,ADAPTER,t,UPPAbaby adapter for Maxi-Cosi / Nuna / CYBEX / Clek infant seats,MEDIUM,Use the Vista/Cruz Nuna adapter for PIPA urbn.,,,,2026-03-22 03:02:28.613,2026-03-22 03:02:28.613
uppababy-cruz-v2__uppababy-aria,UPPAbaby,Cruz V2,uppababy-cruz-v2,UPPAbaby,Aria,uppababy-aria,INFANT,DIRECT,f,,HIGH,Aria attaches directly to the Cruz with no adapters.,https://babylist.pxf.io/c/6560395/1160375/13580?prodsku=2521942&u=https%3A%2F%2Fwww.babylist.com%2Fgp%2Fuppababy-cruz-v3-stroller%2F74891%2F2521942&intsrc=APIG_8981,899.99,product_8981_2521942,2026-03-22 03:02:28.613,2026-06-21 03:52:05.845
cmrfd4jg6004tt7811ucqd3sv,UPPAbaby,Cruz V3,uppababy-cruz-v3,Chicco,KeyFit 30,chicco-keyfit-30,INFANT,ADAPTER,t,,HIGH,,https://amzn.to/4f5i6w8,,,2026-07-10 20:02:52.662,2026-07-11 17:27:53.248
cmrfd4jkl004vt781xizp14v3,UPPAbaby,Cruz V3,uppababy-cruz-v3,Chicco,KeyFit 30 ClearTex,cmqx4qp6y00033835pgtlizxk,INFANT,ADAPTER,t,,HIGH,,https://amzn.to/4f5i6w8,,,2026-07-10 20:02:52.821,2026-07-11 17:27:53.248
cmrfd4jtk004zt781y1x5bb5l,UPPAbaby,Cruz V3,uppababy-cruz-v3,Chicco,KeyFit Max ClearTex,cmqx4qp9s00043835h85g6sl0,INFANT,ADAPTER,t,,HIGH,,https://amzn.to/4f5i6w8,,,2026-07-10 20:02:53.145,2026-07-11 17:27:53.248
cmrfd4jy00051t7810k5azwzo,UPPAbaby,Cruz V3,uppababy-cruz-v3,Chicco,KeyFit Max Zip ClearLux,cmqx4qpc50005383512d994gn,INFANT,ADAPTER,t,,HIGH,,https://amzn.to/4f5i6w8,,,2026-07-10 20:02:53.304,2026-07-11 17:27:53.248
cmrfd4k2h0053t781n65c5sf1,UPPAbaby,Cruz V3,uppababy-cruz-v3,Chicco,KeyFit Max Zip ClearTex,cmqx4qpeg00063835eten1p5s,INFANT,ADAPTER,t,,HIGH,,https://amzn.to/4f5i6w8,,,2026-07-10 20:02:53.465,2026-07-11 17:27:53.248
uppababy-cruz-v3__clek-liing,UPPAbaby,Cruz V3,uppababy-cruz-v3,Clek,Liing,clek-liing,INFANT,ADAPTER,t,,HIGH,,https://amzn.to/4gxX5wy,,,2026-06-13 20:48:32.697,2026-07-11 03:43:06.517
uppababy-cruz-v3__clek-liingo,UPPAbaby,Cruz V3,uppababy-cruz-v3,Clek,Liingo,clek-liingo,INFANT,ADAPTER,t,,HIGH,,https://amzn.to/4gxX5wy,,,2026-06-13 20:48:32.697,2026-07-11 03:43:06.517
cmrftkefp006fbyef4253375x,UPPAbaby,Cruz V3,uppababy-cruz-v3,Cybex,Aton G2,cmqx4qpgs00073835wm1de2we,INFANT,ADAPTER,t,,HIGH,,https://amzn.to/4gxX5wy,,,2026-07-11 03:43:06.517,2026-07-11 03:43:06.517
cmrftkefy006jbyefxdsoq955,UPPAbaby,Cruz V3,uppababy-cruz-v3,Cybex,Aton G2 Swivel,cmrdwvbsy000u7tmavhnk64ww,INFANT,ADAPTER,t,,HIGH,,https://amzn.to/4gxX5wy,,,2026-07-11 03:43:06.517,2026-07-11 03:43:06.517
cmrftkefp0069byef1oel4y1n,UPPAbaby,Cruz V3,uppababy-cruz-v3,Cybex,Cloud G Pro Comfort Extend,cmqx4qpj400083835htva49ii,INFANT,ADAPTER,t,,HIGH,,https://amzn.to/4gxX5wy,,,2026-07-11 03:43:06.517,2026-07-11 03:43:06.517
cmrftkeg0006lbyefd0i161zm,UPPAbaby,Cruz V3,uppababy-cruz-v3,Cybex,Cloud T,cybex-cloud-t,INFANT,ADAPTER,t,,HIGH,,https://amzn.to/4gxX5wy,,,2026-07-11 03:43:06.517,2026-07-11 03:43:06.517
cmrftlhlv006vbyefkj4nr95d,UPPAbaby,Cruz V3,uppababy-cruz-v3,Maxi-Cosi,Ambra,cmqx4qqbg000k3835k8b3mf6l,INFANT,ADAPTER,t,,HIGH,,https://amzn.to/4gxX5wy,,,2026-07-11 03:43:57.283,2026-07-11 03:43:57.283
uppababy-cruz-v3__maxi-cosi-mico-luxe,UPPAbaby,Cruz V3,uppababy-cruz-v3,Maxi-Cosi,Mico Luxe,maxi-cosi-mico-luxe,INFANT,ADAPTER,t,,HIGH,,https://amzn.to/4gxX5wy,,,2026-06-13 20:48:32.697,2026-07-11 03:43:57.283
uppababy-cruz-v3__maxi-cosi-mico-pro,UPPAbaby,Cruz V3,uppababy-cruz-v3,Maxi-Cosi,Mico Pro,maxi-cosi-mico-pro,INFANT,ADAPTER,t,,HIGH,,https://amzn.to/4gxX5wy,,,2026-06-13 20:48:32.741,2026-07-11 03:43:57.283
uppababy-cruz-v3__maxi-cosi-peri,UPPAbaby,Cruz V3,uppababy-cruz-v3,Maxi-Cosi,Peri 180,maxi-cosi-peri,INFANT,ADAPTER,t,,HIGH,,https://amzn.to/4gxX5wy,,,2026-06-13 20:48:32.697,2026-07-11 03:43:57.283
uppababy-cruz-v3__nuna-pipa-lite-rx,UPPAbaby,Cruz V3,uppababy-cruz-v3,Nuna,PIPA Aire,nuna-pipa-lite-rx,INFANT,ADAPTER,t,,HIGH,,https://babylist.pxf.io/c/6560395/1056628/13580?u=https%3A%2F%2Fwww.babylist.com%2Fgp%2Fnuna-pipa-adapter-for-uppababy-vista-and-cruz%2F14468%2F31191&partnerpropertyid=7490466,,,2026-06-13 20:48:32.697,2026-07-11 17:29:41.253
uppababy-cruz-v3__nuna-pipa-aire-rx,UPPAbaby,Cruz V3,uppababy-cruz-v3,Nuna,PIPA Aire rx,nuna-pipa-aire-rx,INFANT,ADAPTER,t,,HIGH,,https://babylist.pxf.io/c/6560395/1056628/13580?u=https%3A%2F%2Fwww.babylist.com%2Fgp%2Fnuna-pipa-adapter-for-uppababy-vista-and-cruz%2F14468%2F31191&partnerpropertyid=7490466,,,2026-06-13 20:48:32.741,2026-07-11 17:29:41.253
uppababy-cruz-v3__nuna-pipa-rx,UPPAbaby,Cruz V3,uppababy-cruz-v3,Nuna,PIPA RX,nuna-pipa-rx,INFANT,ADAPTER,t,,HIGH,,https://babylist.pxf.io/c/6560395/1056628/13580?u=https%3A%2F%2Fwww.babylist.com%2Fgp%2Fnuna-pipa-adapter-for-uppababy-vista-and-cruz%2F14468%2F31191&partnerpropertyid=7490466,,,2026-06-13 20:48:32.697,2026-07-11 17:29:41.253
uppababy-cruz-v3__nuna-pipa-urbn,UPPAbaby,Cruz V3,uppababy-cruz-v3,Nuna,PIPA urbn,nuna-pipa-urbn,INFANT,ADAPTER,t,,HIGH,,https://babylist.pxf.io/c/6560395/1056628/13580?u=https%3A%2F%2Fwww.babylist.com%2Fgp%2Fnuna-pipa-adapter-for-uppababy-vista-and-cruz%2F14468%2F31191&partnerpropertyid=7490466,,,2026-06-13 20:48:32.697,2026-07-11 17:29:41.253
cmrgnzrdf00aabyefvl8qk1nn,UPPAbaby,Cruz V3,uppababy-cruz-v3,Peg Perego,Primo Viaggio 4-35,peg-perego-primo-viaggio-4-35,INFANT,ADAPTER,t,,HIGH,,https://amzn.to/4bj1j7E,,,2026-07-11 17:54:51.603,2026-07-11 17:54:51.603
cmrgnzrdg00aebyefbn6cudd4,UPPAbaby,Cruz V3,uppababy-cruz-v3,Peg Perego,Primo Viaggio Lounge,cmqx4qqg6000m3835m0yyofjb,INFANT,ADAPTER,t,,HIGH,,https://amzn.to/4bj1j7E,,,2026-07-11 17:54:51.603,2026-07-11 17:54:51.603
cmrgnzrdg00acbyefyk5ppv5y,UPPAbaby,Cruz V3,uppababy-cruz-v3,Peg Perego,Primo Viaggio Nido,cmqx4qqif000n3835uubq8mpy,INFANT,ADAPTER,t,,HIGH,,https://amzn.to/4bj1j7E,,,2026-07-11 17:54:51.603,2026-07-11 17:54:51.603
cmr0sg2pb000lh1u8mtuw7ktp,UPPAbaby,Minu Duo,cmqpqr2l2002j7qll3btqww1f,Nuna,PIPA Aire,nuna-pipa-lite-rx,INFANT,ADAPTER,t,,MEDIUM,UPPAbaby Vista / Cruz / Minu / Ridge accepts Nuna / Maxi-Cosi / CYBEX / Clek infant seats via a UPPAbaby click-and-go car seat adapter (sold separately). Confirm the exact adapter for your model year before purchase.,,,,2026-06-30 15:15:12.431,2026-07-24 16:58:39.506
cmr0sg2ub000nh1u8os3l3is6,UPPAbaby,Minu Duo,cmqpqr2l2002j7qll3btqww1f,Nuna,PIPA Aire rx,nuna-pipa-aire-rx,INFANT,ADAPTER,t,,MEDIUM,UPPAbaby Vista / Cruz / Minu / Ridge accepts Nuna / Maxi-Cosi / CYBEX / Clek infant seats via a UPPAbaby click-and-go car seat adapter (sold separately). Confirm the exact adapter for your model year before purchase.,,,,2026-06-30 15:15:12.611,2026-06-30 15:15:12.611
cmr0sg2yy000ph1u85wg69lta,UPPAbaby,Minu Duo,cmqpqr2l2002j7qll3btqww1f,Nuna,PIPA RX,nuna-pipa-rx,INFANT,ADAPTER,t,,MEDIUM,UPPAbaby Vista / Cruz / Minu / Ridge accepts Nuna / Maxi-Cosi / CYBEX / Clek infant seats via a UPPAbaby click-and-go car seat adapter (sold separately). Confirm the exact adapter for your model year before purchase.,,,,2026-06-30 15:15:12.778,2026-06-30 15:15:12.778
cmr0sg33n000rh1u8og7j940r,UPPAbaby,Minu Duo,cmqpqr2l2002j7qll3btqww1f,Nuna,PIPA urbn,nuna-pipa-urbn,INFANT,ADAPTER,t,,MEDIUM,UPPAbaby Vista / Cruz / Minu / Ridge accepts Nuna / Maxi-Cosi / CYBEX / Clek infant seats via a UPPAbaby click-and-go car seat adapter (sold separately). Confirm the exact adapter for your model year before purchase.,,,,2026-06-30 15:15:12.947,2026-06-30 15:15:12.947
cmqt254bt002pfvq8l9g3rcoo,UPPAbaby,Minu Duo,cmqpqr2l2002j7qll3btqww1f,UPPAbaby,Aria,uppababy-aria,INFANT,ADAPTER,t,"UPPAbaby Adapters for Minu Duo (Mesa/Mesa V2, Mesa Max, Mesa i-Size, Aria) in Black",MEDIUM,"Inferred from the catalog adapter ""UPPAbaby Adapters for Minu Duo (Mesa/Mesa V2, Mesa Max, Mesa i-Size, Aria) in Black"".",https://babylist.pxf.io/c/6560395/1160375/13580?prodsku=2306166&u=https%3A%2F%2Fwww.babylist.com%2Fgp%2Fuppababy-adapters-for-minu-duo-mesa-mesa-v2-mesa-max-mesa-i-size-aria%2F69536%2F2306166&intsrc=CATF_8981,39.99,,2026-06-25 05:24:28.073,2026-06-25 05:24:28.073
cmqt2549f002nfvq86g46wna2,UPPAbaby,Minu Duo,cmqpqr2l2002j7qll3btqww1f,UPPAbaby,Aria V2,uppababy-aria-v2,INFANT,ADAPTER,t,"UPPAbaby Adapters for Minu Duo (Mesa/Mesa V2, Mesa Max, Mesa i-Size, Aria) in Black",MEDIUM,"Inferred from the catalog adapter ""UPPAbaby Adapters for Minu Duo (Mesa/Mesa V2, Mesa Max, Mesa i-Size, Aria) in Black"".",https://babylist.pxf.io/c/6560395/1160375/13580?prodsku=2306166&u=https%3A%2F%2Fwww.babylist.com%2Fgp%2Fuppababy-adapters-for-minu-duo-mesa-mesa-v2-mesa-max-mesa-i-size-aria%2F69536%2F2306166&intsrc=CATF_8981,39.99,,2026-06-25 05:24:27.987,2026-06-25 05:24:27.987
cmqt25473002lfvq8naqn33f5,UPPAbaby,Minu Duo,cmqpqr2l2002j7qll3btqww1f,UPPAbaby,Mesa V3,uppababy-mesa-v3,INFANT,ADAPTER,t,"UPPAbaby Adapters for Minu Duo (Mesa/Mesa V2, Mesa Max, Mesa i-Size, Aria) in Black",MEDIUM,"Inferred from the catalog adapter ""UPPAbaby Adapters for Minu Duo (Mesa/Mesa V2, Mesa Max, Mesa i-Size, Aria) in Black"".",https://babylist.pxf.io/c/6560395/1160375/13580?prodsku=2306166&u=https%3A%2F%2Fwww.babylist.com%2Fgp%2Fuppababy-adapters-for-minu-duo-mesa-mesa-v2-mesa-max-mesa-i-size-aria%2F69536%2F2306166&intsrc=CATF_8981,39.99,,2026-06-25 05:24:27.904,2026-06-25 05:24:27.904
cmrfd4ms7005zt781abprwcym,UPPAbaby,Minu V2,uppababy-minu-v2,Chicco,KeyFit 30,chicco-keyfit-30,INFANT,ADAPTER,t,,MEDIUM,UPPAbaby Vista / Cruz / Minu / Ridge accepts Nuna / Maxi-Cosi / CYBEX / Clek infant seats via a UPPAbaby click-and-go car seat adapter (sold separately). Confirm the exact adapter for your model year before purchase.,,,,2026-07-10 20:02:56.983,2026-07-10 20:02:56.983
cmrfd4mwq0061t781flisa93n,UPPAbaby,Minu V2,uppababy-minu-v2,Chicco,KeyFit 30 ClearTex,cmqx4qp6y00033835pgtlizxk,INFANT,ADAPTER,t,,MEDIUM,UPPAbaby Vista / Cruz / Minu / Ridge accepts Nuna / Maxi-Cosi / CYBEX / Clek infant seats via a UPPAbaby click-and-go car seat adapter (sold separately). Confirm the exact adapter for your model year before purchase.,,,,2026-07-10 20:02:57.147,2026-07-10 20:02:57.147
cmrfd4n5v0065t781y1qzg5fm,UPPAbaby,Minu V2,uppababy-minu-v2,Chicco,KeyFit Max ClearTex,cmqx4qp9s00043835h85g6sl0,INFANT,ADAPTER,t,,MEDIUM,UPPAbaby Vista / Cruz / Minu / Ridge accepts Nuna / Maxi-Cosi / CYBEX / Clek infant seats via a UPPAbaby click-and-go car seat adapter (sold separately). Confirm the exact adapter for your model year before purchase.,,,,2026-07-10 20:02:57.476,2026-07-10 20:02:57.476
cmrfd4naf0067t781dcsyofk2,UPPAbaby,Minu V2,uppababy-minu-v2,Chicco,KeyFit Max Zip ClearLux,cmqx4qpc50005383512d994gn,INFANT,ADAPTER,t,,MEDIUM,UPPAbaby Vista / Cruz / Minu / Ridge accepts Nuna / Maxi-Cosi / CYBEX / Clek infant seats via a UPPAbaby click-and-go car seat adapter (sold separately). Confirm the exact adapter for your model year before purchase.,,,,2026-07-10 20:02:57.639,2026-07-10 20:02:57.639
cmrfd4nex0069t781qrtol2c4,UPPAbaby,Minu V2,uppababy-minu-v2,Chicco,KeyFit Max Zip ClearTex,cmqx4qpeg00063835eten1p5s,INFANT,ADAPTER,t,,MEDIUM,UPPAbaby Vista / Cruz / Minu / Ridge accepts Nuna / Maxi-Cosi / CYBEX / Clek infant seats via a UPPAbaby click-and-go car seat adapter (sold separately). Confirm the exact adapter for your model year before purchase.,,,,2026-07-10 20:02:57.802,2026-07-10 20:02:57.802
uppababy-minu-v2__clek-liing,UPPAbaby,Minu V2,uppababy-minu-v2,Clek,Liing,clek-liing,INFANT,LIMITED,t,UPPAbaby adapter for Maxi-Cosi / Nuna / CYBEX / Clek infant seats,LOW,"Clek Liing is a more niche travel-system lane. Compatibility exists in select cases, but this is the kind of pairing that always deserves one more confirmation step.",,,,2026-03-22 17:19:43.93,2026-03-22 17:19:43.93
uppababy-minu-v2__clek-liingo,UPPAbaby,Minu V2,uppababy-minu-v2,Clek,Liingo,clek-liingo,INFANT,LIMITED,t,UPPAbaby adapter for Maxi-Cosi / Nuna / CYBEX / Clek infant seats,LOW,"Clek Liingo is a more niche travel-system lane. Compatibility exists in select cases, but this is the kind of pairing that always deserves one more confirmation step.",,,,2026-03-22 17:19:43.93,2026-03-22 17:19:43.93
uppababy-minu-v2__maxi-cosi-mico-luxe,UPPAbaby,Minu V2,uppababy-minu-v2,Maxi-Cosi,Mico Luxe,maxi-cosi-mico-luxe,INFANT,ADAPTER,t,UPPAbaby adapter for Maxi-Cosi / Nuna / CYBEX / Clek infant seats,MEDIUM,"Maxi-Cosi Mico Luxe lives in one of the most universal travel-system lanes, but it is still an adapter story on this stroller.",,,,2026-03-22 17:19:43.93,2026-03-22 17:19:43.93
uppababy-minu-v2__maxi-cosi-mico-pro,UPPAbaby,Minu V2,uppababy-minu-v2,Maxi-Cosi,Mico Pro,maxi-cosi-mico-pro,INFANT,ADAPTER,t,UPPAbaby adapter for Maxi-Cosi / Nuna / CYBEX / Clek infant seats,MEDIUM,Compatible via same Maxi-Cosi click connector as Mico Luxe.,,,,2026-06-13 20:48:32.741,2026-06-13 20:48:32.741
uppababy-minu-v2__maxi-cosi-peri,UPPAbaby,Minu V2,uppababy-minu-v2,Maxi-Cosi,Peri 180,maxi-cosi-peri,INFANT,ADAPTER,t,UPPAbaby adapter for Maxi-Cosi / Nuna / CYBEX / Clek infant seats,MEDIUM,"Maxi-Cosi Peri 180 lives in one of the most universal travel-system lanes, but it is still an adapter story on this stroller.",,,,2026-03-22 17:19:43.93,2026-03-22 17:19:43.93
uppababy-minu-v2__nuna-pipa-lite-rx,UPPAbaby,Minu V2,uppababy-minu-v2,Nuna,PIPA Aire,nuna-pipa-lite-rx,INFANT,ADAPTER,t,UPPAbaby adapter for Maxi-Cosi / Nuna / CYBEX / Clek infant seats,MEDIUM,"Use the Minu adapter for select Nuna seats, including PIPA Aire.",,,,2026-03-22 03:02:28.613,2026-03-22 03:02:28.613
uppababy-minu-v2__nuna-pipa-aire-rx,UPPAbaby,Minu V2,uppababy-minu-v2,Nuna,PIPA Aire rx,nuna-pipa-aire-rx,INFANT,ADAPTER,t,UPPAbaby adapter for Maxi-Cosi / Nuna / CYBEX / Clek infant seats,MEDIUM,Compatible via same adapter path as Nuna PIPA rx.,,,,2026-06-13 20:48:32.741,2026-06-13 20:48:32.741
uppababy-minu-v2__nuna-pipa-rx,UPPAbaby,Minu V2,uppababy-minu-v2,Nuna,PIPA RX,nuna-pipa-rx,INFANT,ADAPTER,t,UPPAbaby adapter for Maxi-Cosi / Nuna / CYBEX / Clek infant seats,MEDIUM,"Use the Minu adapter for select Nuna seats, including PIPA RX.",,,,2026-03-22 03:02:28.613,2026-03-22 03:02:28.613
uppababy-minu-v2__nuna-pipa-urbn,UPPAbaby,Minu V2,uppababy-minu-v2,Nuna,PIPA urbn,nuna-pipa-urbn,INFANT,ADAPTER,t,UPPAbaby adapter for Maxi-Cosi / Nuna / CYBEX / Clek infant seats,MEDIUM,"Use the Minu adapter for select Nuna seats, including PIPA urbn.",,,,2026-03-22 03:02:28.613,2026-03-22 03:02:28.613
uppababy-minu-v2__uppababy-aria,UPPAbaby,Minu V2,uppababy-minu-v2,UPPAbaby,Aria,uppababy-aria,INFANT,ADAPTER,t,,MEDIUM,Minu V2 uses the UPPAbaby infant car seat adapter for Aria.,https://babylist.pxf.io/c/6560395/1160375/13580?prodsku=2306148&u=https%3A%2F%2Fwww.babylist.com%2Fgp%2Fuppababy-minu-duo-stroller%2F69531%2F2306148&intsrc=APIG_8981,749.99,product_8981_2306148,2026-03-22 03:02:28.613,2026-06-21 03:52:06.032
uppababy-minu-v3__clek-liing,UPPAbaby,Minu V3,uppababy-minu-v3,Clek,Liing,clek-liing,INFANT,ADAPTER,t,,HIGH,,https://amzn.to/3RuRHzZ,,,2026-06-13 20:48:32.697,2026-07-11 03:37:51.902
uppababy-minu-v3__clek-liingo,UPPAbaby,Minu V3,uppababy-minu-v3,Clek,Liingo,clek-liingo,INFANT,ADAPTER,t,,HIGH,,https://amzn.to/3RuRHzZ,,,2026-06-13 20:48:32.697,2026-07-11 03:37:51.902
cmqx4rg2b005d70o0f119qhth,UPPAbaby,Minu V3,uppababy-minu-v3,Cybex,Aton G2,cmqx4qpgs00073835wm1de2we,INFANT,ADAPTER,t,,HIGH,,https://amzn.to/3RuRHzZ,,,2026-06-28 01:48:53.651,2026-07-11 03:37:51.902
cmrftdnop005fbyefm0h6pzqj,UPPAbaby,Minu V3,uppababy-minu-v3,Cybex,Aton G2 Swivel,cmrdwvbsy000u7tmavhnk64ww,INFANT,ADAPTER,t,,HIGH,,https://amzn.to/3RuRHzZ,,,2026-07-11 03:37:51.902,2026-07-11 03:37:51.902
cmqx4rg4l005f70o04xyh7685,UPPAbaby,Minu V3,uppababy-minu-v3,Cybex,Cloud G Pro Comfort Extend,cmqx4qpj400083835htva49ii,INFANT,ADAPTER,t,,HIGH,,https://amzn.to/3RuRHzZ,,,2026-06-28 01:48:53.733,2026-07-11 03:37:51.902
cmqx4rg01005b70o0iub3aobv,UPPAbaby,Minu V3,uppababy-minu-v3,Cybex,Cloud T,cybex-cloud-t,INFANT,ADAPTER,t,,HIGH,,https://amzn.to/3RuRHzZ,,,2026-06-28 01:48:53.569,2026-07-11 03:37:51.902
cmqx4rce7002970o074p358pf,UPPAbaby,Minu V3,uppababy-minu-v3,Maxi-Cosi,Ambra,cmqx4qqbg000k3835k8b3mf6l,INFANT,ADAPTER,t,,HIGH,,https://amzn.to/4f5tqK5,,,2026-06-28 01:48:48.896,2026-07-11 03:38:52.418
uppababy-minu-v3__maxi-cosi-mico-luxe,UPPAbaby,Minu V3,uppababy-minu-v3,Maxi-Cosi,Mico Luxe,maxi-cosi-mico-luxe,INFANT,ADAPTER,t,,HIGH,,https://amzn.to/4f5tqK5,,,2026-06-13 20:48:32.697,2026-07-11 03:38:52.418
uppababy-minu-v3__maxi-cosi-mico-pro,UPPAbaby,Minu V3,uppababy-minu-v3,Maxi-Cosi,Mico Pro,maxi-cosi-mico-pro,INFANT,ADAPTER,t,,HIGH,,https://amzn.to/4f5tqK5,,,2026-06-13 20:48:32.741,2026-07-11 03:38:52.418
uppababy-minu-v3__maxi-cosi-peri,UPPAbaby,Minu V3,uppababy-minu-v3,Maxi-Cosi,Peri 180,maxi-cosi-peri,INFANT,ADAPTER,t,,HIGH,,https://amzn.to/4f5tqK5,,,2026-06-13 20:48:32.697,2026-07-11 03:38:52.418
uppababy-minu-v3__nuna-pipa-lite-rx,UPPAbaby,Minu V3,uppababy-minu-v3,Nuna,PIPA Aire,nuna-pipa-lite-rx,INFANT,ADAPTER,t,,HIGH,,https://amzn.to/4f5tqK5,,,2026-06-13 20:48:32.697,2026-07-11 03:38:52.418
uppababy-minu-v3__nuna-pipa-aire-rx,UPPAbaby,Minu V3,uppababy-minu-v3,Nuna,PIPA Aire rx,nuna-pipa-aire-rx,INFANT,ADAPTER,t,,HIGH,,https://amzn.to/4f5tqK5,,,2026-06-13 20:48:32.741,2026-07-11 03:38:52.418
uppababy-minu-v3__nuna-pipa-rx,UPPAbaby,Minu V3,uppababy-minu-v3,Nuna,PIPA RX,nuna-pipa-rx,INFANT,ADAPTER,t,,HIGH,,https://amzn.to/4f5tqK5,,,2026-06-13 20:48:32.697,2026-07-11 03:38:52.418
uppababy-minu-v3__nuna-pipa-urbn,UPPAbaby,Minu V3,uppababy-minu-v3,Nuna,PIPA urbn,nuna-pipa-urbn,INFANT,ADAPTER,t,,HIGH,,https://amzn.to/4f5tqK5,,,2026-06-13 20:48:32.697,2026-07-11 03:38:52.418
cmqt25360001pfvq8jgpx5ojl,UPPAbaby,Minu V3,uppababy-minu-v3,UPPAbaby,Aria,uppababy-aria,INFANT,ADAPTER,t,,HIGH,,https://amzn.to/4vtnGhP,,,2026-06-25 05:24:26.568,2026-07-11 03:40:01.945
cmqt2533n001nfvq8v2op6hc3,UPPAbaby,Minu V3,uppababy-minu-v3,UPPAbaby,Aria V2,uppababy-aria-v2,INFANT,ADAPTER,t,,HIGH,,https://amzn.to/4vtnGhP,,,2026-06-25 05:24:26.483,2026-07-11 03:40:01.945
cmqt25319001lfvq8prfqz8mh,UPPAbaby,Minu V3,uppababy-minu-v3,UPPAbaby,Mesa V3,uppababy-mesa-v3,INFANT,ADAPTER,t,,HIGH,,https://amzn.to/4vtnGhP,,,2026-06-25 05:24:26.398,2026-07-11 03:40:01.945
cmqx4rgyv006570o0hcwa4433,UPPAbaby,Ridge,uppababy-ridge,Cybex,Aton G2,cmqx4qpgs00073835wm1de2we,INFANT,ADAPTER,t,"Uppababy - Car Seat Adapter for Ridge, Nuna/Cybex/Maxi-Cosi",MEDIUM,"Inferred from the catalog adapter ""Uppababy - Car Seat Adapter for Ridge, Nuna/Cybex/Maxi-Cosi"".",https://www.macrobaby.com/products/uppababy-car-seat-adapter-for-ridge-nuna-cybex-maxi-cosi?_j=taylormadebabyco.com,49.99,,2026-06-28 01:48:54.823,2026-06-28 01:48:54.823
cmrmtwh7t002b11u57721gpx4,UPPAbaby,Ridge,uppababy-ridge,Cybex,Aton G2 Swivel,cmrdwvbsy000u7tmavhnk64ww,INFANT,ADAPTER,t,"Uppababy - Car Seat Adapter for Ridge, Nuna/Cybex/Maxi-Cosi",MEDIUM,"Inferred from the catalog adapter ""Uppababy - Car Seat Adapter for Ridge, Nuna/Cybex/Maxi-Cosi"".",https://www.macrobaby.com/products/uppababy-car-seat-adapter-for-ridge-nuna-cybex-maxi-cosi?_j=taylormadebabyco.com,49.99,,2026-07-16 01:26:53.225,2026-07-16 01:26:53.225
cmqx4rh13006770o0eht6f4zo,UPPAbaby,Ridge,uppababy-ridge,Cybex,Cloud G Pro Comfort Extend,cmqx4qpj400083835htva49ii,INFANT,ADAPTER,t,"Uppababy - Car Seat Adapter for Ridge, Nuna/Cybex/Maxi-Cosi",MEDIUM,"Inferred from the catalog adapter ""Uppababy - Car Seat Adapter for Ridge, Nuna/Cybex/Maxi-Cosi"".",https://www.macrobaby.com/products/uppababy-car-seat-adapter-for-ridge-nuna-cybex-maxi-cosi?_j=taylormadebabyco.com,49.99,,2026-06-28 01:48:54.904,2026-06-28 01:48:54.904
cmqx4rgwk006370o086uedyzn,UPPAbaby,Ridge,uppababy-ridge,Cybex,Cloud T,cybex-cloud-t,INFANT,ADAPTER,t,"Uppababy - Car Seat Adapter for Ridge, Nuna/Cybex/Maxi-Cosi",MEDIUM,"Inferred from the catalog adapter ""Uppababy - Car Seat Adapter for Ridge, Nuna/Cybex/Maxi-Cosi"".",https://www.macrobaby.com/products/uppababy-car-seat-adapter-for-ridge-nuna-cybex-maxi-cosi?_j=taylormadebabyco.com,49.99,,2026-06-28 01:48:54.74,2026-06-28 01:48:54.74
cmqx4rgip005r70o0ojdkgkf0,UPPAbaby,Ridge,uppababy-ridge,Maxi-Cosi,Ambra,cmqx4qqbg000k3835k8b3mf6l,INFANT,ADAPTER,t,"Uppababy - Car Seat Adapter for Ridge, Nuna/Cybex/Maxi-Cosi",MEDIUM,"Inferred from the catalog adapter ""Uppababy - Car Seat Adapter for Ridge, Nuna/Cybex/Maxi-Cosi"".",https://www.macrobaby.com/products/uppababy-car-seat-adapter-for-ridge-nuna-cybex-maxi-cosi?_j=taylormadebabyco.com,49.99,,2026-06-28 01:48:54.24,2026-06-28 01:48:54.24
cmqx4rg9b005j70o04ul3s3u4,UPPAbaby,Ridge,uppababy-ridge,Maxi-Cosi,Mico Luxe,maxi-cosi-mico-luxe,INFANT,ADAPTER,t,"Uppababy - Car Seat Adapter for Ridge, Nuna/Cybex/Maxi-Cosi",MEDIUM,"Inferred from the catalog adapter ""Uppababy - Car Seat Adapter for Ridge, Nuna/Cybex/Maxi-Cosi"".",https://www.macrobaby.com/products/uppababy-car-seat-adapter-for-ridge-nuna-cybex-maxi-cosi?_j=taylormadebabyco.com,49.99,,2026-06-28 01:48:53.904,2026-06-28 01:48:53.904
cmqx4rgbm005l70o0e5pfbd8l,UPPAbaby,Ridge,uppababy-ridge,Maxi-Cosi,Mico Pro,maxi-cosi-mico-pro,INFANT,ADAPTER,t,"Uppababy - Car Seat Adapter for Ridge, Nuna/Cybex/Maxi-Cosi",MEDIUM,"Inferred from the catalog adapter ""Uppababy - Car Seat Adapter for Ridge, Nuna/Cybex/Maxi-Cosi"".",https://www.macrobaby.com/products/uppababy-car-seat-adapter-for-ridge-nuna-cybex-maxi-cosi?_j=taylormadebabyco.com,49.99,,2026-06-28 01:48:53.986,2026-06-28 01:48:53.986
cmqx4rggd005p70o0g5apiffd,UPPAbaby,Ridge,uppababy-ridge,Maxi-Cosi,Peri 180,maxi-cosi-peri,INFANT,ADAPTER,t,"Uppababy - Car Seat Adapter for Ridge, Nuna/Cybex/Maxi-Cosi",MEDIUM,"Inferred from the catalog adapter ""Uppababy - Car Seat Adapter for Ridge, Nuna/Cybex/Maxi-Cosi"".",https://www.macrobaby.com/products/uppababy-car-seat-adapter-for-ridge-nuna-cybex-maxi-cosi?_j=taylormadebabyco.com,49.99,,2026-06-28 01:48:54.157,2026-06-28 01:48:54.157
cmqx4rgnc005v70o0v28ih3qn,UPPAbaby,Ridge,uppababy-ridge,Nuna,PIPA Aire,nuna-pipa-lite-rx,INFANT,ADAPTER,t,"Uppababy - Car Seat Adapter for Ridge, Nuna/Cybex/Maxi-Cosi",MEDIUM,"Inferred from the catalog adapter ""Uppababy - Car Seat Adapter for Ridge, Nuna/Cybex/Maxi-Cosi"".",https://www.macrobaby.com/products/uppababy-car-seat-adapter-for-ridge-nuna-cybex-maxi-cosi?_j=taylormadebabyco.com,49.99,,2026-06-28 01:48:54.409,2026-06-28 01:48:54.409
cmqx4rgpp005x70o0j2qxz756,UPPAbaby,Ridge,uppababy-ridge,Nuna,PIPA Aire rx,nuna-pipa-aire-rx,INFANT,ADAPTER,t,"Uppababy - Car Seat Adapter for Ridge, Nuna/Cybex/Maxi-Cosi",MEDIUM,"Inferred from the catalog adapter ""Uppababy - Car Seat Adapter for Ridge, Nuna/Cybex/Maxi-Cosi"".",https://www.macrobaby.com/products/uppababy-car-seat-adapter-for-ridge-nuna-cybex-maxi-cosi?_j=taylormadebabyco.com,49.99,,2026-06-28 01:48:54.493,2026-06-28 01:48:54.493
cmqx4rgkz005t70o0wwg0jcg0,UPPAbaby,Ridge,uppababy-ridge,Nuna,PIPA RX,nuna-pipa-rx,INFANT,ADAPTER,t,"Uppababy - Car Seat Adapter for Ridge, Nuna/Cybex/Maxi-Cosi",MEDIUM,"Inferred from the catalog adapter ""Uppababy - Car Seat Adapter for Ridge, Nuna/Cybex/Maxi-Cosi"".",https://www.macrobaby.com/products/uppababy-car-seat-adapter-for-ridge-nuna-cybex-maxi-cosi?_j=taylormadebabyco.com,49.99,,2026-06-28 01:48:54.323,2026-06-28 01:48:54.323
cmqx4rgs0005z70o0x1ztoeaq,UPPAbaby,Ridge,uppababy-ridge,Nuna,PIPA urbn,nuna-pipa-urbn,INFANT,ADAPTER,t,"Uppababy - Car Seat Adapter for Ridge, Nuna/Cybex/Maxi-Cosi",MEDIUM,"Inferred from the catalog adapter ""Uppababy - Car Seat Adapter for Ridge, Nuna/Cybex/Maxi-Cosi"".",https://www.macrobaby.com/products/uppababy-car-seat-adapter-for-ridge-nuna-cybex-maxi-cosi?_j=taylormadebabyco.com,49.99,,2026-06-28 01:48:54.577,2026-06-28 01:48:54.577
uppababy-ridge__uppababy-mesa-v3,UPPAbaby,Ridge,uppababy-ridge,UPPAbaby,Mesa V3,uppababy-mesa-v3,INFANT,ADAPTER,t,"UPPAbaby Ridge car seat adapter (sold separately, ~$65)",HIGH,The Ridge uses a dedicated car seat adapter — not the VISTA/CRUZ click-in system. Adapter required for UPPAbaby Mesa V3.,,,,2026-06-13 20:48:32.741,2026-06-13 20:48:32.741
cmrgtotrx001u8zko26cchp4z,UPPAbaby,Ridge V2,cmqpqr2nm002k7qllj1fowt14,Clek,Liing,clek-liing,INFANT,ADAPTER,t,,HIGH,,https://amzn.to/4aPp0UX,,,2026-07-11 20:34:19.197,2026-07-11 20:34:19.197
cmrgtotrx001t8zkosdrvjvha,UPPAbaby,Ridge V2,cmqpqr2nm002k7qllj1fowt14,Clek,Liingo,clek-liingo,INFANT,ADAPTER,t,,HIGH,,https://amzn.to/4aPp0UX,,,2026-07-11 20:34:19.197,2026-07-11 20:34:19.197
cmrgtotry001w8zko315z1cyd,UPPAbaby,Ridge V2,cmqpqr2nm002k7qllj1fowt14,Cybex,Aton G2,cmqx4qpgs00073835wm1de2we,INFANT,ADAPTER,t,,HIGH,,https://amzn.to/4aPp0UX,,,2026-07-11 20:34:19.197,2026-07-11 20:34:19.197
cmrgtou4000228zko8h5vufy2,UPPAbaby,Ridge V2,cmqpqr2nm002k7qllj1fowt14,Cybex,Aton G2 Swivel,cmrdwvbsy000u7tmavhnk64ww,INFANT,ADAPTER,t,,HIGH,,https://amzn.to/4aPp0UX,,,2026-07-11 20:34:19.197,2026-07-11 20:34:19.197
cmrgtotrx001s8zko0zzj5c4x,UPPAbaby,Ridge V2,cmqpqr2nm002k7qllj1fowt14,Cybex,Cloud G Pro Comfort Extend,cmqx4qpj400083835htva49ii,INFANT,ADAPTER,t,,HIGH,,https://amzn.to/4aPp0UX,,,2026-07-11 20:34:19.197,2026-07-11 20:34:19.197
cmrgtou3z001y8zkon0rzsson,UPPAbaby,Ridge V2,cmqpqr2nm002k7qllj1fowt14,Cybex,Cloud T,cybex-cloud-t,INFANT,ADAPTER,t,,HIGH,,https://amzn.to/4aPp0UX,,,2026-07-11 20:34:19.197,2026-07-11 20:34:19.197
cmri5420x000pkfwpyvb1xq15,UPPAbaby,Ridge V2,cmqpqr2nm002k7qllj1fowt14,Maxi-Cosi,Ambra,cmqx4qqbg000k3835k8b3mf6l,INFANT,ADAPTER,t,,HIGH,,https://amzn.to/4bGFXRN,,,2026-07-12 18:41:51.679,2026-07-12 18:41:51.679
cmri54213000vkfwptqwe3u3n,UPPAbaby,Ridge V2,cmqpqr2nm002k7qllj1fowt14,Maxi-Cosi,Mico Luxe,maxi-cosi-mico-luxe,INFANT,ADAPTER,t,,HIGH,,https://amzn.to/4bGFXRN,,,2026-07-12 18:41:51.679,2026-07-12 18:41:51.679
cmri5420y000rkfwp6y2ue9ct,UPPAbaby,Ridge V2,cmqpqr2nm002k7qllj1fowt14,Maxi-Cosi,Mico Pro,maxi-cosi-mico-pro,INFANT,ADAPTER,t,,HIGH,,https://amzn.to/4bGFXRN,,,2026-07-12 18:41:51.679,2026-07-12 18:41:51.679
cmri5429s0015kfwpgkmhcuzy,UPPAbaby,Ridge V2,cmqpqr2nm002k7qllj1fowt14,Maxi-Cosi,Peri 180,maxi-cosi-peri,INFANT,ADAPTER,t,,HIGH,,https://amzn.to/4bGFXRN,,,2026-07-12 18:41:51.679,2026-07-12 18:41:51.679
cmr0r9te9001drvv0js0mluk0,UPPAbaby,Ridge V2,cmqpqr2nm002k7qllj1fowt14,Nuna,PIPA Aire,nuna-pipa-lite-rx,INFANT,ADAPTER,t,,HIGH,,https://amzn.to/4bGFXRN,,,2026-06-30 14:42:20.817,2026-07-12 18:41:51.679
cmr0r9tj4001frvv05pkrsuk7,UPPAbaby,Ridge V2,cmqpqr2nm002k7qllj1fowt14,Nuna,PIPA Aire rx,nuna-pipa-aire-rx,INFANT,ADAPTER,t,,HIGH,,https://amzn.to/4bGFXRN,,,2026-06-30 14:42:20.992,2026-07-12 18:41:51.679
cmr0r9tnj001hrvv0d1cjbbew,UPPAbaby,Ridge V2,cmqpqr2nm002k7qllj1fowt14,Nuna,PIPA RX,nuna-pipa-rx,INFANT,ADAPTER,t,,HIGH,,https://amzn.to/4bGFXRN,,,2026-06-30 14:42:21.151,2026-07-12 18:41:51.679
cmr0r9trz001jrvv07glvrmjp,UPPAbaby,Ridge V2,cmqpqr2nm002k7qllj1fowt14,Nuna,PIPA urbn,nuna-pipa-urbn,INFANT,ADAPTER,t,,HIGH,,https://amzn.to/4bGFXRN,,,2026-06-30 14:42:21.311,2026-07-12 18:41:51.679
cmrgtnio7001i8zkok8x7wtht,UPPAbaby,Ridge V2,cmqpqr2nm002k7qllj1fowt14,UPPAbaby,Aria,uppababy-aria,INFANT,ADAPTER,t,,HIGH,,https://amzn.to/3RwlBE3,,,2026-07-11 20:33:18.151,2026-07-11 20:33:18.151
cmrgtnio7001m8zko59qoqqz4,UPPAbaby,Ridge V2,cmqpqr2nm002k7qllj1fowt14,UPPAbaby,Aria V2,uppababy-aria-v2,INFANT,ADAPTER,t,,HIGH,,https://amzn.to/3RwlBE3,,,2026-07-11 20:33:18.151,2026-07-11 20:33:18.151
cmqu8mjx0008hwwsbbog8mhfr,UPPAbaby,Ridge V2,cmqpqr2nm002k7qllj1fowt14,UPPAbaby,Mesa V3,uppababy-mesa-v3,INFANT,ADAPTER,t,,HIGH,,https://amzn.to/3RwlBE3,,,2026-06-26 01:13:45.3,2026-07-11 20:33:18.151
cmrfd4ra1007jt7814q6a6j6t,UPPAbaby,Vista V2,uppababy-vista-v2,Chicco,KeyFit 30,chicco-keyfit-30,INFANT,ADAPTER,t,,MEDIUM,UPPAbaby Vista / Cruz / Minu / Ridge accepts Nuna / Maxi-Cosi / CYBEX / Clek infant seats via a UPPAbaby click-and-go car seat adapter (sold separately). Confirm the exact adapter for your model year before purchase.,,,,2026-07-10 20:03:02.81,2026-07-10 20:03:02.81
cmrfd4rhu007lt781myajcyri,UPPAbaby,Vista V2,uppababy-vista-v2,Chicco,KeyFit 30 ClearTex,cmqx4qp6y00033835pgtlizxk,INFANT,ADAPTER,t,,MEDIUM,UPPAbaby Vista / Cruz / Minu / Ridge accepts Nuna / Maxi-Cosi / CYBEX / Clek infant seats via a UPPAbaby click-and-go car seat adapter (sold separately). Confirm the exact adapter for your model year before purchase.,,,,2026-07-10 20:03:03.09,2026-07-10 20:03:03.09
cmrfd4rr0007pt781mv3ll4cp,UPPAbaby,Vista V2,uppababy-vista-v2,Chicco,KeyFit Max ClearTex,cmqx4qp9s00043835h85g6sl0,INFANT,ADAPTER,t,,MEDIUM,UPPAbaby Vista / Cruz / Minu / Ridge accepts Nuna / Maxi-Cosi / CYBEX / Clek infant seats via a UPPAbaby click-and-go car seat adapter (sold separately). Confirm the exact adapter for your model year before purchase.,,,,2026-07-10 20:03:03.42,2026-07-10 20:03:03.42
cmrfd4rvj007rt781pfpg5gey,UPPAbaby,Vista V2,uppababy-vista-v2,Chicco,KeyFit Max Zip ClearLux,cmqx4qpc50005383512d994gn,INFANT,ADAPTER,t,,MEDIUM,UPPAbaby Vista / Cruz / Minu / Ridge accepts Nuna / Maxi-Cosi / CYBEX / Clek infant seats via a UPPAbaby click-and-go car seat adapter (sold separately). Confirm the exact adapter for your model year before purchase.,,,,2026-07-10 20:03:03.584,2026-07-10 20:03:03.584
cmrfd4s04007tt781pg3lelym,UPPAbaby,Vista V2,uppababy-vista-v2,Chicco,KeyFit Max Zip ClearTex,cmqx4qpeg00063835eten1p5s,INFANT,ADAPTER,t,,MEDIUM,UPPAbaby Vista / Cruz / Minu / Ridge accepts Nuna / Maxi-Cosi / CYBEX / Clek infant seats via a UPPAbaby click-and-go car seat adapter (sold separately). Confirm the exact adapter for your model year before purchase.,,,,2026-07-10 20:03:03.748,2026-07-10 20:03:03.748
uppababy-vista-v2__clek-liing,UPPAbaby,Vista V2,uppababy-vista-v2,Clek,Liing,clek-liing,INFANT,LIMITED,t,UPPAbaby adapter for Maxi-Cosi / Nuna / CYBEX / Clek infant seats,LOW,"Clek Liing is a more niche travel-system lane. Compatibility exists in select cases, but this is the kind of pairing that always deserves one more confirmation step.",,,,2026-03-22 17:19:43.93,2026-03-22 17:19:43.93
uppababy-vista-v2__clek-liingo,UPPAbaby,Vista V2,uppababy-vista-v2,Clek,Liingo,clek-liingo,INFANT,LIMITED,t,UPPAbaby adapter for Maxi-Cosi / Nuna / CYBEX / Clek infant seats,LOW,"Clek Liingo is a more niche travel-system lane. Compatibility exists in select cases, but this is the kind of pairing that always deserves one more confirmation step.",,,,2026-03-22 17:19:43.93,2026-03-22 17:19:43.93
cmqx4rc79002370o0bvd9x1l4,UPPAbaby,Vista V2,uppababy-vista-v2,Cybex,Aton G2,cmqx4qpgs00073835wm1de2we,INFANT,ADAPTER,t,"UPPAbaby Lower Car Seat Adapters for VISTA and VISTA V2, Vista V3 (Maxi-Cosi, Nuna, Cybex, and BeSafe)",MEDIUM,"Inferred from the catalog adapter ""UPPAbaby Lower Car Seat Adapters for VISTA and VISTA V2, Vista V3 (Maxi-Cosi, Nuna, Cybex, and BeSafe)"".",https://babylist.pxf.io/c/6560395/1160375/13580?prodsku=41628&u=https%3A%2F%2Fwww.babylist.com%2Fgp%2Fuppababy-lower-car-seat-adapters-for-vista-and-vista-v2-vista-v3-maxi-cosi-nuna-cybex-and-besafe%2F24445%2F41628&intsrc=CATF_8981,49.99,,2026-06-28 01:48:48.645,2026-06-28 01:48:48.645
cmrmtweqa000711u5hdcobmcs,UPPAbaby,Vista V2,uppababy-vista-v2,Cybex,Aton G2 Swivel,cmrdwvbsy000u7tmavhnk64ww,INFANT,ADAPTER,t,"UPPAbaby Lower Car Seat Adapters for VISTA and VISTA V2, Vista V3 (Maxi-Cosi, Nuna, Cybex, and BeSafe)",MEDIUM,"Inferred from the catalog adapter ""UPPAbaby Lower Car Seat Adapters for VISTA and VISTA V2, Vista V3 (Maxi-Cosi, Nuna, Cybex, and BeSafe)"".",https://babylist.pxf.io/c/6560395/1160375/13580?prodsku=41628&u=https%3A%2F%2Fwww.babylist.com%2Fgp%2Fuppababy-lower-car-seat-adapters-for-vista-and-vista-v2-vista-v3-maxi-cosi-nuna-cybex-and-besafe%2F24445%2F41628&intsrc=CATF_8981,49.99,,2026-07-16 01:26:50.002,2026-07-16 01:26:50.002
cmqx4rc9l002570o0juxbls9x,UPPAbaby,Vista V2,uppababy-vista-v2,Cybex,Cloud G Pro Comfort Extend,cmqx4qpj400083835htva49ii,INFANT,ADAPTER,t,"UPPAbaby Lower Car Seat Adapters for VISTA and VISTA V2, Vista V3 (Maxi-Cosi, Nuna, Cybex, and BeSafe)",MEDIUM,"Inferred from the catalog adapter ""UPPAbaby Lower Car Seat Adapters for VISTA and VISTA V2, Vista V3 (Maxi-Cosi, Nuna, Cybex, and BeSafe)"".",https://babylist.pxf.io/c/6560395/1160375/13580?prodsku=41628&u=https%3A%2F%2Fwww.babylist.com%2Fgp%2Fuppababy-lower-car-seat-adapters-for-vista-and-vista-v2-vista-v3-maxi-cosi-nuna-cybex-and-besafe%2F24445%2F41628&intsrc=CATF_8981,49.99,,2026-06-28 01:48:48.729,2026-06-28 01:48:48.729
cmqt253hw001zfvq8uopk65p0,UPPAbaby,Vista V2,uppababy-vista-v2,Cybex,Cloud T,cybex-cloud-t,INFANT,ADAPTER,t,"UPPAbaby Lower Car Seat Adapters for VISTA and VISTA V2, Vista V3 (Maxi-Cosi, Nuna, Cybex, and BeSafe)",MEDIUM,"Inferred from the catalog adapter ""UPPAbaby Lower Car Seat Adapters for VISTA and VISTA V2, Vista V3 (Maxi-Cosi, Nuna, Cybex, and BeSafe)"".",https://babylist.pxf.io/c/6560395/1160375/13580?prodsku=41628&u=https%3A%2F%2Fwww.babylist.com%2Fgp%2Fuppababy-lower-car-seat-adapters-for-vista-and-vista-v2-vista-v3-maxi-cosi-nuna-cybex-and-besafe%2F24445%2F41628&intsrc=CATF_8981,49.99,,2026-06-25 05:24:26.997,2026-06-25 05:24:26.997
cmqx4rc4z002170o0qlaium9j,UPPAbaby,Vista V2,uppababy-vista-v2,Maxi-Cosi,Ambra,cmqx4qqbg000k3835k8b3mf6l,INFANT,ADAPTER,t,"UPPAbaby Lower Car Seat Adapters for VISTA and VISTA V2, Vista V3 (Maxi-Cosi, Nuna, Cybex, and BeSafe)",MEDIUM,"Inferred from the catalog adapter ""UPPAbaby Lower Car Seat Adapters for VISTA and VISTA V2, Vista V3 (Maxi-Cosi, Nuna, Cybex, and BeSafe)"".",https://babylist.pxf.io/c/6560395/1160375/13580?prodsku=41628&u=https%3A%2F%2Fwww.babylist.com%2Fgp%2Fuppababy-lower-car-seat-adapters-for-vista-and-vista-v2-vista-v3-maxi-cosi-nuna-cybex-and-besafe%2F24445%2F41628&intsrc=CATF_8981,49.99,,2026-06-28 01:48:48.563,2026-06-28 01:48:48.563
uppababy-vista-v2__maxi-cosi-mico-luxe,UPPAbaby,Vista V2,uppababy-vista-v2,Maxi-Cosi,Mico Luxe,maxi-cosi-mico-luxe,INFANT,ADAPTER,t,UPPAbaby adapter for Maxi-Cosi / Nuna / CYBEX / Clek infant seats,MEDIUM,"Maxi-Cosi Mico Luxe lives in one of the most universal travel-system lanes, but it is still an adapter story on this stroller.",,,,2026-03-22 17:19:43.93,2026-03-22 17:19:43.93
uppababy-vista-v2__maxi-cosi-mico-pro,UPPAbaby,Vista V2,uppababy-vista-v2,Maxi-Cosi,Mico Pro,maxi-cosi-mico-pro,INFANT,ADAPTER,t,UPPAbaby adapter for Maxi-Cosi / Nuna / CYBEX / Clek infant seats,MEDIUM,Compatible via same Maxi-Cosi click connector as Mico Luxe.,,,,2026-06-13 20:48:32.741,2026-06-13 20:48:32.741
uppababy-vista-v2__maxi-cosi-peri,UPPAbaby,Vista V2,uppababy-vista-v2,Maxi-Cosi,Peri 180,maxi-cosi-peri,INFANT,ADAPTER,t,UPPAbaby adapter for Maxi-Cosi / Nuna / CYBEX / Clek infant seats,MEDIUM,"Maxi-Cosi Peri 180 lives in one of the most universal travel-system lanes, but it is still an adapter story on this stroller.",,,,2026-03-22 17:19:43.93,2026-03-22 17:19:43.93
uppababy-vista-v2__nuna-pipa-lite-rx,UPPAbaby,Vista V2,uppababy-vista-v2,Nuna,PIPA Aire,nuna-pipa-lite-rx,INFANT,ADAPTER,t,UPPAbaby adapter for Maxi-Cosi / Nuna / CYBEX / Clek infant seats,MEDIUM,Use the Vista/Cruz Nuna adapter for PIPA Aire.,https://babylist.pxf.io/c/6560395/1160375/13580?prodsku=31191&u=https%3A%2F%2Fwww.babylist.com%2Fgp%2Fnuna-pipa-adapter-for-uppababy-vista-and-cruz%2F14468%2F31191&intsrc=APIG_8981,75,product_8981_31191,2026-03-22 03:02:28.613,2026-06-21 02:35:29.865
uppababy-vista-v2__nuna-pipa-aire-rx,UPPAbaby,Vista V2,uppababy-vista-v2,Nuna,PIPA Aire rx,nuna-pipa-aire-rx,INFANT,ADAPTER,t,UPPAbaby adapter for Maxi-Cosi / Nuna / CYBEX / Clek infant seats,MEDIUM,Compatible via same adapter path as Nuna PIPA rx.,https://babylist.pxf.io/c/6560395/1160375/13580?prodsku=31191&u=https%3A%2F%2Fwww.babylist.com%2Fgp%2Fnuna-pipa-adapter-for-uppababy-vista-and-cruz%2F14468%2F31191&intsrc=APIG_8981,75,product_8981_31191,2026-06-13 20:48:32.741,2026-06-21 02:35:29.829
uppababy-vista-v2__nuna-pipa-rx,UPPAbaby,Vista V2,uppababy-vista-v2,Nuna,PIPA RX,nuna-pipa-rx,INFANT,ADAPTER,t,UPPAbaby adapter for Maxi-Cosi / Nuna / CYBEX / Clek infant seats,MEDIUM,Use the Vista/Cruz Nuna adapter for PIPA RX.,https://babylist.pxf.io/c/6560395/1160375/13580?prodsku=31191&u=https%3A%2F%2Fwww.babylist.com%2Fgp%2Fnuna-pipa-adapter-for-uppababy-vista-and-cruz%2F14468%2F31191&intsrc=APIG_8981,75,product_8981_31191,2026-03-22 03:02:28.613,2026-06-21 02:35:29.86
uppababy-vista-v2__nuna-pipa-urbn,UPPAbaby,Vista V2,uppababy-vista-v2,Nuna,PIPA urbn,nuna-pipa-urbn,INFANT,ADAPTER,t,UPPAbaby adapter for Maxi-Cosi / Nuna / CYBEX / Clek infant seats,MEDIUM,Use the Vista/Cruz Nuna adapter for PIPA urbn.,https://babylist.pxf.io/c/6560395/1160375/13580?prodsku=31191&u=https%3A%2F%2Fwww.babylist.com%2Fgp%2Fnuna-pipa-adapter-for-uppababy-vista-and-cruz%2F14468%2F31191&intsrc=APIG_8981,75,product_8981_31191,2026-03-22 03:02:28.613,2026-06-21 02:35:29.87
uppababy-vista-v2__uppababy-aria,UPPAbaby,Vista V2,uppababy-vista-v2,UPPAbaby,Aria,uppababy-aria,INFANT,DIRECT,f,,HIGH,Aria attaches directly to the Vista with no adapters.,https://babylist.pxf.io/c/6560395/1160375/13580?prodsku=2036877&u=https%3A%2F%2Fwww.babylist.com%2Fgp%2Fuppababy-vista-v3-stroller%2F54909%2F2036877&intsrc=APIG_8981,999.99,product_8981_2036877,2026-03-22 03:02:28.613,2026-06-21 03:52:06.052
cmrfd4si6007xt781ygmig39d,UPPAbaby,Vista V3,uppababy-vista-v3,Chicco,KeyFit 30,chicco-keyfit-30,INFANT,ADAPTER,t,UPPAbaby Car Seat Adapter for Chicco Infant Car Seats,HIGH,,https://amzn.to/4bwg1Ir,,,2026-07-10 20:03:04.398,2026-07-11 00:39:46.475
cmrfd4smm007zt781o5bxg37p,UPPAbaby,Vista V3,uppababy-vista-v3,Chicco,KeyFit 30 ClearTex,cmqx4qp6y00033835pgtlizxk,INFANT,ADAPTER,t,UPPAbaby Car Seat Adapter for Chicco Infant Car Seats,HIGH,,https://amzn.to/4bwg1Ir,,,2026-07-10 20:03:04.558,2026-07-11 00:39:46.475
cmrfd4svo0083t781irx7vey9,UPPAbaby,Vista V3,uppababy-vista-v3,Chicco,KeyFit Max ClearTex,cmqx4qp9s00043835h85g6sl0,INFANT,ADAPTER,t,UPPAbaby Car Seat Adapter for Chicco Infant Car Seats,HIGH,,https://amzn.to/4bwg1Ir,,,2026-07-10 20:03:04.885,2026-07-11 00:39:46.475
cmrfd4t080085t78102kpopgq,UPPAbaby,Vista V3,uppababy-vista-v3,Chicco,KeyFit Max Zip ClearLux,cmqx4qpc50005383512d994gn,INFANT,ADAPTER,t,UPPAbaby Car Seat Adapter for Chicco Infant Car Seats,HIGH,,https://amzn.to/4bwg1Ir,,,2026-07-10 20:03:05.048,2026-07-11 00:39:46.475
cmrfd4t4z0087t7813fkljppa,UPPAbaby,Vista V3,uppababy-vista-v3,Chicco,KeyFit Max Zip ClearTex,cmqx4qpeg00063835eten1p5s,INFANT,ADAPTER,t,UPPAbaby Car Seat Adapter for Chicco Infant Car Seats,HIGH,,https://amzn.to/4bwg1Ir,,,2026-07-10 20:03:05.22,2026-07-11 00:39:46.475
uppababy-vista-v3__clek-liing,UPPAbaby,Vista V3,uppababy-vista-v3,Clek,Liing,clek-liing,INFANT,ADAPTER,t,,HIGH,,https://amzn.to/4yeRbH1,,,2026-06-13 20:48:32.697,2026-07-11 00:44:07.376
uppababy-vista-v3__clek-liingo,UPPAbaby,Vista V3,uppababy-vista-v3,Clek,Liingo,clek-liingo,INFANT,ADAPTER,t,,HIGH,,https://amzn.to/4yeRbH1,,,2026-06-13 20:48:32.697,2026-07-11 00:44:07.376
cmqx4rby0001v70o0zuub61hl,UPPAbaby,Vista V3,uppababy-vista-v3,Cybex,Aton G2,cmqx4qpgs00073835wm1de2we,INFANT,ADAPTER,t,,HIGH,,https://amzn.to/4yeRbH1,,,2026-06-28 01:48:48.312,2026-07-11 00:44:07.376
cmrfn682h000fbyef57fcx70q,UPPAbaby,Vista V3,uppababy-vista-v3,Cybex,Aton G2 Swivel,cmrdwvbsy000u7tmavhnk64ww,INFANT,ADAPTER,t,,HIGH,,https://amzn.to/4yeRbH1,,,2026-07-11 00:44:07.376,2026-07-11 00:44:07.376
cmqx4rc0b001x70o08pb0ni88,UPPAbaby,Vista V3,uppababy-vista-v3,Cybex,Cloud G Pro Comfort Extend,cmqx4qpj400083835htva49ii,INFANT,ADAPTER,t,,HIGH,,https://amzn.to/4yeRbH1,,,2026-06-28 01:48:48.395,2026-07-11 00:44:07.376
cmqt253d7001vfvq8izcmezwv,UPPAbaby,Vista V3,uppababy-vista-v3,Cybex,Cloud T,cybex-cloud-t,INFANT,ADAPTER,t,,HIGH,,https://amzn.to/4yeRbH1,,,2026-06-25 05:24:26.827,2026-07-11 00:44:07.376
cmqx4rbvn001t70o0kby7aik9,UPPAbaby,Vista V3,uppababy-vista-v3,Maxi-Cosi,Ambra,cmqx4qqbg000k3835k8b3mf6l,INFANT,ADAPTER,t,,HIGH,,https://amzn.to/4yeRbH1,,,2026-06-28 01:48:48.227,2026-07-11 00:45:08.364
uppababy-vista-v3__maxi-cosi-mico-luxe,UPPAbaby,Vista V3,uppababy-vista-v3,Maxi-Cosi,Mico Luxe,maxi-cosi-mico-luxe,INFANT,ADAPTER,t,,HIGH,,https://amzn.to/4yeRbH1,,,2026-06-13 20:48:32.697,2026-07-11 00:45:08.364
uppababy-vista-v3__maxi-cosi-mico-pro,UPPAbaby,Vista V3,uppababy-vista-v3,Maxi-Cosi,Mico Pro,maxi-cosi-mico-pro,INFANT,ADAPTER,t,,HIGH,,https://amzn.to/4yeRbH1,,,2026-06-13 20:48:32.741,2026-07-11 00:45:08.364
uppababy-vista-v3__maxi-cosi-peri,UPPAbaby,Vista V3,uppababy-vista-v3,Maxi-Cosi,Peri 180,maxi-cosi-peri,INFANT,ADAPTER,t,,HIGH,,https://amzn.to/4yeRbH1,,,2026-06-13 20:48:32.697,2026-07-11 00:45:08.364
uppababy-vista-v3__nuna-pipa-lite-rx,UPPAbaby,Vista V3,uppababy-vista-v3,Nuna,PIPA Aire,nuna-pipa-lite-rx,INFANT,ADAPTER,t,UPPAbaby ring adapter for Nuna PIPA seats,HIGH,Use the Vista/Cruz ring adapter for Nuna PIPA Aire. Same adapter path as the V2 generation.,https://babylist.pxf.io/c/6560395/1160375/13580?prodsku=31191&u=https%3A%2F%2Fwww.babylist.com%2Fgp%2Fnuna-pipa-adapter-for-uppababy-vista-and-cruz%2F14468%2F31191&intsrc=APIG_8981,75,product_8981_31191,2026-06-13 20:48:32.697,2026-06-21 02:35:29.855
uppababy-vista-v3__nuna-pipa-aire-rx,UPPAbaby,Vista V3,uppababy-vista-v3,Nuna,PIPA Aire rx,nuna-pipa-aire-rx,INFANT,ADAPTER,t,UPPAbaby ring adapter for Nuna PIPA seats,HIGH,Compatible via same adapter path as Nuna PIPA rx.,https://babylist.pxf.io/c/6560395/1160375/13580?prodsku=31191&u=https%3A%2F%2Fwww.babylist.com%2Fgp%2Fnuna-pipa-adapter-for-uppababy-vista-and-cruz%2F14468%2F31191&intsrc=APIG_8981,75,product_8981_31191,2026-06-13 20:48:32.741,2026-06-21 02:35:29.825
uppababy-vista-v3__nuna-pipa-rx,UPPAbaby,Vista V3,uppababy-vista-v3,Nuna,PIPA RX,nuna-pipa-rx,INFANT,ADAPTER,t,UPPAbaby ring adapter for Nuna PIPA seats,HIGH,Use the Vista/Cruz ring adapter for Nuna PIPA RX. Same adapter path as the V2 generation.,https://babylist.pxf.io/c/6560395/1160375/13580?prodsku=31191&u=https%3A%2F%2Fwww.babylist.com%2Fgp%2Fnuna-pipa-adapter-for-uppababy-vista-and-cruz%2F14468%2F31191&intsrc=APIG_8981,75,product_8981_31191,2026-06-13 20:48:32.697,2026-06-21 02:35:29.849
uppababy-vista-v3__nuna-pipa-urbn,UPPAbaby,Vista V3,uppababy-vista-v3,Nuna,PIPA urbn,nuna-pipa-urbn,INFANT,ADAPTER,t,UPPAbaby ring adapter for Nuna PIPA seats,HIGH,Use the Vista/Cruz ring adapter for Nuna PIPA urbn. Same adapter path as the V2 generation.,https://babylist.pxf.io/c/6560395/1160375/13580?prodsku=31191&u=https%3A%2F%2Fwww.babylist.com%2Fgp%2Fnuna-pipa-adapter-for-uppababy-vista-and-cruz%2F14468%2F31191&intsrc=APIG_8981,75,product_8981_31191,2026-06-13 20:48:32.697,2026-06-21 02:35:29.834
cmrgnyotw00a6byefxggdizma,UPPAbaby,Vista V3,uppababy-vista-v3,Peg Perego,Primo Viaggio 4-35,peg-perego-primo-viaggio-4-35,INFANT,ADAPTER,t,,HIGH,,https://amzn.to/4bj1j7E,,,2026-07-11 17:54:01.651,2026-07-11 17:54:01.651
cmrgnyotv00a4byefh6rle4qs,UPPAbaby,Vista V3,uppababy-vista-v3,Peg Perego,Primo Viaggio Lounge,cmqx4qqg6000m3835m0yyofjb,INFANT,ADAPTER,t,,HIGH,,https://amzn.to/4bj1j7E,,,2026-07-11 17:54:01.651,2026-07-11 17:54:01.651
cmrgnyour00a8byefe72qlmo9,UPPAbaby,Vista V3,uppababy-vista-v3,Peg Perego,Primo Viaggio Nido,cmqx4qqif000n3835uubq8mpy,INFANT,ADAPTER,t,,HIGH,,https://amzn.to/4bj1j7E,,,2026-07-11 17:54:01.651,2026-07-11 17:54:01.651
cmqu9huhk0025bq8eyz29t0wu,Veer,All-Terrain Cruiser,cmqpqr2q1002l7qllrfy61aca,Britax,Cypress S,britax-cypress-s,INFANT,ADAPTER,t,Veer Cruiser Infant Car Seat Adapter - Britax,MEDIUM,"Inferred from the catalog adapter ""Veer Cruiser Infant Car Seat Adapter - Britax"".",https://www.awin1.com/cread.php?awinmid=75150&awinaffid=2588613&ued=https%3A%2F%2Fwww.anbbaby.com%2Fproducts%2Fveer-cruiser-infant-car-seat-adapter%3Fvariant%3D39314573164630,79,,2026-06-26 01:38:05.336,2026-06-26 01:38:05.336
cmqu9huci0021bq8e91p6m3o5,Veer,All-Terrain Cruiser,cmqpqr2q1002l7qllrfy61aca,Britax,Willow S,britax-willow-s,INFANT,ADAPTER,t,Veer Cruiser Infant Car Seat Adapter - Britax,MEDIUM,"Inferred from the catalog adapter ""Veer Cruiser Infant Car Seat Adapter - Britax"".",https://www.awin1.com/cread.php?awinmid=75150&awinaffid=2588613&ued=https%3A%2F%2Fwww.anbbaby.com%2Fproducts%2Fveer-cruiser-infant-car-seat-adapter%3Fvariant%3D39314573164630,79,,2026-06-26 01:38:05.154,2026-06-26 01:38:05.154
cmqu9huez0023bq8e0fyrx7zw,Veer,All-Terrain Cruiser,cmqpqr2q1002l7qllrfy61aca,Britax,Willow SC,cmqt1dq4e00043u44vihpznhm,INFANT,ADAPTER,t,Veer Cruiser Infant Car Seat Adapter - Britax,MEDIUM,"Inferred from the catalog adapter ""Veer Cruiser Infant Car Seat Adapter - Britax"".",https://www.awin1.com/cread.php?awinmid=75150&awinaffid=2588613&ued=https%3A%2F%2Fwww.anbbaby.com%2Fproducts%2Fveer-cruiser-infant-car-seat-adapter%3Fvariant%3D39314573164630,79,,2026-06-26 01:38:05.244,2026-06-26 01:38:05.244
cmqx4rciy002d70o083je6fxh,Veer,All-Terrain Cruiser,cmqpqr2q1002l7qllrfy61aca,Cybex,Aton G2,cmqx4qpgs00073835wm1de2we,INFANT,ADAPTER,t,Veer Infant Car Seat Adapter for Cruiser Wagon Size Cybex/Maxi-Cosi/Nuna,MEDIUM,"Inferred from the catalog adapter ""Veer Infant Car Seat Adapter for Cruiser Wagon Size Cybex/Maxi-Cosi/Nuna"".",https://babylist.pxf.io/c/6560395/1160375/13580?prodsku=69396&u=https%3A%2F%2Fwww.babylist.com%2Fgp%2Fveer-infant-car-seat-adapter-for-veer-cruiser-wagon%2F16069%2F69396&intsrc=CATF_8981,79,,2026-06-28 01:48:49.067,2026-06-28 01:48:49.067
cmrmtwev0000b11u5g840t1vj,Veer,All-Terrain Cruiser,cmqpqr2q1002l7qllrfy61aca,Cybex,Aton G2 Swivel,cmrdwvbsy000u7tmavhnk64ww,INFANT,ADAPTER,t,Veer Infant Car Seat Adapter for Cruiser Wagon Size Cybex/Maxi-Cosi/Nuna,MEDIUM,"Inferred from the catalog adapter ""Veer Infant Car Seat Adapter for Cruiser Wagon Size Cybex/Maxi-Cosi/Nuna"".",https://babylist.pxf.io/c/6560395/1160375/13580?prodsku=69396&u=https%3A%2F%2Fwww.babylist.com%2Fgp%2Fveer-infant-car-seat-adapter-for-veer-cruiser-wagon%2F16069%2F69396&intsrc=CATF_8981,79,,2026-07-16 01:26:50.172,2026-07-16 01:26:50.172
cmqx4rcl8002f70o0dzwmi95h,Veer,All-Terrain Cruiser,cmqpqr2q1002l7qllrfy61aca,Cybex,Cloud G Pro Comfort Extend,cmqx4qpj400083835htva49ii,INFANT,ADAPTER,t,Veer Infant Car Seat Adapter for Cruiser Wagon Size Cybex/Maxi-Cosi/Nuna,MEDIUM,"Inferred from the catalog adapter ""Veer Infant Car Seat Adapter for Cruiser Wagon Size Cybex/Maxi-Cosi/Nuna"".",https://babylist.pxf.io/c/6560395/1160375/13580?prodsku=69396&u=https%3A%2F%2Fwww.babylist.com%2Fgp%2Fveer-infant-car-seat-adapter-for-veer-cruiser-wagon%2F16069%2F69396&intsrc=CATF_8981,79,,2026-06-28 01:48:49.149,2026-06-28 01:48:49.149
cmqt2544r002jfvq8i5uyp63y,Veer,All-Terrain Cruiser,cmqpqr2q1002l7qllrfy61aca,Cybex,Cloud T,cybex-cloud-t,INFANT,ADAPTER,t,Veer Infant Car Seat Adapter for Cruiser Wagon Size Cybex/Maxi-Cosi/Nuna,MEDIUM,"Inferred from the catalog adapter ""Veer Infant Car Seat Adapter for Cruiser Wagon Size Cybex/Maxi-Cosi/Nuna"".",https://babylist.pxf.io/c/6560395/1160375/13580?prodsku=69396&u=https%3A%2F%2Fwww.babylist.com%2Fgp%2Fveer-infant-car-seat-adapter-for-veer-cruiser-wagon%2F16069%2F69396&intsrc=CATF_8981,79,,2026-06-25 05:24:27.82,2026-06-25 05:24:27.82
cmqx4rcgp002b70o07l0dj4hc,Veer,All-Terrain Cruiser,cmqpqr2q1002l7qllrfy61aca,Maxi-Cosi,Ambra,cmqx4qqbg000k3835k8b3mf6l,INFANT,ADAPTER,t,Veer Infant Car Seat Adapter for Cruiser Wagon Size Cybex/Maxi-Cosi/Nuna,MEDIUM,"Inferred from the catalog adapter ""Veer Infant Car Seat Adapter for Cruiser Wagon Size Cybex/Maxi-Cosi/Nuna"".",https://babylist.pxf.io/c/6560395/1160375/13580?prodsku=69396&u=https%3A%2F%2Fwww.babylist.com%2Fgp%2Fveer-infant-car-seat-adapter-for-veer-cruiser-wagon%2F16069%2F69396&intsrc=CATF_8981,79,,2026-06-28 01:48:48.985,2026-06-28 01:48:48.985
cmqt253os0025fvq8rtsm33ju,Veer,All-Terrain Cruiser,cmqpqr2q1002l7qllrfy61aca,Maxi-Cosi,Mico Luxe,maxi-cosi-mico-luxe,INFANT,ADAPTER,t,Veer Infant Car Seat Adapter for Cruiser Wagon Size Cybex/Maxi-Cosi/Nuna,MEDIUM,"Inferred from the catalog adapter ""Veer Infant Car Seat Adapter for Cruiser Wagon Size Cybex/Maxi-Cosi/Nuna"".",https://babylist.pxf.io/c/6560395/1160375/13580?prodsku=69396&u=https%3A%2F%2Fwww.babylist.com%2Fgp%2Fveer-infant-car-seat-adapter-for-veer-cruiser-wagon%2F16069%2F69396&intsrc=CATF_8981,79,,2026-06-25 05:24:27.245,2026-06-25 05:24:27.245
cmqt253k80021fvq81fv6kyx1,Veer,All-Terrain Cruiser,cmqpqr2q1002l7qllrfy61aca,Maxi-Cosi,Mico Pro,maxi-cosi-mico-pro,INFANT,ADAPTER,t,Veer Infant Car Seat Adapter for Cruiser Wagon Size Cybex/Maxi-Cosi/Nuna,MEDIUM,"Inferred from the catalog adapter ""Veer Infant Car Seat Adapter for Cruiser Wagon Size Cybex/Maxi-Cosi/Nuna"".",https://babylist.pxf.io/c/6560395/1160375/13580?prodsku=69396&u=https%3A%2F%2Fwww.babylist.com%2Fgp%2Fveer-infant-car-seat-adapter-for-veer-cruiser-wagon%2F16069%2F69396&intsrc=CATF_8981,79,,2026-06-25 05:24:27.081,2026-06-25 05:24:27.081
cmqt253r10027fvq839d3mykm,Veer,All-Terrain Cruiser,cmqpqr2q1002l7qllrfy61aca,Maxi-Cosi,Peri 180,maxi-cosi-peri,INFANT,ADAPTER,t,Veer Infant Car Seat Adapter for Cruiser Wagon Size Cybex/Maxi-Cosi/Nuna,MEDIUM,"Inferred from the catalog adapter ""Veer Infant Car Seat Adapter for Cruiser Wagon Size Cybex/Maxi-Cosi/Nuna"".",https://babylist.pxf.io/c/6560395/1160375/13580?prodsku=69396&u=https%3A%2F%2Fwww.babylist.com%2Fgp%2Fveer-infant-car-seat-adapter-for-veer-cruiser-wagon%2F16069%2F69396&intsrc=CATF_8981,79,,2026-06-25 05:24:27.326,2026-06-25 05:24:27.326
cmqt253vl002bfvq84s3zyv9s,Veer,All-Terrain Cruiser,cmqpqr2q1002l7qllrfy61aca,Nuna,PIPA Aire,nuna-pipa-lite-rx,INFANT,ADAPTER,t,Veer Infant Car Seat Adapter for Cruiser Wagon Size Cybex/Maxi-Cosi/Nuna,MEDIUM,"Inferred from the catalog adapter ""Veer Infant Car Seat Adapter for Cruiser Wagon Size Cybex/Maxi-Cosi/Nuna"".",https://babylist.pxf.io/c/6560395/1160375/13580?prodsku=69396&u=https%3A%2F%2Fwww.babylist.com%2Fgp%2Fveer-infant-car-seat-adapter-for-veer-cruiser-wagon%2F16069%2F69396&intsrc=CATF_8981,79,,2026-06-25 05:24:27.49,2026-06-25 05:24:27.49
cmqt253xv002dfvq8p8tfw123,Veer,All-Terrain Cruiser,cmqpqr2q1002l7qllrfy61aca,Nuna,PIPA Aire rx,nuna-pipa-aire-rx,INFANT,ADAPTER,t,Veer Infant Car Seat Adapter for Cruiser Wagon Size Cybex/Maxi-Cosi/Nuna,MEDIUM,"Inferred from the catalog adapter ""Veer Infant Car Seat Adapter for Cruiser Wagon Size Cybex/Maxi-Cosi/Nuna"".",https://babylist.pxf.io/c/6560395/1160375/13580?prodsku=69396&u=https%3A%2F%2Fwww.babylist.com%2Fgp%2Fveer-infant-car-seat-adapter-for-veer-cruiser-wagon%2F16069%2F69396&intsrc=CATF_8981,79,,2026-06-25 05:24:27.571,2026-06-25 05:24:27.571
cmqt253tb0029fvq84fnoj9z2,Veer,All-Terrain Cruiser,cmqpqr2q1002l7qllrfy61aca,Nuna,PIPA RX,nuna-pipa-rx,INFANT,ADAPTER,t,Veer Infant Car Seat Adapter for Cruiser Wagon Size Cybex/Maxi-Cosi/Nuna,MEDIUM,"Inferred from the catalog adapter ""Veer Infant Car Seat Adapter for Cruiser Wagon Size Cybex/Maxi-Cosi/Nuna"".",https://babylist.pxf.io/c/6560395/1160375/13580?prodsku=69396&u=https%3A%2F%2Fwww.babylist.com%2Fgp%2Fveer-infant-car-seat-adapter-for-veer-cruiser-wagon%2F16069%2F69396&intsrc=CATF_8981,79,,2026-06-25 05:24:27.407,2026-06-25 05:24:27.407
cmqt25405002ffvq8esap2m9g,Veer,All-Terrain Cruiser,cmqpqr2q1002l7qllrfy61aca,Nuna,PIPA urbn,nuna-pipa-urbn,INFANT,ADAPTER,t,Veer Infant Car Seat Adapter for Cruiser Wagon Size Cybex/Maxi-Cosi/Nuna,MEDIUM,"Inferred from the catalog adapter ""Veer Infant Car Seat Adapter for Cruiser Wagon Size Cybex/Maxi-Cosi/Nuna"".",https://babylist.pxf.io/c/6560395/1160375/13580?prodsku=69396&u=https%3A%2F%2Fwww.babylist.com%2Fgp%2Fveer-infant-car-seat-adapter-for-veer-cruiser-wagon%2F16069%2F69396&intsrc=CATF_8981,79,,2026-06-25 05:24:27.653,2026-06-25 05:24:27.653
cmqx8pgsv0003gq0c0o1j8ux2,Veer,All-Terrain Cruiser,cmqpqr2q1002l7qllrfy61aca,UPPAbaby,Aria,uppababy-aria,INFANT,ADAPTER,t,Veer Infant Car Seat Adapter for Cruiser Wagon Size Uppababy,MEDIUM,"Inferred from the catalog adapter ""Veer Infant Car Seat Adapter for Cruiser Wagon Size Uppababy"".",https://babylist.pxf.io/c/6560395/1160375/13580?prodsku=307614&u=https%3A%2F%2Fwww.babylist.com%2Fgp%2Fveer-infant-car-seat-adapter-for-veer-cruiser-wagon%2F16069%2F307614&intsrc=CATF_8981,69,,2026-06-28 03:39:19.76,2026-06-28 03:39:19.76
cmqx8pgv70005gq0ce6yo0z0s,Veer,All-Terrain Cruiser,cmqpqr2q1002l7qllrfy61aca,UPPAbaby,Aria V2,uppababy-aria-v2,INFANT,ADAPTER,t,Veer Infant Car Seat Adapter for Cruiser Wagon Size Uppababy,MEDIUM,"Inferred from the catalog adapter ""Veer Infant Car Seat Adapter for Cruiser Wagon Size Uppababy"".",https://babylist.pxf.io/c/6560395/1160375/13580?prodsku=307614&u=https%3A%2F%2Fwww.babylist.com%2Fgp%2Fveer-infant-car-seat-adapter-for-veer-cruiser-wagon%2F16069%2F307614&intsrc=CATF_8981,69,,2026-06-28 03:39:19.844,2026-06-28 03:39:19.844
cmqx8pgxj0007gq0c4pomnnz7,Veer,All-Terrain Cruiser,cmqpqr2q1002l7qllrfy61aca,UPPAbaby,Mesa V3,uppababy-mesa-v3,INFANT,ADAPTER,t,Veer Infant Car Seat Adapter for Cruiser Wagon Size Uppababy,MEDIUM,"Inferred from the catalog adapter ""Veer Infant Car Seat Adapter for Cruiser Wagon Size Uppababy"".",https://babylist.pxf.io/c/6560395/1160375/13580?prodsku=307614&u=https%3A%2F%2Fwww.babylist.com%2Fgp%2Fveer-infant-car-seat-adapter-for-veer-cruiser-wagon%2F16069%2F307614&intsrc=CATF_8981,69,,2026-06-28 03:39:19.927,2026-06-28 03:39:19.927
cmqx8piyi001xgq0cyfhzib32,Veer,Cruiser,cmqx8m2to000210nuqbjpz9i5,Britax,Cypress S,britax-cypress-s,INFANT,ADAPTER,t,Veer Cruiser Infant Car Seat Adapter - Britax,MEDIUM,"Inferred from the catalog adapter ""Veer Cruiser Infant Car Seat Adapter - Britax"".",https://www.awin1.com/cread.php?awinmid=75150&awinaffid=2588613&ued=https%3A%2F%2Fwww.anbbaby.com%2Fproducts%2Fveer-cruiser-infant-car-seat-adapter%3Fvariant%3D39314573164630,79,,2026-06-28 03:39:22.554,2026-06-28 03:39:22.554
cmqx8pitp001tgq0cz0m2wl11,Veer,Cruiser,cmqx8m2to000210nuqbjpz9i5,Britax,Willow S,britax-willow-s,INFANT,ADAPTER,t,Veer Cruiser Infant Car Seat Adapter - Britax,MEDIUM,"Inferred from the catalog adapter ""Veer Cruiser Infant Car Seat Adapter - Britax"".",https://www.awin1.com/cread.php?awinmid=75150&awinaffid=2588613&ued=https%3A%2F%2Fwww.anbbaby.com%2Fproducts%2Fveer-cruiser-infant-car-seat-adapter%3Fvariant%3D39314573164630,79,,2026-06-28 03:39:22.381,2026-06-28 03:39:22.381
cmqx8piw4001vgq0c3yo9iqzi,Veer,Cruiser,cmqx8m2to000210nuqbjpz9i5,Britax,Willow SC,cmqt1dq4e00043u44vihpznhm,INFANT,ADAPTER,t,Veer Cruiser Infant Car Seat Adapter - Britax,MEDIUM,"Inferred from the catalog adapter ""Veer Cruiser Infant Car Seat Adapter - Britax"".",https://www.awin1.com/cread.php?awinmid=75150&awinaffid=2588613&ued=https%3A%2F%2Fwww.anbbaby.com%2Fproducts%2Fveer-cruiser-infant-car-seat-adapter%3Fvariant%3D39314573164630,79,,2026-06-28 03:39:22.468,2026-06-28 03:39:22.468
cmqx8phln000rgq0ccpqp4dpt,Veer,Cruiser,cmqx8m2to000210nuqbjpz9i5,Cybex,Aton G2,cmqx4qpgs00073835wm1de2we,INFANT,ADAPTER,t,Veer Infant Car Seat Adapter for Cruiser Wagon Size Cybex/Maxi-Cosi/Nuna,MEDIUM,"Inferred from the catalog adapter ""Veer Infant Car Seat Adapter for Cruiser Wagon Size Cybex/Maxi-Cosi/Nuna"".",https://babylist.pxf.io/c/6560395/1160375/13580?prodsku=69396&u=https%3A%2F%2Fwww.babylist.com%2Fgp%2Fveer-infant-car-seat-adapter-for-veer-cruiser-wagon%2F16069%2F69396&intsrc=CATF_8981,79,,2026-06-28 03:39:20.796,2026-06-28 03:39:20.796
cmrmtwf69000l11u5p6h92r0f,Veer,Cruiser,cmqx8m2to000210nuqbjpz9i5,Cybex,Aton G2 Swivel,cmrdwvbsy000u7tmavhnk64ww,INFANT,ADAPTER,t,Veer Infant Car Seat Adapter for Cruiser Wagon Size Cybex/Maxi-Cosi/Nuna,MEDIUM,"Inferred from the catalog adapter ""Veer Infant Car Seat Adapter for Cruiser Wagon Size Cybex/Maxi-Cosi/Nuna"".",https://babylist.pxf.io/c/6560395/1160375/13580?prodsku=69396&u=https%3A%2F%2Fwww.babylist.com%2Fgp%2Fveer-infant-car-seat-adapter-for-veer-cruiser-wagon%2F16069%2F69396&intsrc=CATF_8981,79,,2026-07-16 01:26:50.578,2026-07-16 01:26:50.578
cmqx8phnw000tgq0c4ne8jojd,Veer,Cruiser,cmqx8m2to000210nuqbjpz9i5,Cybex,Cloud G Pro Comfort Extend,cmqx4qpj400083835htva49ii,INFANT,ADAPTER,t,Veer Infant Car Seat Adapter for Cruiser Wagon Size Cybex/Maxi-Cosi/Nuna,MEDIUM,"Inferred from the catalog adapter ""Veer Infant Car Seat Adapter for Cruiser Wagon Size Cybex/Maxi-Cosi/Nuna"".",https://babylist.pxf.io/c/6560395/1160375/13580?prodsku=69396&u=https%3A%2F%2Fwww.babylist.com%2Fgp%2Fveer-infant-car-seat-adapter-for-veer-cruiser-wagon%2F16069%2F69396&intsrc=CATF_8981,79,,2026-06-28 03:39:20.876,2026-06-28 03:39:20.876
cmqx8phsf000xgq0cq9sqmlmv,Veer,Cruiser,cmqx8m2to000210nuqbjpz9i5,Cybex,Cloud T,cybex-cloud-t,INFANT,ADAPTER,t,Veer Infant Car Seat Adapter for Cruiser Wagon Size Cybex/Maxi-Cosi/Nuna,MEDIUM,"Inferred from the catalog adapter ""Veer Infant Car Seat Adapter for Cruiser Wagon Size Cybex/Maxi-Cosi/Nuna"".",https://babylist.pxf.io/c/6560395/1160375/13580?prodsku=69396&u=https%3A%2F%2Fwww.babylist.com%2Fgp%2Fveer-infant-car-seat-adapter-for-veer-cruiser-wagon%2F16069%2F69396&intsrc=CATF_8981,79,,2026-06-28 03:39:21.039,2026-06-28 03:39:21.039
cmqx8pi4a0017gq0cjlbu88ji,Veer,Cruiser,cmqx8m2to000210nuqbjpz9i5,Maxi-Cosi,Ambra,cmqx4qqbg000k3835k8b3mf6l,INFANT,ADAPTER,t,Veer Infant Car Seat Adapter for Cruiser Wagon Size Cybex/Maxi-Cosi/Nuna,MEDIUM,"Inferred from the catalog adapter ""Veer Infant Car Seat Adapter for Cruiser Wagon Size Cybex/Maxi-Cosi/Nuna"".",https://babylist.pxf.io/c/6560395/1160375/13580?prodsku=69396&u=https%3A%2F%2Fwww.babylist.com%2Fgp%2Fveer-infant-car-seat-adapter-for-veer-cruiser-wagon%2F16069%2F69396&intsrc=CATF_8981,79,,2026-06-28 03:39:21.464,2026-06-28 03:39:21.464
cmqx8phbz000jgq0c2xi9mjq9,Veer,Cruiser,cmqx8m2to000210nuqbjpz9i5,Maxi-Cosi,Mico Luxe,maxi-cosi-mico-luxe,INFANT,ADAPTER,t,Veer Infant Car Seat Adapter for Cruiser Wagon Size Cybex/Maxi-Cosi/Nuna,MEDIUM,"Inferred from the catalog adapter ""Veer Infant Car Seat Adapter for Cruiser Wagon Size Cybex/Maxi-Cosi/Nuna"".",https://babylist.pxf.io/c/6560395/1160375/13580?prodsku=69396&u=https%3A%2F%2Fwww.babylist.com%2Fgp%2Fveer-infant-car-seat-adapter-for-veer-cruiser-wagon%2F16069%2F69396&intsrc=CATF_8981,79,,2026-06-28 03:39:20.447,2026-06-28 03:39:20.447
cmqx8phej000lgq0cxlb1rff0,Veer,Cruiser,cmqx8m2to000210nuqbjpz9i5,Maxi-Cosi,Mico Pro,maxi-cosi-mico-pro,INFANT,ADAPTER,t,Veer Infant Car Seat Adapter for Cruiser Wagon Size Cybex/Maxi-Cosi/Nuna,MEDIUM,"Inferred from the catalog adapter ""Veer Infant Car Seat Adapter for Cruiser Wagon Size Cybex/Maxi-Cosi/Nuna"".",https://babylist.pxf.io/c/6560395/1160375/13580?prodsku=69396&u=https%3A%2F%2Fwww.babylist.com%2Fgp%2Fveer-infant-car-seat-adapter-for-veer-cruiser-wagon%2F16069%2F69396&intsrc=CATF_8981,79,,2026-06-28 03:39:20.539,2026-06-28 03:39:20.539
cmqx8phz80013gq0cxqwha46i,Veer,Cruiser,cmqx8m2to000210nuqbjpz9i5,Maxi-Cosi,Peri 180,maxi-cosi-peri,INFANT,ADAPTER,t,Veer Infant Car Seat Adapter for Cruiser Wagon Size Cybex/Maxi-Cosi/Nuna,MEDIUM,"Inferred from the catalog adapter ""Veer Infant Car Seat Adapter for Cruiser Wagon Size Cybex/Maxi-Cosi/Nuna"".",https://babylist.pxf.io/c/6560395/1160375/13580?prodsku=69396&u=https%3A%2F%2Fwww.babylist.com%2Fgp%2Fveer-infant-car-seat-adapter-for-veer-cruiser-wagon%2F16069%2F69396&intsrc=CATF_8981,79,,2026-06-28 03:39:21.284,2026-06-28 03:39:21.284
cmqx8phup000zgq0cqmqy5ieu,Veer,Cruiser,cmqx8m2to000210nuqbjpz9i5,Nuna,PIPA Aire,nuna-pipa-lite-rx,INFANT,ADAPTER,t,Veer Infant Car Seat Adapter for Cruiser Wagon Size Cybex/Maxi-Cosi/Nuna,MEDIUM,"Inferred from the catalog adapter ""Veer Infant Car Seat Adapter for Cruiser Wagon Size Cybex/Maxi-Cosi/Nuna"".",https://babylist.pxf.io/c/6560395/1160375/13580?prodsku=69396&u=https%3A%2F%2Fwww.babylist.com%2Fgp%2Fveer-infant-car-seat-adapter-for-veer-cruiser-wagon%2F16069%2F69396&intsrc=CATF_8981,79,,2026-06-28 03:39:21.122,2026-06-28 03:39:21.122
cmqx8phq5000vgq0cwcnswk7l,Veer,Cruiser,cmqx8m2to000210nuqbjpz9i5,Nuna,PIPA Aire rx,nuna-pipa-aire-rx,INFANT,ADAPTER,t,Veer Infant Car Seat Adapter for Cruiser Wagon Size Cybex/Maxi-Cosi/Nuna,MEDIUM,"Inferred from the catalog adapter ""Veer Infant Car Seat Adapter for Cruiser Wagon Size Cybex/Maxi-Cosi/Nuna"".",https://babylist.pxf.io/c/6560395/1160375/13580?prodsku=69396&u=https%3A%2F%2Fwww.babylist.com%2Fgp%2Fveer-infant-car-seat-adapter-for-veer-cruiser-wagon%2F16069%2F69396&intsrc=CATF_8981,79,,2026-06-28 03:39:20.958,2026-06-28 03:39:20.958
cmqx8ph95000hgq0cb1ny4823,Veer,Cruiser,cmqx8m2to000210nuqbjpz9i5,Nuna,PIPA RX,nuna-pipa-rx,INFANT,ADAPTER,t,Veer Infant Car Seat Adapter for Cruiser Wagon Size Cybex/Maxi-Cosi/Nuna,MEDIUM,"Inferred from the catalog adapter ""Veer Infant Car Seat Adapter for Cruiser Wagon Size Cybex/Maxi-Cosi/Nuna"".",https://babylist.pxf.io/c/6560395/1160375/13580?prodsku=69396&u=https%3A%2F%2Fwww.babylist.com%2Fgp%2Fveer-infant-car-seat-adapter-for-veer-cruiser-wagon%2F16069%2F69396&intsrc=CATF_8981,79,,2026-06-28 03:39:20.346,2026-06-28 03:39:20.346
cmqx8phwz0011gq0cw56kywvk,Veer,Cruiser,cmqx8m2to000210nuqbjpz9i5,Nuna,PIPA urbn,nuna-pipa-urbn,INFANT,ADAPTER,t,Veer Infant Car Seat Adapter for Cruiser Wagon Size Cybex/Maxi-Cosi/Nuna,MEDIUM,"Inferred from the catalog adapter ""Veer Infant Car Seat Adapter for Cruiser Wagon Size Cybex/Maxi-Cosi/Nuna"".",https://babylist.pxf.io/c/6560395/1160375/13580?prodsku=69396&u=https%3A%2F%2Fwww.babylist.com%2Fgp%2Fveer-infant-car-seat-adapter-for-veer-cruiser-wagon%2F16069%2F69396&intsrc=CATF_8981,79,,2026-06-28 03:39:21.204,2026-06-28 03:39:21.204
cmqx8ph2a000bgq0ccpdtlu9c,Veer,Cruiser,cmqx8m2to000210nuqbjpz9i5,UPPAbaby,Aria,uppababy-aria,INFANT,ADAPTER,t,Veer Infant Car Seat Adapter for Cruiser Wagon Size Uppababy,MEDIUM,"Inferred from the catalog adapter ""Veer Infant Car Seat Adapter for Cruiser Wagon Size Uppababy"".",https://babylist.pxf.io/c/6560395/1160375/13580?prodsku=307614&u=https%3A%2F%2Fwww.babylist.com%2Fgp%2Fveer-infant-car-seat-adapter-for-veer-cruiser-wagon%2F16069%2F307614&intsrc=CATF_8981,69,,2026-06-28 03:39:20.098,2026-06-28 03:39:20.098
cmqx8ph4j000dgq0c0qu3a5sh,Veer,Cruiser,cmqx8m2to000210nuqbjpz9i5,UPPAbaby,Aria V2,uppababy-aria-v2,INFANT,ADAPTER,t,Veer Infant Car Seat Adapter for Cruiser Wagon Size Uppababy,MEDIUM,"Inferred from the catalog adapter ""Veer Infant Car Seat Adapter for Cruiser Wagon Size Uppababy"".",https://babylist.pxf.io/c/6560395/1160375/13580?prodsku=307614&u=https%3A%2F%2Fwww.babylist.com%2Fgp%2Fveer-infant-car-seat-adapter-for-veer-cruiser-wagon%2F16069%2F307614&intsrc=CATF_8981,69,,2026-06-28 03:39:20.18,2026-06-28 03:39:20.18
cmqx8ph6v000fgq0cdss23blr,Veer,Cruiser,cmqx8m2to000210nuqbjpz9i5,UPPAbaby,Mesa V3,uppababy-mesa-v3,INFANT,ADAPTER,t,Veer Infant Car Seat Adapter for Cruiser Wagon Size Uppababy,MEDIUM,"Inferred from the catalog adapter ""Veer Infant Car Seat Adapter for Cruiser Wagon Size Uppababy"".",https://babylist.pxf.io/c/6560395/1160375/13580?prodsku=307614&u=https%3A%2F%2Fwww.babylist.com%2Fgp%2Fveer-infant-car-seat-adapter-for-veer-cruiser-wagon%2F16069%2F307614&intsrc=CATF_8981,69,,2026-06-28 03:39:20.264,2026-06-28 03:39:20.264
cmqzsb5j7005712dxia550crg,Veer,Cruiser City,cmqpqr2sf002m7qllr9yz4qzg,Britax,Cypress S,britax-cypress-s,INFANT,ADAPTER,t,Veer Cruiser Infant Car Seat Adapter - Britax,MEDIUM,"Inferred from the catalog adapter ""Veer Cruiser Infant Car Seat Adapter - Britax"".",https://www.awin1.com/cread.php?awinmid=75150&awinaffid=2588613&ued=https%3A%2F%2Fwww.anbbaby.com%2Fproducts%2Fveer-cruiser-infant-car-seat-adapter%3Fvariant%3D39314573164630,79,,2026-06-29 22:23:36.644,2026-06-29 22:23:36.644
cmqzsb5em005312dx8k5pstx0,Veer,Cruiser City,cmqpqr2sf002m7qllr9yz4qzg,Britax,Willow S,britax-willow-s,INFANT,ADAPTER,t,Veer Cruiser Infant Car Seat Adapter - Britax,MEDIUM,"Inferred from the catalog adapter ""Veer Cruiser Infant Car Seat Adapter - Britax"".",https://www.awin1.com/cread.php?awinmid=75150&awinaffid=2588613&ued=https%3A%2F%2Fwww.anbbaby.com%2Fproducts%2Fveer-cruiser-infant-car-seat-adapter%3Fvariant%3D39314573164630,79,,2026-06-29 22:23:36.479,2026-06-29 22:23:36.479
cmqzsb5gy005512dxfsuqy20g,Veer,Cruiser City,cmqpqr2sf002m7qllr9yz4qzg,Britax,Willow SC,cmqt1dq4e00043u44vihpznhm,INFANT,ADAPTER,t,Veer Cruiser Infant Car Seat Adapter - Britax,MEDIUM,"Inferred from the catalog adapter ""Veer Cruiser Infant Car Seat Adapter - Britax"".",https://www.awin1.com/cread.php?awinmid=75150&awinaffid=2588613&ued=https%3A%2F%2Fwww.anbbaby.com%2Fproducts%2Fveer-cruiser-infant-car-seat-adapter%3Fvariant%3D39314573164630,79,,2026-06-29 22:23:36.563,2026-06-29 22:23:36.563
cmqzsb4bl004512dxfl6bwx1l,Veer,Cruiser City,cmqpqr2sf002m7qllr9yz4qzg,Cybex,Aton G2,cmqx4qpgs00073835wm1de2we,INFANT,ADAPTER,t,Veer Infant Car Seat Adapter for Cruiser Wagon Size Cybex/Maxi-Cosi/Nuna,MEDIUM,"Inferred from the catalog adapter ""Veer Infant Car Seat Adapter for Cruiser Wagon Size Cybex/Maxi-Cosi/Nuna"".",https://babylist.pxf.io/c/6560395/1160375/13580?prodsku=69396&u=https%3A%2F%2Fwww.babylist.com%2Fgp%2Fveer-infant-car-seat-adapter-for-veer-cruiser-wagon%2F16069%2F69396&intsrc=CATF_8981,79,,2026-06-29 22:23:35.073,2026-06-29 22:23:35.073
cmrmtwesn000911u5cl0cfhej,Veer,Cruiser City,cmqpqr2sf002m7qllr9yz4qzg,Cybex,Aton G2 Swivel,cmrdwvbsy000u7tmavhnk64ww,INFANT,ADAPTER,t,Veer Infant Car Seat Adapter for Cruiser Wagon Size Cybex/Maxi-Cosi/Nuna,MEDIUM,"Inferred from the catalog adapter ""Veer Infant Car Seat Adapter for Cruiser Wagon Size Cybex/Maxi-Cosi/Nuna"".",https://babylist.pxf.io/c/6560395/1160375/13580?prodsku=69396&u=https%3A%2F%2Fwww.babylist.com%2Fgp%2Fveer-infant-car-seat-adapter-for-veer-cruiser-wagon%2F16069%2F69396&intsrc=CATF_8981,79,,2026-07-16 01:26:50.087,2026-07-16 01:26:50.087
cmqzsb4dx004712dx01w9b08j,Veer,Cruiser City,cmqpqr2sf002m7qllr9yz4qzg,Cybex,Cloud G Pro Comfort Extend,cmqx4qpj400083835htva49ii,INFANT,ADAPTER,t,Veer Infant Car Seat Adapter for Cruiser Wagon Size Cybex/Maxi-Cosi/Nuna,MEDIUM,"Inferred from the catalog adapter ""Veer Infant Car Seat Adapter for Cruiser Wagon Size Cybex/Maxi-Cosi/Nuna"".",https://babylist.pxf.io/c/6560395/1160375/13580?prodsku=69396&u=https%3A%2F%2Fwww.babylist.com%2Fgp%2Fveer-infant-car-seat-adapter-for-veer-cruiser-wagon%2F16069%2F69396&intsrc=CATF_8981,79,,2026-06-29 22:23:35.158,2026-06-29 22:23:35.158
cmqzsb4ij004b12dxihd1czft,Veer,Cruiser City,cmqpqr2sf002m7qllr9yz4qzg,Cybex,Cloud T,cybex-cloud-t,INFANT,ADAPTER,t,Veer Infant Car Seat Adapter for Cruiser Wagon Size Cybex/Maxi-Cosi/Nuna,MEDIUM,"Inferred from the catalog adapter ""Veer Infant Car Seat Adapter for Cruiser Wagon Size Cybex/Maxi-Cosi/Nuna"".",https://babylist.pxf.io/c/6560395/1160375/13580?prodsku=69396&u=https%3A%2F%2Fwww.babylist.com%2Fgp%2Fveer-infant-car-seat-adapter-for-veer-cruiser-wagon%2F16069%2F69396&intsrc=CATF_8981,79,,2026-06-29 22:23:35.323,2026-06-29 22:23:35.323
cmqzsb4u3004l12dx046jx4nh,Veer,Cruiser City,cmqpqr2sf002m7qllr9yz4qzg,Maxi-Cosi,Ambra,cmqx4qqbg000k3835k8b3mf6l,INFANT,ADAPTER,t,Veer Infant Car Seat Adapter for Cruiser Wagon Size Cybex/Maxi-Cosi/Nuna,MEDIUM,"Inferred from the catalog adapter ""Veer Infant Car Seat Adapter for Cruiser Wagon Size Cybex/Maxi-Cosi/Nuna"".",https://babylist.pxf.io/c/6560395/1160375/13580?prodsku=69396&u=https%3A%2F%2Fwww.babylist.com%2Fgp%2Fveer-infant-car-seat-adapter-for-veer-cruiser-wagon%2F16069%2F69396&intsrc=CATF_8981,79,,2026-06-29 22:23:35.739,2026-06-29 22:23:35.739
cmqzsb41w003x12dx8hfos8i5,Veer,Cruiser City,cmqpqr2sf002m7qllr9yz4qzg,Maxi-Cosi,Mico Luxe,maxi-cosi-mico-luxe,INFANT,ADAPTER,t,Veer Infant Car Seat Adapter for Cruiser Wagon Size Cybex/Maxi-Cosi/Nuna,MEDIUM,"Inferred from the catalog adapter ""Veer Infant Car Seat Adapter for Cruiser Wagon Size Cybex/Maxi-Cosi/Nuna"".",https://babylist.pxf.io/c/6560395/1160375/13580?prodsku=69396&u=https%3A%2F%2Fwww.babylist.com%2Fgp%2Fveer-infant-car-seat-adapter-for-veer-cruiser-wagon%2F16069%2F69396&intsrc=CATF_8981,79,,2026-06-29 22:23:34.724,2026-06-29 22:23:34.724
cmqzsb44c003z12dxf6i8h3bo,Veer,Cruiser City,cmqpqr2sf002m7qllr9yz4qzg,Maxi-Cosi,Mico Pro,maxi-cosi-mico-pro,INFANT,ADAPTER,t,Veer Infant Car Seat Adapter for Cruiser Wagon Size Cybex/Maxi-Cosi/Nuna,MEDIUM,"Inferred from the catalog adapter ""Veer Infant Car Seat Adapter for Cruiser Wagon Size Cybex/Maxi-Cosi/Nuna"".",https://babylist.pxf.io/c/6560395/1160375/13580?prodsku=69396&u=https%3A%2F%2Fwww.babylist.com%2Fgp%2Fveer-infant-car-seat-adapter-for-veer-cruiser-wagon%2F16069%2F69396&intsrc=CATF_8981,79,,2026-06-29 22:23:34.812,2026-06-29 22:23:34.812
cmqzsb4pg004h12dx1b2736pf,Veer,Cruiser City,cmqpqr2sf002m7qllr9yz4qzg,Maxi-Cosi,Peri 180,maxi-cosi-peri,INFANT,ADAPTER,t,Veer Infant Car Seat Adapter for Cruiser Wagon Size Cybex/Maxi-Cosi/Nuna,MEDIUM,"Inferred from the catalog adapter ""Veer Infant Car Seat Adapter for Cruiser Wagon Size Cybex/Maxi-Cosi/Nuna"".",https://babylist.pxf.io/c/6560395/1160375/13580?prodsku=69396&u=https%3A%2F%2Fwww.babylist.com%2Fgp%2Fveer-infant-car-seat-adapter-for-veer-cruiser-wagon%2F16069%2F69396&intsrc=CATF_8981,79,,2026-06-29 22:23:35.572,2026-06-29 22:23:35.572
cmqzsb4ks004d12dx81kxlfd3,Veer,Cruiser City,cmqpqr2sf002m7qllr9yz4qzg,Nuna,PIPA Aire,nuna-pipa-lite-rx,INFANT,ADAPTER,t,Veer Infant Car Seat Adapter for Cruiser Wagon Size Cybex/Maxi-Cosi/Nuna,MEDIUM,"Inferred from the catalog adapter ""Veer Infant Car Seat Adapter for Cruiser Wagon Size Cybex/Maxi-Cosi/Nuna"".",https://babylist.pxf.io/c/6560395/1160375/13580?prodsku=69396&u=https%3A%2F%2Fwww.babylist.com%2Fgp%2Fveer-infant-car-seat-adapter-for-veer-cruiser-wagon%2F16069%2F69396&intsrc=CATF_8981,79,,2026-06-29 22:23:35.405,2026-06-29 22:23:35.405
cmqzsb4g8004912dxp3m3n8mf,Veer,Cruiser City,cmqpqr2sf002m7qllr9yz4qzg,Nuna,PIPA Aire rx,nuna-pipa-aire-rx,INFANT,ADAPTER,t,Veer Infant Car Seat Adapter for Cruiser Wagon Size Cybex/Maxi-Cosi/Nuna,MEDIUM,"Inferred from the catalog adapter ""Veer Infant Car Seat Adapter for Cruiser Wagon Size Cybex/Maxi-Cosi/Nuna"".",https://babylist.pxf.io/c/6560395/1160375/13580?prodsku=69396&u=https%3A%2F%2Fwww.babylist.com%2Fgp%2Fveer-infant-car-seat-adapter-for-veer-cruiser-wagon%2F16069%2F69396&intsrc=CATF_8981,79,,2026-06-29 22:23:35.241,2026-06-29 22:23:35.241
cmqzsb3zj003v12dxj8puj57j,Veer,Cruiser City,cmqpqr2sf002m7qllr9yz4qzg,Nuna,PIPA RX,nuna-pipa-rx,INFANT,ADAPTER,t,Veer Infant Car Seat Adapter for Cruiser Wagon Size Cybex/Maxi-Cosi/Nuna,MEDIUM,"Inferred from the catalog adapter ""Veer Infant Car Seat Adapter for Cruiser Wagon Size Cybex/Maxi-Cosi/Nuna"".",https://babylist.pxf.io/c/6560395/1160375/13580?prodsku=69396&u=https%3A%2F%2Fwww.babylist.com%2Fgp%2Fveer-infant-car-seat-adapter-for-veer-cruiser-wagon%2F16069%2F69396&intsrc=CATF_8981,79,,2026-06-29 22:23:34.638,2026-06-29 22:23:34.638
cmqzsb4n2004f12dxvkyl81sb,Veer,Cruiser City,cmqpqr2sf002m7qllr9yz4qzg,Nuna,PIPA urbn,nuna-pipa-urbn,INFANT,ADAPTER,t,Veer Infant Car Seat Adapter for Cruiser Wagon Size Cybex/Maxi-Cosi/Nuna,MEDIUM,"Inferred from the catalog adapter ""Veer Infant Car Seat Adapter for Cruiser Wagon Size Cybex/Maxi-Cosi/Nuna"".",https://babylist.pxf.io/c/6560395/1160375/13580?prodsku=69396&u=https%3A%2F%2Fwww.babylist.com%2Fgp%2Fveer-infant-car-seat-adapter-for-veer-cruiser-wagon%2F16069%2F69396&intsrc=CATF_8981,79,,2026-06-29 22:23:35.486,2026-06-29 22:23:35.486
cmqzsb3s3003p12dx12rbtzit,Veer,Cruiser City,cmqpqr2sf002m7qllr9yz4qzg,UPPAbaby,Aria,uppababy-aria,INFANT,ADAPTER,t,Veer Infant Car Seat Adapter for Cruiser Wagon Size Uppababy,MEDIUM,"Inferred from the catalog adapter ""Veer Infant Car Seat Adapter for Cruiser Wagon Size Uppababy"".",https://babylist.pxf.io/c/6560395/1160375/13580?prodsku=307614&u=https%3A%2F%2Fwww.babylist.com%2Fgp%2Fveer-infant-car-seat-adapter-for-veer-cruiser-wagon%2F16069%2F307614&intsrc=CATF_8981,69,,2026-06-29 22:23:34.372,2026-06-29 22:23:34.372
cmqzsb3ug003r12dxk29lqd57,Veer,Cruiser City,cmqpqr2sf002m7qllr9yz4qzg,UPPAbaby,Aria V2,uppababy-aria-v2,INFANT,ADAPTER,t,Veer Infant Car Seat Adapter for Cruiser Wagon Size Uppababy,MEDIUM,"Inferred from the catalog adapter ""Veer Infant Car Seat Adapter for Cruiser Wagon Size Uppababy"".",https://babylist.pxf.io/c/6560395/1160375/13580?prodsku=307614&u=https%3A%2F%2Fwww.babylist.com%2Fgp%2Fveer-infant-car-seat-adapter-for-veer-cruiser-wagon%2F16069%2F307614&intsrc=CATF_8981,69,,2026-06-29 22:23:34.456,2026-06-29 22:23:34.456
cmqzsb3x3003t12dxr9wp75z5,Veer,Cruiser City,cmqpqr2sf002m7qllr9yz4qzg,UPPAbaby,Mesa V3,uppababy-mesa-v3,INFANT,ADAPTER,t,Veer Infant Car Seat Adapter for Cruiser Wagon Size Uppababy,MEDIUM,"Inferred from the catalog adapter ""Veer Infant Car Seat Adapter for Cruiser Wagon Size Uppababy"".",https://babylist.pxf.io/c/6560395/1160375/13580?prodsku=307614&u=https%3A%2F%2Fwww.babylist.com%2Fgp%2Fveer-infant-car-seat-adapter-for-veer-cruiser-wagon%2F16069%2F307614&intsrc=CATF_8981,69,,2026-06-29 22:23:34.551,2026-06-29 22:23:34.551
cmqzsb8bz007f12dxgc5qwvfb,Veer,Cruiser City XL Essentials,cmqpqr2uv002n7qlla8wick7v,Britax,Cypress S,britax-cypress-s,INFANT,ADAPTER,t,Veer Cruiser Infant Car Seat Adapter - Britax,MEDIUM,"Inferred from the catalog adapter ""Veer Cruiser Infant Car Seat Adapter - Britax"".",https://www.awin1.com/cread.php?awinmid=75150&awinaffid=2588613&ued=https%3A%2F%2Fwww.anbbaby.com%2Fproducts%2Fveer-cruiser-infant-car-seat-adapter%3Fvariant%3D39314573164630,79,,2026-06-29 22:23:40.271,2026-06-29 22:23:40.271
cmqzsb879007b12dxndnstl40,Veer,Cruiser City XL Essentials,cmqpqr2uv002n7qlla8wick7v,Britax,Willow S,britax-willow-s,INFANT,ADAPTER,t,Veer Cruiser Infant Car Seat Adapter - Britax,MEDIUM,"Inferred from the catalog adapter ""Veer Cruiser Infant Car Seat Adapter - Britax"".",https://www.awin1.com/cread.php?awinmid=75150&awinaffid=2588613&ued=https%3A%2F%2Fwww.anbbaby.com%2Fproducts%2Fveer-cruiser-infant-car-seat-adapter%3Fvariant%3D39314573164630,79,,2026-06-29 22:23:40.101,2026-06-29 22:23:40.101
cmqzsb89q007d12dxr1ggo2mq,Veer,Cruiser City XL Essentials,cmqpqr2uv002n7qlla8wick7v,Britax,Willow SC,cmqt1dq4e00043u44vihpznhm,INFANT,ADAPTER,t,Veer Cruiser Infant Car Seat Adapter - Britax,MEDIUM,"Inferred from the catalog adapter ""Veer Cruiser Infant Car Seat Adapter - Britax"".",https://www.awin1.com/cread.php?awinmid=75150&awinaffid=2588613&ued=https%3A%2F%2Fwww.anbbaby.com%2Fproducts%2Fveer-cruiser-infant-car-seat-adapter%3Fvariant%3D39314573164630,79,,2026-06-29 22:23:40.19,2026-06-29 22:23:40.19
cmqzsb72q006d12dx4rz5xfdl,Veer,Cruiser City XL Essentials,cmqpqr2uv002n7qlla8wick7v,Cybex,Aton G2,cmqx4qpgs00073835wm1de2we,INFANT,ADAPTER,t,Veer Infant Car Seat Adapter for Cruiser Wagon Size Cybex/Maxi-Cosi/Nuna,MEDIUM,"Inferred from the catalog adapter ""Veer Infant Car Seat Adapter for Cruiser Wagon Size Cybex/Maxi-Cosi/Nuna"".",https://babylist.pxf.io/c/6560395/1160375/13580?prodsku=69396&u=https%3A%2F%2Fwww.babylist.com%2Fgp%2Fveer-infant-car-seat-adapter-for-veer-cruiser-wagon%2F16069%2F69396&intsrc=CATF_8981,79,,2026-06-29 22:23:38.643,2026-06-29 22:23:38.643
cmrmtwexa000d11u5atu07vw5,Veer,Cruiser City XL Essentials,cmqpqr2uv002n7qlla8wick7v,Cybex,Aton G2 Swivel,cmrdwvbsy000u7tmavhnk64ww,INFANT,ADAPTER,t,Veer Infant Car Seat Adapter for Cruiser Wagon Size Cybex/Maxi-Cosi/Nuna,MEDIUM,"Inferred from the catalog adapter ""Veer Infant Car Seat Adapter for Cruiser Wagon Size Cybex/Maxi-Cosi/Nuna"".",https://babylist.pxf.io/c/6560395/1160375/13580?prodsku=69396&u=https%3A%2F%2Fwww.babylist.com%2Fgp%2Fveer-infant-car-seat-adapter-for-veer-cruiser-wagon%2F16069%2F69396&intsrc=CATF_8981,79,,2026-07-16 01:26:50.254,2026-07-16 01:26:50.254
cmqzsb750006f12dxabejn1ji,Veer,Cruiser City XL Essentials,cmqpqr2uv002n7qlla8wick7v,Cybex,Cloud G Pro Comfort Extend,cmqx4qpj400083835htva49ii,INFANT,ADAPTER,t,Veer Infant Car Seat Adapter for Cruiser Wagon Size Cybex/Maxi-Cosi/Nuna,MEDIUM,"Inferred from the catalog adapter ""Veer Infant Car Seat Adapter for Cruiser Wagon Size Cybex/Maxi-Cosi/Nuna"".",https://babylist.pxf.io/c/6560395/1160375/13580?prodsku=69396&u=https%3A%2F%2Fwww.babylist.com%2Fgp%2Fveer-infant-car-seat-adapter-for-veer-cruiser-wagon%2F16069%2F69396&intsrc=CATF_8981,79,,2026-06-29 22:23:38.724,2026-06-29 22:23:38.724
cmqzsb79n006j12dxfj0bfvh6,Veer,Cruiser City XL Essentials,cmqpqr2uv002n7qlla8wick7v,Cybex,Cloud T,cybex-cloud-t,INFANT,ADAPTER,t,Veer Infant Car Seat Adapter for Cruiser Wagon Size Cybex/Maxi-Cosi/Nuna,MEDIUM,"Inferred from the catalog adapter ""Veer Infant Car Seat Adapter for Cruiser Wagon Size Cybex/Maxi-Cosi/Nuna"".",https://babylist.pxf.io/c/6560395/1160375/13580?prodsku=69396&u=https%3A%2F%2Fwww.babylist.com%2Fgp%2Fveer-infant-car-seat-adapter-for-veer-cruiser-wagon%2F16069%2F69396&intsrc=CATF_8981,79,,2026-06-29 22:23:38.891,2026-06-29 22:23:38.891
cmqzsb7lk006t12dxzu3qm88g,Veer,Cruiser City XL Essentials,cmqpqr2uv002n7qlla8wick7v,Maxi-Cosi,Ambra,cmqx4qqbg000k3835k8b3mf6l,INFANT,ADAPTER,t,Veer Infant Car Seat Adapter for Cruiser Wagon Size Cybex/Maxi-Cosi/Nuna,MEDIUM,"Inferred from the catalog adapter ""Veer Infant Car Seat Adapter for Cruiser Wagon Size Cybex/Maxi-Cosi/Nuna"".",https://babylist.pxf.io/c/6560395/1160375/13580?prodsku=69396&u=https%3A%2F%2Fwww.babylist.com%2Fgp%2Fveer-infant-car-seat-adapter-for-veer-cruiser-wagon%2F16069%2F69396&intsrc=CATF_8981,79,,2026-06-29 22:23:39.32,2026-06-29 22:23:39.32
cmqzsb6tg006512dxcmpqn65i,Veer,Cruiser City XL Essentials,cmqpqr2uv002n7qlla8wick7v,Maxi-Cosi,Mico Luxe,maxi-cosi-mico-luxe,INFANT,ADAPTER,t,Veer Infant Car Seat Adapter for Cruiser Wagon Size Cybex/Maxi-Cosi/Nuna,MEDIUM,"Inferred from the catalog adapter ""Veer Infant Car Seat Adapter for Cruiser Wagon Size Cybex/Maxi-Cosi/Nuna"".",https://babylist.pxf.io/c/6560395/1160375/13580?prodsku=69396&u=https%3A%2F%2Fwww.babylist.com%2Fgp%2Fveer-infant-car-seat-adapter-for-veer-cruiser-wagon%2F16069%2F69396&intsrc=CATF_8981,79,,2026-06-29 22:23:38.308,2026-06-29 22:23:38.308
cmqzsb6vp006712dx59atcsbh,Veer,Cruiser City XL Essentials,cmqpqr2uv002n7qlla8wick7v,Maxi-Cosi,Mico Pro,maxi-cosi-mico-pro,INFANT,ADAPTER,t,Veer Infant Car Seat Adapter for Cruiser Wagon Size Cybex/Maxi-Cosi/Nuna,MEDIUM,"Inferred from the catalog adapter ""Veer Infant Car Seat Adapter for Cruiser Wagon Size Cybex/Maxi-Cosi/Nuna"".",https://babylist.pxf.io/c/6560395/1160375/13580?prodsku=69396&u=https%3A%2F%2Fwww.babylist.com%2Fgp%2Fveer-infant-car-seat-adapter-for-veer-cruiser-wagon%2F16069%2F69396&intsrc=CATF_8981,79,,2026-06-29 22:23:38.39,2026-06-29 22:23:38.39
cmqzsb7gs006p12dxtbswbqno,Veer,Cruiser City XL Essentials,cmqpqr2uv002n7qlla8wick7v,Maxi-Cosi,Peri 180,maxi-cosi-peri,INFANT,ADAPTER,t,Veer Infant Car Seat Adapter for Cruiser Wagon Size Cybex/Maxi-Cosi/Nuna,MEDIUM,"Inferred from the catalog adapter ""Veer Infant Car Seat Adapter for Cruiser Wagon Size Cybex/Maxi-Cosi/Nuna"".",https://babylist.pxf.io/c/6560395/1160375/13580?prodsku=69396&u=https%3A%2F%2Fwww.babylist.com%2Fgp%2Fveer-infant-car-seat-adapter-for-veer-cruiser-wagon%2F16069%2F69396&intsrc=CATF_8981,79,,2026-06-29 22:23:39.148,2026-06-29 22:23:39.148
cmqzsb7by006l12dxcbldrxvm,Veer,Cruiser City XL Essentials,cmqpqr2uv002n7qlla8wick7v,Nuna,PIPA Aire,nuna-pipa-lite-rx,INFANT,ADAPTER,t,Veer Infant Car Seat Adapter for Cruiser Wagon Size Cybex/Maxi-Cosi/Nuna,MEDIUM,"Inferred from the catalog adapter ""Veer Infant Car Seat Adapter for Cruiser Wagon Size Cybex/Maxi-Cosi/Nuna"".",https://babylist.pxf.io/c/6560395/1160375/13580?prodsku=69396&u=https%3A%2F%2Fwww.babylist.com%2Fgp%2Fveer-infant-car-seat-adapter-for-veer-cruiser-wagon%2F16069%2F69396&intsrc=CATF_8981,79,,2026-06-29 22:23:38.975,2026-06-29 22:23:38.975
cmqzsb77c006h12dxi6c1f037,Veer,Cruiser City XL Essentials,cmqpqr2uv002n7qlla8wick7v,Nuna,PIPA Aire rx,nuna-pipa-aire-rx,INFANT,ADAPTER,t,Veer Infant Car Seat Adapter for Cruiser Wagon Size Cybex/Maxi-Cosi/Nuna,MEDIUM,"Inferred from the catalog adapter ""Veer Infant Car Seat Adapter for Cruiser Wagon Size Cybex/Maxi-Cosi/Nuna"".",https://babylist.pxf.io/c/6560395/1160375/13580?prodsku=69396&u=https%3A%2F%2Fwww.babylist.com%2Fgp%2Fveer-infant-car-seat-adapter-for-veer-cruiser-wagon%2F16069%2F69396&intsrc=CATF_8981,79,,2026-06-29 22:23:38.809,2026-06-29 22:23:38.809
cmqzsb6r3006312dx7lh55q29,Veer,Cruiser City XL Essentials,cmqpqr2uv002n7qlla8wick7v,Nuna,PIPA RX,nuna-pipa-rx,INFANT,ADAPTER,t,Veer Infant Car Seat Adapter for Cruiser Wagon Size Cybex/Maxi-Cosi/Nuna,MEDIUM,"Inferred from the catalog adapter ""Veer Infant Car Seat Adapter for Cruiser Wagon Size Cybex/Maxi-Cosi/Nuna"".",https://babylist.pxf.io/c/6560395/1160375/13580?prodsku=69396&u=https%3A%2F%2Fwww.babylist.com%2Fgp%2Fveer-infant-car-seat-adapter-for-veer-cruiser-wagon%2F16069%2F69396&intsrc=CATF_8981,79,,2026-06-29 22:23:38.223,2026-06-29 22:23:38.223
cmqzsb7ea006n12dxkr47vvcm,Veer,Cruiser City XL Essentials,cmqpqr2uv002n7qlla8wick7v,Nuna,PIPA urbn,nuna-pipa-urbn,INFANT,ADAPTER,t,Veer Infant Car Seat Adapter for Cruiser Wagon Size Cybex/Maxi-Cosi/Nuna,MEDIUM,"Inferred from the catalog adapter ""Veer Infant Car Seat Adapter for Cruiser Wagon Size Cybex/Maxi-Cosi/Nuna"".",https://babylist.pxf.io/c/6560395/1160375/13580?prodsku=69396&u=https%3A%2F%2Fwww.babylist.com%2Fgp%2Fveer-infant-car-seat-adapter-for-veer-cruiser-wagon%2F16069%2F69396&intsrc=CATF_8981,79,,2026-06-29 22:23:39.058,2026-06-29 22:23:39.058
cmqzsb6i2005x12dx1l0y5qx8,Veer,Cruiser City XL Essentials,cmqpqr2uv002n7qlla8wick7v,UPPAbaby,Aria,uppababy-aria,INFANT,ADAPTER,t,Veer Infant Car Seat Adapter for Cruiser Wagon Size Uppababy,MEDIUM,"Inferred from the catalog adapter ""Veer Infant Car Seat Adapter for Cruiser Wagon Size Uppababy"".",https://babylist.pxf.io/c/6560395/1160375/13580?prodsku=307614&u=https%3A%2F%2Fwww.babylist.com%2Fgp%2Fveer-infant-car-seat-adapter-for-veer-cruiser-wagon%2F16069%2F307614&intsrc=CATF_8981,69,,2026-06-29 22:23:37.899,2026-06-29 22:23:37.899
cmqzsb6ky005z12dxj0fq6gf0,Veer,Cruiser City XL Essentials,cmqpqr2uv002n7qlla8wick7v,UPPAbaby,Aria V2,uppababy-aria-v2,INFANT,ADAPTER,t,Veer Infant Car Seat Adapter for Cruiser Wagon Size Uppababy,MEDIUM,"Inferred from the catalog adapter ""Veer Infant Car Seat Adapter for Cruiser Wagon Size Uppababy"".",https://babylist.pxf.io/c/6560395/1160375/13580?prodsku=307614&u=https%3A%2F%2Fwww.babylist.com%2Fgp%2Fveer-infant-car-seat-adapter-for-veer-cruiser-wagon%2F16069%2F307614&intsrc=CATF_8981,69,,2026-06-29 22:23:38.002,2026-06-29 22:23:38.002
cmqzsb6nw006112dxbossqs5r,Veer,Cruiser City XL Essentials,cmqpqr2uv002n7qlla8wick7v,UPPAbaby,Mesa V3,uppababy-mesa-v3,INFANT,ADAPTER,t,Veer Infant Car Seat Adapter for Cruiser Wagon Size Uppababy,MEDIUM,"Inferred from the catalog adapter ""Veer Infant Car Seat Adapter for Cruiser Wagon Size Uppababy"".",https://babylist.pxf.io/c/6560395/1160375/13580?prodsku=307614&u=https%3A%2F%2Fwww.babylist.com%2Fgp%2Fveer-infant-car-seat-adapter-for-veer-cruiser-wagon%2F16069%2F307614&intsrc=CATF_8981,69,,2026-06-29 22:23:38.108,2026-06-29 22:23:38.108
cmqzsbb9h009n12dxfqu5tl7y,Veer,Cruiser Wagon Comfort Seat for Toddlers,cmqpqr2xa002o7qll2zq1jk9u,Britax,Cypress S,britax-cypress-s,INFANT,ADAPTER,t,Veer Cruiser Infant Car Seat Adapter - Britax,MEDIUM,"Inferred from the catalog adapter ""Veer Cruiser Infant Car Seat Adapter - Britax"".",https://www.awin1.com/cread.php?awinmid=75150&awinaffid=2588613&ued=https%3A%2F%2Fwww.anbbaby.com%2Fproducts%2Fveer-cruiser-infant-car-seat-adapter%3Fvariant%3D39314573164630,79,,2026-06-29 22:23:44.07,2026-06-29 22:23:44.07
cmqzsbb4n009j12dxlsbsksyu,Veer,Cruiser Wagon Comfort Seat for Toddlers,cmqpqr2xa002o7qll2zq1jk9u,Britax,Willow S,britax-willow-s,INFANT,ADAPTER,t,Veer Cruiser Infant Car Seat Adapter - Britax,MEDIUM,"Inferred from the catalog adapter ""Veer Cruiser Infant Car Seat Adapter - Britax"".",https://www.awin1.com/cread.php?awinmid=75150&awinaffid=2588613&ued=https%3A%2F%2Fwww.anbbaby.com%2Fproducts%2Fveer-cruiser-infant-car-seat-adapter%3Fvariant%3D39314573164630,79,,2026-06-29 22:23:43.895,2026-06-29 22:23:43.895
cmqzsbb72009l12dxwqdeqg85,Veer,Cruiser Wagon Comfort Seat for Toddlers,cmqpqr2xa002o7qll2zq1jk9u,Britax,Willow SC,cmqt1dq4e00043u44vihpznhm,INFANT,ADAPTER,t,Veer Cruiser Infant Car Seat Adapter - Britax,MEDIUM,"Inferred from the catalog adapter ""Veer Cruiser Infant Car Seat Adapter - Britax"".",https://www.awin1.com/cread.php?awinmid=75150&awinaffid=2588613&ued=https%3A%2F%2Fwww.anbbaby.com%2Fproducts%2Fveer-cruiser-infant-car-seat-adapter%3Fvariant%3D39314573164630,79,,2026-06-29 22:23:43.981,2026-06-29 22:23:43.981
cmqzsb9wj008l12dx8x626iq2,Veer,Cruiser Wagon Comfort Seat for Toddlers,cmqpqr2xa002o7qll2zq1jk9u,Cybex,Aton G2,cmqx4qpgs00073835wm1de2we,INFANT,ADAPTER,t,Veer Infant Car Seat Adapter for Cruiser Wagon Size Cybex/Maxi-Cosi/Nuna,MEDIUM,"Inferred from the catalog adapter ""Veer Infant Car Seat Adapter for Cruiser Wagon Size Cybex/Maxi-Cosi/Nuna"".",https://babylist.pxf.io/c/6560395/1160375/13580?prodsku=69396&u=https%3A%2F%2Fwww.babylist.com%2Fgp%2Fveer-infant-car-seat-adapter-for-veer-cruiser-wagon%2F16069%2F69396&intsrc=CATF_8981,79,,2026-06-29 22:23:42.307,2026-06-29 22:23:42.307
cmrmtwezk000f11u526vrpkyu,Veer,Cruiser Wagon Comfort Seat for Toddlers,cmqpqr2xa002o7qll2zq1jk9u,Cybex,Aton G2 Swivel,cmrdwvbsy000u7tmavhnk64ww,INFANT,ADAPTER,t,Veer Infant Car Seat Adapter for Cruiser Wagon Size Cybex/Maxi-Cosi/Nuna,MEDIUM,"Inferred from the catalog adapter ""Veer Infant Car Seat Adapter for Cruiser Wagon Size Cybex/Maxi-Cosi/Nuna"".",https://babylist.pxf.io/c/6560395/1160375/13580?prodsku=69396&u=https%3A%2F%2Fwww.babylist.com%2Fgp%2Fveer-infant-car-seat-adapter-for-veer-cruiser-wagon%2F16069%2F69396&intsrc=CATF_8981,79,,2026-07-16 01:26:50.336,2026-07-16 01:26:50.336
cmqzsb9yu008n12dx1wy93wnq,Veer,Cruiser Wagon Comfort Seat for Toddlers,cmqpqr2xa002o7qll2zq1jk9u,Cybex,Cloud G Pro Comfort Extend,cmqx4qpj400083835htva49ii,INFANT,ADAPTER,t,Veer Infant Car Seat Adapter for Cruiser Wagon Size Cybex/Maxi-Cosi/Nuna,MEDIUM,"Inferred from the catalog adapter ""Veer Infant Car Seat Adapter for Cruiser Wagon Size Cybex/Maxi-Cosi/Nuna"".",https://babylist.pxf.io/c/6560395/1160375/13580?prodsku=69396&u=https%3A%2F%2Fwww.babylist.com%2Fgp%2Fveer-infant-car-seat-adapter-for-veer-cruiser-wagon%2F16069%2F69396&intsrc=CATF_8981,79,,2026-06-29 22:23:42.391,2026-06-29 22:23:42.391
cmqzsba3e008r12dx46mcb69v,Veer,Cruiser Wagon Comfort Seat for Toddlers,cmqpqr2xa002o7qll2zq1jk9u,Cybex,Cloud T,cybex-cloud-t,INFANT,ADAPTER,t,Veer Infant Car Seat Adapter for Cruiser Wagon Size Cybex/Maxi-Cosi/Nuna,MEDIUM,"Inferred from the catalog adapter ""Veer Infant Car Seat Adapter for Cruiser Wagon Size Cybex/Maxi-Cosi/Nuna"".",https://babylist.pxf.io/c/6560395/1160375/13580?prodsku=69396&u=https%3A%2F%2Fwww.babylist.com%2Fgp%2Fveer-infant-car-seat-adapter-for-veer-cruiser-wagon%2F16069%2F69396&intsrc=CATF_8981,79,,2026-06-29 22:23:42.554,2026-06-29 22:23:42.554
cmqzsbafe009112dxgirhhdc8,Veer,Cruiser Wagon Comfort Seat for Toddlers,cmqpqr2xa002o7qll2zq1jk9u,Maxi-Cosi,Ambra,cmqx4qqbg000k3835k8b3mf6l,INFANT,ADAPTER,t,Veer Infant Car Seat Adapter for Cruiser Wagon Size Cybex/Maxi-Cosi/Nuna,MEDIUM,"Inferred from the catalog adapter ""Veer Infant Car Seat Adapter for Cruiser Wagon Size Cybex/Maxi-Cosi/Nuna"".",https://babylist.pxf.io/c/6560395/1160375/13580?prodsku=69396&u=https%3A%2F%2Fwww.babylist.com%2Fgp%2Fveer-infant-car-seat-adapter-for-veer-cruiser-wagon%2F16069%2F69396&intsrc=CATF_8981,79,,2026-06-29 22:23:42.986,2026-06-29 22:23:42.986
cmqzsb9n6008d12dxjaotaayy,Veer,Cruiser Wagon Comfort Seat for Toddlers,cmqpqr2xa002o7qll2zq1jk9u,Maxi-Cosi,Mico Luxe,maxi-cosi-mico-luxe,INFANT,ADAPTER,t,Veer Infant Car Seat Adapter for Cruiser Wagon Size Cybex/Maxi-Cosi/Nuna,MEDIUM,"Inferred from the catalog adapter ""Veer Infant Car Seat Adapter for Cruiser Wagon Size Cybex/Maxi-Cosi/Nuna"".",https://babylist.pxf.io/c/6560395/1160375/13580?prodsku=69396&u=https%3A%2F%2Fwww.babylist.com%2Fgp%2Fveer-infant-car-seat-adapter-for-veer-cruiser-wagon%2F16069%2F69396&intsrc=CATF_8981,79,,2026-06-29 22:23:41.97,2026-06-29 22:23:41.97
cmqzsb9pk008f12dx0v2w0clc,Veer,Cruiser Wagon Comfort Seat for Toddlers,cmqpqr2xa002o7qll2zq1jk9u,Maxi-Cosi,Mico Pro,maxi-cosi-mico-pro,INFANT,ADAPTER,t,Veer Infant Car Seat Adapter for Cruiser Wagon Size Cybex/Maxi-Cosi/Nuna,MEDIUM,"Inferred from the catalog adapter ""Veer Infant Car Seat Adapter for Cruiser Wagon Size Cybex/Maxi-Cosi/Nuna"".",https://babylist.pxf.io/c/6560395/1160375/13580?prodsku=69396&u=https%3A%2F%2Fwww.babylist.com%2Fgp%2Fveer-infant-car-seat-adapter-for-veer-cruiser-wagon%2F16069%2F69396&intsrc=CATF_8981,79,,2026-06-29 22:23:42.055,2026-06-29 22:23:42.055
cmqzsbaaq008x12dx6m6u0xra,Veer,Cruiser Wagon Comfort Seat for Toddlers,cmqpqr2xa002o7qll2zq1jk9u,Maxi-Cosi,Peri 180,maxi-cosi-peri,INFANT,ADAPTER,t,Veer Infant Car Seat Adapter for Cruiser Wagon Size Cybex/Maxi-Cosi/Nuna,MEDIUM,"Inferred from the catalog adapter ""Veer Infant Car Seat Adapter for Cruiser Wagon Size Cybex/Maxi-Cosi/Nuna"".",https://babylist.pxf.io/c/6560395/1160375/13580?prodsku=69396&u=https%3A%2F%2Fwww.babylist.com%2Fgp%2Fveer-infant-car-seat-adapter-for-veer-cruiser-wagon%2F16069%2F69396&intsrc=CATF_8981,79,,2026-06-29 22:23:42.818,2026-06-29 22:23:42.818
cmqzsba5s008t12dxvlhlzdej,Veer,Cruiser Wagon Comfort Seat for Toddlers,cmqpqr2xa002o7qll2zq1jk9u,Nuna,PIPA Aire,nuna-pipa-lite-rx,INFANT,ADAPTER,t,Veer Infant Car Seat Adapter for Cruiser Wagon Size Cybex/Maxi-Cosi/Nuna,MEDIUM,"Inferred from the catalog adapter ""Veer Infant Car Seat Adapter for Cruiser Wagon Size Cybex/Maxi-Cosi/Nuna"".",https://babylist.pxf.io/c/6560395/1160375/13580?prodsku=69396&u=https%3A%2F%2Fwww.babylist.com%2Fgp%2Fveer-infant-car-seat-adapter-for-veer-cruiser-wagon%2F16069%2F69396&intsrc=CATF_8981,79,,2026-06-29 22:23:42.64,2026-06-29 22:23:42.64
cmqzsba13008p12dx26b9hdba,Veer,Cruiser Wagon Comfort Seat for Toddlers,cmqpqr2xa002o7qll2zq1jk9u,Nuna,PIPA Aire rx,nuna-pipa-aire-rx,INFANT,ADAPTER,t,Veer Infant Car Seat Adapter for Cruiser Wagon Size Cybex/Maxi-Cosi/Nuna,MEDIUM,"Inferred from the catalog adapter ""Veer Infant Car Seat Adapter for Cruiser Wagon Size Cybex/Maxi-Cosi/Nuna"".",https://babylist.pxf.io/c/6560395/1160375/13580?prodsku=69396&u=https%3A%2F%2Fwww.babylist.com%2Fgp%2Fveer-infant-car-seat-adapter-for-veer-cruiser-wagon%2F16069%2F69396&intsrc=CATF_8981,79,,2026-06-29 22:23:42.471,2026-06-29 22:23:42.471
cmqzsb9ku008b12dx2sen3j89,Veer,Cruiser Wagon Comfort Seat for Toddlers,cmqpqr2xa002o7qll2zq1jk9u,Nuna,PIPA RX,nuna-pipa-rx,INFANT,ADAPTER,t,Veer Infant Car Seat Adapter for Cruiser Wagon Size Cybex/Maxi-Cosi/Nuna,MEDIUM,"Inferred from the catalog adapter ""Veer Infant Car Seat Adapter for Cruiser Wagon Size Cybex/Maxi-Cosi/Nuna"".",https://babylist.pxf.io/c/6560395/1160375/13580?prodsku=69396&u=https%3A%2F%2Fwww.babylist.com%2Fgp%2Fveer-infant-car-seat-adapter-for-veer-cruiser-wagon%2F16069%2F69396&intsrc=CATF_8981,79,,2026-06-29 22:23:41.886,2026-06-29 22:23:41.886
cmqzsba8d008v12dxmzcl0oqo,Veer,Cruiser Wagon Comfort Seat for Toddlers,cmqpqr2xa002o7qll2zq1jk9u,Nuna,PIPA urbn,nuna-pipa-urbn,INFANT,ADAPTER,t,Veer Infant Car Seat Adapter for Cruiser Wagon Size Cybex/Maxi-Cosi/Nuna,MEDIUM,"Inferred from the catalog adapter ""Veer Infant Car Seat Adapter for Cruiser Wagon Size Cybex/Maxi-Cosi/Nuna"".",https://babylist.pxf.io/c/6560395/1160375/13580?prodsku=69396&u=https%3A%2F%2Fwww.babylist.com%2Fgp%2Fveer-infant-car-seat-adapter-for-veer-cruiser-wagon%2F16069%2F69396&intsrc=CATF_8981,79,,2026-06-29 22:23:42.733,2026-06-29 22:23:42.733
cmqzsb9dq008512dx17b2ez83,Veer,Cruiser Wagon Comfort Seat for Toddlers,cmqpqr2xa002o7qll2zq1jk9u,UPPAbaby,Aria,uppababy-aria,INFANT,ADAPTER,t,Veer Infant Car Seat Adapter for Cruiser Wagon Size Uppababy,MEDIUM,"Inferred from the catalog adapter ""Veer Infant Car Seat Adapter for Cruiser Wagon Size Uppababy"".",https://babylist.pxf.io/c/6560395/1160375/13580?prodsku=307614&u=https%3A%2F%2Fwww.babylist.com%2Fgp%2Fveer-infant-car-seat-adapter-for-veer-cruiser-wagon%2F16069%2F307614&intsrc=CATF_8981,69,,2026-06-29 22:23:41.63,2026-06-29 22:23:41.63
cmqzsb9g4008712dx3cqx70jy,Veer,Cruiser Wagon Comfort Seat for Toddlers,cmqpqr2xa002o7qll2zq1jk9u,UPPAbaby,Aria V2,uppababy-aria-v2,INFANT,ADAPTER,t,Veer Infant Car Seat Adapter for Cruiser Wagon Size Uppababy,MEDIUM,"Inferred from the catalog adapter ""Veer Infant Car Seat Adapter for Cruiser Wagon Size Uppababy"".",https://babylist.pxf.io/c/6560395/1160375/13580?prodsku=307614&u=https%3A%2F%2Fwww.babylist.com%2Fgp%2Fveer-infant-car-seat-adapter-for-veer-cruiser-wagon%2F16069%2F307614&intsrc=CATF_8981,69,,2026-06-29 22:23:41.717,2026-06-29 22:23:41.717
cmqzsb9ii008912dx84tuq4oq,Veer,Cruiser Wagon Comfort Seat for Toddlers,cmqpqr2xa002o7qll2zq1jk9u,UPPAbaby,Mesa V3,uppababy-mesa-v3,INFANT,ADAPTER,t,Veer Infant Car Seat Adapter for Cruiser Wagon Size Uppababy,MEDIUM,"Inferred from the catalog adapter ""Veer Infant Car Seat Adapter for Cruiser Wagon Size Uppababy"".",https://babylist.pxf.io/c/6560395/1160375/13580?prodsku=307614&u=https%3A%2F%2Fwww.babylist.com%2Fgp%2Fveer-infant-car-seat-adapter-for-veer-cruiser-wagon%2F16069%2F307614&intsrc=CATF_8981,69,,2026-06-29 22:23:41.802,2026-06-29 22:23:41.802
cmqzsbe3t00bv12dxcq7dqfa7,Veer,Cruiser Wagon XL Comfort Seat for Toddlers,cmqpqr2zl002p7qll072jlg89,Britax,Cypress S,britax-cypress-s,INFANT,ADAPTER,t,Veer Cruiser Infant Car Seat Adapter - Britax,MEDIUM,"Inferred from the catalog adapter ""Veer Cruiser Infant Car Seat Adapter - Britax"".",https://www.awin1.com/cread.php?awinmid=75150&awinaffid=2588613&ued=https%3A%2F%2Fwww.anbbaby.com%2Fproducts%2Fveer-cruiser-infant-car-seat-adapter%3Fvariant%3D39314573164630,79,,2026-06-29 22:23:47.753,2026-06-29 22:23:47.753
cmqzsbdyc00br12dxqqzu81yw,Veer,Cruiser Wagon XL Comfort Seat for Toddlers,cmqpqr2zl002p7qll072jlg89,Britax,Willow S,britax-willow-s,INFANT,ADAPTER,t,Veer Cruiser Infant Car Seat Adapter - Britax,MEDIUM,"Inferred from the catalog adapter ""Veer Cruiser Infant Car Seat Adapter - Britax"".",https://www.awin1.com/cread.php?awinmid=75150&awinaffid=2588613&ued=https%3A%2F%2Fwww.anbbaby.com%2Fproducts%2Fveer-cruiser-infant-car-seat-adapter%3Fvariant%3D39314573164630,79,,2026-06-29 22:23:47.556,2026-06-29 22:23:47.556
cmqzsbe1f00bt12dxupui1f3f,Veer,Cruiser Wagon XL Comfort Seat for Toddlers,cmqpqr2zl002p7qll072jlg89,Britax,Willow SC,cmqt1dq4e00043u44vihpznhm,INFANT,ADAPTER,t,Veer Cruiser Infant Car Seat Adapter - Britax,MEDIUM,"Inferred from the catalog adapter ""Veer Cruiser Infant Car Seat Adapter - Britax"".",https://www.awin1.com/cread.php?awinmid=75150&awinaffid=2588613&ued=https%3A%2F%2Fwww.anbbaby.com%2Fproducts%2Fveer-cruiser-infant-car-seat-adapter%3Fvariant%3D39314573164630,79,,2026-06-29 22:23:47.667,2026-06-29 22:23:47.667
cmqzsbcro00at12dxj98f3agn,Veer,Cruiser Wagon XL Comfort Seat for Toddlers,cmqpqr2zl002p7qll072jlg89,Cybex,Aton G2,cmqx4qpgs00073835wm1de2we,INFANT,ADAPTER,t,Veer Infant Car Seat Adapter for Cruiser Wagon Size Cybex/Maxi-Cosi/Nuna,MEDIUM,"Inferred from the catalog adapter ""Veer Infant Car Seat Adapter for Cruiser Wagon Size Cybex/Maxi-Cosi/Nuna"".",https://babylist.pxf.io/c/6560395/1160375/13580?prodsku=69396&u=https%3A%2F%2Fwww.babylist.com%2Fgp%2Fveer-infant-car-seat-adapter-for-veer-cruiser-wagon%2F16069%2F69396&intsrc=CATF_8981,79,,2026-06-29 22:23:46.02,2026-06-29 22:23:46.02
cmrmtwf1r000h11u5f69l5msk,Veer,Cruiser Wagon XL Comfort Seat for Toddlers,cmqpqr2zl002p7qll072jlg89,Cybex,Aton G2 Swivel,cmrdwvbsy000u7tmavhnk64ww,INFANT,ADAPTER,t,Veer Infant Car Seat Adapter for Cruiser Wagon Size Cybex/Maxi-Cosi/Nuna,MEDIUM,"Inferred from the catalog adapter ""Veer Infant Car Seat Adapter for Cruiser Wagon Size Cybex/Maxi-Cosi/Nuna"".",https://babylist.pxf.io/c/6560395/1160375/13580?prodsku=69396&u=https%3A%2F%2Fwww.babylist.com%2Fgp%2Fveer-infant-car-seat-adapter-for-veer-cruiser-wagon%2F16069%2F69396&intsrc=CATF_8981,79,,2026-07-16 01:26:50.416,2026-07-16 01:26:50.416
cmqzsbcu400av12dx3wreqq9s,Veer,Cruiser Wagon XL Comfort Seat for Toddlers,cmqpqr2zl002p7qll072jlg89,Cybex,Cloud G Pro Comfort Extend,cmqx4qpj400083835htva49ii,INFANT,ADAPTER,t,Veer Infant Car Seat Adapter for Cruiser Wagon Size Cybex/Maxi-Cosi/Nuna,MEDIUM,"Inferred from the catalog adapter ""Veer Infant Car Seat Adapter for Cruiser Wagon Size Cybex/Maxi-Cosi/Nuna"".",https://babylist.pxf.io/c/6560395/1160375/13580?prodsku=69396&u=https%3A%2F%2Fwww.babylist.com%2Fgp%2Fveer-infant-car-seat-adapter-for-veer-cruiser-wagon%2F16069%2F69396&intsrc=CATF_8981,79,,2026-06-29 22:23:46.108,2026-06-29 22:23:46.108
cmqzsbcyt00az12dxpq4trxuu,Veer,Cruiser Wagon XL Comfort Seat for Toddlers,cmqpqr2zl002p7qll072jlg89,Cybex,Cloud T,cybex-cloud-t,INFANT,ADAPTER,t,Veer Infant Car Seat Adapter for Cruiser Wagon Size Cybex/Maxi-Cosi/Nuna,MEDIUM,"Inferred from the catalog adapter ""Veer Infant Car Seat Adapter for Cruiser Wagon Size Cybex/Maxi-Cosi/Nuna"".",https://babylist.pxf.io/c/6560395/1160375/13580?prodsku=69396&u=https%3A%2F%2Fwww.babylist.com%2Fgp%2Fveer-infant-car-seat-adapter-for-veer-cruiser-wagon%2F16069%2F69396&intsrc=CATF_8981,79,,2026-06-29 22:23:46.277,2026-06-29 22:23:46.277
cmqzsbdam00b912dx1xcmajt2,Veer,Cruiser Wagon XL Comfort Seat for Toddlers,cmqpqr2zl002p7qll072jlg89,Maxi-Cosi,Ambra,cmqx4qqbg000k3835k8b3mf6l,INFANT,ADAPTER,t,Veer Infant Car Seat Adapter for Cruiser Wagon Size Cybex/Maxi-Cosi/Nuna,MEDIUM,"Inferred from the catalog adapter ""Veer Infant Car Seat Adapter for Cruiser Wagon Size Cybex/Maxi-Cosi/Nuna"".",https://babylist.pxf.io/c/6560395/1160375/13580?prodsku=69396&u=https%3A%2F%2Fwww.babylist.com%2Fgp%2Fveer-infant-car-seat-adapter-for-veer-cruiser-wagon%2F16069%2F69396&intsrc=CATF_8981,79,,2026-06-29 22:23:46.702,2026-06-29 22:23:46.702
cmqzsbcie00al12dxazfeyz7n,Veer,Cruiser Wagon XL Comfort Seat for Toddlers,cmqpqr2zl002p7qll072jlg89,Maxi-Cosi,Mico Luxe,maxi-cosi-mico-luxe,INFANT,ADAPTER,t,Veer Infant Car Seat Adapter for Cruiser Wagon Size Cybex/Maxi-Cosi/Nuna,MEDIUM,"Inferred from the catalog adapter ""Veer Infant Car Seat Adapter for Cruiser Wagon Size Cybex/Maxi-Cosi/Nuna"".",https://babylist.pxf.io/c/6560395/1160375/13580?prodsku=69396&u=https%3A%2F%2Fwww.babylist.com%2Fgp%2Fveer-infant-car-seat-adapter-for-veer-cruiser-wagon%2F16069%2F69396&intsrc=CATF_8981,79,,2026-06-29 22:23:45.686,2026-06-29 22:23:45.686
cmqzsbcko00an12dx4hvpezki,Veer,Cruiser Wagon XL Comfort Seat for Toddlers,cmqpqr2zl002p7qll072jlg89,Maxi-Cosi,Mico Pro,maxi-cosi-mico-pro,INFANT,ADAPTER,t,Veer Infant Car Seat Adapter for Cruiser Wagon Size Cybex/Maxi-Cosi/Nuna,MEDIUM,"Inferred from the catalog adapter ""Veer Infant Car Seat Adapter for Cruiser Wagon Size Cybex/Maxi-Cosi/Nuna"".",https://babylist.pxf.io/c/6560395/1160375/13580?prodsku=69396&u=https%3A%2F%2Fwww.babylist.com%2Fgp%2Fveer-infant-car-seat-adapter-for-veer-cruiser-wagon%2F16069%2F69396&intsrc=CATF_8981,79,,2026-06-29 22:23:45.768,2026-06-29 22:23:45.768
cmqzsbd5w00b512dxnt4s3g04,Veer,Cruiser Wagon XL Comfort Seat for Toddlers,cmqpqr2zl002p7qll072jlg89,Maxi-Cosi,Peri 180,maxi-cosi-peri,INFANT,ADAPTER,t,Veer Infant Car Seat Adapter for Cruiser Wagon Size Cybex/Maxi-Cosi/Nuna,MEDIUM,"Inferred from the catalog adapter ""Veer Infant Car Seat Adapter for Cruiser Wagon Size Cybex/Maxi-Cosi/Nuna"".",https://babylist.pxf.io/c/6560395/1160375/13580?prodsku=69396&u=https%3A%2F%2Fwww.babylist.com%2Fgp%2Fveer-infant-car-seat-adapter-for-veer-cruiser-wagon%2F16069%2F69396&intsrc=CATF_8981,79,,2026-06-29 22:23:46.532,2026-06-29 22:23:46.532
cmqzsbd1400b112dx7ixezlt1,Veer,Cruiser Wagon XL Comfort Seat for Toddlers,cmqpqr2zl002p7qll072jlg89,Nuna,PIPA Aire,nuna-pipa-lite-rx,INFANT,ADAPTER,t,Veer Infant Car Seat Adapter for Cruiser Wagon Size Cybex/Maxi-Cosi/Nuna,MEDIUM,"Inferred from the catalog adapter ""Veer Infant Car Seat Adapter for Cruiser Wagon Size Cybex/Maxi-Cosi/Nuna"".",https://babylist.pxf.io/c/6560395/1160375/13580?prodsku=69396&u=https%3A%2F%2Fwww.babylist.com%2Fgp%2Fveer-infant-car-seat-adapter-for-veer-cruiser-wagon%2F16069%2F69396&intsrc=CATF_8981,79,,2026-06-29 22:23:46.36,2026-06-29 22:23:46.36
cmqzsbcwi00ax12dxrhdcrklp,Veer,Cruiser Wagon XL Comfort Seat for Toddlers,cmqpqr2zl002p7qll072jlg89,Nuna,PIPA Aire rx,nuna-pipa-aire-rx,INFANT,ADAPTER,t,Veer Infant Car Seat Adapter for Cruiser Wagon Size Cybex/Maxi-Cosi/Nuna,MEDIUM,"Inferred from the catalog adapter ""Veer Infant Car Seat Adapter for Cruiser Wagon Size Cybex/Maxi-Cosi/Nuna"".",https://babylist.pxf.io/c/6560395/1160375/13580?prodsku=69396&u=https%3A%2F%2Fwww.babylist.com%2Fgp%2Fveer-infant-car-seat-adapter-for-veer-cruiser-wagon%2F16069%2F69396&intsrc=CATF_8981,79,,2026-06-29 22:23:46.194,2026-06-29 22:23:46.194
cmqzsbcfn00aj12dx1h0xepdq,Veer,Cruiser Wagon XL Comfort Seat for Toddlers,cmqpqr2zl002p7qll072jlg89,Nuna,PIPA RX,nuna-pipa-rx,INFANT,ADAPTER,t,Veer Infant Car Seat Adapter for Cruiser Wagon Size Cybex/Maxi-Cosi/Nuna,MEDIUM,"Inferred from the catalog adapter ""Veer Infant Car Seat Adapter for Cruiser Wagon Size Cybex/Maxi-Cosi/Nuna"".",https://babylist.pxf.io/c/6560395/1160375/13580?prodsku=69396&u=https%3A%2F%2Fwww.babylist.com%2Fgp%2Fveer-infant-car-seat-adapter-for-veer-cruiser-wagon%2F16069%2F69396&intsrc=CATF_8981,79,,2026-06-29 22:23:45.587,2026-06-29 22:23:45.587
cmqzsbd3m00b312dxnbk3o76h,Veer,Cruiser Wagon XL Comfort Seat for Toddlers,cmqpqr2zl002p7qll072jlg89,Nuna,PIPA urbn,nuna-pipa-urbn,INFANT,ADAPTER,t,Veer Infant Car Seat Adapter for Cruiser Wagon Size Cybex/Maxi-Cosi/Nuna,MEDIUM,"Inferred from the catalog adapter ""Veer Infant Car Seat Adapter for Cruiser Wagon Size Cybex/Maxi-Cosi/Nuna"".",https://babylist.pxf.io/c/6560395/1160375/13580?prodsku=69396&u=https%3A%2F%2Fwww.babylist.com%2Fgp%2Fveer-infant-car-seat-adapter-for-veer-cruiser-wagon%2F16069%2F69396&intsrc=CATF_8981,79,,2026-06-29 22:23:46.45,2026-06-29 22:23:46.45
cmqzsbc8n00ad12dxituahz95,Veer,Cruiser Wagon XL Comfort Seat for Toddlers,cmqpqr2zl002p7qll072jlg89,UPPAbaby,Aria,uppababy-aria,INFANT,ADAPTER,t,Veer Infant Car Seat Adapter for Cruiser Wagon Size Uppababy,MEDIUM,"Inferred from the catalog adapter ""Veer Infant Car Seat Adapter for Cruiser Wagon Size Uppababy"".",https://babylist.pxf.io/c/6560395/1160375/13580?prodsku=307614&u=https%3A%2F%2Fwww.babylist.com%2Fgp%2Fveer-infant-car-seat-adapter-for-veer-cruiser-wagon%2F16069%2F307614&intsrc=CATF_8981,69,,2026-06-29 22:23:45.335,2026-06-29 22:23:45.335
cmqzsbcau00af12dx8iijftpk,Veer,Cruiser Wagon XL Comfort Seat for Toddlers,cmqpqr2zl002p7qll072jlg89,UPPAbaby,Aria V2,uppababy-aria-v2,INFANT,ADAPTER,t,Veer Infant Car Seat Adapter for Cruiser Wagon Size Uppababy,MEDIUM,"Inferred from the catalog adapter ""Veer Infant Car Seat Adapter for Cruiser Wagon Size Uppababy"".",https://babylist.pxf.io/c/6560395/1160375/13580?prodsku=307614&u=https%3A%2F%2Fwww.babylist.com%2Fgp%2Fveer-infant-car-seat-adapter-for-veer-cruiser-wagon%2F16069%2F307614&intsrc=CATF_8981,69,,2026-06-29 22:23:45.415,2026-06-29 22:23:45.415
cmqzsbcd400ah12dxdybvm0vw,Veer,Cruiser Wagon XL Comfort Seat for Toddlers,cmqpqr2zl002p7qll072jlg89,UPPAbaby,Mesa V3,uppababy-mesa-v3,INFANT,ADAPTER,t,Veer Infant Car Seat Adapter for Cruiser Wagon Size Uppababy,MEDIUM,"Inferred from the catalog adapter ""Veer Infant Car Seat Adapter for Cruiser Wagon Size Uppababy"".",https://babylist.pxf.io/c/6560395/1160375/13580?prodsku=307614&u=https%3A%2F%2Fwww.babylist.com%2Fgp%2Fveer-infant-car-seat-adapter-for-veer-cruiser-wagon%2F16069%2F307614&intsrc=CATF_8981,69,,2026-06-29 22:23:45.497,2026-06-29 22:23:45.497
cmqzsbgvz00e312dxpqk6rokr,Veer,Cruiser XL Nap System,cmqpqr31z002q7qllv0snz6ag,Britax,Cypress S,britax-cypress-s,INFANT,ADAPTER,t,Veer Cruiser Infant Car Seat Adapter - Britax,MEDIUM,"Inferred from the catalog adapter ""Veer Cruiser Infant Car Seat Adapter - Britax"".",https://www.awin1.com/cread.php?awinmid=75150&awinaffid=2588613&ued=https%3A%2F%2Fwww.anbbaby.com%2Fproducts%2Fveer-cruiser-infant-car-seat-adapter%3Fvariant%3D39314573164630,79,,2026-06-29 22:23:51.359,2026-06-29 22:23:51.359
cmqzsbgqm00dz12dx53uet98u,Veer,Cruiser XL Nap System,cmqpqr31z002q7qllv0snz6ag,Britax,Willow S,britax-willow-s,INFANT,ADAPTER,t,Veer Cruiser Infant Car Seat Adapter - Britax,MEDIUM,"Inferred from the catalog adapter ""Veer Cruiser Infant Car Seat Adapter - Britax"".",https://www.awin1.com/cread.php?awinmid=75150&awinaffid=2588613&ued=https%3A%2F%2Fwww.anbbaby.com%2Fproducts%2Fveer-cruiser-infant-car-seat-adapter%3Fvariant%3D39314573164630,79,,2026-06-29 22:23:51.166,2026-06-29 22:23:51.166
cmqzsbgtn00e112dx21yrilmf,Veer,Cruiser XL Nap System,cmqpqr31z002q7qllv0snz6ag,Britax,Willow SC,cmqt1dq4e00043u44vihpznhm,INFANT,ADAPTER,t,Veer Cruiser Infant Car Seat Adapter - Britax,MEDIUM,"Inferred from the catalog adapter ""Veer Cruiser Infant Car Seat Adapter - Britax"".",https://www.awin1.com/cread.php?awinmid=75150&awinaffid=2588613&ued=https%3A%2F%2Fwww.anbbaby.com%2Fproducts%2Fveer-cruiser-infant-car-seat-adapter%3Fvariant%3D39314573164630,79,,2026-06-29 22:23:51.276,2026-06-29 22:23:51.276
cmqzsbfmg00d112dx3h3vaqa2,Veer,Cruiser XL Nap System,cmqpqr31z002q7qllv0snz6ag,Cybex,Aton G2,cmqx4qpgs00073835wm1de2we,INFANT,ADAPTER,t,Veer Infant Car Seat Adapter for Cruiser Wagon Size Cybex/Maxi-Cosi/Nuna,MEDIUM,"Inferred from the catalog adapter ""Veer Infant Car Seat Adapter for Cruiser Wagon Size Cybex/Maxi-Cosi/Nuna"".",https://babylist.pxf.io/c/6560395/1160375/13580?prodsku=69396&u=https%3A%2F%2Fwww.babylist.com%2Fgp%2Fveer-infant-car-seat-adapter-for-veer-cruiser-wagon%2F16069%2F69396&intsrc=CATF_8981,79,,2026-06-29 22:23:49.72,2026-06-29 22:23:49.72
cmrmtwf40000j11u5b31hbnri,Veer,Cruiser XL Nap System,cmqpqr31z002q7qllv0snz6ag,Cybex,Aton G2 Swivel,cmrdwvbsy000u7tmavhnk64ww,INFANT,ADAPTER,t,Veer Infant Car Seat Adapter for Cruiser Wagon Size Cybex/Maxi-Cosi/Nuna,MEDIUM,"Inferred from the catalog adapter ""Veer Infant Car Seat Adapter for Cruiser Wagon Size Cybex/Maxi-Cosi/Nuna"".",https://babylist.pxf.io/c/6560395/1160375/13580?prodsku=69396&u=https%3A%2F%2Fwww.babylist.com%2Fgp%2Fveer-infant-car-seat-adapter-for-veer-cruiser-wagon%2F16069%2F69396&intsrc=CATF_8981,79,,2026-07-16 01:26:50.496,2026-07-16 01:26:50.496
cmqzsbfop00d312dx9l3d3d1a,Veer,Cruiser XL Nap System,cmqpqr31z002q7qllv0snz6ag,Cybex,Cloud G Pro Comfort Extend,cmqx4qpj400083835htva49ii,INFANT,ADAPTER,t,Veer Infant Car Seat Adapter for Cruiser Wagon Size Cybex/Maxi-Cosi/Nuna,MEDIUM,"Inferred from the catalog adapter ""Veer Infant Car Seat Adapter for Cruiser Wagon Size Cybex/Maxi-Cosi/Nuna"".",https://babylist.pxf.io/c/6560395/1160375/13580?prodsku=69396&u=https%3A%2F%2Fwww.babylist.com%2Fgp%2Fveer-infant-car-seat-adapter-for-veer-cruiser-wagon%2F16069%2F69396&intsrc=CATF_8981,79,,2026-06-29 22:23:49.802,2026-06-29 22:23:49.802
cmqzsbfta00d712dxruxcqgpq,Veer,Cruiser XL Nap System,cmqpqr31z002q7qllv0snz6ag,Cybex,Cloud T,cybex-cloud-t,INFANT,ADAPTER,t,Veer Infant Car Seat Adapter for Cruiser Wagon Size Cybex/Maxi-Cosi/Nuna,MEDIUM,"Inferred from the catalog adapter ""Veer Infant Car Seat Adapter for Cruiser Wagon Size Cybex/Maxi-Cosi/Nuna"".",https://babylist.pxf.io/c/6560395/1160375/13580?prodsku=69396&u=https%3A%2F%2Fwww.babylist.com%2Fgp%2Fveer-infant-car-seat-adapter-for-veer-cruiser-wagon%2F16069%2F69396&intsrc=CATF_8981,79,,2026-06-29 22:23:49.966,2026-06-29 22:23:49.966
cmqzsbg4y00dh12dxb9yhx6jy,Veer,Cruiser XL Nap System,cmqpqr31z002q7qllv0snz6ag,Maxi-Cosi,Ambra,cmqx4qqbg000k3835k8b3mf6l,INFANT,ADAPTER,t,Veer Infant Car Seat Adapter for Cruiser Wagon Size Cybex/Maxi-Cosi/Nuna,MEDIUM,"Inferred from the catalog adapter ""Veer Infant Car Seat Adapter for Cruiser Wagon Size Cybex/Maxi-Cosi/Nuna"".",https://babylist.pxf.io/c/6560395/1160375/13580?prodsku=69396&u=https%3A%2F%2Fwww.babylist.com%2Fgp%2Fveer-infant-car-seat-adapter-for-veer-cruiser-wagon%2F16069%2F69396&intsrc=CATF_8981,79,,2026-06-29 22:23:50.386,2026-06-29 22:23:50.386
cmqzsbfd800ct12dxcak7tepb,Veer,Cruiser XL Nap System,cmqpqr31z002q7qllv0snz6ag,Maxi-Cosi,Mico Luxe,maxi-cosi-mico-luxe,INFANT,ADAPTER,t,Veer Infant Car Seat Adapter for Cruiser Wagon Size Cybex/Maxi-Cosi/Nuna,MEDIUM,"Inferred from the catalog adapter ""Veer Infant Car Seat Adapter for Cruiser Wagon Size Cybex/Maxi-Cosi/Nuna"".",https://babylist.pxf.io/c/6560395/1160375/13580?prodsku=69396&u=https%3A%2F%2Fwww.babylist.com%2Fgp%2Fveer-infant-car-seat-adapter-for-veer-cruiser-wagon%2F16069%2F69396&intsrc=CATF_8981,79,,2026-06-29 22:23:49.388,2026-06-29 22:23:49.388
cmqzsbffl00cv12dxnxcuxj12,Veer,Cruiser XL Nap System,cmqpqr31z002q7qllv0snz6ag,Maxi-Cosi,Mico Pro,maxi-cosi-mico-pro,INFANT,ADAPTER,t,Veer Infant Car Seat Adapter for Cruiser Wagon Size Cybex/Maxi-Cosi/Nuna,MEDIUM,"Inferred from the catalog adapter ""Veer Infant Car Seat Adapter for Cruiser Wagon Size Cybex/Maxi-Cosi/Nuna"".",https://babylist.pxf.io/c/6560395/1160375/13580?prodsku=69396&u=https%3A%2F%2Fwww.babylist.com%2Fgp%2Fveer-infant-car-seat-adapter-for-veer-cruiser-wagon%2F16069%2F69396&intsrc=CATF_8981,79,,2026-06-29 22:23:49.473,2026-06-29 22:23:49.473
cmqzsbg0g00dd12dxjxd0fzqe,Veer,Cruiser XL Nap System,cmqpqr31z002q7qllv0snz6ag,Maxi-Cosi,Peri 180,maxi-cosi-peri,INFANT,ADAPTER,t,Veer Infant Car Seat Adapter for Cruiser Wagon Size Cybex/Maxi-Cosi/Nuna,MEDIUM,"Inferred from the catalog adapter ""Veer Infant Car Seat Adapter for Cruiser Wagon Size Cybex/Maxi-Cosi/Nuna"".",https://babylist.pxf.io/c/6560395/1160375/13580?prodsku=69396&u=https%3A%2F%2Fwww.babylist.com%2Fgp%2Fveer-infant-car-seat-adapter-for-veer-cruiser-wagon%2F16069%2F69396&intsrc=CATF_8981,79,,2026-06-29 22:23:50.224,2026-06-29 22:23:50.224
cmqzsbfvm00d912dx03vg8rfu,Veer,Cruiser XL Nap System,cmqpqr31z002q7qllv0snz6ag,Nuna,PIPA Aire,nuna-pipa-lite-rx,INFANT,ADAPTER,t,Veer Infant Car Seat Adapter for Cruiser Wagon Size Cybex/Maxi-Cosi/Nuna,MEDIUM,"Inferred from the catalog adapter ""Veer Infant Car Seat Adapter for Cruiser Wagon Size Cybex/Maxi-Cosi/Nuna"".",https://babylist.pxf.io/c/6560395/1160375/13580?prodsku=69396&u=https%3A%2F%2Fwww.babylist.com%2Fgp%2Fveer-infant-car-seat-adapter-for-veer-cruiser-wagon%2F16069%2F69396&intsrc=CATF_8981,79,,2026-06-29 22:23:50.05,2026-06-29 22:23:50.05
cmqzsbfqz00d512dxllap5zvc,Veer,Cruiser XL Nap System,cmqpqr31z002q7qllv0snz6ag,Nuna,PIPA Aire rx,nuna-pipa-aire-rx,INFANT,ADAPTER,t,Veer Infant Car Seat Adapter for Cruiser Wagon Size Cybex/Maxi-Cosi/Nuna,MEDIUM,"Inferred from the catalog adapter ""Veer Infant Car Seat Adapter for Cruiser Wagon Size Cybex/Maxi-Cosi/Nuna"".",https://babylist.pxf.io/c/6560395/1160375/13580?prodsku=69396&u=https%3A%2F%2Fwww.babylist.com%2Fgp%2Fveer-infant-car-seat-adapter-for-veer-cruiser-wagon%2F16069%2F69396&intsrc=CATF_8981,79,,2026-06-29 22:23:49.884,2026-06-29 22:23:49.884
cmqzsbfas00cr12dxwidwyhar,Veer,Cruiser XL Nap System,cmqpqr31z002q7qllv0snz6ag,Nuna,PIPA RX,nuna-pipa-rx,INFANT,ADAPTER,t,Veer Infant Car Seat Adapter for Cruiser Wagon Size Cybex/Maxi-Cosi/Nuna,MEDIUM,"Inferred from the catalog adapter ""Veer Infant Car Seat Adapter for Cruiser Wagon Size Cybex/Maxi-Cosi/Nuna"".",https://babylist.pxf.io/c/6560395/1160375/13580?prodsku=69396&u=https%3A%2F%2Fwww.babylist.com%2Fgp%2Fveer-infant-car-seat-adapter-for-veer-cruiser-wagon%2F16069%2F69396&intsrc=CATF_8981,79,,2026-06-29 22:23:49.3,2026-06-29 22:23:49.3
cmqzsbfy200db12dxen6zw013,Veer,Cruiser XL Nap System,cmqpqr31z002q7qllv0snz6ag,Nuna,PIPA urbn,nuna-pipa-urbn,INFANT,ADAPTER,t,Veer Infant Car Seat Adapter for Cruiser Wagon Size Cybex/Maxi-Cosi/Nuna,MEDIUM,"Inferred from the catalog adapter ""Veer Infant Car Seat Adapter for Cruiser Wagon Size Cybex/Maxi-Cosi/Nuna"".",https://babylist.pxf.io/c/6560395/1160375/13580?prodsku=69396&u=https%3A%2F%2Fwww.babylist.com%2Fgp%2Fveer-infant-car-seat-adapter-for-veer-cruiser-wagon%2F16069%2F69396&intsrc=CATF_8981,79,,2026-06-29 22:23:50.138,2026-06-29 22:23:50.138
cmqzsbf3n00cl12dx6j5o2phf,Veer,Cruiser XL Nap System,cmqpqr31z002q7qllv0snz6ag,UPPAbaby,Aria,uppababy-aria,INFANT,ADAPTER,t,Veer Infant Car Seat Adapter for Cruiser Wagon Size Uppababy,MEDIUM,"Inferred from the catalog adapter ""Veer Infant Car Seat Adapter for Cruiser Wagon Size Uppababy"".",https://babylist.pxf.io/c/6560395/1160375/13580?prodsku=307614&u=https%3A%2F%2Fwww.babylist.com%2Fgp%2Fveer-infant-car-seat-adapter-for-veer-cruiser-wagon%2F16069%2F307614&intsrc=CATF_8981,69,,2026-06-29 22:23:49.043,2026-06-29 22:23:49.043
cmqzsbf6000cn12dxyme8ypbs,Veer,Cruiser XL Nap System,cmqpqr31z002q7qllv0snz6ag,UPPAbaby,Aria V2,uppababy-aria-v2,INFANT,ADAPTER,t,Veer Infant Car Seat Adapter for Cruiser Wagon Size Uppababy,MEDIUM,"Inferred from the catalog adapter ""Veer Infant Car Seat Adapter for Cruiser Wagon Size Uppababy"".",https://babylist.pxf.io/c/6560395/1160375/13580?prodsku=307614&u=https%3A%2F%2Fwww.babylist.com%2Fgp%2Fveer-infant-car-seat-adapter-for-veer-cruiser-wagon%2F16069%2F307614&intsrc=CATF_8981,69,,2026-06-29 22:23:49.128,2026-06-29 22:23:49.128
cmqzsbf8h00cp12dx62s299ss,Veer,Cruiser XL Nap System,cmqpqr31z002q7qllv0snz6ag,UPPAbaby,Mesa V3,uppababy-mesa-v3,INFANT,ADAPTER,t,Veer Infant Car Seat Adapter for Cruiser Wagon Size Uppababy,MEDIUM,"Inferred from the catalog adapter ""Veer Infant Car Seat Adapter for Cruiser Wagon Size Uppababy"".",https://babylist.pxf.io/c/6560395/1160375/13580?prodsku=307614&u=https%3A%2F%2Fwww.babylist.com%2Fgp%2Fveer-infant-car-seat-adapter-for-veer-cruiser-wagon%2F16069%2F307614&intsrc=CATF_8981,69,,2026-06-29 22:23:49.218,2026-06-29 22:23:49.218
cmr49vtio001n8smgjyhn67b0,Veer,Switch&Jog,cmqx8d7fm002013kpwgdokqb5,Britax,Cypress S,britax-cypress-s,INFANT,ADAPTER,t,,MEDIUM,Veer Switchback (&Roll / &Jog) accepts Nuna / Maxi-Cosi / CYBEX / Clek infant seats via a Veer click-and-go car seat adapter (sold separately). Confirm the exact adapter for your model year before purchase.,,,,2026-07-03 01:46:39.024,2026-07-03 01:46:39.024
cmr49vtnc001p8smgjc3vdl8r,Veer,Switch&Jog,cmqx8d7fm002013kpwgdokqb5,Britax,Willow S,britax-willow-s,INFANT,ADAPTER,t,,MEDIUM,Veer Switchback (&Roll / &Jog) accepts Nuna / Maxi-Cosi / CYBEX / Clek infant seats via a Veer click-and-go car seat adapter (sold separately). Confirm the exact adapter for your model year before purchase.,,,,2026-07-03 01:46:39.193,2026-07-03 01:46:39.193
cmr49vtry001r8smg13btww4i,Veer,Switch&Jog,cmqx8d7fm002013kpwgdokqb5,Britax,Willow SC,cmqt1dq4e00043u44vihpznhm,INFANT,ADAPTER,t,,MEDIUM,Veer Switchback (&Roll / &Jog) accepts Nuna / Maxi-Cosi / CYBEX / Clek infant seats via a Veer click-and-go car seat adapter (sold separately). Confirm the exact adapter for your model year before purchase.,,,,2026-07-03 01:46:39.358,2026-07-03 01:46:39.358
cmrfd5o1n00g9t78145suwbpg,Veer,Switch&Jog,cmqx8d7fm002013kpwgdokqb5,Graco,GoMax,cmqx4qpx8000e3835nvrnxr0i,INFANT,ADAPTER,t,,MEDIUM,Veer Switchback (&Roll / &Jog) accepts Nuna / Maxi-Cosi / CYBEX / Clek infant seats via a Veer click-and-go car seat adapter (sold separately). Confirm the exact adapter for your model year before purchase.,,,,2026-07-10 20:03:45.275,2026-07-10 20:03:45.275
cmrfd5o6400gbt7814vroamhp,Veer,Switch&Jog,cmqx8d7fm002013kpwgdokqb5,Graco,SnugRide Lite LX,cmqx4qpzp000f3835i6cp9pth,INFANT,ADAPTER,t,,MEDIUM,Veer Switchback (&Roll / &Jog) accepts Nuna / Maxi-Cosi / CYBEX / Clek infant seats via a Veer click-and-go car seat adapter (sold separately). Confirm the exact adapter for your model year before purchase.,,,,2026-07-10 20:03:45.436,2026-07-10 20:03:45.436
cmrfd5oaj00gdt781g6kuqunu,Veer,Switch&Jog,cmqx8d7fm002013kpwgdokqb5,Graco,SnugRide SnugFit,cmqx4qq4h000h3835n8ni2r9m,INFANT,ADAPTER,t,,MEDIUM,Veer Switchback (&Roll / &Jog) accepts Nuna / Maxi-Cosi / CYBEX / Clek infant seats via a Veer click-and-go car seat adapter (sold separately). Confirm the exact adapter for your model year before purchase.,,,,2026-07-10 20:03:45.596,2026-07-10 20:03:45.596
cmrfd5of400gft781f0p1pm0a,Veer,Switch&Jog,cmqx8d7fm002013kpwgdokqb5,Graco,SnugRide SnugFit DLX,cmqx4qq26000g3835g3mh924j,INFANT,ADAPTER,t,,MEDIUM,Veer Switchback (&Roll / &Jog) accepts Nuna / Maxi-Cosi / CYBEX / Clek infant seats via a Veer click-and-go car seat adapter (sold separately). Confirm the exact adapter for your model year before purchase.,,,,2026-07-10 20:03:45.76,2026-07-10 20:03:45.76
cmrfd5ojl00ght781oz1ndymg,Veer,Switch&Jog,cmqx8d7fm002013kpwgdokqb5,Graco,SnugRide SnugFit LX,cmqx4qq6u000i3835j7t2euy8,INFANT,ADAPTER,t,,MEDIUM,Veer Switchback (&Roll / &Jog) accepts Nuna / Maxi-Cosi / CYBEX / Clek infant seats via a Veer click-and-go car seat adapter (sold separately). Confirm the exact adapter for your model year before purchase.,,,,2026-07-10 20:03:45.921,2026-07-10 20:03:45.921
cmr0shgyb00h1h1u894gh0rkg,Veer,Switch&Jog,cmqx8d7fm002013kpwgdokqb5,Nuna,PIPA Aire,nuna-pipa-lite-rx,INFANT,ADAPTER,t,,MEDIUM,Veer Switchback (&Roll / &Jog) accepts Nuna / Maxi-Cosi / CYBEX / Clek infant seats via a Veer click-and-go car seat adapter (sold separately). Confirm the exact adapter for your model year before purchase.,,,,2026-06-30 15:16:17.555,2026-06-30 15:16:17.555
cmr0shh2v00h3h1u84p9dywlr,Veer,Switch&Jog,cmqx8d7fm002013kpwgdokqb5,Nuna,PIPA Aire rx,nuna-pipa-aire-rx,INFANT,ADAPTER,t,,MEDIUM,Veer Switchback (&Roll / &Jog) accepts Nuna / Maxi-Cosi / CYBEX / Clek infant seats via a Veer click-and-go car seat adapter (sold separately). Confirm the exact adapter for your model year before purchase.,,,,2026-06-30 15:16:17.719,2026-06-30 15:16:17.719
cmr0shh7g00h5h1u8dz0hhgyf,Veer,Switch&Jog,cmqx8d7fm002013kpwgdokqb5,Nuna,PIPA RX,nuna-pipa-rx,INFANT,ADAPTER,t,,MEDIUM,Veer Switchback (&Roll / &Jog) accepts Nuna / Maxi-Cosi / CYBEX / Clek infant seats via a Veer click-and-go car seat adapter (sold separately). Confirm the exact adapter for your model year before purchase.,,,,2026-06-30 15:16:17.884,2026-06-30 15:16:17.884
cmr0shhby00h7h1u866sbh0h4,Veer,Switch&Jog,cmqx8d7fm002013kpwgdokqb5,Nuna,PIPA urbn,nuna-pipa-urbn,INFANT,ADAPTER,t,,MEDIUM,Veer Switchback (&Roll / &Jog) accepts Nuna / Maxi-Cosi / CYBEX / Clek infant seats via a Veer click-and-go car seat adapter (sold separately). Confirm the exact adapter for your model year before purchase.,,,,2026-06-30 15:16:18.046,2026-06-30 15:16:18.046
cmr49vrrr000x8smgjf4me8pf,Veer,Switch&Jog,cmqx8d7fm002013kpwgdokqb5,UPPAbaby,Aria,uppababy-aria,INFANT,ADAPTER,t,,MEDIUM,Veer Switchback (&Roll / &Jog) accepts Nuna / Maxi-Cosi / CYBEX / Clek infant seats via a Veer click-and-go car seat adapter (sold separately). Confirm the exact adapter for your model year before purchase.,,,,2026-07-03 01:46:36.759,2026-07-03 01:46:36.759
cmr49vrwd000z8smgx5k59wd6,Veer,Switch&Jog,cmqx8d7fm002013kpwgdokqb5,UPPAbaby,Aria V2,uppababy-aria-v2,INFANT,ADAPTER,t,,MEDIUM,Veer Switchback (&Roll / &Jog) accepts Nuna / Maxi-Cosi / CYBEX / Clek infant seats via a Veer click-and-go car seat adapter (sold separately). Confirm the exact adapter for your model year before purchase.,,,,2026-07-03 01:46:36.925,2026-07-03 01:46:36.925
cmr49vs5s00138smgv9x4zjet,Veer,Switch&Jog,cmqx8d7fm002013kpwgdokqb5,UPPAbaby,Mesa V3,uppababy-mesa-v3,INFANT,ADAPTER,t,,MEDIUM,Veer Switchback (&Roll / &Jog) accepts Nuna / Maxi-Cosi / CYBEX / Clek infant seats via a Veer click-and-go car seat adapter (sold separately). Confirm the exact adapter for your model year before purchase.,,,,2026-07-03 01:46:37.264,2026-07-03 01:46:37.264
cmr49vvvj002j8smg4ovph6jx,Veer,Switch&Jog Jogging,cmqpqr34e002r7qll3fzqhzdz,Britax,Cypress S,britax-cypress-s,INFANT,ADAPTER,t,,MEDIUM,Veer Switchback (&Roll / &Jog) accepts Nuna / Maxi-Cosi / CYBEX / Clek infant seats via a Veer click-and-go car seat adapter (sold separately). Confirm the exact adapter for your model year before purchase.,,,,2026-07-03 01:46:42.079,2026-07-03 01:46:42.079
cmr49vw07002l8smgggask6lt,Veer,Switch&Jog Jogging,cmqpqr34e002r7qll3fzqhzdz,Britax,Willow S,britax-willow-s,INFANT,ADAPTER,t,,MEDIUM,Veer Switchback (&Roll / &Jog) accepts Nuna / Maxi-Cosi / CYBEX / Clek infant seats via a Veer click-and-go car seat adapter (sold separately). Confirm the exact adapter for your model year before purchase.,,,,2026-07-03 01:46:42.247,2026-07-03 01:46:42.247
cmr49vw4n002n8smgf5d87gfi,Veer,Switch&Jog Jogging,cmqpqr34e002r7qll3fzqhzdz,Britax,Willow SC,cmqt1dq4e00043u44vihpznhm,INFANT,ADAPTER,t,,MEDIUM,Veer Switchback (&Roll / &Jog) accepts Nuna / Maxi-Cosi / CYBEX / Clek infant seats via a Veer click-and-go car seat adapter (sold separately). Confirm the exact adapter for your model year before purchase.,,,,2026-07-03 01:46:42.407,2026-07-03 01:46:42.407
cmrfd5plm00gjt781ek5v56vw,Veer,Switch&Jog Jogging,cmqpqr34e002r7qll3fzqhzdz,Graco,GoMax,cmqx4qpx8000e3835nvrnxr0i,INFANT,ADAPTER,t,,MEDIUM,Veer Switchback (&Roll / &Jog) accepts Nuna / Maxi-Cosi / CYBEX / Clek infant seats via a Veer click-and-go car seat adapter (sold separately). Confirm the exact adapter for your model year before purchase.,,,,2026-07-10 20:03:47.29,2026-07-10 20:03:47.29
cmrfd5pq300glt7817ptkjpwl,Veer,Switch&Jog Jogging,cmqpqr34e002r7qll3fzqhzdz,Graco,SnugRide Lite LX,cmqx4qpzp000f3835i6cp9pth,INFANT,ADAPTER,t,,MEDIUM,Veer Switchback (&Roll / &Jog) accepts Nuna / Maxi-Cosi / CYBEX / Clek infant seats via a Veer click-and-go car seat adapter (sold separately). Confirm the exact adapter for your model year before purchase.,,,,2026-07-10 20:03:47.452,2026-07-10 20:03:47.452
cmrfd5pul00gnt781eh2h9tcr,Veer,Switch&Jog Jogging,cmqpqr34e002r7qll3fzqhzdz,Graco,SnugRide SnugFit,cmqx4qq4h000h3835n8ni2r9m,INFANT,ADAPTER,t,,MEDIUM,Veer Switchback (&Roll / &Jog) accepts Nuna / Maxi-Cosi / CYBEX / Clek infant seats via a Veer click-and-go car seat adapter (sold separately). Confirm the exact adapter for your model year before purchase.,,,,2026-07-10 20:03:47.613,2026-07-10 20:03:47.613
cmrfd5pz200gpt781e3ut97r7,Veer,Switch&Jog Jogging,cmqpqr34e002r7qll3fzqhzdz,Graco,SnugRide SnugFit DLX,cmqx4qq26000g3835g3mh924j,INFANT,ADAPTER,t,,MEDIUM,Veer Switchback (&Roll / &Jog) accepts Nuna / Maxi-Cosi / CYBEX / Clek infant seats via a Veer click-and-go car seat adapter (sold separately). Confirm the exact adapter for your model year before purchase.,,,,2026-07-10 20:03:47.774,2026-07-10 20:03:47.774
cmrfd5q3z00grt781nkhhgb3p,Veer,Switch&Jog Jogging,cmqpqr34e002r7qll3fzqhzdz,Graco,SnugRide SnugFit LX,cmqx4qq6u000i3835j7t2euy8,INFANT,ADAPTER,t,,MEDIUM,Veer Switchback (&Roll / &Jog) accepts Nuna / Maxi-Cosi / CYBEX / Clek infant seats via a Veer click-and-go car seat adapter (sold separately). Confirm the exact adapter for your model year before purchase.,,,,2026-07-10 20:03:47.951,2026-07-10 20:03:47.951
cmr0shhgh00h9h1u82jmtgsxk,Veer,Switch&Jog Jogging,cmqpqr34e002r7qll3fzqhzdz,Nuna,PIPA Aire,nuna-pipa-lite-rx,INFANT,ADAPTER,t,,MEDIUM,Veer Switchback (&Roll / &Jog) accepts Nuna / Maxi-Cosi / CYBEX / Clek infant seats via a Veer click-and-go car seat adapter (sold separately). Confirm the exact adapter for your model year before purchase.,,,,2026-06-30 15:16:18.21,2026-06-30 15:16:18.21
cmr0shhlf00hbh1u8vuasoh3n,Veer,Switch&Jog Jogging,cmqpqr34e002r7qll3fzqhzdz,Nuna,PIPA Aire rx,nuna-pipa-aire-rx,INFANT,ADAPTER,t,,MEDIUM,Veer Switchback (&Roll / &Jog) accepts Nuna / Maxi-Cosi / CYBEX / Clek infant seats via a Veer click-and-go car seat adapter (sold separately). Confirm the exact adapter for your model year before purchase.,,,,2026-06-30 15:16:18.388,2026-06-30 15:16:18.388
cmr0shhq900hdh1u8fzc1p58l,Veer,Switch&Jog Jogging,cmqpqr34e002r7qll3fzqhzdz,Nuna,PIPA RX,nuna-pipa-rx,INFANT,ADAPTER,t,,MEDIUM,Veer Switchback (&Roll / &Jog) accepts Nuna / Maxi-Cosi / CYBEX / Clek infant seats via a Veer click-and-go car seat adapter (sold separately). Confirm the exact adapter for your model year before purchase.,,,,2026-06-30 15:16:18.561,2026-06-30 15:16:18.561
cmr0shhva00hfh1u8el4wwu0l,Veer,Switch&Jog Jogging,cmqpqr34e002r7qll3fzqhzdz,Nuna,PIPA urbn,nuna-pipa-urbn,INFANT,ADAPTER,t,,MEDIUM,Veer Switchback (&Roll / &Jog) accepts Nuna / Maxi-Cosi / CYBEX / Clek infant seats via a Veer click-and-go car seat adapter (sold separately). Confirm the exact adapter for your model year before purchase.,,,,2026-06-30 15:16:18.742,2026-06-30 15:16:18.742
cmr49vu5t001t8smg131b7dit,Veer,Switch&Jog Jogging,cmqpqr34e002r7qll3fzqhzdz,UPPAbaby,Aria,uppababy-aria,INFANT,ADAPTER,t,,MEDIUM,Veer Switchback (&Roll / &Jog) accepts Nuna / Maxi-Cosi / CYBEX / Clek infant seats via a Veer click-and-go car seat adapter (sold separately). Confirm the exact adapter for your model year before purchase.,,,,2026-07-03 01:46:39.857,2026-07-03 01:46:39.857
cmr49vuai001v8smg1ptsq9h1,Veer,Switch&Jog Jogging,cmqpqr34e002r7qll3fzqhzdz,UPPAbaby,Aria V2,uppababy-aria-v2,INFANT,ADAPTER,t,,MEDIUM,Veer Switchback (&Roll / &Jog) accepts Nuna / Maxi-Cosi / CYBEX / Clek infant seats via a Veer click-and-go car seat adapter (sold separately). Confirm the exact adapter for your model year before purchase.,,,,2026-07-03 01:46:40.026,2026-07-03 01:46:40.026
cmr49vujr001z8smgxyuyfebf,Veer,Switch&Jog Jogging,cmqpqr34e002r7qll3fzqhzdz,UPPAbaby,Mesa V3,uppababy-mesa-v3,INFANT,ADAPTER,t,,MEDIUM,Veer Switchback (&Roll / &Jog) accepts Nuna / Maxi-Cosi / CYBEX / Clek infant seats via a Veer click-and-go car seat adapter (sold separately). Confirm the exact adapter for your model year before purchase.,,,,2026-07-03 01:46:40.359,2026-07-03 01:46:40.359
cmr49vyfw003f8smg7kx0harf,Veer,Switch&Roll,cmqpqr36t002s7qllftxs8rjs,Britax,Cypress S,britax-cypress-s,INFANT,ADAPTER,t,,MEDIUM,Veer Switchback (&Roll / &Jog) accepts Nuna / Maxi-Cosi / CYBEX / Clek infant seats via a Veer click-and-go car seat adapter (sold separately). Confirm the exact adapter for your model year before purchase.,,,,2026-07-03 01:46:45.404,2026-07-03 01:46:45.404
cmr49vykg003h8smg3b20thq1,Veer,Switch&Roll,cmqpqr36t002s7qllftxs8rjs,Britax,Willow S,britax-willow-s,INFANT,ADAPTER,t,,MEDIUM,Veer Switchback (&Roll / &Jog) accepts Nuna / Maxi-Cosi / CYBEX / Clek infant seats via a Veer click-and-go car seat adapter (sold separately). Confirm the exact adapter for your model year before purchase.,,,,2026-07-03 01:46:45.568,2026-07-03 01:46:45.568
cmr49vyp3003j8smg8hivh76p,Veer,Switch&Roll,cmqpqr36t002s7qllftxs8rjs,Britax,Willow SC,cmqt1dq4e00043u44vihpznhm,INFANT,ADAPTER,t,,MEDIUM,Veer Switchback (&Roll / &Jog) accepts Nuna / Maxi-Cosi / CYBEX / Clek infant seats via a Veer click-and-go car seat adapter (sold separately). Confirm the exact adapter for your model year before purchase.,,,,2026-07-03 01:46:45.735,2026-07-03 01:46:45.735
cmrfd5r7y00gtt781lwgljlze,Veer,Switch&Roll,cmqpqr36t002s7qllftxs8rjs,Graco,GoMax,cmqx4qpx8000e3835nvrnxr0i,INFANT,ADAPTER,t,,MEDIUM,Veer Switchback (&Roll / &Jog) accepts Nuna / Maxi-Cosi / CYBEX / Clek infant seats via a Veer click-and-go car seat adapter (sold separately). Confirm the exact adapter for your model year before purchase.,,,,2026-07-10 20:03:49.39,2026-07-10 20:03:49.39
cmrfd5rci00gvt781n4a3ztku,Veer,Switch&Roll,cmqpqr36t002s7qllftxs8rjs,Graco,SnugRide Lite LX,cmqx4qpzp000f3835i6cp9pth,INFANT,ADAPTER,t,,MEDIUM,Veer Switchback (&Roll / &Jog) accepts Nuna / Maxi-Cosi / CYBEX / Clek infant seats via a Veer click-and-go car seat adapter (sold separately). Confirm the exact adapter for your model year before purchase.,,,,2026-07-10 20:03:49.554,2026-07-10 20:03:49.554
cmrfd5rh200gxt7817c5nrsv9,Veer,Switch&Roll,cmqpqr36t002s7qllftxs8rjs,Graco,SnugRide SnugFit,cmqx4qq4h000h3835n8ni2r9m,INFANT,ADAPTER,t,,MEDIUM,Veer Switchback (&Roll / &Jog) accepts Nuna / Maxi-Cosi / CYBEX / Clek infant seats via a Veer click-and-go car seat adapter (sold separately). Confirm the exact adapter for your model year before purchase.,,,,2026-07-10 20:03:49.719,2026-07-10 20:03:49.719
cmrfd5rlk00gzt781g3ylmos3,Veer,Switch&Roll,cmqpqr36t002s7qllftxs8rjs,Graco,SnugRide SnugFit DLX,cmqx4qq26000g3835g3mh924j,INFANT,ADAPTER,t,,MEDIUM,Veer Switchback (&Roll / &Jog) accepts Nuna / Maxi-Cosi / CYBEX / Clek infant seats via a Veer click-and-go car seat adapter (sold separately). Confirm the exact adapter for your model year before purchase.,,,,2026-07-10 20:03:49.881,2026-07-10 20:03:49.881
cmrfd5rq100h1t7817boz4tv2,Veer,Switch&Roll,cmqpqr36t002s7qllftxs8rjs,Graco,SnugRide SnugFit LX,cmqx4qq6u000i3835j7t2euy8,INFANT,ADAPTER,t,,MEDIUM,Veer Switchback (&Roll / &Jog) accepts Nuna / Maxi-Cosi / CYBEX / Clek infant seats via a Veer click-and-go car seat adapter (sold separately). Confirm the exact adapter for your model year before purchase.,,,,2026-07-10 20:03:50.042,2026-07-10 20:03:50.042
cmr0shi0d00hhh1u88xq6jwgh,Veer,Switch&Roll,cmqpqr36t002s7qllftxs8rjs,Nuna,PIPA Aire,nuna-pipa-lite-rx,INFANT,ADAPTER,t,,MEDIUM,Veer Switchback (&Roll / &Jog) accepts Nuna / Maxi-Cosi / CYBEX / Clek infant seats via a Veer click-and-go car seat adapter (sold separately). Confirm the exact adapter for your model year before purchase.,,,,2026-06-30 15:16:18.925,2026-06-30 15:16:18.925
cmr0shi5100hjh1u8wf2io5r6,Veer,Switch&Roll,cmqpqr36t002s7qllftxs8rjs,Nuna,PIPA Aire rx,nuna-pipa-aire-rx,INFANT,ADAPTER,t,,MEDIUM,Veer Switchback (&Roll / &Jog) accepts Nuna / Maxi-Cosi / CYBEX / Clek infant seats via a Veer click-and-go car seat adapter (sold separately). Confirm the exact adapter for your model year before purchase.,,,,2026-06-30 15:16:19.093,2026-06-30 15:16:19.093
cmr0shi9u00hlh1u8m4w637rp,Veer,Switch&Roll,cmqpqr36t002s7qllftxs8rjs,Nuna,PIPA RX,nuna-pipa-rx,INFANT,ADAPTER,t,,MEDIUM,Veer Switchback (&Roll / &Jog) accepts Nuna / Maxi-Cosi / CYBEX / Clek infant seats via a Veer click-and-go car seat adapter (sold separately). Confirm the exact adapter for your model year before purchase.,,,,2026-06-30 15:16:19.266,2026-06-30 15:16:19.266
cmr0shiel00hnh1u8391w5z1u,Veer,Switch&Roll,cmqpqr36t002s7qllftxs8rjs,Nuna,PIPA urbn,nuna-pipa-urbn,INFANT,ADAPTER,t,,MEDIUM,Veer Switchback (&Roll / &Jog) accepts Nuna / Maxi-Cosi / CYBEX / Clek infant seats via a Veer click-and-go car seat adapter (sold separately). Confirm the exact adapter for your model year before purchase.,,,,2026-06-30 15:16:19.438,2026-06-30 15:16:19.438
cmr49vwio002p8smgh0if2xoo,Veer,Switch&Roll,cmqpqr36t002s7qllftxs8rjs,UPPAbaby,Aria,uppababy-aria,INFANT,ADAPTER,t,,MEDIUM,Veer Switchback (&Roll / &Jog) accepts Nuna / Maxi-Cosi / CYBEX / Clek infant seats via a Veer click-and-go car seat adapter (sold separately). Confirm the exact adapter for your model year before purchase.,,,,2026-07-03 01:46:42.912,2026-07-03 01:46:42.912
cmr49vwvl002r8smg7pfc6xk0,Veer,Switch&Roll,cmqpqr36t002s7qllftxs8rjs,UPPAbaby,Aria V2,uppababy-aria-v2,INFANT,ADAPTER,t,,MEDIUM,Veer Switchback (&Roll / &Jog) accepts Nuna / Maxi-Cosi / CYBEX / Clek infant seats via a Veer click-and-go car seat adapter (sold separately). Confirm the exact adapter for your model year before purchase.,,,,2026-07-03 01:46:43.377,2026-07-03 01:46:43.377
cmr49vx55002v8smg1khbag56,Veer,Switch&Roll,cmqpqr36t002s7qllftxs8rjs,UPPAbaby,Mesa V3,uppababy-mesa-v3,INFANT,ADAPTER,t,,MEDIUM,Veer Switchback (&Roll / &Jog) accepts Nuna / Maxi-Cosi / CYBEX / Clek infant seats via a Veer click-and-go car seat adapter (sold separately). Confirm the exact adapter for your model year before purchase.,,,,2026-07-03 01:46:43.721,2026-07-03 01:46:43.721
cmrfd4zkz008lt781damuigfv,WonderFold,L2 Double,cmqpqr39a002t7qllgm23scrc,Chicco,KeyFit 30,chicco-keyfit-30,INFANT,ADAPTER,t,,MEDIUM,WonderFold W & L Series accepts Nuna / Maxi-Cosi / CYBEX / Clek infant seats via a WonderFold click-and-go car seat adapter (sold separately). Confirm the exact adapter for your model year before purchase.,,,,2026-07-10 20:03:13.571,2026-07-10 20:03:13.571
cmrfd4zpg008nt78178gela3m,WonderFold,L2 Double,cmqpqr39a002t7qllgm23scrc,Chicco,KeyFit 30 ClearTex,cmqx4qp6y00033835pgtlizxk,INFANT,ADAPTER,t,,MEDIUM,WonderFold W & L Series accepts Nuna / Maxi-Cosi / CYBEX / Clek infant seats via a WonderFold click-and-go car seat adapter (sold separately). Confirm the exact adapter for your model year before purchase.,,,,2026-07-10 20:03:13.733,2026-07-10 20:03:13.733
cmrfd4zye008rt781iigsi9xe,WonderFold,L2 Double,cmqpqr39a002t7qllgm23scrc,Chicco,KeyFit Max ClearTex,cmqx4qp9s00043835h85g6sl0,INFANT,ADAPTER,t,,MEDIUM,WonderFold W & L Series accepts Nuna / Maxi-Cosi / CYBEX / Clek infant seats via a WonderFold click-and-go car seat adapter (sold separately). Confirm the exact adapter for your model year before purchase.,,,,2026-07-10 20:03:14.054,2026-07-10 20:03:14.054
cmrfd5032008tt7811pwxhde3,WonderFold,L2 Double,cmqpqr39a002t7qllgm23scrc,Chicco,KeyFit Max Zip ClearLux,cmqx4qpc50005383512d994gn,INFANT,ADAPTER,t,,MEDIUM,WonderFold W & L Series accepts Nuna / Maxi-Cosi / CYBEX / Clek infant seats via a WonderFold click-and-go car seat adapter (sold separately). Confirm the exact adapter for your model year before purchase.,,,,2026-07-10 20:03:14.222,2026-07-10 20:03:14.222
cmrfd507q008vt781tpasclnv,WonderFold,L2 Double,cmqpqr39a002t7qllgm23scrc,Chicco,KeyFit Max Zip ClearTex,cmqx4qpeg00063835eten1p5s,INFANT,ADAPTER,t,,MEDIUM,WonderFold W & L Series accepts Nuna / Maxi-Cosi / CYBEX / Clek infant seats via a WonderFold click-and-go car seat adapter (sold separately). Confirm the exact adapter for your model year before purchase.,,,,2026-07-10 20:03:14.39,2026-07-10 20:03:14.39
cmrfd4yt70089t781om1r5qk9,WonderFold,L2 Double,cmqpqr39a002t7qllgm23scrc,Graco,GoMax,cmqx4qpx8000e3835nvrnxr0i,INFANT,ADAPTER,t,,MEDIUM,WonderFold W & L Series accepts Nuna / Maxi-Cosi / CYBEX / Clek infant seats via a WonderFold click-and-go car seat adapter (sold separately). Confirm the exact adapter for your model year before purchase.,,,,2026-07-10 20:03:12.572,2026-07-10 20:03:12.572
cmrfd4yxv008bt781qv9hhhss,WonderFold,L2 Double,cmqpqr39a002t7qllgm23scrc,Graco,SnugRide Lite LX,cmqx4qpzp000f3835i6cp9pth,INFANT,ADAPTER,t,,MEDIUM,WonderFold W & L Series accepts Nuna / Maxi-Cosi / CYBEX / Clek infant seats via a WonderFold click-and-go car seat adapter (sold separately). Confirm the exact adapter for your model year before purchase.,,,,2026-07-10 20:03:12.739,2026-07-10 20:03:12.739
cmrfd4z2l008dt781i40a5apz,WonderFold,L2 Double,cmqpqr39a002t7qllgm23scrc,Graco,SnugRide SnugFit,cmqx4qq4h000h3835n8ni2r9m,INFANT,ADAPTER,t,,MEDIUM,WonderFold W & L Series accepts Nuna / Maxi-Cosi / CYBEX / Clek infant seats via a WonderFold click-and-go car seat adapter (sold separately). Confirm the exact adapter for your model year before purchase.,,,,2026-07-10 20:03:12.909,2026-07-10 20:03:12.909
cmrfd4z77008ft781j473imbb,WonderFold,L2 Double,cmqpqr39a002t7qllgm23scrc,Graco,SnugRide SnugFit DLX,cmqx4qq26000g3835g3mh924j,INFANT,ADAPTER,t,,MEDIUM,WonderFold W & L Series accepts Nuna / Maxi-Cosi / CYBEX / Clek infant seats via a WonderFold click-and-go car seat adapter (sold separately). Confirm the exact adapter for your model year before purchase.,,,,2026-07-10 20:03:13.075,2026-07-10 20:03:13.075
cmrfd4zbq008ht781y0weaonj,WonderFold,L2 Double,cmqpqr39a002t7qllgm23scrc,Graco,SnugRide SnugFit LX,cmqx4qq6u000i3835j7t2euy8,INFANT,ADAPTER,t,,MEDIUM,WonderFold W & L Series accepts Nuna / Maxi-Cosi / CYBEX / Clek infant seats via a WonderFold click-and-go car seat adapter (sold separately). Confirm the exact adapter for your model year before purchase.,,,,2026-07-10 20:03:13.238,2026-07-10 20:03:13.238
cmr0sgj17003ph1u8yvzfns1j,WonderFold,L2 Double,cmqpqr39a002t7qllgm23scrc,Nuna,PIPA Aire,nuna-pipa-lite-rx,INFANT,ADAPTER,t,,MEDIUM,WonderFold W & L Series accepts Nuna / Maxi-Cosi / CYBEX / Clek infant seats via a WonderFold click-and-go car seat adapter (sold separately). Confirm the exact adapter for your model year before purchase.,,,,2026-06-30 15:15:33.595,2026-06-30 15:15:33.595
cmr0sgj5u003rh1u83cvdfkbs,WonderFold,L2 Double,cmqpqr39a002t7qllgm23scrc,Nuna,PIPA Aire rx,nuna-pipa-aire-rx,INFANT,ADAPTER,t,,MEDIUM,WonderFold W & L Series accepts Nuna / Maxi-Cosi / CYBEX / Clek infant seats via a WonderFold click-and-go car seat adapter (sold separately). Confirm the exact adapter for your model year before purchase.,,,,2026-06-30 15:15:33.762,2026-06-30 15:15:33.762
cmr0sgjag003th1u8s939bl2n,WonderFold,L2 Double,cmqpqr39a002t7qllgm23scrc,Nuna,PIPA RX,nuna-pipa-rx,INFANT,ADAPTER,t,,MEDIUM,WonderFold W & L Series accepts Nuna / Maxi-Cosi / CYBEX / Clek infant seats via a WonderFold click-and-go car seat adapter (sold separately). Confirm the exact adapter for your model year before purchase.,,,,2026-06-30 15:15:33.928,2026-06-30 15:15:33.928
cmr0sgjf1003vh1u8n3wvb3kr,WonderFold,L2 Double,cmqpqr39a002t7qllgm23scrc,Nuna,PIPA urbn,nuna-pipa-urbn,INFANT,ADAPTER,t,,MEDIUM,WonderFold W & L Series accepts Nuna / Maxi-Cosi / CYBEX / Clek infant seats via a WonderFold click-and-go car seat adapter (sold separately). Confirm the exact adapter for your model year before purchase.,,,,2026-06-30 15:15:34.094,2026-06-30 15:15:34.094
cmr0sgm53004lh1u8i7787ub9,WonderFold,L2 Double,cmqpqr39a002t7qllgm23scrc,UPPAbaby,Aria,uppababy-aria,INFANT,ADAPTER,t,,MEDIUM,WonderFold W & L Series accepts Nuna / Maxi-Cosi / CYBEX / Clek infant seats via a WonderFold click-and-go car seat adapter (sold separately). Confirm the exact adapter for your model year before purchase.,,,,2026-06-30 15:15:37.623,2026-06-30 15:15:37.623
cmr0sgma2004nh1u8cyrh9fte,WonderFold,L2 Double,cmqpqr39a002t7qllgm23scrc,UPPAbaby,Aria V2,uppababy-aria-v2,INFANT,ADAPTER,t,,MEDIUM,WonderFold W & L Series accepts Nuna / Maxi-Cosi / CYBEX / Clek infant seats via a WonderFold click-and-go car seat adapter (sold separately). Confirm the exact adapter for your model year before purchase.,,,,2026-06-30 15:15:37.803,2026-06-30 15:15:37.803
cmr0sgmki004rh1u8mc3vwcjl,WonderFold,L2 Double,cmqpqr39a002t7qllgm23scrc,UPPAbaby,Mesa V3,uppababy-mesa-v3,INFANT,ADAPTER,t,,MEDIUM,WonderFold W & L Series accepts Nuna / Maxi-Cosi / CYBEX / Clek infant seats via a WonderFold click-and-go car seat adapter (sold separately). Confirm the exact adapter for your model year before purchase.,,,,2026-06-30 15:15:38.178,2026-06-30 15:15:38.178
cmrfd51lm0099t781c9ui1rmm,WonderFold,L2 Double 2-Seater,cmqx8d7oy002413kpusrmz1ec,Chicco,KeyFit 30,chicco-keyfit-30,INFANT,ADAPTER,t,,MEDIUM,WonderFold W & L Series accepts Nuna / Maxi-Cosi / CYBEX / Clek infant seats via a WonderFold click-and-go car seat adapter (sold separately). Confirm the exact adapter for your model year before purchase.,,,,2026-07-10 20:03:16.187,2026-07-10 20:03:16.187
cmrfd51q2009bt781gqtvx9xf,WonderFold,L2 Double 2-Seater,cmqx8d7oy002413kpusrmz1ec,Chicco,KeyFit 30 ClearTex,cmqx4qp6y00033835pgtlizxk,INFANT,ADAPTER,t,,MEDIUM,WonderFold W & L Series accepts Nuna / Maxi-Cosi / CYBEX / Clek infant seats via a WonderFold click-and-go car seat adapter (sold separately). Confirm the exact adapter for your model year before purchase.,,,,2026-07-10 20:03:16.346,2026-07-10 20:03:16.346
cmrfd51yw009ft781klz5e95q,WonderFold,L2 Double 2-Seater,cmqx8d7oy002413kpusrmz1ec,Chicco,KeyFit Max ClearTex,cmqx4qp9s00043835h85g6sl0,INFANT,ADAPTER,t,,MEDIUM,WonderFold W & L Series accepts Nuna / Maxi-Cosi / CYBEX / Clek infant seats via a WonderFold click-and-go car seat adapter (sold separately). Confirm the exact adapter for your model year before purchase.,,,,2026-07-10 20:03:16.665,2026-07-10 20:03:16.665
cmrfd523c009ht78172euzrl7,WonderFold,L2 Double 2-Seater,cmqx8d7oy002413kpusrmz1ec,Chicco,KeyFit Max Zip ClearLux,cmqx4qpc50005383512d994gn,INFANT,ADAPTER,t,,MEDIUM,WonderFold W & L Series accepts Nuna / Maxi-Cosi / CYBEX / Clek infant seats via a WonderFold click-and-go car seat adapter (sold separately). Confirm the exact adapter for your model year before purchase.,,,,2026-07-10 20:03:16.824,2026-07-10 20:03:16.824
cmrfd527s009jt781xylizwld,WonderFold,L2 Double 2-Seater,cmqx8d7oy002413kpusrmz1ec,Chicco,KeyFit Max Zip ClearTex,cmqx4qpeg00063835eten1p5s,INFANT,ADAPTER,t,,MEDIUM,WonderFold W & L Series accepts Nuna / Maxi-Cosi / CYBEX / Clek infant seats via a WonderFold click-and-go car seat adapter (sold separately). Confirm the exact adapter for your model year before purchase.,,,,2026-07-10 20:03:16.984,2026-07-10 20:03:16.984
cmrfd50u2008xt781i794vcdo,WonderFold,L2 Double 2-Seater,cmqx8d7oy002413kpusrmz1ec,Graco,GoMax,cmqx4qpx8000e3835nvrnxr0i,INFANT,ADAPTER,t,,MEDIUM,WonderFold W & L Series accepts Nuna / Maxi-Cosi / CYBEX / Clek infant seats via a WonderFold click-and-go car seat adapter (sold separately). Confirm the exact adapter for your model year before purchase.,,,,2026-07-10 20:03:15.194,2026-07-10 20:03:15.194
cmrfd50yk008zt781a0bfdn1k,WonderFold,L2 Double 2-Seater,cmqx8d7oy002413kpusrmz1ec,Graco,SnugRide Lite LX,cmqx4qpzp000f3835i6cp9pth,INFANT,ADAPTER,t,,MEDIUM,WonderFold W & L Series accepts Nuna / Maxi-Cosi / CYBEX / Clek infant seats via a WonderFold click-and-go car seat adapter (sold separately). Confirm the exact adapter for your model year before purchase.,,,,2026-07-10 20:03:15.356,2026-07-10 20:03:15.356
cmrfd51350091t781qad556k8,WonderFold,L2 Double 2-Seater,cmqx8d7oy002413kpusrmz1ec,Graco,SnugRide SnugFit,cmqx4qq4h000h3835n8ni2r9m,INFANT,ADAPTER,t,,MEDIUM,WonderFold W & L Series accepts Nuna / Maxi-Cosi / CYBEX / Clek infant seats via a WonderFold click-and-go car seat adapter (sold separately). Confirm the exact adapter for your model year before purchase.,,,,2026-07-10 20:03:15.522,2026-07-10 20:03:15.522
cmrfd517r0093t781yebresjf,WonderFold,L2 Double 2-Seater,cmqx8d7oy002413kpusrmz1ec,Graco,SnugRide SnugFit DLX,cmqx4qq26000g3835g3mh924j,INFANT,ADAPTER,t,,MEDIUM,WonderFold W & L Series accepts Nuna / Maxi-Cosi / CYBEX / Clek infant seats via a WonderFold click-and-go car seat adapter (sold separately). Confirm the exact adapter for your model year before purchase.,,,,2026-07-10 20:03:15.688,2026-07-10 20:03:15.688
cmrfd51ck0095t781ajdsjz43,WonderFold,L2 Double 2-Seater,cmqx8d7oy002413kpusrmz1ec,Graco,SnugRide SnugFit LX,cmqx4qq6u000i3835j7t2euy8,INFANT,ADAPTER,t,,MEDIUM,WonderFold W & L Series accepts Nuna / Maxi-Cosi / CYBEX / Clek infant seats via a WonderFold click-and-go car seat adapter (sold separately). Confirm the exact adapter for your model year before purchase.,,,,2026-07-10 20:03:15.86,2026-07-10 20:03:15.86
cmr0sgmpd004th1u8ms5wc20x,WonderFold,L2 Double 2-Seater,cmqx8d7oy002413kpusrmz1ec,Nuna,PIPA Aire,nuna-pipa-lite-rx,INFANT,ADAPTER,t,,MEDIUM,WonderFold W & L Series accepts Nuna / Maxi-Cosi / CYBEX / Clek infant seats via a WonderFold click-and-go car seat adapter (sold separately). Confirm the exact adapter for your model year before purchase.,,,,2026-06-30 15:15:38.353,2026-06-30 15:15:38.353
cmr0sgmuk004vh1u8mnldy5ef,WonderFold,L2 Double 2-Seater,cmqx8d7oy002413kpusrmz1ec,Nuna,PIPA Aire rx,nuna-pipa-aire-rx,INFANT,ADAPTER,t,,MEDIUM,WonderFold W & L Series accepts Nuna / Maxi-Cosi / CYBEX / Clek infant seats via a WonderFold click-and-go car seat adapter (sold separately). Confirm the exact adapter for your model year before purchase.,,,,2026-06-30 15:15:38.541,2026-06-30 15:15:38.541
cmr0sgmzu004xh1u8s1tttudy,WonderFold,L2 Double 2-Seater,cmqx8d7oy002413kpusrmz1ec,Nuna,PIPA RX,nuna-pipa-rx,INFANT,ADAPTER,t,,MEDIUM,WonderFold W & L Series accepts Nuna / Maxi-Cosi / CYBEX / Clek infant seats via a WonderFold click-and-go car seat adapter (sold separately). Confirm the exact adapter for your model year before purchase.,,,,2026-06-30 15:15:38.731,2026-06-30 15:15:38.731
cmr0sgo3a004zh1u8je3axc9j,WonderFold,L2 Double 2-Seater,cmqx8d7oy002413kpusrmz1ec,Nuna,PIPA urbn,nuna-pipa-urbn,INFANT,ADAPTER,t,,MEDIUM,WonderFold W & L Series accepts Nuna / Maxi-Cosi / CYBEX / Clek infant seats via a WonderFold click-and-go car seat adapter (sold separately). Confirm the exact adapter for your model year before purchase.,,,,2026-06-30 15:15:40.15,2026-06-30 15:15:40.15
cmr0sgpvt005ph1u8dgqv3h5x,WonderFold,L2 Double 2-Seater,cmqx8d7oy002413kpusrmz1ec,UPPAbaby,Aria,uppababy-aria,INFANT,ADAPTER,t,,MEDIUM,WonderFold W & L Series accepts Nuna / Maxi-Cosi / CYBEX / Clek infant seats via a WonderFold click-and-go car seat adapter (sold separately). Confirm the exact adapter for your model year before purchase.,,,,2026-06-30 15:15:42.473,2026-06-30 15:15:42.473
cmr0sgq0d005rh1u8g86dx7lt,WonderFold,L2 Double 2-Seater,cmqx8d7oy002413kpusrmz1ec,UPPAbaby,Aria V2,uppababy-aria-v2,INFANT,ADAPTER,t,,MEDIUM,WonderFold W & L Series accepts Nuna / Maxi-Cosi / CYBEX / Clek infant seats via a WonderFold click-and-go car seat adapter (sold separately). Confirm the exact adapter for your model year before purchase.,,,,2026-06-30 15:15:42.637,2026-06-30 15:15:42.637
cmr0sgq9s005vh1u8oj68bdcc,WonderFold,L2 Double 2-Seater,cmqx8d7oy002413kpusrmz1ec,UPPAbaby,Mesa V3,uppababy-mesa-v3,INFANT,ADAPTER,t,,MEDIUM,WonderFold W & L Series accepts Nuna / Maxi-Cosi / CYBEX / Clek infant seats via a WonderFold click-and-go car seat adapter (sold separately). Confirm the exact adapter for your model year before purchase.,,,,2026-06-30 15:15:42.976,2026-06-30 15:15:42.976
cmrfd53o5009xt7814tvwdp91,WonderFold,L4 Quad,cmqpqr3bn002u7qlld5uxymyd,Chicco,KeyFit 30,chicco-keyfit-30,INFANT,ADAPTER,t,,MEDIUM,WonderFold W & L Series accepts Nuna / Maxi-Cosi / CYBEX / Clek infant seats via a WonderFold click-and-go car seat adapter (sold separately). Confirm the exact adapter for your model year before purchase.,,,,2026-07-10 20:03:18.87,2026-07-10 20:03:18.87
cmrfd53sl009zt7811ptszrrf,WonderFold,L4 Quad,cmqpqr3bn002u7qlld5uxymyd,Chicco,KeyFit 30 ClearTex,cmqx4qp6y00033835pgtlizxk,INFANT,ADAPTER,t,,MEDIUM,WonderFold W & L Series accepts Nuna / Maxi-Cosi / CYBEX / Clek infant seats via a WonderFold click-and-go car seat adapter (sold separately). Confirm the exact adapter for your model year before purchase.,,,,2026-07-10 20:03:19.029,2026-07-10 20:03:19.029
cmrfd541k00a3t781vmysyi0r,WonderFold,L4 Quad,cmqpqr3bn002u7qlld5uxymyd,Chicco,KeyFit Max ClearTex,cmqx4qp9s00043835h85g6sl0,INFANT,ADAPTER,t,,MEDIUM,WonderFold W & L Series accepts Nuna / Maxi-Cosi / CYBEX / Clek infant seats via a WonderFold click-and-go car seat adapter (sold separately). Confirm the exact adapter for your model year before purchase.,,,,2026-07-10 20:03:19.352,2026-07-10 20:03:19.352
cmrfd546700a5t781kinpmlz5,WonderFold,L4 Quad,cmqpqr3bn002u7qlld5uxymyd,Chicco,KeyFit Max Zip ClearLux,cmqx4qpc50005383512d994gn,INFANT,ADAPTER,t,,MEDIUM,WonderFold W & L Series accepts Nuna / Maxi-Cosi / CYBEX / Clek infant seats via a WonderFold click-and-go car seat adapter (sold separately). Confirm the exact adapter for your model year before purchase.,,,,2026-07-10 20:03:19.519,2026-07-10 20:03:19.519
cmrfd54as00a7t781f9oqwhik,WonderFold,L4 Quad,cmqpqr3bn002u7qlld5uxymyd,Chicco,KeyFit Max Zip ClearTex,cmqx4qpeg00063835eten1p5s,INFANT,ADAPTER,t,,MEDIUM,WonderFold W & L Series accepts Nuna / Maxi-Cosi / CYBEX / Clek infant seats via a WonderFold click-and-go car seat adapter (sold separately). Confirm the exact adapter for your model year before purchase.,,,,2026-07-10 20:03:19.685,2026-07-10 20:03:19.685
cmrfd52tz009lt78190yd17k4,WonderFold,L4 Quad,cmqpqr3bn002u7qlld5uxymyd,Graco,GoMax,cmqx4qpx8000e3835nvrnxr0i,INFANT,ADAPTER,t,,MEDIUM,WonderFold W & L Series accepts Nuna / Maxi-Cosi / CYBEX / Clek infant seats via a WonderFold click-and-go car seat adapter (sold separately). Confirm the exact adapter for your model year before purchase.,,,,2026-07-10 20:03:17.784,2026-07-10 20:03:17.784
cmrfd52yy009nt781pym1cqav,WonderFold,L4 Quad,cmqpqr3bn002u7qlld5uxymyd,Graco,SnugRide Lite LX,cmqx4qpzp000f3835i6cp9pth,INFANT,ADAPTER,t,,MEDIUM,WonderFold W & L Series accepts Nuna / Maxi-Cosi / CYBEX / Clek infant seats via a WonderFold click-and-go car seat adapter (sold separately). Confirm the exact adapter for your model year before purchase.,,,,2026-07-10 20:03:17.962,2026-07-10 20:03:17.962
cmrfd5361009pt781l711sxzx,WonderFold,L4 Quad,cmqpqr3bn002u7qlld5uxymyd,Graco,SnugRide SnugFit,cmqx4qq4h000h3835n8ni2r9m,INFANT,ADAPTER,t,,MEDIUM,WonderFold W & L Series accepts Nuna / Maxi-Cosi / CYBEX / Clek infant seats via a WonderFold click-and-go car seat adapter (sold separately). Confirm the exact adapter for your model year before purchase.,,,,2026-07-10 20:03:18.217,2026-07-10 20:03:18.217
cmrfd53ah009rt781toxit7jk,WonderFold,L4 Quad,cmqpqr3bn002u7qlld5uxymyd,Graco,SnugRide SnugFit DLX,cmqx4qq26000g3835g3mh924j,INFANT,ADAPTER,t,,MEDIUM,WonderFold W & L Series accepts Nuna / Maxi-Cosi / CYBEX / Clek infant seats via a WonderFold click-and-go car seat adapter (sold separately). Confirm the exact adapter for your model year before purchase.,,,,2026-07-10 20:03:18.377,2026-07-10 20:03:18.377
cmrfd53ez009tt781cyk83bgn,WonderFold,L4 Quad,cmqpqr3bn002u7qlld5uxymyd,Graco,SnugRide SnugFit LX,cmqx4qq6u000i3835j7t2euy8,INFANT,ADAPTER,t,,MEDIUM,WonderFold W & L Series accepts Nuna / Maxi-Cosi / CYBEX / Clek infant seats via a WonderFold click-and-go car seat adapter (sold separately). Confirm the exact adapter for your model year before purchase.,,,,2026-07-10 20:03:18.539,2026-07-10 20:03:18.539
cmr0sgqec005xh1u87nvu7f04,WonderFold,L4 Quad,cmqpqr3bn002u7qlld5uxymyd,Nuna,PIPA Aire,nuna-pipa-lite-rx,INFANT,ADAPTER,t,,MEDIUM,WonderFold W & L Series accepts Nuna / Maxi-Cosi / CYBEX / Clek infant seats via a WonderFold click-and-go car seat adapter (sold separately). Confirm the exact adapter for your model year before purchase.,,,,2026-06-30 15:15:43.14,2026-06-30 15:15:43.14
cmr0sgqj9005zh1u8jipn9afn,WonderFold,L4 Quad,cmqpqr3bn002u7qlld5uxymyd,Nuna,PIPA Aire rx,nuna-pipa-aire-rx,INFANT,ADAPTER,t,,MEDIUM,WonderFold W & L Series accepts Nuna / Maxi-Cosi / CYBEX / Clek infant seats via a WonderFold click-and-go car seat adapter (sold separately). Confirm the exact adapter for your model year before purchase.,,,,2026-06-30 15:15:43.317,2026-06-30 15:15:43.317
cmr0sgqnw0061h1u8yhdcr77q,WonderFold,L4 Quad,cmqpqr3bn002u7qlld5uxymyd,Nuna,PIPA RX,nuna-pipa-rx,INFANT,ADAPTER,t,,MEDIUM,WonderFold W & L Series accepts Nuna / Maxi-Cosi / CYBEX / Clek infant seats via a WonderFold click-and-go car seat adapter (sold separately). Confirm the exact adapter for your model year before purchase.,,,,2026-06-30 15:15:43.484,2026-06-30 15:15:43.484
cmr0sgqte0063h1u82w7zfjwf,WonderFold,L4 Quad,cmqpqr3bn002u7qlld5uxymyd,Nuna,PIPA urbn,nuna-pipa-urbn,INFANT,ADAPTER,t,,MEDIUM,WonderFold W & L Series accepts Nuna / Maxi-Cosi / CYBEX / Clek infant seats via a WonderFold click-and-go car seat adapter (sold separately). Confirm the exact adapter for your model year before purchase.,,,,2026-06-30 15:15:43.683,2026-06-30 15:15:43.683
cmr0sgsk8006th1u8xcyrwdb7,WonderFold,L4 Quad,cmqpqr3bn002u7qlld5uxymyd,UPPAbaby,Aria,uppababy-aria,INFANT,ADAPTER,t,,MEDIUM,WonderFold W & L Series accepts Nuna / Maxi-Cosi / CYBEX / Clek infant seats via a WonderFold click-and-go car seat adapter (sold separately). Confirm the exact adapter for your model year before purchase.,,,,2026-06-30 15:15:45.944,2026-06-30 15:15:45.944
cmr0sgsou006vh1u8uuglhf80,WonderFold,L4 Quad,cmqpqr3bn002u7qlld5uxymyd,UPPAbaby,Aria V2,uppababy-aria-v2,INFANT,ADAPTER,t,,MEDIUM,WonderFold W & L Series accepts Nuna / Maxi-Cosi / CYBEX / Clek infant seats via a WonderFold click-and-go car seat adapter (sold separately). Confirm the exact adapter for your model year before purchase.,,,,2026-06-30 15:15:46.11,2026-06-30 15:15:46.11
cmr0sgsxy006zh1u8ms58d0n5,WonderFold,L4 Quad,cmqpqr3bn002u7qlld5uxymyd,UPPAbaby,Mesa V3,uppababy-mesa-v3,INFANT,ADAPTER,t,,MEDIUM,WonderFold W & L Series accepts Nuna / Maxi-Cosi / CYBEX / Clek infant seats via a WonderFold click-and-go car seat adapter (sold separately). Confirm the exact adapter for your model year before purchase.,,,,2026-06-30 15:15:46.439,2026-06-30 15:15:46.439
cmrfd55s300alt7817zigvcx4,WonderFold,Volkswagon Special Edition Double,cmqx8d7rb002513kpqd05x0iu,Chicco,KeyFit 30,chicco-keyfit-30,INFANT,ADAPTER,t,,MEDIUM,WonderFold W & L Series accepts Nuna / Maxi-Cosi / CYBEX / Clek infant seats via a WonderFold click-and-go car seat adapter (sold separately). Confirm the exact adapter for your model year before purchase.,,,,2026-07-10 20:03:21.603,2026-07-10 20:03:21.603
cmrfd55wu00ant781dpt0fg8v,WonderFold,Volkswagon Special Edition Double,cmqx8d7rb002513kpqd05x0iu,Chicco,KeyFit 30 ClearTex,cmqx4qp6y00033835pgtlizxk,INFANT,ADAPTER,t,,MEDIUM,WonderFold W & L Series accepts Nuna / Maxi-Cosi / CYBEX / Clek infant seats via a WonderFold click-and-go car seat adapter (sold separately). Confirm the exact adapter for your model year before purchase.,,,,2026-07-10 20:03:21.775,2026-07-10 20:03:21.775
cmrfd565w00art7818jfjkzrq,WonderFold,Volkswagon Special Edition Double,cmqx8d7rb002513kpqd05x0iu,Chicco,KeyFit Max ClearTex,cmqx4qp9s00043835h85g6sl0,INFANT,ADAPTER,t,,MEDIUM,WonderFold W & L Series accepts Nuna / Maxi-Cosi / CYBEX / Clek infant seats via a WonderFold click-and-go car seat adapter (sold separately). Confirm the exact adapter for your model year before purchase.,,,,2026-07-10 20:03:22.101,2026-07-10 20:03:22.101
cmrfd56ak00att781idx3yf5v,WonderFold,Volkswagon Special Edition Double,cmqx8d7rb002513kpqd05x0iu,Chicco,KeyFit Max Zip ClearLux,cmqx4qpc50005383512d994gn,INFANT,ADAPTER,t,,MEDIUM,WonderFold W & L Series accepts Nuna / Maxi-Cosi / CYBEX / Clek infant seats via a WonderFold click-and-go car seat adapter (sold separately). Confirm the exact adapter for your model year before purchase.,,,,2026-07-10 20:03:22.268,2026-07-10 20:03:22.268
cmrfd56f000avt781du94cyj5,WonderFold,Volkswagon Special Edition Double,cmqx8d7rb002513kpqd05x0iu,Chicco,KeyFit Max Zip ClearTex,cmqx4qpeg00063835eten1p5s,INFANT,ADAPTER,t,,MEDIUM,WonderFold W & L Series accepts Nuna / Maxi-Cosi / CYBEX / Clek infant seats via a WonderFold click-and-go car seat adapter (sold separately). Confirm the exact adapter for your model year before purchase.,,,,2026-07-10 20:03:22.429,2026-07-10 20:03:22.429
cmrfd54xp00a9t781k5kryx4j,WonderFold,Volkswagon Special Edition Double,cmqx8d7rb002513kpqd05x0iu,Graco,GoMax,cmqx4qpx8000e3835nvrnxr0i,INFANT,ADAPTER,t,,MEDIUM,WonderFold W & L Series accepts Nuna / Maxi-Cosi / CYBEX / Clek infant seats via a WonderFold click-and-go car seat adapter (sold separately). Confirm the exact adapter for your model year before purchase.,,,,2026-07-10 20:03:20.509,2026-07-10 20:03:20.509
cmrfd552600abt781s02zt2ka,WonderFold,Volkswagon Special Edition Double,cmqx8d7rb002513kpqd05x0iu,Graco,SnugRide Lite LX,cmqx4qpzp000f3835i6cp9pth,INFANT,ADAPTER,t,,MEDIUM,WonderFold W & L Series accepts Nuna / Maxi-Cosi / CYBEX / Clek infant seats via a WonderFold click-and-go car seat adapter (sold separately). Confirm the exact adapter for your model year before purchase.,,,,2026-07-10 20:03:20.671,2026-07-10 20:03:20.671
cmrfd557800adt781vrm0k4va,WonderFold,Volkswagon Special Edition Double,cmqx8d7rb002513kpqd05x0iu,Graco,SnugRide SnugFit,cmqx4qq4h000h3835n8ni2r9m,INFANT,ADAPTER,t,,MEDIUM,WonderFold W & L Series accepts Nuna / Maxi-Cosi / CYBEX / Clek infant seats via a WonderFold click-and-go car seat adapter (sold separately). Confirm the exact adapter for your model year before purchase.,,,,2026-07-10 20:03:20.853,2026-07-10 20:03:20.853
cmrfd55el00aft781q8vmca5g,WonderFold,Volkswagon Special Edition Double,cmqx8d7rb002513kpqd05x0iu,Graco,SnugRide SnugFit DLX,cmqx4qq26000g3835g3mh924j,INFANT,ADAPTER,t,,MEDIUM,WonderFold W & L Series accepts Nuna / Maxi-Cosi / CYBEX / Clek infant seats via a WonderFold click-and-go car seat adapter (sold separately). Confirm the exact adapter for your model year before purchase.,,,,2026-07-10 20:03:21.118,2026-07-10 20:03:21.118
cmrfd55j400aht781vpznks6q,WonderFold,Volkswagon Special Edition Double,cmqx8d7rb002513kpqd05x0iu,Graco,SnugRide SnugFit LX,cmqx4qq6u000i3835j7t2euy8,INFANT,ADAPTER,t,,MEDIUM,WonderFold W & L Series accepts Nuna / Maxi-Cosi / CYBEX / Clek infant seats via a WonderFold click-and-go car seat adapter (sold separately). Confirm the exact adapter for your model year before purchase.,,,,2026-07-10 20:03:21.28,2026-07-10 20:03:21.28
cmr0sgt2k0071h1u89iw3fbj2,WonderFold,Volkswagon Special Edition Double,cmqx8d7rb002513kpqd05x0iu,Nuna,PIPA Aire,nuna-pipa-lite-rx,INFANT,ADAPTER,t,,MEDIUM,WonderFold W & L Series accepts Nuna / Maxi-Cosi / CYBEX / Clek infant seats via a WonderFold click-and-go car seat adapter (sold separately). Confirm the exact adapter for your model year before purchase.,,,,2026-06-30 15:15:46.604,2026-06-30 15:15:46.604
cmr0sgt7b0073h1u8gqqyhw15,WonderFold,Volkswagon Special Edition Double,cmqx8d7rb002513kpqd05x0iu,Nuna,PIPA Aire rx,nuna-pipa-aire-rx,INFANT,ADAPTER,t,,MEDIUM,WonderFold W & L Series accepts Nuna / Maxi-Cosi / CYBEX / Clek infant seats via a WonderFold click-and-go car seat adapter (sold separately). Confirm the exact adapter for your model year before purchase.,,,,2026-06-30 15:15:46.776,2026-06-30 15:15:46.776
cmr0sgtc20075h1u8gc7pvdxt,WonderFold,Volkswagon Special Edition Double,cmqx8d7rb002513kpqd05x0iu,Nuna,PIPA RX,nuna-pipa-rx,INFANT,ADAPTER,t,,MEDIUM,WonderFold W & L Series accepts Nuna / Maxi-Cosi / CYBEX / Clek infant seats via a WonderFold click-and-go car seat adapter (sold separately). Confirm the exact adapter for your model year before purchase.,,,,2026-06-30 15:15:46.946,2026-06-30 15:15:46.946
cmr0sgtgv0077h1u89zfm14qo,WonderFold,Volkswagon Special Edition Double,cmqx8d7rb002513kpqd05x0iu,Nuna,PIPA urbn,nuna-pipa-urbn,INFANT,ADAPTER,t,,MEDIUM,WonderFold W & L Series accepts Nuna / Maxi-Cosi / CYBEX / Clek infant seats via a WonderFold click-and-go car seat adapter (sold separately). Confirm the exact adapter for your model year before purchase.,,,,2026-06-30 15:15:47.119,2026-06-30 15:15:47.119
cmr0sgv4o007xh1u89qgtdtqq,WonderFold,Volkswagon Special Edition Double,cmqx8d7rb002513kpqd05x0iu,UPPAbaby,Aria,uppababy-aria,INFANT,ADAPTER,t,,MEDIUM,WonderFold W & L Series accepts Nuna / Maxi-Cosi / CYBEX / Clek infant seats via a WonderFold click-and-go car seat adapter (sold separately). Confirm the exact adapter for your model year before purchase.,,,,2026-06-30 15:15:49.272,2026-06-30 15:15:49.272
cmr0sgv9b007zh1u8duzck6gt,WonderFold,Volkswagon Special Edition Double,cmqx8d7rb002513kpqd05x0iu,UPPAbaby,Aria V2,uppababy-aria-v2,INFANT,ADAPTER,t,,MEDIUM,WonderFold W & L Series accepts Nuna / Maxi-Cosi / CYBEX / Clek infant seats via a WonderFold click-and-go car seat adapter (sold separately). Confirm the exact adapter for your model year before purchase.,,,,2026-06-30 15:15:49.439,2026-06-30 15:15:49.439
cmr0sgviq0083h1u82c2bgmo7,WonderFold,Volkswagon Special Edition Double,cmqx8d7rb002513kpqd05x0iu,UPPAbaby,Mesa V3,uppababy-mesa-v3,INFANT,ADAPTER,t,,MEDIUM,WonderFold W & L Series accepts Nuna / Maxi-Cosi / CYBEX / Clek infant seats via a WonderFold click-and-go car seat adapter (sold separately). Confirm the exact adapter for your model year before purchase.,,,,2026-06-30 15:15:49.778,2026-06-30 15:15:49.778
cmrfd582l00b9t781mo76rce6,WonderFold,VW Edition Quad,cmqpqr3dz002v7qllt1am62qv,Chicco,KeyFit 30,chicco-keyfit-30,INFANT,ADAPTER,t,,MEDIUM,WonderFold W & L Series accepts Nuna / Maxi-Cosi / CYBEX / Clek infant seats via a WonderFold click-and-go car seat adapter (sold separately). Confirm the exact adapter for your model year before purchase.,,,,2026-07-10 20:03:24.574,2026-07-10 20:03:24.574
cmrfd587t00bbt781vo82cr93,WonderFold,VW Edition Quad,cmqpqr3dz002v7qllt1am62qv,Chicco,KeyFit 30 ClearTex,cmqx4qp6y00033835pgtlizxk,INFANT,ADAPTER,t,,MEDIUM,WonderFold W & L Series accepts Nuna / Maxi-Cosi / CYBEX / Clek infant seats via a WonderFold click-and-go car seat adapter (sold separately). Confirm the exact adapter for your model year before purchase.,,,,2026-07-10 20:03:24.761,2026-07-10 20:03:24.761
cmrfd58gt00bft781ht8g39c5,WonderFold,VW Edition Quad,cmqpqr3dz002v7qllt1am62qv,Chicco,KeyFit Max ClearTex,cmqx4qp9s00043835h85g6sl0,INFANT,ADAPTER,t,,MEDIUM,WonderFold W & L Series accepts Nuna / Maxi-Cosi / CYBEX / Clek infant seats via a WonderFold click-and-go car seat adapter (sold separately). Confirm the exact adapter for your model year before purchase.,,,,2026-07-10 20:03:25.085,2026-07-10 20:03:25.085
cmrfd58le00bht7818xf9elf7,WonderFold,VW Edition Quad,cmqpqr3dz002v7qllt1am62qv,Chicco,KeyFit Max Zip ClearLux,cmqx4qpc50005383512d994gn,INFANT,ADAPTER,t,,MEDIUM,WonderFold W & L Series accepts Nuna / Maxi-Cosi / CYBEX / Clek infant seats via a WonderFold click-and-go car seat adapter (sold separately). Confirm the exact adapter for your model year before purchase.,,,,2026-07-10 20:03:25.251,2026-07-10 20:03:25.251
cmrfd58py00bjt7815efgmzd2,WonderFold,VW Edition Quad,cmqpqr3dz002v7qllt1am62qv,Chicco,KeyFit Max Zip ClearTex,cmqx4qpeg00063835eten1p5s,INFANT,ADAPTER,t,,MEDIUM,WonderFold W & L Series accepts Nuna / Maxi-Cosi / CYBEX / Clek infant seats via a WonderFold click-and-go car seat adapter (sold separately). Confirm the exact adapter for your model year before purchase.,,,,2026-07-10 20:03:25.415,2026-07-10 20:03:25.415
cmrfd576000axt7817twyg3gm,WonderFold,VW Edition Quad,cmqpqr3dz002v7qllt1am62qv,Graco,GoMax,cmqx4qpx8000e3835nvrnxr0i,INFANT,ADAPTER,t,,MEDIUM,WonderFold W & L Series accepts Nuna / Maxi-Cosi / CYBEX / Clek infant seats via a WonderFold click-and-go car seat adapter (sold separately). Confirm the exact adapter for your model year before purchase.,,,,2026-07-10 20:03:23.401,2026-07-10 20:03:23.401
cmrfd57c800azt7817o00xlgq,WonderFold,VW Edition Quad,cmqpqr3dz002v7qllt1am62qv,Graco,SnugRide Lite LX,cmqx4qpzp000f3835i6cp9pth,INFANT,ADAPTER,t,,MEDIUM,WonderFold W & L Series accepts Nuna / Maxi-Cosi / CYBEX / Clek infant seats via a WonderFold click-and-go car seat adapter (sold separately). Confirm the exact adapter for your model year before purchase.,,,,2026-07-10 20:03:23.624,2026-07-10 20:03:23.624
cmrfd57i000b1t781pygjgxv2,WonderFold,VW Edition Quad,cmqpqr3dz002v7qllt1am62qv,Graco,SnugRide SnugFit,cmqx4qq4h000h3835n8ni2r9m,INFANT,ADAPTER,t,,MEDIUM,WonderFold W & L Series accepts Nuna / Maxi-Cosi / CYBEX / Clek infant seats via a WonderFold click-and-go car seat adapter (sold separately). Confirm the exact adapter for your model year before purchase.,,,,2026-07-10 20:03:23.833,2026-07-10 20:03:23.833
cmrfd57o600b3t781s6q04e75,WonderFold,VW Edition Quad,cmqpqr3dz002v7qllt1am62qv,Graco,SnugRide SnugFit DLX,cmqx4qq26000g3835g3mh924j,INFANT,ADAPTER,t,,MEDIUM,WonderFold W & L Series accepts Nuna / Maxi-Cosi / CYBEX / Clek infant seats via a WonderFold click-and-go car seat adapter (sold separately). Confirm the exact adapter for your model year before purchase.,,,,2026-07-10 20:03:24.054,2026-07-10 20:03:24.054
cmrfd57sw00b5t781fr8so7i5,WonderFold,VW Edition Quad,cmqpqr3dz002v7qllt1am62qv,Graco,SnugRide SnugFit LX,cmqx4qq6u000i3835j7t2euy8,INFANT,ADAPTER,t,,MEDIUM,WonderFold W & L Series accepts Nuna / Maxi-Cosi / CYBEX / Clek infant seats via a WonderFold click-and-go car seat adapter (sold separately). Confirm the exact adapter for your model year before purchase.,,,,2026-07-10 20:03:24.224,2026-07-10 20:03:24.224
cmr0sgvng0085h1u80iz9m801,WonderFold,VW Edition Quad,cmqpqr3dz002v7qllt1am62qv,Nuna,PIPA Aire,nuna-pipa-lite-rx,INFANT,ADAPTER,t,,MEDIUM,WonderFold W & L Series accepts Nuna / Maxi-Cosi / CYBEX / Clek infant seats via a WonderFold click-and-go car seat adapter (sold separately). Confirm the exact adapter for your model year before purchase.,,,,2026-06-30 15:15:49.949,2026-06-30 15:15:49.949
cmr0sgvry0087h1u87haii837,WonderFold,VW Edition Quad,cmqpqr3dz002v7qllt1am62qv,Nuna,PIPA Aire rx,nuna-pipa-aire-rx,INFANT,ADAPTER,t,,MEDIUM,WonderFold W & L Series accepts Nuna / Maxi-Cosi / CYBEX / Clek infant seats via a WonderFold click-and-go car seat adapter (sold separately). Confirm the exact adapter for your model year before purchase.,,,,2026-06-30 15:15:50.11,2026-06-30 15:15:50.11
cmr0sgvwi0089h1u8nj4vhgyw,WonderFold,VW Edition Quad,cmqpqr3dz002v7qllt1am62qv,Nuna,PIPA RX,nuna-pipa-rx,INFANT,ADAPTER,t,,MEDIUM,WonderFold W & L Series accepts Nuna / Maxi-Cosi / CYBEX / Clek infant seats via a WonderFold click-and-go car seat adapter (sold separately). Confirm the exact adapter for your model year before purchase.,,,,2026-06-30 15:15:50.275,2026-06-30 15:15:50.275
cmr0sgw16008bh1u8un3rdj64,WonderFold,VW Edition Quad,cmqpqr3dz002v7qllt1am62qv,Nuna,PIPA urbn,nuna-pipa-urbn,INFANT,ADAPTER,t,,MEDIUM,WonderFold W & L Series accepts Nuna / Maxi-Cosi / CYBEX / Clek infant seats via a WonderFold click-and-go car seat adapter (sold separately). Confirm the exact adapter for your model year before purchase.,,,,2026-06-30 15:15:50.442,2026-06-30 15:15:50.442
cmr0sgxu80091h1u8l5zn7mo2,WonderFold,VW Edition Quad,cmqpqr3dz002v7qllt1am62qv,UPPAbaby,Aria,uppababy-aria,INFANT,ADAPTER,t,,MEDIUM,WonderFold W & L Series accepts Nuna / Maxi-Cosi / CYBEX / Clek infant seats via a WonderFold click-and-go car seat adapter (sold separately). Confirm the exact adapter for your model year before purchase.,,,,2026-06-30 15:15:52.784,2026-06-30 15:15:52.784
cmr0sgxz10093h1u86ru9t5nk,WonderFold,VW Edition Quad,cmqpqr3dz002v7qllt1am62qv,UPPAbaby,Aria V2,uppababy-aria-v2,INFANT,ADAPTER,t,,MEDIUM,WonderFold W & L Series accepts Nuna / Maxi-Cosi / CYBEX / Clek infant seats via a WonderFold click-and-go car seat adapter (sold separately). Confirm the exact adapter for your model year before purchase.,,,,2026-06-30 15:15:52.957,2026-06-30 15:15:52.957
cmr0sgy8e0097h1u85e7nz24w,WonderFold,VW Edition Quad,cmqpqr3dz002v7qllt1am62qv,UPPAbaby,Mesa V3,uppababy-mesa-v3,INFANT,ADAPTER,t,,MEDIUM,WonderFold W & L Series accepts Nuna / Maxi-Cosi / CYBEX / Clek infant seats via a WonderFold click-and-go car seat adapter (sold separately). Confirm the exact adapter for your model year before purchase.,,,,2026-06-30 15:15:53.294,2026-06-30 15:15:53.294
cmrfd5a4p00bxt781pn8iexyb,WonderFold,W2 Elite Pro,cmqpqr3ga002w7qllvthvehzp,Chicco,KeyFit 30,chicco-keyfit-30,INFANT,ADAPTER,t,,MEDIUM,WonderFold W & L Series accepts Nuna / Maxi-Cosi / CYBEX / Clek infant seats via a WonderFold click-and-go car seat adapter (sold separately). Confirm the exact adapter for your model year before purchase.,,,,2026-07-10 20:03:27.241,2026-07-10 20:03:27.241
cmrfd5a9400bzt781qiw440i6,WonderFold,W2 Elite Pro,cmqpqr3ga002w7qllvthvehzp,Chicco,KeyFit 30 ClearTex,cmqx4qp6y00033835pgtlizxk,INFANT,ADAPTER,t,,MEDIUM,WonderFold W & L Series accepts Nuna / Maxi-Cosi / CYBEX / Clek infant seats via a WonderFold click-and-go car seat adapter (sold separately). Confirm the exact adapter for your model year before purchase.,,,,2026-07-10 20:03:27.4,2026-07-10 20:03:27.4
cmrfd5akz00c3t781n77sh3hg,WonderFold,W2 Elite Pro,cmqpqr3ga002w7qllvthvehzp,Chicco,KeyFit Max ClearTex,cmqx4qp9s00043835h85g6sl0,INFANT,ADAPTER,t,,MEDIUM,WonderFold W & L Series accepts Nuna / Maxi-Cosi / CYBEX / Clek infant seats via a WonderFold click-and-go car seat adapter (sold separately). Confirm the exact adapter for your model year before purchase.,,,,2026-07-10 20:03:27.827,2026-07-10 20:03:27.827
cmrfd5app00c5t781zk1fzogl,WonderFold,W2 Elite Pro,cmqpqr3ga002w7qllvthvehzp,Chicco,KeyFit Max Zip ClearLux,cmqx4qpc50005383512d994gn,INFANT,ADAPTER,t,,MEDIUM,WonderFold W & L Series accepts Nuna / Maxi-Cosi / CYBEX / Clek infant seats via a WonderFold click-and-go car seat adapter (sold separately). Confirm the exact adapter for your model year before purchase.,,,,2026-07-10 20:03:27.997,2026-07-10 20:03:27.997
cmrfd5auc00c7t781b258hvjp,WonderFold,W2 Elite Pro,cmqpqr3ga002w7qllvthvehzp,Chicco,KeyFit Max Zip ClearTex,cmqx4qpeg00063835eten1p5s,INFANT,ADAPTER,t,,MEDIUM,WonderFold W & L Series accepts Nuna / Maxi-Cosi / CYBEX / Clek infant seats via a WonderFold click-and-go car seat adapter (sold separately). Confirm the exact adapter for your model year before purchase.,,,,2026-07-10 20:03:28.164,2026-07-10 20:03:28.164
cmrfd59cg00blt781s4uvcymn,WonderFold,W2 Elite Pro,cmqpqr3ga002w7qllvthvehzp,Graco,GoMax,cmqx4qpx8000e3835nvrnxr0i,INFANT,ADAPTER,t,,MEDIUM,WonderFold W & L Series accepts Nuna / Maxi-Cosi / CYBEX / Clek infant seats via a WonderFold click-and-go car seat adapter (sold separately). Confirm the exact adapter for your model year before purchase.,,,,2026-07-10 20:03:26.224,2026-07-10 20:03:26.224
cmrfd59gx00bnt7813gm6bfa5,WonderFold,W2 Elite Pro,cmqpqr3ga002w7qllvthvehzp,Graco,SnugRide Lite LX,cmqx4qpzp000f3835i6cp9pth,INFANT,ADAPTER,t,,MEDIUM,WonderFold W & L Series accepts Nuna / Maxi-Cosi / CYBEX / Clek infant seats via a WonderFold click-and-go car seat adapter (sold separately). Confirm the exact adapter for your model year before purchase.,,,,2026-07-10 20:03:26.385,2026-07-10 20:03:26.385
cmrfd59lo00bpt781ixr250iu,WonderFold,W2 Elite Pro,cmqpqr3ga002w7qllvthvehzp,Graco,SnugRide SnugFit,cmqx4qq4h000h3835n8ni2r9m,INFANT,ADAPTER,t,,MEDIUM,WonderFold W & L Series accepts Nuna / Maxi-Cosi / CYBEX / Clek infant seats via a WonderFold click-and-go car seat adapter (sold separately). Confirm the exact adapter for your model year before purchase.,,,,2026-07-10 20:03:26.556,2026-07-10 20:03:26.556
cmrfd59q500brt781zp4eadv5,WonderFold,W2 Elite Pro,cmqpqr3ga002w7qllvthvehzp,Graco,SnugRide SnugFit DLX,cmqx4qq26000g3835g3mh924j,INFANT,ADAPTER,t,,MEDIUM,WonderFold W & L Series accepts Nuna / Maxi-Cosi / CYBEX / Clek infant seats via a WonderFold click-and-go car seat adapter (sold separately). Confirm the exact adapter for your model year before purchase.,,,,2026-07-10 20:03:26.718,2026-07-10 20:03:26.718
cmrfd59uz00btt781ossw0mj3,WonderFold,W2 Elite Pro,cmqpqr3ga002w7qllvthvehzp,Graco,SnugRide SnugFit LX,cmqx4qq6u000i3835j7t2euy8,INFANT,ADAPTER,t,,MEDIUM,WonderFold W & L Series accepts Nuna / Maxi-Cosi / CYBEX / Clek infant seats via a WonderFold click-and-go car seat adapter (sold separately). Confirm the exact adapter for your model year before purchase.,,,,2026-07-10 20:03:26.892,2026-07-10 20:03:26.892
cmr0sgydj0099h1u8dg6e5rkx,WonderFold,W2 Elite Pro,cmqpqr3ga002w7qllvthvehzp,Nuna,PIPA Aire,nuna-pipa-lite-rx,INFANT,ADAPTER,t,,MEDIUM,WonderFold W & L Series accepts Nuna / Maxi-Cosi / CYBEX / Clek infant seats via a WonderFold click-and-go car seat adapter (sold separately). Confirm the exact adapter for your model year before purchase.,,,,2026-06-30 15:15:53.48,2026-06-30 15:15:53.48
cmr0sgyi2009bh1u8ci3rx6mx,WonderFold,W2 Elite Pro,cmqpqr3ga002w7qllvthvehzp,Nuna,PIPA Aire rx,nuna-pipa-aire-rx,INFANT,ADAPTER,t,,MEDIUM,WonderFold W & L Series accepts Nuna / Maxi-Cosi / CYBEX / Clek infant seats via a WonderFold click-and-go car seat adapter (sold separately). Confirm the exact adapter for your model year before purchase.,,,,2026-06-30 15:15:53.642,2026-06-30 15:15:53.642
cmr0sgyn2009dh1u89fjcbifi,WonderFold,W2 Elite Pro,cmqpqr3ga002w7qllvthvehzp,Nuna,PIPA RX,nuna-pipa-rx,INFANT,ADAPTER,t,,MEDIUM,WonderFold W & L Series accepts Nuna / Maxi-Cosi / CYBEX / Clek infant seats via a WonderFold click-and-go car seat adapter (sold separately). Confirm the exact adapter for your model year before purchase.,,,,2026-06-30 15:15:53.823,2026-06-30 15:15:53.823
cmr0sgyrn009fh1u8knamam38,WonderFold,W2 Elite Pro,cmqpqr3ga002w7qllvthvehzp,Nuna,PIPA urbn,nuna-pipa-urbn,INFANT,ADAPTER,t,,MEDIUM,WonderFold W & L Series accepts Nuna / Maxi-Cosi / CYBEX / Clek infant seats via a WonderFold click-and-go car seat adapter (sold separately). Confirm the exact adapter for your model year before purchase.,,,,2026-06-30 15:15:53.987,2026-06-30 15:15:53.987
cmr0sh0j000a5h1u8i90hse6v,WonderFold,W2 Elite Pro,cmqpqr3ga002w7qllvthvehzp,UPPAbaby,Aria,uppababy-aria,INFANT,ADAPTER,t,,MEDIUM,WonderFold W & L Series accepts Nuna / Maxi-Cosi / CYBEX / Clek infant seats via a WonderFold click-and-go car seat adapter (sold separately). Confirm the exact adapter for your model year before purchase.,,,,2026-06-30 15:15:56.188,2026-06-30 15:15:56.188
cmr0sh0pp00a7h1u86flr2pnc,WonderFold,W2 Elite Pro,cmqpqr3ga002w7qllvthvehzp,UPPAbaby,Aria V2,uppababy-aria-v2,INFANT,ADAPTER,t,,MEDIUM,WonderFold W & L Series accepts Nuna / Maxi-Cosi / CYBEX / Clek infant seats via a WonderFold click-and-go car seat adapter (sold separately). Confirm the exact adapter for your model year before purchase.,,,,2026-06-30 15:15:56.43,2026-06-30 15:15:56.43
cmr0sh0zj00abh1u8jtbkgeax,WonderFold,W2 Elite Pro,cmqpqr3ga002w7qllvthvehzp,UPPAbaby,Mesa V3,uppababy-mesa-v3,INFANT,ADAPTER,t,,MEDIUM,WonderFold W & L Series accepts Nuna / Maxi-Cosi / CYBEX / Clek infant seats via a WonderFold click-and-go car seat adapter (sold separately). Confirm the exact adapter for your model year before purchase.,,,,2026-06-30 15:15:56.863,2026-06-30 15:15:56.863
cmrfd5c7w00clt78162mesrft,WonderFold,W2 Luxe Double,cmqx8d7tx002613kpml2b3weg,Chicco,KeyFit 30,chicco-keyfit-30,INFANT,ADAPTER,t,,MEDIUM,WonderFold W & L Series accepts Nuna / Maxi-Cosi / CYBEX / Clek infant seats via a WonderFold click-and-go car seat adapter (sold separately). Confirm the exact adapter for your model year before purchase.,,,,2026-07-10 20:03:29.948,2026-07-10 20:03:29.948
cmrfd5ccf00cnt781pg7x3j9d,WonderFold,W2 Luxe Double,cmqx8d7tx002613kpml2b3weg,Chicco,KeyFit 30 ClearTex,cmqx4qp6y00033835pgtlizxk,INFANT,ADAPTER,t,,MEDIUM,WonderFold W & L Series accepts Nuna / Maxi-Cosi / CYBEX / Clek infant seats via a WonderFold click-and-go car seat adapter (sold separately). Confirm the exact adapter for your model year before purchase.,,,,2026-07-10 20:03:30.112,2026-07-10 20:03:30.112
cmrfd5clp00crt781uhaoalri,WonderFold,W2 Luxe Double,cmqx8d7tx002613kpml2b3weg,Chicco,KeyFit Max ClearTex,cmqx4qp9s00043835h85g6sl0,INFANT,ADAPTER,t,,MEDIUM,WonderFold W & L Series accepts Nuna / Maxi-Cosi / CYBEX / Clek infant seats via a WonderFold click-and-go car seat adapter (sold separately). Confirm the exact adapter for your model year before purchase.,,,,2026-07-10 20:03:30.445,2026-07-10 20:03:30.445
cmrfd5cq500ctt781kanyavl3,WonderFold,W2 Luxe Double,cmqx8d7tx002613kpml2b3weg,Chicco,KeyFit Max Zip ClearLux,cmqx4qpc50005383512d994gn,INFANT,ADAPTER,t,,MEDIUM,WonderFold W & L Series accepts Nuna / Maxi-Cosi / CYBEX / Clek infant seats via a WonderFold click-and-go car seat adapter (sold separately). Confirm the exact adapter for your model year before purchase.,,,,2026-07-10 20:03:30.605,2026-07-10 20:03:30.605
cmrfd5cuq00cvt78117bmvhw2,WonderFold,W2 Luxe Double,cmqx8d7tx002613kpml2b3weg,Chicco,KeyFit Max Zip ClearTex,cmqx4qpeg00063835eten1p5s,INFANT,ADAPTER,t,,MEDIUM,WonderFold W & L Series accepts Nuna / Maxi-Cosi / CYBEX / Clek infant seats via a WonderFold click-and-go car seat adapter (sold separately). Confirm the exact adapter for your model year before purchase.,,,,2026-07-10 20:03:30.771,2026-07-10 20:03:30.771
cmrfd5bgv00c9t781ie355ami,WonderFold,W2 Luxe Double,cmqx8d7tx002613kpml2b3weg,Graco,GoMax,cmqx4qpx8000e3835nvrnxr0i,INFANT,ADAPTER,t,,MEDIUM,WonderFold W & L Series accepts Nuna / Maxi-Cosi / CYBEX / Clek infant seats via a WonderFold click-and-go car seat adapter (sold separately). Confirm the exact adapter for your model year before purchase.,,,,2026-07-10 20:03:28.975,2026-07-10 20:03:28.975
cmrfd5bl900cbt781kiktqftx,WonderFold,W2 Luxe Double,cmqx8d7tx002613kpml2b3weg,Graco,SnugRide Lite LX,cmqx4qpzp000f3835i6cp9pth,INFANT,ADAPTER,t,,MEDIUM,WonderFold W & L Series accepts Nuna / Maxi-Cosi / CYBEX / Clek infant seats via a WonderFold click-and-go car seat adapter (sold separately). Confirm the exact adapter for your model year before purchase.,,,,2026-07-10 20:03:29.133,2026-07-10 20:03:29.133
cmrfd5bq200cdt781gvitggkc,WonderFold,W2 Luxe Double,cmqx8d7tx002613kpml2b3weg,Graco,SnugRide SnugFit,cmqx4qq4h000h3835n8ni2r9m,INFANT,ADAPTER,t,,MEDIUM,WonderFold W & L Series accepts Nuna / Maxi-Cosi / CYBEX / Clek infant seats via a WonderFold click-and-go car seat adapter (sold separately). Confirm the exact adapter for your model year before purchase.,,,,2026-07-10 20:03:29.307,2026-07-10 20:03:29.307
cmrfd5buj00cft7819989pznm,WonderFold,W2 Luxe Double,cmqx8d7tx002613kpml2b3weg,Graco,SnugRide SnugFit DLX,cmqx4qq26000g3835g3mh924j,INFANT,ADAPTER,t,,MEDIUM,WonderFold W & L Series accepts Nuna / Maxi-Cosi / CYBEX / Clek infant seats via a WonderFold click-and-go car seat adapter (sold separately). Confirm the exact adapter for your model year before purchase.,,,,2026-07-10 20:03:29.467,2026-07-10 20:03:29.467
cmrfd5bz100cht781epp78drk,WonderFold,W2 Luxe Double,cmqx8d7tx002613kpml2b3weg,Graco,SnugRide SnugFit LX,cmqx4qq6u000i3835j7t2euy8,INFANT,ADAPTER,t,,MEDIUM,WonderFold W & L Series accepts Nuna / Maxi-Cosi / CYBEX / Clek infant seats via a WonderFold click-and-go car seat adapter (sold separately). Confirm the exact adapter for your model year before purchase.,,,,2026-07-10 20:03:29.629,2026-07-10 20:03:29.629
cmr0sh14700adh1u8xbg4h90x,WonderFold,W2 Luxe Double,cmqx8d7tx002613kpml2b3weg,Nuna,PIPA Aire,nuna-pipa-lite-rx,INFANT,ADAPTER,t,,MEDIUM,WonderFold W & L Series accepts Nuna / Maxi-Cosi / CYBEX / Clek infant seats via a WonderFold click-and-go car seat adapter (sold separately). Confirm the exact adapter for your model year before purchase.,,,,2026-06-30 15:15:57.032,2026-06-30 15:15:57.032
cmr0sh19400afh1u870glkxdn,WonderFold,W2 Luxe Double,cmqx8d7tx002613kpml2b3weg,Nuna,PIPA Aire rx,nuna-pipa-aire-rx,INFANT,ADAPTER,t,,MEDIUM,WonderFold W & L Series accepts Nuna / Maxi-Cosi / CYBEX / Clek infant seats via a WonderFold click-and-go car seat adapter (sold separately). Confirm the exact adapter for your model year before purchase.,,,,2026-06-30 15:15:57.209,2026-06-30 15:15:57.209
cmr0sh1e400ahh1u8mom37scj,WonderFold,W2 Luxe Double,cmqx8d7tx002613kpml2b3weg,Nuna,PIPA RX,nuna-pipa-rx,INFANT,ADAPTER,t,,MEDIUM,WonderFold W & L Series accepts Nuna / Maxi-Cosi / CYBEX / Clek infant seats via a WonderFold click-and-go car seat adapter (sold separately). Confirm the exact adapter for your model year before purchase.,,,,2026-06-30 15:15:57.388,2026-06-30 15:15:57.388
cmr0sh1iv00ajh1u8oc0yf7dx,WonderFold,W2 Luxe Double,cmqx8d7tx002613kpml2b3weg,Nuna,PIPA urbn,nuna-pipa-urbn,INFANT,ADAPTER,t,,MEDIUM,WonderFold W & L Series accepts Nuna / Maxi-Cosi / CYBEX / Clek infant seats via a WonderFold click-and-go car seat adapter (sold separately). Confirm the exact adapter for your model year before purchase.,,,,2026-06-30 15:15:57.559,2026-06-30 15:15:57.559
cmr0sh37p00b9h1u8y9heak53,WonderFold,W2 Luxe Double,cmqx8d7tx002613kpml2b3weg,UPPAbaby,Aria,uppababy-aria,INFANT,ADAPTER,t,,MEDIUM,WonderFold W & L Series accepts Nuna / Maxi-Cosi / CYBEX / Clek infant seats via a WonderFold click-and-go car seat adapter (sold separately). Confirm the exact adapter for your model year before purchase.,,,,2026-06-30 15:15:59.749,2026-06-30 15:15:59.749
cmr0sh3c700bbh1u8pz811ewe,WonderFold,W2 Luxe Double,cmqx8d7tx002613kpml2b3weg,UPPAbaby,Aria V2,uppababy-aria-v2,INFANT,ADAPTER,t,,MEDIUM,WonderFold W & L Series accepts Nuna / Maxi-Cosi / CYBEX / Clek infant seats via a WonderFold click-and-go car seat adapter (sold separately). Confirm the exact adapter for your model year before purchase.,,,,2026-06-30 15:15:59.912,2026-06-30 15:15:59.912
cmr0sh3lp00bfh1u8ja52eh8j,WonderFold,W2 Luxe Double,cmqx8d7tx002613kpml2b3weg,UPPAbaby,Mesa V3,uppababy-mesa-v3,INFANT,ADAPTER,t,,MEDIUM,WonderFold W & L Series accepts Nuna / Maxi-Cosi / CYBEX / Clek infant seats via a WonderFold click-and-go car seat adapter (sold separately). Confirm the exact adapter for your model year before purchase.,,,,2026-06-30 15:16:00.253,2026-06-30 15:16:00.253
cmrfd5e9100d9t781hmrv6rz1,WonderFold,W2 Luxe Pro Double Seater,cmqpqr3im002x7qll506zzahr,Chicco,KeyFit 30,chicco-keyfit-30,INFANT,ADAPTER,t,,MEDIUM,WonderFold W & L Series accepts Nuna / Maxi-Cosi / CYBEX / Clek infant seats via a WonderFold click-and-go car seat adapter (sold separately). Confirm the exact adapter for your model year before purchase.,,,,2026-07-10 20:03:32.581,2026-07-10 20:03:32.581
cmrfd5edj00dbt781xgcg1tpn,WonderFold,W2 Luxe Pro Double Seater,cmqpqr3im002x7qll506zzahr,Chicco,KeyFit 30 ClearTex,cmqx4qp6y00033835pgtlizxk,INFANT,ADAPTER,t,,MEDIUM,WonderFold W & L Series accepts Nuna / Maxi-Cosi / CYBEX / Clek infant seats via a WonderFold click-and-go car seat adapter (sold separately). Confirm the exact adapter for your model year before purchase.,,,,2026-07-10 20:03:32.743,2026-07-10 20:03:32.743
cmrfd5emn00dft7817ulbz99a,WonderFold,W2 Luxe Pro Double Seater,cmqpqr3im002x7qll506zzahr,Chicco,KeyFit Max ClearTex,cmqx4qp9s00043835h85g6sl0,INFANT,ADAPTER,t,,MEDIUM,WonderFold W & L Series accepts Nuna / Maxi-Cosi / CYBEX / Clek infant seats via a WonderFold click-and-go car seat adapter (sold separately). Confirm the exact adapter for your model year before purchase.,,,,2026-07-10 20:03:33.071,2026-07-10 20:03:33.071
cmrfd5etb00dht781det6j51d,WonderFold,W2 Luxe Pro Double Seater,cmqpqr3im002x7qll506zzahr,Chicco,KeyFit Max Zip ClearLux,cmqx4qpc50005383512d994gn,INFANT,ADAPTER,t,,MEDIUM,WonderFold W & L Series accepts Nuna / Maxi-Cosi / CYBEX / Clek infant seats via a WonderFold click-and-go car seat adapter (sold separately). Confirm the exact adapter for your model year before purchase.,,,,2026-07-10 20:03:33.311,2026-07-10 20:03:33.311
cmrfd5exq00djt781rnuhto57,WonderFold,W2 Luxe Pro Double Seater,cmqpqr3im002x7qll506zzahr,Chicco,KeyFit Max Zip ClearTex,cmqx4qpeg00063835eten1p5s,INFANT,ADAPTER,t,,MEDIUM,WonderFold W & L Series accepts Nuna / Maxi-Cosi / CYBEX / Clek infant seats via a WonderFold click-and-go car seat adapter (sold separately). Confirm the exact adapter for your model year before purchase.,,,,2026-07-10 20:03:33.47,2026-07-10 20:03:33.47
cmrfd5dgp00cxt781dn5guvq3,WonderFold,W2 Luxe Pro Double Seater,cmqpqr3im002x7qll506zzahr,Graco,GoMax,cmqx4qpx8000e3835nvrnxr0i,INFANT,ADAPTER,t,,MEDIUM,WonderFold W & L Series accepts Nuna / Maxi-Cosi / CYBEX / Clek infant seats via a WonderFold click-and-go car seat adapter (sold separately). Confirm the exact adapter for your model year before purchase.,,,,2026-07-10 20:03:31.562,2026-07-10 20:03:31.562
cmrfd5dl500czt781fd0s59ky,WonderFold,W2 Luxe Pro Double Seater,cmqpqr3im002x7qll506zzahr,Graco,SnugRide Lite LX,cmqx4qpzp000f3835i6cp9pth,INFANT,ADAPTER,t,,MEDIUM,WonderFold W & L Series accepts Nuna / Maxi-Cosi / CYBEX / Clek infant seats via a WonderFold click-and-go car seat adapter (sold separately). Confirm the exact adapter for your model year before purchase.,,,,2026-07-10 20:03:31.722,2026-07-10 20:03:31.722
cmrfd5dpl00d1t781f1l76oc9,WonderFold,W2 Luxe Pro Double Seater,cmqpqr3im002x7qll506zzahr,Graco,SnugRide SnugFit,cmqx4qq4h000h3835n8ni2r9m,INFANT,ADAPTER,t,,MEDIUM,WonderFold W & L Series accepts Nuna / Maxi-Cosi / CYBEX / Clek infant seats via a WonderFold click-and-go car seat adapter (sold separately). Confirm the exact adapter for your model year before purchase.,,,,2026-07-10 20:03:31.881,2026-07-10 20:03:31.881
cmrfd5dug00d3t781xjkk782w,WonderFold,W2 Luxe Pro Double Seater,cmqpqr3im002x7qll506zzahr,Graco,SnugRide SnugFit DLX,cmqx4qq26000g3835g3mh924j,INFANT,ADAPTER,t,,MEDIUM,WonderFold W & L Series accepts Nuna / Maxi-Cosi / CYBEX / Clek infant seats via a WonderFold click-and-go car seat adapter (sold separately). Confirm the exact adapter for your model year before purchase.,,,,2026-07-10 20:03:32.056,2026-07-10 20:03:32.056
cmrfd5dzu00d5t7817n5vegve,WonderFold,W2 Luxe Pro Double Seater,cmqpqr3im002x7qll506zzahr,Graco,SnugRide SnugFit LX,cmqx4qq6u000i3835j7t2euy8,INFANT,ADAPTER,t,,MEDIUM,WonderFold W & L Series accepts Nuna / Maxi-Cosi / CYBEX / Clek infant seats via a WonderFold click-and-go car seat adapter (sold separately). Confirm the exact adapter for your model year before purchase.,,,,2026-07-10 20:03:32.251,2026-07-10 20:03:32.251
cmr0sh3rg00bhh1u8kjdg5sz9,WonderFold,W2 Luxe Pro Double Seater,cmqpqr3im002x7qll506zzahr,Nuna,PIPA Aire,nuna-pipa-lite-rx,INFANT,ADAPTER,t,,MEDIUM,WonderFold W & L Series accepts Nuna / Maxi-Cosi / CYBEX / Clek infant seats via a WonderFold click-and-go car seat adapter (sold separately). Confirm the exact adapter for your model year before purchase.,,,,2026-06-30 15:16:00.46,2026-06-30 15:16:00.46
cmr0sh3wu00bjh1u8z4deihsa,WonderFold,W2 Luxe Pro Double Seater,cmqpqr3im002x7qll506zzahr,Nuna,PIPA Aire rx,nuna-pipa-aire-rx,INFANT,ADAPTER,t,,MEDIUM,WonderFold W & L Series accepts Nuna / Maxi-Cosi / CYBEX / Clek infant seats via a WonderFold click-and-go car seat adapter (sold separately). Confirm the exact adapter for your model year before purchase.,,,,2026-06-30 15:16:00.654,2026-06-30 15:16:00.654
cmr0sh42p00blh1u8sanu5px7,WonderFold,W2 Luxe Pro Double Seater,cmqpqr3im002x7qll506zzahr,Nuna,PIPA RX,nuna-pipa-rx,INFANT,ADAPTER,t,,MEDIUM,WonderFold W & L Series accepts Nuna / Maxi-Cosi / CYBEX / Clek infant seats via a WonderFold click-and-go car seat adapter (sold separately). Confirm the exact adapter for your model year before purchase.,,,,2026-06-30 15:16:00.865,2026-06-30 15:16:00.865
cmr0sh47y00bnh1u8f415bsta,WonderFold,W2 Luxe Pro Double Seater,cmqpqr3im002x7qll506zzahr,Nuna,PIPA urbn,nuna-pipa-urbn,INFANT,ADAPTER,t,,MEDIUM,WonderFold W & L Series accepts Nuna / Maxi-Cosi / CYBEX / Clek infant seats via a WonderFold click-and-go car seat adapter (sold separately). Confirm the exact adapter for your model year before purchase.,,,,2026-06-30 15:16:01.054,2026-06-30 15:16:01.054
cmr0sh5xu00cdh1u82k4nhlxg,WonderFold,W2 Luxe Pro Double Seater,cmqpqr3im002x7qll506zzahr,UPPAbaby,Aria,uppababy-aria,INFANT,ADAPTER,t,,MEDIUM,WonderFold W & L Series accepts Nuna / Maxi-Cosi / CYBEX / Clek infant seats via a WonderFold click-and-go car seat adapter (sold separately). Confirm the exact adapter for your model year before purchase.,,,,2026-06-30 15:16:03.283,2026-06-30 15:16:03.283
cmr0sh62d00cfh1u8kn8maqq5,WonderFold,W2 Luxe Pro Double Seater,cmqpqr3im002x7qll506zzahr,UPPAbaby,Aria V2,uppababy-aria-v2,INFANT,ADAPTER,t,,MEDIUM,WonderFold W & L Series accepts Nuna / Maxi-Cosi / CYBEX / Clek infant seats via a WonderFold click-and-go car seat adapter (sold separately). Confirm the exact adapter for your model year before purchase.,,,,2026-06-30 15:16:03.445,2026-06-30 15:16:03.445
cmr0sh6bk00cjh1u8vtss4wa6,WonderFold,W2 Luxe Pro Double Seater,cmqpqr3im002x7qll506zzahr,UPPAbaby,Mesa V3,uppababy-mesa-v3,INFANT,ADAPTER,t,,MEDIUM,WonderFold W & L Series accepts Nuna / Maxi-Cosi / CYBEX / Clek infant seats via a WonderFold click-and-go car seat adapter (sold separately). Confirm the exact adapter for your model year before purchase.,,,,2026-06-30 15:16:03.776,2026-06-30 15:16:03.776
cmrfd5gav00dxt7817fee4rev,WonderFold,W4 Elite Pro,cmqpqr3l1002y7qll8v1j66mn,Chicco,KeyFit 30,chicco-keyfit-30,INFANT,ADAPTER,t,,MEDIUM,WonderFold W & L Series accepts Nuna / Maxi-Cosi / CYBEX / Clek infant seats via a WonderFold click-and-go car seat adapter (sold separately). Confirm the exact adapter for your model year before purchase.,,,,2026-07-10 20:03:35.239,2026-07-10 20:03:35.239
cmrfd5gn800dzt7819sf1x13l,WonderFold,W4 Elite Pro,cmqpqr3l1002y7qll8v1j66mn,Chicco,KeyFit 30 ClearTex,cmqx4qp6y00033835pgtlizxk,INFANT,ADAPTER,t,,MEDIUM,WonderFold W & L Series accepts Nuna / Maxi-Cosi / CYBEX / Clek infant seats via a WonderFold click-and-go car seat adapter (sold separately). Confirm the exact adapter for your model year before purchase.,,,,2026-07-10 20:03:35.684,2026-07-10 20:03:35.684
cmrfd5gw400e3t781pvk9fqlo,WonderFold,W4 Elite Pro,cmqpqr3l1002y7qll8v1j66mn,Chicco,KeyFit Max ClearTex,cmqx4qp9s00043835h85g6sl0,INFANT,ADAPTER,t,,MEDIUM,WonderFold W & L Series accepts Nuna / Maxi-Cosi / CYBEX / Clek infant seats via a WonderFold click-and-go car seat adapter (sold separately). Confirm the exact adapter for your model year before purchase.,,,,2026-07-10 20:03:36.005,2026-07-10 20:03:36.005
cmrfd5h0m00e5t781e5k6aeij,WonderFold,W4 Elite Pro,cmqpqr3l1002y7qll8v1j66mn,Chicco,KeyFit Max Zip ClearLux,cmqx4qpc50005383512d994gn,INFANT,ADAPTER,t,,MEDIUM,WonderFold W & L Series accepts Nuna / Maxi-Cosi / CYBEX / Clek infant seats via a WonderFold click-and-go car seat adapter (sold separately). Confirm the exact adapter for your model year before purchase.,,,,2026-07-10 20:03:36.167,2026-07-10 20:03:36.167
cmrfd5h5i00e7t78121q5mir0,WonderFold,W4 Elite Pro,cmqpqr3l1002y7qll8v1j66mn,Chicco,KeyFit Max Zip ClearTex,cmqx4qpeg00063835eten1p5s,INFANT,ADAPTER,t,,MEDIUM,WonderFold W & L Series accepts Nuna / Maxi-Cosi / CYBEX / Clek infant seats via a WonderFold click-and-go car seat adapter (sold separately). Confirm the exact adapter for your model year before purchase.,,,,2026-07-10 20:03:36.343,2026-07-10 20:03:36.343
cmrfd5fjs00dlt781mly08p6w,WonderFold,W4 Elite Pro,cmqpqr3l1002y7qll8v1j66mn,Graco,GoMax,cmqx4qpx8000e3835nvrnxr0i,INFANT,ADAPTER,t,,MEDIUM,WonderFold W & L Series accepts Nuna / Maxi-Cosi / CYBEX / Clek infant seats via a WonderFold click-and-go car seat adapter (sold separately). Confirm the exact adapter for your model year before purchase.,,,,2026-07-10 20:03:34.265,2026-07-10 20:03:34.265
cmrfd5fo800dnt781dxfiuzgv,WonderFold,W4 Elite Pro,cmqpqr3l1002y7qll8v1j66mn,Graco,SnugRide Lite LX,cmqx4qpzp000f3835i6cp9pth,INFANT,ADAPTER,t,,MEDIUM,WonderFold W & L Series accepts Nuna / Maxi-Cosi / CYBEX / Clek infant seats via a WonderFold click-and-go car seat adapter (sold separately). Confirm the exact adapter for your model year before purchase.,,,,2026-07-10 20:03:34.424,2026-07-10 20:03:34.424
cmrfd5fso00dpt7815t5pms0q,WonderFold,W4 Elite Pro,cmqpqr3l1002y7qll8v1j66mn,Graco,SnugRide SnugFit,cmqx4qq4h000h3835n8ni2r9m,INFANT,ADAPTER,t,,MEDIUM,WonderFold W & L Series accepts Nuna / Maxi-Cosi / CYBEX / Clek infant seats via a WonderFold click-and-go car seat adapter (sold separately). Confirm the exact adapter for your model year before purchase.,,,,2026-07-10 20:03:34.584,2026-07-10 20:03:34.584
cmrfd5fx400drt781ltpice4u,WonderFold,W4 Elite Pro,cmqpqr3l1002y7qll8v1j66mn,Graco,SnugRide SnugFit DLX,cmqx4qq26000g3835g3mh924j,INFANT,ADAPTER,t,,MEDIUM,WonderFold W & L Series accepts Nuna / Maxi-Cosi / CYBEX / Clek infant seats via a WonderFold click-and-go car seat adapter (sold separately). Confirm the exact adapter for your model year before purchase.,,,,2026-07-10 20:03:34.744,2026-07-10 20:03:34.744
cmrfd5g1z00dtt781gg49ezpf,WonderFold,W4 Elite Pro,cmqpqr3l1002y7qll8v1j66mn,Graco,SnugRide SnugFit LX,cmqx4qq6u000i3835j7t2euy8,INFANT,ADAPTER,t,,MEDIUM,WonderFold W & L Series accepts Nuna / Maxi-Cosi / CYBEX / Clek infant seats via a WonderFold click-and-go car seat adapter (sold separately). Confirm the exact adapter for your model year before purchase.,,,,2026-07-10 20:03:34.92,2026-07-10 20:03:34.92
cmr0sh6g300clh1u8fkcktkjs,WonderFold,W4 Elite Pro,cmqpqr3l1002y7qll8v1j66mn,Nuna,PIPA Aire,nuna-pipa-lite-rx,INFANT,ADAPTER,t,,MEDIUM,WonderFold W & L Series accepts Nuna / Maxi-Cosi / CYBEX / Clek infant seats via a WonderFold click-and-go car seat adapter (sold separately). Confirm the exact adapter for your model year before purchase.,,,,2026-06-30 15:16:03.939,2026-06-30 15:16:03.939
cmr0sh6kn00cnh1u8sjm51nvs,WonderFold,W4 Elite Pro,cmqpqr3l1002y7qll8v1j66mn,Nuna,PIPA Aire rx,nuna-pipa-aire-rx,INFANT,ADAPTER,t,,MEDIUM,WonderFold W & L Series accepts Nuna / Maxi-Cosi / CYBEX / Clek infant seats via a WonderFold click-and-go car seat adapter (sold separately). Confirm the exact adapter for your model year before purchase.,,,,2026-06-30 15:16:04.103,2026-06-30 15:16:04.103
cmr0sh6p500cph1u8tftjsudx,WonderFold,W4 Elite Pro,cmqpqr3l1002y7qll8v1j66mn,Nuna,PIPA RX,nuna-pipa-rx,INFANT,ADAPTER,t,,MEDIUM,WonderFold W & L Series accepts Nuna / Maxi-Cosi / CYBEX / Clek infant seats via a WonderFold click-and-go car seat adapter (sold separately). Confirm the exact adapter for your model year before purchase.,,,,2026-06-30 15:16:04.265,2026-06-30 15:16:04.265
cmr0sh6tn00crh1u8gk7owuzl,WonderFold,W4 Elite Pro,cmqpqr3l1002y7qll8v1j66mn,Nuna,PIPA urbn,nuna-pipa-urbn,INFANT,ADAPTER,t,,MEDIUM,WonderFold W & L Series accepts Nuna / Maxi-Cosi / CYBEX / Clek infant seats via a WonderFold click-and-go car seat adapter (sold separately). Confirm the exact adapter for your model year before purchase.,,,,2026-06-30 15:16:04.427,2026-06-30 15:16:04.427
cmr0sh8hn00dhh1u8mxolxp0c,WonderFold,W4 Elite Pro,cmqpqr3l1002y7qll8v1j66mn,UPPAbaby,Aria,uppababy-aria,INFANT,ADAPTER,t,,MEDIUM,WonderFold W & L Series accepts Nuna / Maxi-Cosi / CYBEX / Clek infant seats via a WonderFold click-and-go car seat adapter (sold separately). Confirm the exact adapter for your model year before purchase.,,,,2026-06-30 15:16:06.587,2026-06-30 15:16:06.587
cmr0sh8mb00djh1u80gudijgb,WonderFold,W4 Elite Pro,cmqpqr3l1002y7qll8v1j66mn,UPPAbaby,Aria V2,uppababy-aria-v2,INFANT,ADAPTER,t,,MEDIUM,WonderFold W & L Series accepts Nuna / Maxi-Cosi / CYBEX / Clek infant seats via a WonderFold click-and-go car seat adapter (sold separately). Confirm the exact adapter for your model year before purchase.,,,,2026-06-30 15:16:06.755,2026-06-30 15:16:06.755
cmr0sh8vn00dnh1u8jr2t1mhd,WonderFold,W4 Elite Pro,cmqpqr3l1002y7qll8v1j66mn,UPPAbaby,Mesa V3,uppababy-mesa-v3,INFANT,ADAPTER,t,,MEDIUM,WonderFold W & L Series accepts Nuna / Maxi-Cosi / CYBEX / Clek infant seats via a WonderFold click-and-go car seat adapter (sold separately). Confirm the exact adapter for your model year before purchase.,,,,2026-06-30 15:16:07.091,2026-06-30 15:16:07.091
cmrfd5iib00elt781crcchoup,WonderFold,W4 Luxe Pro,cmqpqr3nc002z7qllbrxqaram,Chicco,KeyFit 30,chicco-keyfit-30,INFANT,ADAPTER,t,,MEDIUM,WonderFold W & L Series accepts Nuna / Maxi-Cosi / CYBEX / Clek infant seats via a WonderFold click-and-go car seat adapter (sold separately). Confirm the exact adapter for your model year before purchase.,,,,2026-07-10 20:03:38.099,2026-07-10 20:03:38.099
cmrfd5in100ent781ynzqh7cu,WonderFold,W4 Luxe Pro,cmqpqr3nc002z7qllbrxqaram,Chicco,KeyFit 30 ClearTex,cmqx4qp6y00033835pgtlizxk,INFANT,ADAPTER,t,,MEDIUM,WonderFold W & L Series accepts Nuna / Maxi-Cosi / CYBEX / Clek infant seats via a WonderFold click-and-go car seat adapter (sold separately). Confirm the exact adapter for your model year before purchase.,,,,2026-07-10 20:03:38.27,2026-07-10 20:03:38.27
cmrfd5iw300ert781xjvewe1b,WonderFold,W4 Luxe Pro,cmqpqr3nc002z7qllbrxqaram,Chicco,KeyFit Max ClearTex,cmqx4qp9s00043835h85g6sl0,INFANT,ADAPTER,t,,MEDIUM,WonderFold W & L Series accepts Nuna / Maxi-Cosi / CYBEX / Clek infant seats via a WonderFold click-and-go car seat adapter (sold separately). Confirm the exact adapter for your model year before purchase.,,,,2026-07-10 20:03:38.595,2026-07-10 20:03:38.595
cmrfd5j0s00ett781zjjnioab,WonderFold,W4 Luxe Pro,cmqpqr3nc002z7qllbrxqaram,Chicco,KeyFit Max Zip ClearLux,cmqx4qpc50005383512d994gn,INFANT,ADAPTER,t,,MEDIUM,WonderFold W & L Series accepts Nuna / Maxi-Cosi / CYBEX / Clek infant seats via a WonderFold click-and-go car seat adapter (sold separately). Confirm the exact adapter for your model year before purchase.,,,,2026-07-10 20:03:38.765,2026-07-10 20:03:38.765
cmrfd5j5800evt781zuomnuwg,WonderFold,W4 Luxe Pro,cmqpqr3nc002z7qllbrxqaram,Chicco,KeyFit Max Zip ClearTex,cmqx4qpeg00063835eten1p5s,INFANT,ADAPTER,t,,MEDIUM,WonderFold W & L Series accepts Nuna / Maxi-Cosi / CYBEX / Clek infant seats via a WonderFold click-and-go car seat adapter (sold separately). Confirm the exact adapter for your model year before purchase.,,,,2026-07-10 20:03:38.925,2026-07-10 20:03:38.925
cmrfd5hrl00e9t781d6ll3pey,WonderFold,W4 Luxe Pro,cmqpqr3nc002z7qllbrxqaram,Graco,GoMax,cmqx4qpx8000e3835nvrnxr0i,INFANT,ADAPTER,t,,MEDIUM,WonderFold W & L Series accepts Nuna / Maxi-Cosi / CYBEX / Clek infant seats via a WonderFold click-and-go car seat adapter (sold separately). Confirm the exact adapter for your model year before purchase.,,,,2026-07-10 20:03:37.138,2026-07-10 20:03:37.138
cmrfd5hw200ebt781v541fme2,WonderFold,W4 Luxe Pro,cmqpqr3nc002z7qllbrxqaram,Graco,SnugRide Lite LX,cmqx4qpzp000f3835i6cp9pth,INFANT,ADAPTER,t,,MEDIUM,WonderFold W & L Series accepts Nuna / Maxi-Cosi / CYBEX / Clek infant seats via a WonderFold click-and-go car seat adapter (sold separately). Confirm the exact adapter for your model year before purchase.,,,,2026-07-10 20:03:37.298,2026-07-10 20:03:37.298
cmrfd5i0f00edt781fugyru8a,WonderFold,W4 Luxe Pro,cmqpqr3nc002z7qllbrxqaram,Graco,SnugRide SnugFit,cmqx4qq4h000h3835n8ni2r9m,INFANT,ADAPTER,t,,MEDIUM,WonderFold W & L Series accepts Nuna / Maxi-Cosi / CYBEX / Clek infant seats via a WonderFold click-and-go car seat adapter (sold separately). Confirm the exact adapter for your model year before purchase.,,,,2026-07-10 20:03:37.455,2026-07-10 20:03:37.455
cmrfd5i4v00eft781bs0766fx,WonderFold,W4 Luxe Pro,cmqpqr3nc002z7qllbrxqaram,Graco,SnugRide SnugFit DLX,cmqx4qq26000g3835g3mh924j,INFANT,ADAPTER,t,,MEDIUM,WonderFold W & L Series accepts Nuna / Maxi-Cosi / CYBEX / Clek infant seats via a WonderFold click-and-go car seat adapter (sold separately). Confirm the exact adapter for your model year before purchase.,,,,2026-07-10 20:03:37.615,2026-07-10 20:03:37.615
cmrfd5i9e00eht781h3fxpunu,WonderFold,W4 Luxe Pro,cmqpqr3nc002z7qllbrxqaram,Graco,SnugRide SnugFit LX,cmqx4qq6u000i3835j7t2euy8,INFANT,ADAPTER,t,,MEDIUM,WonderFold W & L Series accepts Nuna / Maxi-Cosi / CYBEX / Clek infant seats via a WonderFold click-and-go car seat adapter (sold separately). Confirm the exact adapter for your model year before purchase.,,,,2026-07-10 20:03:37.779,2026-07-10 20:03:37.779
cmr0sh90700dph1u8whl76spb,WonderFold,W4 Luxe Pro,cmqpqr3nc002z7qllbrxqaram,Nuna,PIPA Aire,nuna-pipa-lite-rx,INFANT,ADAPTER,t,,MEDIUM,WonderFold W & L Series accepts Nuna / Maxi-Cosi / CYBEX / Clek infant seats via a WonderFold click-and-go car seat adapter (sold separately). Confirm the exact adapter for your model year before purchase.,,,,2026-06-30 15:16:07.255,2026-06-30 15:16:07.255
cmr0sh94u00drh1u8vckellnj,WonderFold,W4 Luxe Pro,cmqpqr3nc002z7qllbrxqaram,Nuna,PIPA Aire rx,nuna-pipa-aire-rx,INFANT,ADAPTER,t,,MEDIUM,WonderFold W & L Series accepts Nuna / Maxi-Cosi / CYBEX / Clek infant seats via a WonderFold click-and-go car seat adapter (sold separately). Confirm the exact adapter for your model year before purchase.,,,,2026-06-30 15:16:07.423,2026-06-30 15:16:07.423
cmr0sh99i00dth1u8k858s42o,WonderFold,W4 Luxe Pro,cmqpqr3nc002z7qllbrxqaram,Nuna,PIPA RX,nuna-pipa-rx,INFANT,ADAPTER,t,,MEDIUM,WonderFold W & L Series accepts Nuna / Maxi-Cosi / CYBEX / Clek infant seats via a WonderFold click-and-go car seat adapter (sold separately). Confirm the exact adapter for your model year before purchase.,,,,2026-06-30 15:16:07.591,2026-06-30 15:16:07.591
cmr0sh9e400dvh1u8spdfoh50,WonderFold,W4 Luxe Pro,cmqpqr3nc002z7qllbrxqaram,Nuna,PIPA urbn,nuna-pipa-urbn,INFANT,ADAPTER,t,,MEDIUM,WonderFold W & L Series accepts Nuna / Maxi-Cosi / CYBEX / Clek infant seats via a WonderFold click-and-go car seat adapter (sold separately). Confirm the exact adapter for your model year before purchase.,,,,2026-06-30 15:16:07.756,2026-06-30 15:16:07.756
cmr0shb1h00elh1u82wnvgxaa,WonderFold,W4 Luxe Pro,cmqpqr3nc002z7qllbrxqaram,UPPAbaby,Aria,uppababy-aria,INFANT,ADAPTER,t,,MEDIUM,WonderFold W & L Series accepts Nuna / Maxi-Cosi / CYBEX / Clek infant seats via a WonderFold click-and-go car seat adapter (sold separately). Confirm the exact adapter for your model year before purchase.,,,,2026-06-30 15:16:09.894,2026-06-30 15:16:09.894
cmr0shb5y00enh1u84uz5vgh4,WonderFold,W4 Luxe Pro,cmqpqr3nc002z7qllbrxqaram,UPPAbaby,Aria V2,uppababy-aria-v2,INFANT,ADAPTER,t,,MEDIUM,WonderFold W & L Series accepts Nuna / Maxi-Cosi / CYBEX / Clek infant seats via a WonderFold click-and-go car seat adapter (sold separately). Confirm the exact adapter for your model year before purchase.,,,,2026-06-30 15:16:10.055,2026-06-30 15:16:10.055
cmr0shbev00erh1u8zftf5t3r,WonderFold,W4 Luxe Pro,cmqpqr3nc002z7qllbrxqaram,UPPAbaby,Mesa V3,uppababy-mesa-v3,INFANT,ADAPTER,t,,MEDIUM,WonderFold W & L Series accepts Nuna / Maxi-Cosi / CYBEX / Clek infant seats via a WonderFold click-and-go car seat adapter (sold separately). Confirm the exact adapter for your model year before purchase.,,,,2026-06-30 15:16:10.375,2026-06-30 15:16:10.375
cmrfd5ki700f9t781ax4cwllp,WonderFold,W4 Luxe Pro Quad,cmqx8d7w8002713kp1d671s1a,Chicco,KeyFit 30,chicco-keyfit-30,INFANT,ADAPTER,t,,MEDIUM,WonderFold W & L Series accepts Nuna / Maxi-Cosi / CYBEX / Clek infant seats via a WonderFold click-and-go car seat adapter (sold separately). Confirm the exact adapter for your model year before purchase.,,,,2026-07-10 20:03:40.688,2026-07-10 20:03:40.688
cmrfd5kmo00fbt7816lkxv0k3,WonderFold,W4 Luxe Pro Quad,cmqx8d7w8002713kp1d671s1a,Chicco,KeyFit 30 ClearTex,cmqx4qp6y00033835pgtlizxk,INFANT,ADAPTER,t,,MEDIUM,WonderFold W & L Series accepts Nuna / Maxi-Cosi / CYBEX / Clek infant seats via a WonderFold click-and-go car seat adapter (sold separately). Confirm the exact adapter for your model year before purchase.,,,,2026-07-10 20:03:40.848,2026-07-10 20:03:40.848
cmrfd5kvl00fft781y54z6gbp,WonderFold,W4 Luxe Pro Quad,cmqx8d7w8002713kp1d671s1a,Chicco,KeyFit Max ClearTex,cmqx4qp9s00043835h85g6sl0,INFANT,ADAPTER,t,,MEDIUM,WonderFold W & L Series accepts Nuna / Maxi-Cosi / CYBEX / Clek infant seats via a WonderFold click-and-go car seat adapter (sold separately). Confirm the exact adapter for your model year before purchase.,,,,2026-07-10 20:03:41.169,2026-07-10 20:03:41.169
cmrfd5l0200fht781pauyyws7,WonderFold,W4 Luxe Pro Quad,cmqx8d7w8002713kp1d671s1a,Chicco,KeyFit Max Zip ClearLux,cmqx4qpc50005383512d994gn,INFANT,ADAPTER,t,,MEDIUM,WonderFold W & L Series accepts Nuna / Maxi-Cosi / CYBEX / Clek infant seats via a WonderFold click-and-go car seat adapter (sold separately). Confirm the exact adapter for your model year before purchase.,,,,2026-07-10 20:03:41.33,2026-07-10 20:03:41.33
cmrfd5l4i00fjt781b952u3st,WonderFold,W4 Luxe Pro Quad,cmqx8d7w8002713kp1d671s1a,Chicco,KeyFit Max Zip ClearTex,cmqx4qpeg00063835eten1p5s,INFANT,ADAPTER,t,,MEDIUM,WonderFold W & L Series accepts Nuna / Maxi-Cosi / CYBEX / Clek infant seats via a WonderFold click-and-go car seat adapter (sold separately). Confirm the exact adapter for your model year before purchase.,,,,2026-07-10 20:03:41.49,2026-07-10 20:03:41.49
cmrfd5jr800ext781vdouqsim,WonderFold,W4 Luxe Pro Quad,cmqx8d7w8002713kp1d671s1a,Graco,GoMax,cmqx4qpx8000e3835nvrnxr0i,INFANT,ADAPTER,t,,MEDIUM,WonderFold W & L Series accepts Nuna / Maxi-Cosi / CYBEX / Clek infant seats via a WonderFold click-and-go car seat adapter (sold separately). Confirm the exact adapter for your model year before purchase.,,,,2026-07-10 20:03:39.716,2026-07-10 20:03:39.716
cmrfd5jvs00ezt781zpdfmf2k,WonderFold,W4 Luxe Pro Quad,cmqx8d7w8002713kp1d671s1a,Graco,SnugRide Lite LX,cmqx4qpzp000f3835i6cp9pth,INFANT,ADAPTER,t,,MEDIUM,WonderFold W & L Series accepts Nuna / Maxi-Cosi / CYBEX / Clek infant seats via a WonderFold click-and-go car seat adapter (sold separately). Confirm the exact adapter for your model year before purchase.,,,,2026-07-10 20:03:39.88,2026-07-10 20:03:39.88
cmrfd5k0800f1t781s9rxbaos,WonderFold,W4 Luxe Pro Quad,cmqx8d7w8002713kp1d671s1a,Graco,SnugRide SnugFit,cmqx4qq4h000h3835n8ni2r9m,INFANT,ADAPTER,t,,MEDIUM,WonderFold W & L Series accepts Nuna / Maxi-Cosi / CYBEX / Clek infant seats via a WonderFold click-and-go car seat adapter (sold separately). Confirm the exact adapter for your model year before purchase.,,,,2026-07-10 20:03:40.04,2026-07-10 20:03:40.04
cmrfd5k4n00f3t78181xjy8ca,WonderFold,W4 Luxe Pro Quad,cmqx8d7w8002713kp1d671s1a,Graco,SnugRide SnugFit DLX,cmqx4qq26000g3835g3mh924j,INFANT,ADAPTER,t,,MEDIUM,WonderFold W & L Series accepts Nuna / Maxi-Cosi / CYBEX / Clek infant seats via a WonderFold click-and-go car seat adapter (sold separately). Confirm the exact adapter for your model year before purchase.,,,,2026-07-10 20:03:40.199,2026-07-10 20:03:40.199
cmrfd5k9200f5t781iunjr8in,WonderFold,W4 Luxe Pro Quad,cmqx8d7w8002713kp1d671s1a,Graco,SnugRide SnugFit LX,cmqx4qq6u000i3835j7t2euy8,INFANT,ADAPTER,t,,MEDIUM,WonderFold W & L Series accepts Nuna / Maxi-Cosi / CYBEX / Clek infant seats via a WonderFold click-and-go car seat adapter (sold separately). Confirm the exact adapter for your model year before purchase.,,,,2026-07-10 20:03:40.358,2026-07-10 20:03:40.358
cmr0shbjd00eth1u85yhcdy1r,WonderFold,W4 Luxe Pro Quad,cmqx8d7w8002713kp1d671s1a,Nuna,PIPA Aire,nuna-pipa-lite-rx,INFANT,ADAPTER,t,,MEDIUM,WonderFold W & L Series accepts Nuna / Maxi-Cosi / CYBEX / Clek infant seats via a WonderFold click-and-go car seat adapter (sold separately). Confirm the exact adapter for your model year before purchase.,,,,2026-06-30 15:16:10.537,2026-06-30 15:16:10.537
cmr0shbnw00evh1u8fbc8w8ne,WonderFold,W4 Luxe Pro Quad,cmqx8d7w8002713kp1d671s1a,Nuna,PIPA Aire rx,nuna-pipa-aire-rx,INFANT,ADAPTER,t,,MEDIUM,WonderFold W & L Series accepts Nuna / Maxi-Cosi / CYBEX / Clek infant seats via a WonderFold click-and-go car seat adapter (sold separately). Confirm the exact adapter for your model year before purchase.,,,,2026-06-30 15:16:10.701,2026-06-30 15:16:10.701
cmr0shbsj00exh1u856zplu9u,WonderFold,W4 Luxe Pro Quad,cmqx8d7w8002713kp1d671s1a,Nuna,PIPA RX,nuna-pipa-rx,INFANT,ADAPTER,t,,MEDIUM,WonderFold W & L Series accepts Nuna / Maxi-Cosi / CYBEX / Clek infant seats via a WonderFold click-and-go car seat adapter (sold separately). Confirm the exact adapter for your model year before purchase.,,,,2026-06-30 15:16:10.867,2026-06-30 15:16:10.867
cmr0shbx600ezh1u89yxq5wgf,WonderFold,W4 Luxe Pro Quad,cmqx8d7w8002713kp1d671s1a,Nuna,PIPA urbn,nuna-pipa-urbn,INFANT,ADAPTER,t,,MEDIUM,WonderFold W & L Series accepts Nuna / Maxi-Cosi / CYBEX / Clek infant seats via a WonderFold click-and-go car seat adapter (sold separately). Confirm the exact adapter for your model year before purchase.,,,,2026-06-30 15:16:11.035,2026-06-30 15:16:11.035
cmr0shdoz00fph1u8yqvd3bmm,WonderFold,W4 Luxe Pro Quad,cmqx8d7w8002713kp1d671s1a,UPPAbaby,Aria,uppababy-aria,INFANT,ADAPTER,t,,MEDIUM,WonderFold W & L Series accepts Nuna / Maxi-Cosi / CYBEX / Clek infant seats via a WonderFold click-and-go car seat adapter (sold separately). Confirm the exact adapter for your model year before purchase.,,,,2026-06-30 15:16:13.331,2026-06-30 15:16:13.331
cmr0shdu100frh1u8izzqu84f,WonderFold,W4 Luxe Pro Quad,cmqx8d7w8002713kp1d671s1a,UPPAbaby,Aria V2,uppababy-aria-v2,INFANT,ADAPTER,t,,MEDIUM,WonderFold W & L Series accepts Nuna / Maxi-Cosi / CYBEX / Clek infant seats via a WonderFold click-and-go car seat adapter (sold separately). Confirm the exact adapter for your model year before purchase.,,,,2026-06-30 15:16:13.514,2026-06-30 15:16:13.514
cmr0she3400fvh1u88vo3m5q7,WonderFold,W4 Luxe Pro Quad,cmqx8d7w8002713kp1d671s1a,UPPAbaby,Mesa V3,uppababy-mesa-v3,INFANT,ADAPTER,t,,MEDIUM,WonderFold W & L Series accepts Nuna / Maxi-Cosi / CYBEX / Clek infant seats via a WonderFold click-and-go car seat adapter (sold separately). Confirm the exact adapter for your model year before purchase.,,,,2026-06-30 15:16:13.84,2026-06-30 15:16:13.84
cmrfd5mhj00fxt781r8g1tq6c,WonderFold,W6 Luxe Pro,cmqpqr3pr00307qllcaal9ibq,Chicco,KeyFit 30,chicco-keyfit-30,INFANT,ADAPTER,t,,MEDIUM,WonderFold W & L Series accepts Nuna / Maxi-Cosi / CYBEX / Clek infant seats via a WonderFold click-and-go car seat adapter (sold separately). Confirm the exact adapter for your model year before purchase.,,,,2026-07-10 20:03:43.255,2026-07-10 20:03:43.255
cmrfd5mlz00fzt781o00yljcg,WonderFold,W6 Luxe Pro,cmqpqr3pr00307qllcaal9ibq,Chicco,KeyFit 30 ClearTex,cmqx4qp6y00033835pgtlizxk,INFANT,ADAPTER,t,,MEDIUM,WonderFold W & L Series accepts Nuna / Maxi-Cosi / CYBEX / Clek infant seats via a WonderFold click-and-go car seat adapter (sold separately). Confirm the exact adapter for your model year before purchase.,,,,2026-07-10 20:03:43.416,2026-07-10 20:03:43.416
cmrfd5mva00g3t781chrvx6i9,WonderFold,W6 Luxe Pro,cmqpqr3pr00307qllcaal9ibq,Chicco,KeyFit Max ClearTex,cmqx4qp9s00043835h85g6sl0,INFANT,ADAPTER,t,,MEDIUM,WonderFold W & L Series accepts Nuna / Maxi-Cosi / CYBEX / Clek infant seats via a WonderFold click-and-go car seat adapter (sold separately). Confirm the exact adapter for your model year before purchase.,,,,2026-07-10 20:03:43.751,2026-07-10 20:03:43.751
cmrfd5mzr00g5t781j4y456yy,WonderFold,W6 Luxe Pro,cmqpqr3pr00307qllcaal9ibq,Chicco,KeyFit Max Zip ClearLux,cmqx4qpc50005383512d994gn,INFANT,ADAPTER,t,,MEDIUM,WonderFold W & L Series accepts Nuna / Maxi-Cosi / CYBEX / Clek infant seats via a WonderFold click-and-go car seat adapter (sold separately). Confirm the exact adapter for your model year before purchase.,,,,2026-07-10 20:03:43.911,2026-07-10 20:03:43.911
cmrfd5n4800g7t781l4f3ajjz,WonderFold,W6 Luxe Pro,cmqpqr3pr00307qllcaal9ibq,Chicco,KeyFit Max Zip ClearTex,cmqx4qpeg00063835eten1p5s,INFANT,ADAPTER,t,,MEDIUM,WonderFold W & L Series accepts Nuna / Maxi-Cosi / CYBEX / Clek infant seats via a WonderFold click-and-go car seat adapter (sold separately). Confirm the exact adapter for your model year before purchase.,,,,2026-07-10 20:03:44.073,2026-07-10 20:03:44.073
cmrfd5lqy00flt781kb3k2rd8,WonderFold,W6 Luxe Pro,cmqpqr3pr00307qllcaal9ibq,Graco,GoMax,cmqx4qpx8000e3835nvrnxr0i,INFANT,ADAPTER,t,,MEDIUM,WonderFold W & L Series accepts Nuna / Maxi-Cosi / CYBEX / Clek infant seats via a WonderFold click-and-go car seat adapter (sold separately). Confirm the exact adapter for your model year before purchase.,,,,2026-07-10 20:03:42.298,2026-07-10 20:03:42.298
cmrfd5lvg00fnt7813g1891j9,WonderFold,W6 Luxe Pro,cmqpqr3pr00307qllcaal9ibq,Graco,SnugRide Lite LX,cmqx4qpzp000f3835i6cp9pth,INFANT,ADAPTER,t,,MEDIUM,WonderFold W & L Series accepts Nuna / Maxi-Cosi / CYBEX / Clek infant seats via a WonderFold click-and-go car seat adapter (sold separately). Confirm the exact adapter for your model year before purchase.,,,,2026-07-10 20:03:42.461,2026-07-10 20:03:42.461
cmrfd5lzx00fpt781t26jbywy,WonderFold,W6 Luxe Pro,cmqpqr3pr00307qllcaal9ibq,Graco,SnugRide SnugFit,cmqx4qq4h000h3835n8ni2r9m,INFANT,ADAPTER,t,,MEDIUM,WonderFold W & L Series accepts Nuna / Maxi-Cosi / CYBEX / Clek infant seats via a WonderFold click-and-go car seat adapter (sold separately). Confirm the exact adapter for your model year before purchase.,,,,2026-07-10 20:03:42.621,2026-07-10 20:03:42.621
cmrfd5m4b00frt7815wrpxdtt,WonderFold,W6 Luxe Pro,cmqpqr3pr00307qllcaal9ibq,Graco,SnugRide SnugFit DLX,cmqx4qq26000g3835g3mh924j,INFANT,ADAPTER,t,,MEDIUM,WonderFold W & L Series accepts Nuna / Maxi-Cosi / CYBEX / Clek infant seats via a WonderFold click-and-go car seat adapter (sold separately). Confirm the exact adapter for your model year before purchase.,,,,2026-07-10 20:03:42.779,2026-07-10 20:03:42.779
cmrfd5m8r00ftt7814o111b2d,WonderFold,W6 Luxe Pro,cmqpqr3pr00307qllcaal9ibq,Graco,SnugRide SnugFit LX,cmqx4qq6u000i3835j7t2euy8,INFANT,ADAPTER,t,,MEDIUM,WonderFold W & L Series accepts Nuna / Maxi-Cosi / CYBEX / Clek infant seats via a WonderFold click-and-go car seat adapter (sold separately). Confirm the exact adapter for your model year before purchase.,,,,2026-07-10 20:03:42.939,2026-07-10 20:03:42.939
cmr0she7v00fxh1u8z5nlt0kp,WonderFold,W6 Luxe Pro,cmqpqr3pr00307qllcaal9ibq,Nuna,PIPA Aire,nuna-pipa-lite-rx,INFANT,ADAPTER,t,,MEDIUM,WonderFold W & L Series accepts Nuna / Maxi-Cosi / CYBEX / Clek infant seats via a WonderFold click-and-go car seat adapter (sold separately). Confirm the exact adapter for your model year before purchase.,,,,2026-06-30 15:16:14.011,2026-06-30 15:16:14.011
cmr0shecb00fzh1u8pyznkuvj,WonderFold,W6 Luxe Pro,cmqpqr3pr00307qllcaal9ibq,Nuna,PIPA Aire rx,nuna-pipa-aire-rx,INFANT,ADAPTER,t,,MEDIUM,WonderFold W & L Series accepts Nuna / Maxi-Cosi / CYBEX / Clek infant seats via a WonderFold click-and-go car seat adapter (sold separately). Confirm the exact adapter for your model year before purchase.,,,,2026-06-30 15:16:14.171,2026-06-30 15:16:14.171
cmr0shegz00g1h1u88s4q6866,WonderFold,W6 Luxe Pro,cmqpqr3pr00307qllcaal9ibq,Nuna,PIPA RX,nuna-pipa-rx,INFANT,ADAPTER,t,,MEDIUM,WonderFold W & L Series accepts Nuna / Maxi-Cosi / CYBEX / Clek infant seats via a WonderFold click-and-go car seat adapter (sold separately). Confirm the exact adapter for your model year before purchase.,,,,2026-06-30 15:16:14.339,2026-06-30 15:16:14.339
cmr0shelj00g3h1u84vhq3fr2,WonderFold,W6 Luxe Pro,cmqpqr3pr00307qllcaal9ibq,Nuna,PIPA urbn,nuna-pipa-urbn,INFANT,ADAPTER,t,,MEDIUM,WonderFold W & L Series accepts Nuna / Maxi-Cosi / CYBEX / Clek infant seats via a WonderFold click-and-go car seat adapter (sold separately). Confirm the exact adapter for your model year before purchase.,,,,2026-06-30 15:16:14.504,2026-06-30 15:16:14.504
cmr0shgcr00gth1u8vutuqfgz,WonderFold,W6 Luxe Pro,cmqpqr3pr00307qllcaal9ibq,UPPAbaby,Aria,uppababy-aria,INFANT,ADAPTER,t,,MEDIUM,WonderFold W & L Series accepts Nuna / Maxi-Cosi / CYBEX / Clek infant seats via a WonderFold click-and-go car seat adapter (sold separately). Confirm the exact adapter for your model year before purchase.,,,,2026-06-30 15:16:16.78,2026-06-30 15:16:16.78
cmr0shghv00gvh1u8y7r1done,WonderFold,W6 Luxe Pro,cmqpqr3pr00307qllcaal9ibq,UPPAbaby,Aria V2,uppababy-aria-v2,INFANT,ADAPTER,t,,MEDIUM,WonderFold W & L Series accepts Nuna / Maxi-Cosi / CYBEX / Clek infant seats via a WonderFold click-and-go car seat adapter (sold separately). Confirm the exact adapter for your model year before purchase.,,,,2026-06-30 15:16:16.963,2026-06-30 15:16:16.963
cmr0shgr700gzh1u84vm0plju,WonderFold,W6 Luxe Pro,cmqpqr3pr00307qllcaal9ibq,UPPAbaby,Mesa V3,uppababy-mesa-v3,INFANT,ADAPTER,t,,MEDIUM,WonderFold W & L Series accepts Nuna / Maxi-Cosi / CYBEX / Clek infant seats via a WonderFold click-and-go car seat adapter (sold separately). Confirm the exact adapter for your model year before purchase.,,,,2026-06-30 15:16:17.299,2026-06-30 15:16:17.299
cmrfd49co003nt7812h5imi7k,Zoe,The Journey,cmqpqr3ug00327qllcokcd299,Chicco,KeyFit 30,chicco-keyfit-30,INFANT,ADAPTER,t,,MEDIUM,Zoe The Journey accepts Nuna / Maxi-Cosi / CYBEX / Clek infant seats via a Zoe click-and-go car seat adapter (sold separately). Confirm the exact adapter for your model year before purchase.,,,,2026-07-10 20:02:39.576,2026-07-10 20:02:39.576
cmrfd49hb003pt781le17foqf,Zoe,The Journey,cmqpqr3ug00327qllcokcd299,Chicco,KeyFit 30 ClearTex,cmqx4qp6y00033835pgtlizxk,INFANT,ADAPTER,t,,MEDIUM,Zoe The Journey accepts Nuna / Maxi-Cosi / CYBEX / Clek infant seats via a Zoe click-and-go car seat adapter (sold separately). Confirm the exact adapter for your model year before purchase.,,,,2026-07-10 20:02:39.744,2026-07-10 20:02:39.744
cmrfd49qa003tt7812j4jci1z,Zoe,The Journey,cmqpqr3ug00327qllcokcd299,Chicco,KeyFit Max ClearTex,cmqx4qp9s00043835h85g6sl0,INFANT,ADAPTER,t,,MEDIUM,Zoe The Journey accepts Nuna / Maxi-Cosi / CYBEX / Clek infant seats via a Zoe click-and-go car seat adapter (sold separately). Confirm the exact adapter for your model year before purchase.,,,,2026-07-10 20:02:40.066,2026-07-10 20:02:40.066
cmrfd49up003vt7819ddo5292,Zoe,The Journey,cmqpqr3ug00327qllcokcd299,Chicco,KeyFit Max Zip ClearLux,cmqx4qpc50005383512d994gn,INFANT,ADAPTER,t,,MEDIUM,Zoe The Journey accepts Nuna / Maxi-Cosi / CYBEX / Clek infant seats via a Zoe click-and-go car seat adapter (sold separately). Confirm the exact adapter for your model year before purchase.,,,,2026-07-10 20:02:40.225,2026-07-10 20:02:40.225
cmrfd49z3003xt7818wl1g906,Zoe,The Journey,cmqpqr3ug00327qllcokcd299,Chicco,KeyFit Max Zip ClearTex,cmqx4qpeg00063835eten1p5s,INFANT,ADAPTER,t,,MEDIUM,Zoe The Journey accepts Nuna / Maxi-Cosi / CYBEX / Clek infant seats via a Zoe click-and-go car seat adapter (sold separately). Confirm the exact adapter for your model year before purchase.,,,,2026-07-10 20:02:40.383,2026-07-10 20:02:40.383
cmqzte3bx001dsjatrb5q47qp,Zoe,The Journey,cmqpqr3ug00327qllcokcd299,Nuna,PIPA Aire,nuna-pipa-lite-rx,INFANT,ADAPTER,t,,MEDIUM,Zoe all Zoe strollers accepts Nuna / Maxi-Cosi / CYBEX / Clek infant seats via a Zoe click-and-go car seat adapter (sold separately). Confirm the exact adapter for your model year before purchase.,,,,2026-06-29 22:53:53.373,2026-06-29 22:53:53.373
cmqzte3gf001fsjatdl8qzzuq,Zoe,The Journey,cmqpqr3ug00327qllcokcd299,Nuna,PIPA Aire rx,nuna-pipa-aire-rx,INFANT,ADAPTER,t,,MEDIUM,Zoe all Zoe strollers accepts Nuna / Maxi-Cosi / CYBEX / Clek infant seats via a Zoe click-and-go car seat adapter (sold separately). Confirm the exact adapter for your model year before purchase.,,,,2026-06-29 22:53:53.536,2026-06-29 22:53:53.536
cmqzte3l8001hsjatmih65t5w,Zoe,The Journey,cmqpqr3ug00327qllcokcd299,Nuna,PIPA RX,nuna-pipa-rx,INFANT,ADAPTER,t,,MEDIUM,Zoe all Zoe strollers accepts Nuna / Maxi-Cosi / CYBEX / Clek infant seats via a Zoe click-and-go car seat adapter (sold separately). Confirm the exact adapter for your model year before purchase.,,,,2026-06-29 22:53:53.709,2026-06-29 22:53:53.709
cmqzte3pv001jsjatfnub89a2,Zoe,The Journey,cmqpqr3ug00327qllcokcd299,Nuna,PIPA urbn,nuna-pipa-urbn,INFANT,ADAPTER,t,,MEDIUM,Zoe all Zoe strollers accepts Nuna / Maxi-Cosi / CYBEX / Clek infant seats via a Zoe click-and-go car seat adapter (sold separately). Confirm the exact adapter for your model year before purchase.,,,,2026-06-29 22:53:53.875,2026-06-29 22:53:53.875
cmr49unbl00018smgrkda63df,Zoe,The Journey,cmqpqr3ug00327qllcokcd299,UPPAbaby,Aria,uppababy-aria,INFANT,ADAPTER,t,,MEDIUM,Zoe all Zoe strollers accepts Nuna / Maxi-Cosi / CYBEX / Clek infant seats via a Zoe click-and-go car seat adapter (sold separately). Confirm the exact adapter for your model year before purchase.,,,,2026-07-03 01:45:44.337,2026-07-03 01:45:44.337
cmr49unjk00038smgr4vvsrjo,Zoe,The Journey,cmqpqr3ug00327qllcokcd299,UPPAbaby,Aria V2,uppababy-aria-v2,INFANT,ADAPTER,t,,MEDIUM,Zoe all Zoe strollers accepts Nuna / Maxi-Cosi / CYBEX / Clek infant seats via a Zoe click-and-go car seat adapter (sold separately). Confirm the exact adapter for your model year before purchase.,,,,2026-07-03 01:45:44.624,2026-07-03 01:45:44.624
cmr49unt400078smgwu08mhdu,Zoe,The Journey,cmqpqr3ug00327qllcokcd299,UPPAbaby,Mesa V3,uppababy-mesa-v3,INFANT,ADAPTER,t,,MEDIUM,Zoe all Zoe strollers accepts Nuna / Maxi-Cosi / CYBEX / Clek infant seats via a Zoe click-and-go car seat adapter (sold separately). Confirm the exact adapter for your model year before purchase.,,,,2026-07-03 01:45:44.968,2026-07-03 01:45:44.968
cmrfd41h5000tt781blltbox8,Zoe,Tour,cmr3zkwod0003977ime4xp5lt,Chicco,KeyFit 30,chicco-keyfit-30,INFANT,ADAPTER,t,,MEDIUM,Zoe Tour / Twin / Trio / Tribe accepts Nuna / Maxi-Cosi / CYBEX / Clek infant seats via a Zoe click-and-go car seat adapter (sold separately). Confirm the exact adapter for your model year before purchase.,,,,2026-07-10 20:02:29.37,2026-07-10 20:02:29.37
cmrfd41lp000vt781zo220hyv,Zoe,Tour,cmr3zkwod0003977ime4xp5lt,Chicco,KeyFit 30 ClearTex,cmqx4qp6y00033835pgtlizxk,INFANT,ADAPTER,t,,MEDIUM,Zoe Tour / Twin / Trio / Tribe accepts Nuna / Maxi-Cosi / CYBEX / Clek infant seats via a Zoe click-and-go car seat adapter (sold separately). Confirm the exact adapter for your model year before purchase.,,,,2026-07-10 20:02:29.533,2026-07-10 20:02:29.533
cmrfd41v5000zt781q0iz0kkl,Zoe,Tour,cmr3zkwod0003977ime4xp5lt,Chicco,KeyFit Max ClearTex,cmqx4qp9s00043835h85g6sl0,INFANT,ADAPTER,t,,MEDIUM,Zoe Tour / Twin / Trio / Tribe accepts Nuna / Maxi-Cosi / CYBEX / Clek infant seats via a Zoe click-and-go car seat adapter (sold separately). Confirm the exact adapter for your model year before purchase.,,,,2026-07-10 20:02:29.873,2026-07-10 20:02:29.873
cmrfd41zu0011t7811bqql0ii,Zoe,Tour,cmr3zkwod0003977ime4xp5lt,Chicco,KeyFit Max Zip ClearLux,cmqx4qpc50005383512d994gn,INFANT,ADAPTER,t,,MEDIUM,Zoe Tour / Twin / Trio / Tribe accepts Nuna / Maxi-Cosi / CYBEX / Clek infant seats via a Zoe click-and-go car seat adapter (sold separately). Confirm the exact adapter for your model year before purchase.,,,,2026-07-10 20:02:30.043,2026-07-10 20:02:30.043
cmrfd424j0013t781u476eg0c,Zoe,Tour,cmr3zkwod0003977ime4xp5lt,Chicco,KeyFit Max Zip ClearTex,cmqx4qpeg00063835eten1p5s,INFANT,ADAPTER,t,,MEDIUM,Zoe Tour / Twin / Trio / Tribe accepts Nuna / Maxi-Cosi / CYBEX / Clek infant seats via a Zoe click-and-go car seat adapter (sold separately). Confirm the exact adapter for your model year before purchase.,,,,2026-07-10 20:02:30.212,2026-07-10 20:02:30.212
cmrfd40pn000ht781opdtr1y2,Zoe,Tour,cmr3zkwod0003977ime4xp5lt,Graco,GoMax,cmqx4qpx8000e3835nvrnxr0i,INFANT,ADAPTER,t,,MEDIUM,Zoe Tour / Twin / Trio / Tribe accepts Nuna / Maxi-Cosi / CYBEX / Clek infant seats via a Zoe click-and-go car seat adapter (sold separately). Confirm the exact adapter for your model year before purchase.,,,,2026-07-10 20:02:28.38,2026-07-10 20:02:28.38
cmrfd40u8000jt781fbppvxyt,Zoe,Tour,cmr3zkwod0003977ime4xp5lt,Graco,SnugRide Lite LX,cmqx4qpzp000f3835i6cp9pth,INFANT,ADAPTER,t,,MEDIUM,Zoe Tour / Twin / Trio / Tribe accepts Nuna / Maxi-Cosi / CYBEX / Clek infant seats via a Zoe click-and-go car seat adapter (sold separately). Confirm the exact adapter for your model year before purchase.,,,,2026-07-10 20:02:28.544,2026-07-10 20:02:28.544
cmrfd40yr000lt781pb8qa9jm,Zoe,Tour,cmr3zkwod0003977ime4xp5lt,Graco,SnugRide SnugFit,cmqx4qq4h000h3835n8ni2r9m,INFANT,ADAPTER,t,,MEDIUM,Zoe Tour / Twin / Trio / Tribe accepts Nuna / Maxi-Cosi / CYBEX / Clek infant seats via a Zoe click-and-go car seat adapter (sold separately). Confirm the exact adapter for your model year before purchase.,,,,2026-07-10 20:02:28.708,2026-07-10 20:02:28.708
cmrfd413g000nt7815nf367r7,Zoe,Tour,cmr3zkwod0003977ime4xp5lt,Graco,SnugRide SnugFit DLX,cmqx4qq26000g3835g3mh924j,INFANT,ADAPTER,t,,MEDIUM,Zoe Tour / Twin / Trio / Tribe accepts Nuna / Maxi-Cosi / CYBEX / Clek infant seats via a Zoe click-and-go car seat adapter (sold separately). Confirm the exact adapter for your model year before purchase.,,,,2026-07-10 20:02:28.876,2026-07-10 20:02:28.876
cmrfd4184000pt781qym5nhx4,Zoe,Tour,cmr3zkwod0003977ime4xp5lt,Graco,SnugRide SnugFit LX,cmqx4qq6u000i3835j7t2euy8,INFANT,ADAPTER,t,,MEDIUM,Zoe Tour / Twin / Trio / Tribe accepts Nuna / Maxi-Cosi / CYBEX / Clek infant seats via a Zoe click-and-go car seat adapter (sold separately). Confirm the exact adapter for your model year before purchase.,,,,2026-07-10 20:02:29.044,2026-07-10 20:02:29.044
cmrieb1j200yakfwp9li0s2nl,Zoe,Tour,cmr3zkwod0003977ime4xp5lt,Maxi-Cosi,Ambra,cmqx4qqbg000k3835k8b3mf6l,INFANT,ADAPTER,t,,HIGH,,https://babylist.pxf.io/c/6560395/1056628/13580?u=https%3A%2F%2Fwww.babylist.com%2Fgp%2Fzoe-tour-v3-nuna-car-seat-adapter%2F84622%2F3404306&partnerpropertyid=7490466,,,2026-07-12 22:59:14.174,2026-07-12 22:59:14.174
cmrieb1j200y9kfwpdatt5eoi,Zoe,Tour,cmr3zkwod0003977ime4xp5lt,Maxi-Cosi,Mico Luxe,maxi-cosi-mico-luxe,INFANT,ADAPTER,t,,HIGH,,https://babylist.pxf.io/c/6560395/1056628/13580?u=https%3A%2F%2Fwww.babylist.com%2Fgp%2Fzoe-tour-v3-nuna-car-seat-adapter%2F84622%2F3404306&partnerpropertyid=7490466,,,2026-07-12 22:59:14.174,2026-07-12 22:59:14.174
cmrieb1jf00yikfwpr98lo60t,Zoe,Tour,cmr3zkwod0003977ime4xp5lt,Maxi-Cosi,Mico Pro,maxi-cosi-mico-pro,INFANT,ADAPTER,t,,HIGH,,https://babylist.pxf.io/c/6560395/1056628/13580?u=https%3A%2F%2Fwww.babylist.com%2Fgp%2Fzoe-tour-v3-nuna-car-seat-adapter%2F84622%2F3404306&partnerpropertyid=7490466,,,2026-07-12 22:59:14.174,2026-07-12 22:59:14.174
cmrieb1j200ybkfwptbp7s0j8,Zoe,Tour,cmr3zkwod0003977ime4xp5lt,Maxi-Cosi,Peri 180,maxi-cosi-peri,INFANT,ADAPTER,t,,HIGH,,https://babylist.pxf.io/c/6560395/1056628/13580?u=https%3A%2F%2Fwww.babylist.com%2Fgp%2Fzoe-tour-v3-nuna-car-seat-adapter%2F84622%2F3404306&partnerpropertyid=7490466,,,2026-07-12 22:59:14.174,2026-07-12 22:59:14.174
cmr3zl4pb0001z8zr0r024lxn,Zoe,Tour,cmr3zkwod0003977ime4xp5lt,Nuna,PIPA Aire,nuna-pipa-lite-rx,INFANT,ADAPTER,t,,HIGH,,https://babylist.pxf.io/c/6560395/1056628/13580?u=https%3A%2F%2Fwww.babylist.com%2Fgp%2Fzoe-tour-v3-nuna-car-seat-adapter%2F84622%2F3404306&partnerpropertyid=7490466,,,2026-07-02 20:58:24.143,2026-07-12 22:59:14.174
cmr3zl4w90003z8zr07ixexvn,Zoe,Tour,cmr3zkwod0003977ime4xp5lt,Nuna,PIPA Aire rx,nuna-pipa-aire-rx,INFANT,ADAPTER,t,,HIGH,,https://babylist.pxf.io/c/6560395/1056628/13580?u=https%3A%2F%2Fwww.babylist.com%2Fgp%2Fzoe-tour-v3-nuna-car-seat-adapter%2F84622%2F3404306&partnerpropertyid=7490466,,,2026-07-02 20:58:24.394,2026-07-12 22:59:14.175
cmr3zl50s0005z8zrf6z0yhh2,Zoe,Tour,cmr3zkwod0003977ime4xp5lt,Nuna,PIPA RX,nuna-pipa-rx,INFANT,ADAPTER,t,,HIGH,,https://babylist.pxf.io/c/6560395/1056628/13580?u=https%3A%2F%2Fwww.babylist.com%2Fgp%2Fzoe-tour-v3-nuna-car-seat-adapter%2F84622%2F3404306&partnerpropertyid=7490466,,,2026-07-02 20:58:24.556,2026-07-12 22:59:14.174
cmr3zl55f0007z8zrqzugztep,Zoe,Tour,cmr3zkwod0003977ime4xp5lt,Nuna,PIPA urbn,nuna-pipa-urbn,INFANT,ADAPTER,t,,HIGH,,https://babylist.pxf.io/c/6560395/1056628/13580?u=https%3A%2F%2Fwww.babylist.com%2Fgp%2Fzoe-tour-v3-nuna-car-seat-adapter%2F84622%2F3404306&partnerpropertyid=7490466,,,2026-07-02 20:58:24.723,2026-07-12 22:59:14.174
cmr49uo7000098smgsnffnb3v,Zoe,Tour,cmr3zkwod0003977ime4xp5lt,UPPAbaby,Aria,uppababy-aria,INFANT,ADAPTER,t,,MEDIUM,Zoe all Zoe strollers accepts Nuna / Maxi-Cosi / CYBEX / Clek infant seats via a Zoe click-and-go car seat adapter (sold separately). Confirm the exact adapter for your model year before purchase.,,,,2026-07-03 01:45:45.468,2026-07-03 01:45:45.468
cmr49uobp000b8smgdhqhaosn,Zoe,Tour,cmr3zkwod0003977ime4xp5lt,UPPAbaby,Aria V2,uppababy-aria-v2,INFANT,ADAPTER,t,,MEDIUM,Zoe all Zoe strollers accepts Nuna / Maxi-Cosi / CYBEX / Clek infant seats via a Zoe click-and-go car seat adapter (sold separately). Confirm the exact adapter for your model year before purchase.,,,,2026-07-03 01:45:45.637,2026-07-03 01:45:45.637
cmr49uoku000f8smgt4e7d8cw,Zoe,Tour,cmr3zkwod0003977ime4xp5lt,UPPAbaby,Mesa V3,uppababy-mesa-v3,INFANT,ADAPTER,t,,MEDIUM,Zoe all Zoe strollers accepts Nuna / Maxi-Cosi / CYBEX / Clek infant seats via a Zoe click-and-go car seat adapter (sold separately). Confirm the exact adapter for your model year before purchase.,,,,2026-07-03 01:45:45.966,2026-07-03 01:45:45.966
cmrfd43sz001pt781f594xnuu,Zoe,Tourᵛ³ Single,cmrcjace500074oz1dejl3tdr,Chicco,KeyFit 30,chicco-keyfit-30,INFANT,ADAPTER,t,,HIGH,,https://babylist.pxf.io/c/6560395/1056628/13580?u=https%3A%2F%2Fwww.babylist.com%2Fgp%2Fzoe-tour-v3-graco-chicco-car-seat-adapter%2F84625%2F3404326&partnerpropertyid=7490466,,,2026-07-10 20:02:32.388,2026-07-12 23:02:13.733
cmrfd43xq001rt7810vfmi72x,Zoe,Tourᵛ³ Single,cmrcjace500074oz1dejl3tdr,Chicco,KeyFit 30 ClearTex,cmqx4qp6y00033835pgtlizxk,INFANT,ADAPTER,t,,HIGH,,https://babylist.pxf.io/c/6560395/1056628/13580?u=https%3A%2F%2Fwww.babylist.com%2Fgp%2Fzoe-tour-v3-graco-chicco-car-seat-adapter%2F84625%2F3404326&partnerpropertyid=7490466,,,2026-07-10 20:02:32.558,2026-07-12 23:02:13.733
cmrfd449q001vt781cgmv0648,Zoe,Tourᵛ³ Single,cmrcjace500074oz1dejl3tdr,Chicco,KeyFit Max ClearTex,cmqx4qp9s00043835h85g6sl0,INFANT,ADAPTER,t,,HIGH,,https://babylist.pxf.io/c/6560395/1056628/13580?u=https%3A%2F%2Fwww.babylist.com%2Fgp%2Fzoe-tour-v3-graco-chicco-car-seat-adapter%2F84625%2F3404326&partnerpropertyid=7490466,,,2026-07-10 20:02:32.99,2026-07-12 23:02:13.733
cmrfd44e6001xt7817bgrjd8u,Zoe,Tourᵛ³ Single,cmrcjace500074oz1dejl3tdr,Chicco,KeyFit Max Zip ClearLux,cmqx4qpc50005383512d994gn,INFANT,ADAPTER,t,,HIGH,,https://babylist.pxf.io/c/6560395/1056628/13580?u=https%3A%2F%2Fwww.babylist.com%2Fgp%2Fzoe-tour-v3-graco-chicco-car-seat-adapter%2F84625%2F3404326&partnerpropertyid=7490466,,,2026-07-10 20:02:33.15,2026-07-12 23:02:13.733
cmrfd44ip001zt781y4qkz36q,Zoe,Tourᵛ³ Single,cmrcjace500074oz1dejl3tdr,Chicco,KeyFit Max Zip ClearTex,cmqx4qpeg00063835eten1p5s,INFANT,ADAPTER,t,,HIGH,,https://babylist.pxf.io/c/6560395/1056628/13580?u=https%3A%2F%2Fwww.babylist.com%2Fgp%2Fzoe-tour-v3-graco-chicco-car-seat-adapter%2F84625%2F3404326&partnerpropertyid=7490466,,,2026-07-10 20:02:33.314,2026-07-12 23:02:13.733
cmriehie3010bkfwpdvg7x26i,Zoe,Tourᵛ³ Single,cmrcjace500074oz1dejl3tdr,Clek,Liing,clek-liing,INFANT,ADAPTER,t,,HIGH,,https://babylist.pxf.io/c/6560395/1056628/13580?u=https%3A%2F%2Fwww.babylist.com%2Fgp%2Fzoe-tour-v3-nuna-car-seat-adapter%2F84622%2F3404306&partnerpropertyid=7490466,,,2026-07-12 23:04:15.962,2026-07-12 23:04:15.962
cmriehie20105kfwprmflul2o,Zoe,Tourᵛ³ Single,cmrcjace500074oz1dejl3tdr,Clek,Liingo,clek-liingo,INFANT,ADAPTER,t,,HIGH,,https://babylist.pxf.io/c/6560395/1056628/13580?u=https%3A%2F%2Fwww.babylist.com%2Fgp%2Fzoe-tour-v3-nuna-car-seat-adapter%2F84622%2F3404306&partnerpropertyid=7490466,,,2026-07-12 23:04:15.962,2026-07-12 23:04:15.962
cmriehie3010akfwpf5c542ik,Zoe,Tourᵛ³ Single,cmrcjace500074oz1dejl3tdr,Cybex,Aton G2,cmqx4qpgs00073835wm1de2we,INFANT,ADAPTER,t,,HIGH,,https://babylist.pxf.io/c/6560395/1056628/13580?u=https%3A%2F%2Fwww.babylist.com%2Fgp%2Fzoe-tour-v3-nuna-car-seat-adapter%2F84622%2F3404306&partnerpropertyid=7490466,,,2026-07-12 23:04:15.962,2026-07-12 23:04:15.962
cmriehiea010fkfwpmoxs2hfz,Zoe,Tourᵛ³ Single,cmrcjace500074oz1dejl3tdr,Cybex,Aton G2 Swivel,cmrdwvbsy000u7tmavhnk64ww,INFANT,ADAPTER,t,,HIGH,,https://babylist.pxf.io/c/6560395/1056628/13580?u=https%3A%2F%2Fwww.babylist.com%2Fgp%2Fzoe-tour-v3-nuna-car-seat-adapter%2F84622%2F3404306&partnerpropertyid=7490466,,,2026-07-12 23:04:15.962,2026-07-12 23:04:15.962
cmriehie20103kfwp6hhx43bz,Zoe,Tourᵛ³ Single,cmrcjace500074oz1dejl3tdr,Cybex,Cloud G Pro Comfort Extend,cmqx4qpj400083835htva49ii,INFANT,ADAPTER,t,,HIGH,,https://babylist.pxf.io/c/6560395/1056628/13580?u=https%3A%2F%2Fwww.babylist.com%2Fgp%2Fzoe-tour-v3-nuna-car-seat-adapter%2F84622%2F3404306&partnerpropertyid=7490466,,,2026-07-12 23:04:15.962,2026-07-12 23:04:15.962
cmriehieb010hkfwpkw2nklme,Zoe,Tourᵛ³ Single,cmrcjace500074oz1dejl3tdr,Cybex,Cloud T,cybex-cloud-t,INFANT,ADAPTER,t,,HIGH,,https://babylist.pxf.io/c/6560395/1056628/13580?u=https%3A%2F%2Fwww.babylist.com%2Fgp%2Fzoe-tour-v3-nuna-car-seat-adapter%2F84622%2F3404306&partnerpropertyid=7490466,,,2026-07-12 23:04:15.962,2026-07-12 23:04:15.962
cmrfd42zw001dt781tnvjz548,Zoe,Tourᵛ³ Single,cmrcjace500074oz1dejl3tdr,Graco,GoMax,cmqx4qpx8000e3835nvrnxr0i,INFANT,ADAPTER,t,,HIGH,,https://babylist.pxf.io/c/6560395/1056628/13580?u=https%3A%2F%2Fwww.babylist.com%2Fgp%2Fzoe-tour-v3-graco-chicco-car-seat-adapter%2F84625%2F3404326&partnerpropertyid=7490466,,,2026-07-10 20:02:31.34,2026-07-12 23:02:49.597
cmrfd434c001ft781fs2ko5pw,Zoe,Tourᵛ³ Single,cmrcjace500074oz1dejl3tdr,Graco,SnugRide Lite LX,cmqx4qpzp000f3835i6cp9pth,INFANT,ADAPTER,t,,HIGH,,https://babylist.pxf.io/c/6560395/1056628/13580?u=https%3A%2F%2Fwww.babylist.com%2Fgp%2Fzoe-tour-v3-graco-chicco-car-seat-adapter%2F84625%2F3404326&partnerpropertyid=7490466,,,2026-07-10 20:02:31.501,2026-07-12 23:02:49.597
cmrfd439h001ht781qc24z96x,Zoe,Tourᵛ³ Single,cmrcjace500074oz1dejl3tdr,Graco,SnugRide SnugFit,cmqx4qq4h000h3835n8ni2r9m,INFANT,ADAPTER,t,,HIGH,,https://babylist.pxf.io/c/6560395/1056628/13580?u=https%3A%2F%2Fwww.babylist.com%2Fgp%2Fzoe-tour-v3-graco-chicco-car-seat-adapter%2F84625%2F3404326&partnerpropertyid=7490466,,,2026-07-10 20:02:31.685,2026-07-12 23:02:49.597
cmrfd43eq001jt781n44y1kp0,Zoe,Tourᵛ³ Single,cmrcjace500074oz1dejl3tdr,Graco,SnugRide SnugFit DLX,cmqx4qq26000g3835g3mh924j,INFANT,ADAPTER,t,,HIGH,,https://babylist.pxf.io/c/6560395/1056628/13580?u=https%3A%2F%2Fwww.babylist.com%2Fgp%2Fzoe-tour-v3-graco-chicco-car-seat-adapter%2F84625%2F3404326&partnerpropertyid=7490466,,,2026-07-10 20:02:31.874,2026-07-12 23:02:49.597
cmrfd43jf001lt781koj9w8a2,Zoe,Tourᵛ³ Single,cmrcjace500074oz1dejl3tdr,Graco,SnugRide SnugFit LX,cmqx4qq6u000i3835j7t2euy8,INFANT,ADAPTER,t,,HIGH,,https://babylist.pxf.io/c/6560395/1056628/13580?u=https%3A%2F%2Fwww.babylist.com%2Fgp%2Fzoe-tour-v3-graco-chicco-car-seat-adapter%2F84625%2F3404326&partnerpropertyid=7490466,,,2026-07-10 20:02:32.043,2026-07-12 23:02:49.597
cmriebzmu00yrkfwpifbjzhhz,Zoe,Tourᵛ³ Single,cmrcjace500074oz1dejl3tdr,Maxi-Cosi,Ambra,cmqx4qqbg000k3835k8b3mf6l,INFANT,ADAPTER,t,,HIGH,,https://babylist.pxf.io/c/6560395/1056628/13580?u=https%3A%2F%2Fwww.babylist.com%2Fgp%2Fzoe-tour-v3-nuna-car-seat-adapter%2F84622%2F3404306&partnerpropertyid=7490466,,,2026-07-12 22:59:58.373,2026-07-12 22:59:58.373
cmriebzn400yvkfwpb1xn9wmj,Zoe,Tourᵛ³ Single,cmrcjace500074oz1dejl3tdr,Maxi-Cosi,Mico Luxe,maxi-cosi-mico-luxe,INFANT,ADAPTER,t,,HIGH,,https://babylist.pxf.io/c/6560395/1056628/13580?u=https%3A%2F%2Fwww.babylist.com%2Fgp%2Fzoe-tour-v3-nuna-car-seat-adapter%2F84622%2F3404306&partnerpropertyid=7490466,,,2026-07-12 22:59:58.373,2026-07-12 22:59:58.373
cmriebzmu00ytkfwp3slzxy6l,Zoe,Tourᵛ³ Single,cmrcjace500074oz1dejl3tdr,Maxi-Cosi,Mico Pro,maxi-cosi-mico-pro,INFANT,ADAPTER,t,,HIGH,,https://babylist.pxf.io/c/6560395/1056628/13580?u=https%3A%2F%2Fwww.babylist.com%2Fgp%2Fzoe-tour-v3-nuna-car-seat-adapter%2F84622%2F3404306&partnerpropertyid=7490466,,,2026-07-12 22:59:58.373,2026-07-12 22:59:58.373
cmriebznk00z3kfwpj2iyohvj,Zoe,Tourᵛ³ Single,cmrcjace500074oz1dejl3tdr,Maxi-Cosi,Peri 180,maxi-cosi-peri,INFANT,ADAPTER,t,,HIGH,,https://babylist.pxf.io/c/6560395/1056628/13580?u=https%3A%2F%2Fwww.babylist.com%2Fgp%2Fzoe-tour-v3-nuna-car-seat-adapter%2F84622%2F3404306&partnerpropertyid=7490466,,,2026-07-12 22:59:58.373,2026-07-12 22:59:58.373
cmrfd3yiz0001t7814htsrzih,Zoe,Tourᵛ³ Single,cmrcjace500074oz1dejl3tdr,Nuna,PIPA Aire,nuna-pipa-lite-rx,INFANT,ADAPTER,t,,HIGH,,https://babylist.pxf.io/c/6560395/1056628/13580?u=https%3A%2F%2Fwww.babylist.com%2Fgp%2Fzoe-tour-v3-nuna-car-seat-adapter%2F84622%2F3404306&partnerpropertyid=7490466,,,2026-07-10 20:02:25.546,2026-07-12 22:59:58.373
cmrfd3yqb0003t781la8kfuw7,Zoe,Tourᵛ³ Single,cmrcjace500074oz1dejl3tdr,Nuna,PIPA Aire rx,nuna-pipa-aire-rx,INFANT,ADAPTER,t,,HIGH,,https://babylist.pxf.io/c/6560395/1056628/13580?u=https%3A%2F%2Fwww.babylist.com%2Fgp%2Fzoe-tour-v3-nuna-car-seat-adapter%2F84622%2F3404306&partnerpropertyid=7490466,,,2026-07-10 20:02:25.811,2026-07-12 22:59:58.373
cmrfd3yuw0005t78135is1j99,Zoe,Tourᵛ³ Single,cmrcjace500074oz1dejl3tdr,Nuna,PIPA RX,nuna-pipa-rx,INFANT,ADAPTER,t,,HIGH,,https://babylist.pxf.io/c/6560395/1056628/13580?u=https%3A%2F%2Fwww.babylist.com%2Fgp%2Fzoe-tour-v3-nuna-car-seat-adapter%2F84622%2F3404306&partnerpropertyid=7490466,,,2026-07-10 20:02:25.976,2026-07-12 22:59:58.373
cmrfd3yzh0007t781dybumf91,Zoe,Tourᵛ³ Single,cmrcjace500074oz1dejl3tdr,Nuna,PIPA urbn,nuna-pipa-urbn,INFANT,ADAPTER,t,,HIGH,,https://babylist.pxf.io/c/6560395/1056628/13580?u=https%3A%2F%2Fwww.babylist.com%2Fgp%2Fzoe-tour-v3-nuna-car-seat-adapter%2F84622%2F3404306&partnerpropertyid=7490466,,,2026-07-10 20:02:26.141,2026-07-12 22:59:58.373
cmrfd42hx0015t7819fevnu6b,Zoe,Tourᵛ³ Single,cmrcjace500074oz1dejl3tdr,UPPAbaby,Aria,uppababy-aria,INFANT,ADAPTER,t,,HIGH,,https://babylist.pxf.io/c/6560395/1056628/13580?u=https%3A%2F%2Fwww.babylist.com%2Fgp%2Fzoe-tour-v3-uppababy-car-seat-adapter%2F84628%2F3404367&partnerpropertyid=7490466,,,2026-07-10 20:02:30.693,2026-07-12 23:01:15.356
cmrfd42me0017t781rmsccnq6,Zoe,Tourᵛ³ Single,cmrcjace500074oz1dejl3tdr,UPPAbaby,Aria V2,uppababy-aria-v2,INFANT,ADAPTER,t,,HIGH,,https://babylist.pxf.io/c/6560395/1056628/13580?u=https%3A%2F%2Fwww.babylist.com%2Fgp%2Fzoe-tour-v3-uppababy-car-seat-adapter%2F84628%2F3404367&partnerpropertyid=7490466,,,2026-07-10 20:02:30.855,2026-07-12 23:01:15.356
cmrfd42vg001bt781fq8fq9md,Zoe,Tourᵛ³ Single,cmrcjace500074oz1dejl3tdr,UPPAbaby,Mesa V3,uppababy-mesa-v3,INFANT,ADAPTER,t,,HIGH,,https://babylist.pxf.io/c/6560395/1056628/13580?u=https%3A%2F%2Fwww.babylist.com%2Fgp%2Fzoe-tour-v3-uppababy-car-seat-adapter%2F84628%2F3404367&partnerpropertyid=7490466,,,2026-07-10 20:02:31.18,2026-07-12 23:01:15.356
cmqzte3ui001lsjatr04rxrgk,Zoe,Traveler,cmqpqr3z500347qlllog8zixz,Nuna,PIPA Aire,nuna-pipa-lite-rx,INFANT,ADAPTER,t,,MEDIUM,Zoe all Zoe strollers accepts Nuna / Maxi-Cosi / CYBEX / Clek infant seats via a Zoe click-and-go car seat adapter (sold separately). Confirm the exact adapter for your model year before purchase.,,,,2026-06-29 22:53:54.042,2026-06-29 22:53:54.042
cmqzte3zc001nsjatp8ki214k,Zoe,Traveler,cmqpqr3z500347qlllog8zixz,Nuna,PIPA Aire rx,nuna-pipa-aire-rx,INFANT,ADAPTER,t,,MEDIUM,Zoe all Zoe strollers accepts Nuna / Maxi-Cosi / CYBEX / Clek infant seats via a Zoe click-and-go car seat adapter (sold separately). Confirm the exact adapter for your model year before purchase.,,,,2026-06-29 22:53:54.216,2026-06-29 22:53:54.216
cmqzte444001psjatl4swn4iw,Zoe,Traveler,cmqpqr3z500347qlllog8zixz,Nuna,PIPA RX,nuna-pipa-rx,INFANT,ADAPTER,t,,MEDIUM,Zoe all Zoe strollers accepts Nuna / Maxi-Cosi / CYBEX / Clek infant seats via a Zoe click-and-go car seat adapter (sold separately). Confirm the exact adapter for your model year before purchase.,,,,2026-06-29 22:53:54.388,2026-06-29 22:53:54.388
cmqzte48p001rsjatlcxbegdj,Zoe,Traveler,cmqpqr3z500347qlllog8zixz,Nuna,PIPA urbn,nuna-pipa-urbn,INFANT,ADAPTER,t,,MEDIUM,Zoe all Zoe strollers accepts Nuna / Maxi-Cosi / CYBEX / Clek infant seats via a Zoe click-and-go car seat adapter (sold separately). Confirm the exact adapter for your model year before purchase.,,,,2026-06-29 22:53:54.553,2026-06-29 22:53:54.553
cmr49uoyj000h8smgwmdj0m8c,Zoe,Traveler,cmqpqr3z500347qlllog8zixz,UPPAbaby,Aria,uppababy-aria,INFANT,ADAPTER,t,,MEDIUM,Zoe all Zoe strollers accepts Nuna / Maxi-Cosi / CYBEX / Clek infant seats via a Zoe click-and-go car seat adapter (sold separately). Confirm the exact adapter for your model year before purchase.,,,,2026-07-03 01:45:46.46,2026-07-03 01:45:46.46
cmr49up3d000j8smgqjfu0yod,Zoe,Traveler,cmqpqr3z500347qlllog8zixz,UPPAbaby,Aria V2,uppababy-aria-v2,INFANT,ADAPTER,t,,MEDIUM,Zoe all Zoe strollers accepts Nuna / Maxi-Cosi / CYBEX / Clek infant seats via a Zoe click-and-go car seat adapter (sold separately). Confirm the exact adapter for your model year before purchase.,,,,2026-07-03 01:45:46.633,2026-07-03 01:45:46.633
cmr49upcv000n8smgo60vhw04,Zoe,Traveler,cmqpqr3z500347qlllog8zixz,UPPAbaby,Mesa V3,uppababy-mesa-v3,INFANT,ADAPTER,t,,MEDIUM,Zoe all Zoe strollers accepts Nuna / Maxi-Cosi / CYBEX / Clek infant seats via a Zoe click-and-go car seat adapter (sold separately). Confirm the exact adapter for your model year before purchase.,,,,2026-07-03 01:45:46.975,2026-07-03 01:45:46.975
cmrfd45ww002dt781f87z2mve,Zoe,Twin,cmr3zkwzx0007977ikgtihvzf,Chicco,KeyFit 30,chicco-keyfit-30,INFANT,ADAPTER,t,,MEDIUM,Zoe Tour / Twin / Trio / Tribe accepts Nuna / Maxi-Cosi / CYBEX / Clek infant seats via a Zoe click-and-go car seat adapter (sold separately). Confirm the exact adapter for your model year before purchase.,,,,2026-07-10 20:02:35.121,2026-07-10 20:02:35.121
cmrfd461h002ft781au43vvtt,Zoe,Twin,cmr3zkwzx0007977ikgtihvzf,Chicco,KeyFit 30 ClearTex,cmqx4qp6y00033835pgtlizxk,INFANT,ADAPTER,t,,MEDIUM,Zoe Tour / Twin / Trio / Tribe accepts Nuna / Maxi-Cosi / CYBEX / Clek infant seats via a Zoe click-and-go car seat adapter (sold separately). Confirm the exact adapter for your model year before purchase.,,,,2026-07-10 20:02:35.286,2026-07-10 20:02:35.286
cmrfd46af002jt781dar92pmz,Zoe,Twin,cmr3zkwzx0007977ikgtihvzf,Chicco,KeyFit Max ClearTex,cmqx4qp9s00043835h85g6sl0,INFANT,ADAPTER,t,,MEDIUM,Zoe Tour / Twin / Trio / Tribe accepts Nuna / Maxi-Cosi / CYBEX / Clek infant seats via a Zoe click-and-go car seat adapter (sold separately). Confirm the exact adapter for your model year before purchase.,,,,2026-07-10 20:02:35.607,2026-07-10 20:02:35.607
cmrfd46et002lt781p1uwqyzz,Zoe,Twin,cmr3zkwzx0007977ikgtihvzf,Chicco,KeyFit Max Zip ClearLux,cmqx4qpc50005383512d994gn,INFANT,ADAPTER,t,,MEDIUM,Zoe Tour / Twin / Trio / Tribe accepts Nuna / Maxi-Cosi / CYBEX / Clek infant seats via a Zoe click-and-go car seat adapter (sold separately). Confirm the exact adapter for your model year before purchase.,,,,2026-07-10 20:02:35.766,2026-07-10 20:02:35.766
cmrfd46jd002nt781wn9ed4da,Zoe,Twin,cmr3zkwzx0007977ikgtihvzf,Chicco,KeyFit Max Zip ClearTex,cmqx4qpeg00063835eten1p5s,INFANT,ADAPTER,t,,MEDIUM,Zoe Tour / Twin / Trio / Tribe accepts Nuna / Maxi-Cosi / CYBEX / Clek infant seats via a Zoe click-and-go car seat adapter (sold separately). Confirm the exact adapter for your model year before purchase.,,,,2026-07-10 20:02:35.929,2026-07-10 20:02:35.929
cmrfd45510021t781r9u0rqlu,Zoe,Twin,cmr3zkwzx0007977ikgtihvzf,Graco,GoMax,cmqx4qpx8000e3835nvrnxr0i,INFANT,ADAPTER,t,,MEDIUM,Zoe Tour / Twin / Trio / Tribe accepts Nuna / Maxi-Cosi / CYBEX / Clek infant seats via a Zoe click-and-go car seat adapter (sold separately). Confirm the exact adapter for your model year before purchase.,,,,2026-07-10 20:02:34.118,2026-07-10 20:02:34.118
cmrfd459m0023t781bubi6u6z,Zoe,Twin,cmr3zkwzx0007977ikgtihvzf,Graco,SnugRide Lite LX,cmqx4qpzp000f3835i6cp9pth,INFANT,ADAPTER,t,,MEDIUM,Zoe Tour / Twin / Trio / Tribe accepts Nuna / Maxi-Cosi / CYBEX / Clek infant seats via a Zoe click-and-go car seat adapter (sold separately). Confirm the exact adapter for your model year before purchase.,,,,2026-07-10 20:02:34.282,2026-07-10 20:02:34.282
cmrfd45ec0025t7814c720zdl,Zoe,Twin,cmr3zkwzx0007977ikgtihvzf,Graco,SnugRide SnugFit,cmqx4qq4h000h3835n8ni2r9m,INFANT,ADAPTER,t,,MEDIUM,Zoe Tour / Twin / Trio / Tribe accepts Nuna / Maxi-Cosi / CYBEX / Clek infant seats via a Zoe click-and-go car seat adapter (sold separately). Confirm the exact adapter for your model year before purchase.,,,,2026-07-10 20:02:34.452,2026-07-10 20:02:34.452
cmrfd45ir0027t781oq47d35a,Zoe,Twin,cmr3zkwzx0007977ikgtihvzf,Graco,SnugRide SnugFit DLX,cmqx4qq26000g3835g3mh924j,INFANT,ADAPTER,t,,MEDIUM,Zoe Tour / Twin / Trio / Tribe accepts Nuna / Maxi-Cosi / CYBEX / Clek infant seats via a Zoe click-and-go car seat adapter (sold separately). Confirm the exact adapter for your model year before purchase.,,,,2026-07-10 20:02:34.612,2026-07-10 20:02:34.612
cmrfd45ns0029t781jliffvmp,Zoe,Twin,cmr3zkwzx0007977ikgtihvzf,Graco,SnugRide SnugFit LX,cmqx4qq6u000i3835j7t2euy8,INFANT,ADAPTER,t,,MEDIUM,Zoe Tour / Twin / Trio / Tribe accepts Nuna / Maxi-Cosi / CYBEX / Clek infant seats via a Zoe click-and-go car seat adapter (sold separately). Confirm the exact adapter for your model year before purchase.,,,,2026-07-10 20:02:34.792,2026-07-10 20:02:34.792
cmr3zl5iz0009z8zr234569m0,Zoe,Twin,cmr3zkwzx0007977ikgtihvzf,Nuna,PIPA Aire,nuna-pipa-lite-rx,INFANT,ADAPTER,t,,MEDIUM,Zoe all Zoe strollers accepts Nuna / Maxi-Cosi / CYBEX / Clek infant seats via a Zoe click-and-go car seat adapter (sold separately). Confirm the exact adapter for your model year before purchase.,,,,2026-07-02 20:58:25.212,2026-07-02 20:58:25.212
cmr3zl5nl000bz8zr9a7ylaa3,Zoe,Twin,cmr3zkwzx0007977ikgtihvzf,Nuna,PIPA Aire rx,nuna-pipa-aire-rx,INFANT,ADAPTER,t,,MEDIUM,Zoe all Zoe strollers accepts Nuna / Maxi-Cosi / CYBEX / Clek infant seats via a Zoe click-and-go car seat adapter (sold separately). Confirm the exact adapter for your model year before purchase.,,,,2026-07-02 20:58:25.377,2026-07-02 20:58:25.377
cmr3zl5s2000dz8zrr7c751lb,Zoe,Twin,cmr3zkwzx0007977ikgtihvzf,Nuna,PIPA RX,nuna-pipa-rx,INFANT,ADAPTER,t,,MEDIUM,Zoe all Zoe strollers accepts Nuna / Maxi-Cosi / CYBEX / Clek infant seats via a Zoe click-and-go car seat adapter (sold separately). Confirm the exact adapter for your model year before purchase.,,,,2026-07-02 20:58:25.539,2026-07-02 20:58:25.539
cmr3zl5ws000fz8zr37pdfom6,Zoe,Twin,cmr3zkwzx0007977ikgtihvzf,Nuna,PIPA urbn,nuna-pipa-urbn,INFANT,ADAPTER,t,,MEDIUM,Zoe all Zoe strollers accepts Nuna / Maxi-Cosi / CYBEX / Clek infant seats via a Zoe click-and-go car seat adapter (sold separately). Confirm the exact adapter for your model year before purchase.,,,,2026-07-02 20:58:25.707,2026-07-02 20:58:25.707
cmr49upr8000p8smgn89iv98w,Zoe,Twin,cmr3zkwzx0007977ikgtihvzf,UPPAbaby,Aria,uppababy-aria,INFANT,ADAPTER,t,,MEDIUM,Zoe all Zoe strollers accepts Nuna / Maxi-Cosi / CYBEX / Clek infant seats via a Zoe click-and-go car seat adapter (sold separately). Confirm the exact adapter for your model year before purchase.,,,,2026-07-03 01:45:47.492,2026-07-03 01:45:47.492
cmr49upvx000r8smgulukdvoa,Zoe,Twin,cmr3zkwzx0007977ikgtihvzf,UPPAbaby,Aria V2,uppababy-aria-v2,INFANT,ADAPTER,t,,MEDIUM,Zoe all Zoe strollers accepts Nuna / Maxi-Cosi / CYBEX / Clek infant seats via a Zoe click-and-go car seat adapter (sold separately). Confirm the exact adapter for your model year before purchase.,,,,2026-07-03 01:45:47.661,2026-07-03 01:45:47.661
cmr49uq5a000v8smgn9xitimb,Zoe,Twin,cmr3zkwzx0007977ikgtihvzf,UPPAbaby,Mesa V3,uppababy-mesa-v3,INFANT,ADAPTER,t,,MEDIUM,Zoe all Zoe strollers accepts Nuna / Maxi-Cosi / CYBEX / Clek infant seats via a Zoe click-and-go car seat adapter (sold separately). Confirm the exact adapter for your model year before purchase.,,,,2026-07-03 01:45:47.999,2026-07-03 01:45:47.999
cmrfd485i0039t781l2noa2i1,Zoe,Twinᵛ³ Double,cmrcjacgh00084oz1ca6s074p,Chicco,KeyFit 30,chicco-keyfit-30,INFANT,ADAPTER,t,,MEDIUM,Zoe Tour / Twin / Trio / Tribe accepts Nuna / Maxi-Cosi / CYBEX / Clek infant seats via a Zoe click-and-go car seat adapter (sold separately). Confirm the exact adapter for your model year before purchase.,,,,2026-07-10 20:02:38.022,2026-07-10 20:02:38.022
cmrfd48a2003bt781rkebdhx4,Zoe,Twinᵛ³ Double,cmrcjacgh00084oz1ca6s074p,Chicco,KeyFit 30 ClearTex,cmqx4qp6y00033835pgtlizxk,INFANT,ADAPTER,t,,MEDIUM,Zoe Tour / Twin / Trio / Tribe accepts Nuna / Maxi-Cosi / CYBEX / Clek infant seats via a Zoe click-and-go car seat adapter (sold separately). Confirm the exact adapter for your model year before purchase.,,,,2026-07-10 20:02:38.187,2026-07-10 20:02:38.187
cmrfd48j6003ft781epfetntv,Zoe,Twinᵛ³ Double,cmrcjacgh00084oz1ca6s074p,Chicco,KeyFit Max ClearTex,cmqx4qp9s00043835h85g6sl0,INFANT,ADAPTER,t,,MEDIUM,Zoe Tour / Twin / Trio / Tribe accepts Nuna / Maxi-Cosi / CYBEX / Clek infant seats via a Zoe click-and-go car seat adapter (sold separately). Confirm the exact adapter for your model year before purchase.,,,,2026-07-10 20:02:38.515,2026-07-10 20:02:38.515
cmrfd48o6003ht7810ylvj5xo,Zoe,Twinᵛ³ Double,cmrcjacgh00084oz1ca6s074p,Chicco,KeyFit Max Zip ClearLux,cmqx4qpc50005383512d994gn,INFANT,ADAPTER,t,,MEDIUM,Zoe Tour / Twin / Trio / Tribe accepts Nuna / Maxi-Cosi / CYBEX / Clek infant seats via a Zoe click-and-go car seat adapter (sold separately). Confirm the exact adapter for your model year before purchase.,,,,2026-07-10 20:02:38.694,2026-07-10 20:02:38.694
cmrfd48sm003jt781kadmbhtn,Zoe,Twinᵛ³ Double,cmrcjacgh00084oz1ca6s074p,Chicco,KeyFit Max Zip ClearTex,cmqx4qpeg00063835eten1p5s,INFANT,ADAPTER,t,,MEDIUM,Zoe Tour / Twin / Trio / Tribe accepts Nuna / Maxi-Cosi / CYBEX / Clek infant seats via a Zoe click-and-go car seat adapter (sold separately). Confirm the exact adapter for your model year before purchase.,,,,2026-07-10 20:02:38.854,2026-07-10 20:02:38.854
cmrfd47em002xt781a2h1kq52,Zoe,Twinᵛ³ Double,cmrcjacgh00084oz1ca6s074p,Graco,GoMax,cmqx4qpx8000e3835nvrnxr0i,INFANT,ADAPTER,t,,MEDIUM,Zoe Tour / Twin / Trio / Tribe accepts Nuna / Maxi-Cosi / CYBEX / Clek infant seats via a Zoe click-and-go car seat adapter (sold separately). Confirm the exact adapter for your model year before purchase.,,,,2026-07-10 20:02:37.054,2026-07-10 20:02:37.054
cmrfd47j2002zt781ffwqv0nm,Zoe,Twinᵛ³ Double,cmrcjacgh00084oz1ca6s074p,Graco,SnugRide Lite LX,cmqx4qpzp000f3835i6cp9pth,INFANT,ADAPTER,t,,MEDIUM,Zoe Tour / Twin / Trio / Tribe accepts Nuna / Maxi-Cosi / CYBEX / Clek infant seats via a Zoe click-and-go car seat adapter (sold separately). Confirm the exact adapter for your model year before purchase.,,,,2026-07-10 20:02:37.214,2026-07-10 20:02:37.214
cmrfd47nh0031t781vaghllfk,Zoe,Twinᵛ³ Double,cmrcjacgh00084oz1ca6s074p,Graco,SnugRide SnugFit,cmqx4qq4h000h3835n8ni2r9m,INFANT,ADAPTER,t,,MEDIUM,Zoe Tour / Twin / Trio / Tribe accepts Nuna / Maxi-Cosi / CYBEX / Clek infant seats via a Zoe click-and-go car seat adapter (sold separately). Confirm the exact adapter for your model year before purchase.,,,,2026-07-10 20:02:37.373,2026-07-10 20:02:37.373
cmrfd47rx0033t78122dquvtk,Zoe,Twinᵛ³ Double,cmrcjacgh00084oz1ca6s074p,Graco,SnugRide SnugFit DLX,cmqx4qq26000g3835g3mh924j,INFANT,ADAPTER,t,,MEDIUM,Zoe Tour / Twin / Trio / Tribe accepts Nuna / Maxi-Cosi / CYBEX / Clek infant seats via a Zoe click-and-go car seat adapter (sold separately). Confirm the exact adapter for your model year before purchase.,,,,2026-07-10 20:02:37.533,2026-07-10 20:02:37.533
cmrfd47wg0035t781x31k6p22,Zoe,Twinᵛ³ Double,cmrcjacgh00084oz1ca6s074p,Graco,SnugRide SnugFit LX,cmqx4qq6u000i3835j7t2euy8,INFANT,ADAPTER,t,,MEDIUM,Zoe Tour / Twin / Trio / Tribe accepts Nuna / Maxi-Cosi / CYBEX / Clek infant seats via a Zoe click-and-go car seat adapter (sold separately). Confirm the exact adapter for your model year before purchase.,,,,2026-07-10 20:02:37.696,2026-07-10 20:02:37.696
cmrfd3zm30009t781w0bo9f3i,Zoe,Twinᵛ³ Double,cmrcjacgh00084oz1ca6s074p,Nuna,PIPA Aire,nuna-pipa-lite-rx,INFANT,ADAPTER,t,,MEDIUM,Zoe all Zoe strollers accepts Nuna / Maxi-Cosi / CYBEX / Clek infant seats via a Zoe click-and-go car seat adapter (sold separately). Confirm the exact adapter for your model year before purchase.,,,,2026-07-10 20:02:26.956,2026-07-10 20:02:26.956
cmrfd3zr1000bt78111b7ynlc,Zoe,Twinᵛ³ Double,cmrcjacgh00084oz1ca6s074p,Nuna,PIPA Aire rx,nuna-pipa-aire-rx,INFANT,ADAPTER,t,,MEDIUM,Zoe all Zoe strollers accepts Nuna / Maxi-Cosi / CYBEX / Clek infant seats via a Zoe click-and-go car seat adapter (sold separately). Confirm the exact adapter for your model year before purchase.,,,,2026-07-10 20:02:27.134,2026-07-10 20:02:27.134
cmrfd3zvm000dt7817q2ctp51,Zoe,Twinᵛ³ Double,cmrcjacgh00084oz1ca6s074p,Nuna,PIPA RX,nuna-pipa-rx,INFANT,ADAPTER,t,,MEDIUM,Zoe all Zoe strollers accepts Nuna / Maxi-Cosi / CYBEX / Clek infant seats via a Zoe click-and-go car seat adapter (sold separately). Confirm the exact adapter for your model year before purchase.,,,,2026-07-10 20:02:27.298,2026-07-10 20:02:27.298
cmrfd4005000ft781d1wy5sow,Zoe,Twinᵛ³ Double,cmrcjacgh00084oz1ca6s074p,Nuna,PIPA urbn,nuna-pipa-urbn,INFANT,ADAPTER,t,,MEDIUM,Zoe all Zoe strollers accepts Nuna / Maxi-Cosi / CYBEX / Clek infant seats via a Zoe click-and-go car seat adapter (sold separately). Confirm the exact adapter for your model year before purchase.,,,,2026-07-10 20:02:27.462,2026-07-10 20:02:27.462
cmrfd46wm002pt7814knt0n6w,Zoe,Twinᵛ³ Double,cmrcjacgh00084oz1ca6s074p,UPPAbaby,Aria,uppababy-aria,INFANT,ADAPTER,t,,MEDIUM,Zoe Tour / Twin / Trio / Tribe accepts Nuna / Maxi-Cosi / CYBEX / Clek infant seats via a Zoe click-and-go car seat adapter (sold separately). Confirm the exact adapter for your model year before purchase.,,,,2026-07-10 20:02:36.406,2026-07-10 20:02:36.406
cmrfd4712002rt7813hdvfgoz,Zoe,Twinᵛ³ Double,cmrcjacgh00084oz1ca6s074p,UPPAbaby,Aria V2,uppababy-aria-v2,INFANT,ADAPTER,t,,MEDIUM,Zoe Tour / Twin / Trio / Tribe accepts Nuna / Maxi-Cosi / CYBEX / Clek infant seats via a Zoe click-and-go car seat adapter (sold separately). Confirm the exact adapter for your model year before purchase.,,,,2026-07-10 20:02:36.567,2026-07-10 20:02:36.567
cmrfd47a4002vt781e5swz7fi,Zoe,Twinᵛ³ Double,cmrcjacgh00084oz1ca6s074p,UPPAbaby,Mesa V3,uppababy-mesa-v3,INFANT,ADAPTER,t,,MEDIUM,Zoe Tour / Twin / Trio / Tribe accepts Nuna / Maxi-Cosi / CYBEX / Clek infant seats via a Zoe click-and-go car seat adapter (sold separately). Confirm the exact adapter for your model year before purchase.,,,,2026-07-10 20:02:36.892,2026-07-10 20:02:36.892
