id,brand,model,displayName,summary,amazonUrl,manualBabylistUrl,imageUrl,babylistSku,babylistUrl,babylistPrice,babylistImage,createdAt,updatedAt
baby-jogger-city-mini-2,Baby Jogger,City Mini 2,Baby Jogger City Mini 2,"The everyday classic: 19.3 lb, signature one-hand fold with auto-lock, near-flat recline from birth, 50 lb limit and a 10 lb under-seat basket. City-friendly and easy to live with.",,,,product_8981_184757,https://babylist.pxf.io/c/6560395/1160375/13580?prodsku=184757&u=https%3A%2F%2Fwww.babylist.com%2Fgp%2Fbaby-jogger-city-tour-2-double-stroller%2F15025%2F184757&intsrc=APIG_8981,499.99,https://images.ctfassets.net/50gzycvace50/328b9c9a5e39afee3b3f842fb8fb26b3295d3e4fd499e3d0d37fca9249b183aa/860874cb071dbeb06c399552678ae683/328b9c9a5e39afee3b3f842fb8fb26b3295d3e4fd499e3d0d37fca9249b183aa.png?fl=progressive&fm=jpg&bg=rgb:fafafa&w=620&h=620,2026-03-22 17:19:43.856,2026-07-20 22:06:21.97
cmqpqqwk300007qlluagi0835,Baby Jogger,City Mini Air,Baby Jogger City Mini Air,"The City Mini with air-filled tires for a smoother roll — signature one-hand fold, near-flat recline from birth, 50 lb limit. Everyday city comfort.",,,,product_8981_1900513,https://babylist.pxf.io/c/6560395/1160375/13580?prodsku=1900513&u=https%3A%2F%2Fwww.babylist.com%2Fgp%2Fbaby-jogger-city-mini-air-stroller%2F50397%2F1900513&intsrc=CATF_8981,499.99,https://images.ctfassets.net/50gzycvace50/71fbbcb4f9255d58117b035cb3f76eed2c9b1d8b6889ec5f98ae079a149ffc17/cb03eebc4e9f9717791314910fd387b2/71fbbcb4f9255d58117b035cb3f76eed2c9b1d8b6889ec5f98ae079a149ffc17.png?fl=progressive&fm=jpg&bg=rgb:fafafa&w=620&h=620,2026-06-22 21:42:10.515,2026-07-20 22:06:21.979
baby-jogger-city-mini-double,Baby Jogger,City Mini Double,Baby Jogger City Mini Double,"The everyday City Mini as a fits-through-doorways double — signature one-hand fold, near-flat recline from birth, 50 lb per seat. Light and nimble for two.",,,,product_8981_352733,https://babylist.pxf.io/c/6560395/1160375/13580?prodsku=352733&u=https%3A%2F%2Fwww.babylist.com%2Fgp%2Fbaby-jogger-city-mini-gt2-double-stroller%2F17846%2F352733&intsrc=APIG_8981,749.99,https://images.ctfassets.net/50gzycvace50/1351a5ea7fa772f59272061ac8e54253a88158bf71700923aac77ffdd7a16932/da3bfda651a0bec8466231d1060c1fc2/1351a5ea7fa772f59272061ac8e54253a88158bf71700923aac77ffdd7a16932.png?fl=progressive&fm=jpg&bg=rgb:fafafa&w=620&h=620,2026-03-22 17:19:43.856,2026-07-20 22:06:21.985
baby-jogger-city-mini-gt2,Baby Jogger,City Mini GT2,Baby Jogger City Mini GT2,"Baby Jogger’s all-terrain everyday hero: never-flat forever-air tires, all-wheel suspension, signature one-hand fold, 65 lb limit. Handles curbs, gravel and grass — but it is not a running stroller.",,,,product_8981_352733,https://babylist.pxf.io/c/6560395/1160375/13580?prodsku=352733&u=https%3A%2F%2Fwww.babylist.com%2Fgp%2Fbaby-jogger-city-mini-gt2-double-stroller%2F17846%2F352733&intsrc=APIG_8981,749.99,https://images.ctfassets.net/50gzycvace50/1351a5ea7fa772f59272061ac8e54253a88158bf71700923aac77ffdd7a16932/da3bfda651a0bec8466231d1060c1fc2/1351a5ea7fa772f59272061ac8e54253a88158bf71700923aac77ffdd7a16932.png?fl=progressive&fm=jpg&bg=rgb:fafafa&w=620&h=620,2026-03-22 17:19:43.856,2026-07-20 22:06:21.992
cmqpqqwou00017qllo1wcl8jj,Baby Jogger,City Mini GT2 Double,Baby Jogger City Mini GT2 Double,"The all-terrain City Mini GT2 in a side-by-side double — forever-air tires, all-wheel suspension, one-hand fold, 65 lb per seat. A go-anywhere everyday double (not for jogging).",,,,product_8981_352733,https://babylist.pxf.io/c/6560395/1160375/13580?prodsku=352733&u=https%3A%2F%2Fwww.babylist.com%2Fgp%2Fbaby-jogger-city-mini-gt2-double-stroller%2F17846%2F352733&intsrc=CATF_8981,749.99,https://images.ctfassets.net/50gzycvace50/1351a5ea7fa772f59272061ac8e54253a88158bf71700923aac77ffdd7a16932/da3bfda651a0bec8466231d1060c1fc2/1351a5ea7fa772f59272061ac8e54253a88158bf71700923aac77ffdd7a16932.png?fl=progressive&fm=jpg&bg=rgb:fafafa&w=620&h=620,2026-06-22 21:42:10.686,2026-07-20 22:06:21.999
cmqx8d2vr000313kps957hgge,Baby Jogger,City Mini GT3,Baby Jogger City Mini GT3,"The newest all-terrain City Mini: forever-air rubber tires and all-wheel suspension for streets and trails, one-hand fold, from birth (with an infant seat) to 65 lb. An everyday all-terrain, not a jogger.",,,,public_catalog_babyjogger|cityminigt3,https://babylist.pxf.io/c/6560395/1160375/13580?prodsku=2444112&u=https%3A%2F%2Fwww.babylist.com%2Fgp%2Fbaby-jogger-city-mini-gt3-all-terrain-stroller%2F73651%2F2444112&intsrc=CATF_8981,479.99,https://images.ctfassets.net/50gzycvace50/f3427343fe2c786a1b651b5a7a6dc2cf180a6ce8b25e88b9f46785b585981a99/1a19d2d4121c6961da8e25065000e2bf/f3427343fe2c786a1b651b5a7a6dc2cf180a6ce8b25e88b9f46785b585981a99.png?fl=progressive&fm=jpg&bg=rgb:fafafa&w=620&h=620,2026-06-28 03:29:41.847,2026-07-20 22:06:22.007
cms532d8l0001fa3swiip1z36,Baby Jogger,City Prix Jogger,Baby Jogger City Prix Jogger,,,,,public_catalog_babyjogger|cityprixjogger,https://babylist.pxf.io/c/6560395/1160375/13580?prodsku=2096073&u=https%3A%2F%2Fwww.babylist.com%2Fgp%2Fbaby-jogger-city-prix-jogger-stroller%2F55793%2F2096073&intsrc=CATF_8981,699.99,https://images.ctfassets.net/50gzycvace50/b20f037634f798914e51195dcb0279f04b5c11c71d46c882703738de59ddb43c/e42603fbb8b214ef9b7342a638d6bfd9/b20f037634f798914e51195dcb0279f04b5c11c71d46c882703738de59ddb43c.png?fl=progressive&fm=jpg&bg=rgb:fafafa&w=620&h=620,2026-07-28 20:03:15.717,2026-07-28 20:03:15.717
baby-jogger-city-select-2,Baby Jogger,City Select 2,Baby Jogger City Select 2,"The single-to-double modular workhorse: 24 configurations, second seat included, bassinet-ready from birth, 45 lb per seat and a big 15 lb basket. Grows from one kid to three (with a glider board).",,,,product_8981_882947,https://babylist.pxf.io/c/6560395/1160375/13580?prodsku=882947&u=https%3A%2F%2Fwww.babylist.com%2Fgp%2Fbaby-jogger-city-select-2-stroller%2F22658%2F882947&intsrc=APIG_8981,659.99,https://images.ctfassets.net/50gzycvace50/19e8de66703fcd248b6fd6b428baa06e922d1d3e27780777ebeab311d5e2c3b4/095651553528c69928371a3ccbe28418/19e8de66703fcd248b6fd6b428baa06e922d1d3e27780777ebeab311d5e2c3b4.png?fl=progressive&fm=jpg&bg=rgb:fafafa&w=620&h=620,2026-03-22 17:19:43.856,2026-07-20 22:06:22.015
baby-jogger-city-sights,Baby Jogger,City Sights,Baby Jogger City Sights,"Compact-modular everyday stroller with a reversible, reclining seat and bassinet compatibility for use from birth. 24.4 lb, one-hand fold, 50 lb limit.",,,,product_8981_184757,https://babylist.pxf.io/c/6560395/1160375/13580?prodsku=184757&u=https%3A%2F%2Fwww.babylist.com%2Fgp%2Fbaby-jogger-city-tour-2-double-stroller%2F15025%2F184757&intsrc=APIG_8981,499.99,https://images.ctfassets.net/50gzycvace50/328b9c9a5e39afee3b3f842fb8fb26b3295d3e4fd499e3d0d37fca9249b183aa/860874cb071dbeb06c399552678ae683/328b9c9a5e39afee3b3f842fb8fb26b3295d3e4fd499e3d0d37fca9249b183aa.png?fl=progressive&fm=jpg&bg=rgb:fafafa&w=620&h=620,2026-03-22 17:19:43.856,2026-07-20 22:06:22.023
baby-jogger-city-tour-2,Baby Jogger,City Tour 2,Baby Jogger City Tour 2,"Baby Jogger’s carry-on travel stroller: just 14 lb, folds 85% smaller into a compact cube, near-flat recline from birth, 45 lb limit. Marketed as carry-on approved — confirm your airline’s bin.",,,,product_8981_184757,https://babylist.pxf.io/c/6560395/1160375/13580?prodsku=184757&u=https%3A%2F%2Fwww.babylist.com%2Fgp%2Fbaby-jogger-city-tour-2-double-stroller%2F15025%2F184757&intsrc=APIG_8981,499.99,https://images.ctfassets.net/50gzycvace50/328b9c9a5e39afee3b3f842fb8fb26b3295d3e4fd499e3d0d37fca9249b183aa/860874cb071dbeb06c399552678ae683/328b9c9a5e39afee3b3f842fb8fb26b3295d3e4fd499e3d0d37fca9249b183aa.png?fl=progressive&fm=jpg&bg=rgb:fafafa&w=620&h=620,2026-03-22 17:19:43.856,2026-07-20 22:06:22.036
cmqpqqwyc00057qllcxfjsi2l,Baby Jogger,City Tour 2 Double,Baby Jogger City Tour 2 Double,"The ultra-compact travel double — lightweight, easy compact fold, near-flat recline from birth, 45 lb per seat. Great for trips, though a double is too big for the overhead bin.",,,,product_8981_184757,https://babylist.pxf.io/c/6560395/1160375/13580?prodsku=184757&u=https%3A%2F%2Fwww.babylist.com%2Fgp%2Fbaby-jogger-city-tour-2-double-stroller%2F15025%2F184757&intsrc=CATF_8981,499.99,https://images.ctfassets.net/50gzycvace50/328b9c9a5e39afee3b3f842fb8fb26b3295d3e4fd499e3d0d37fca9249b183aa/860874cb071dbeb06c399552678ae683/328b9c9a5e39afee3b3f842fb8fb26b3295d3e4fd499e3d0d37fca9249b183aa.png?fl=progressive&fm=jpg&bg=rgb:fafafa&w=620&h=620,2026-06-22 21:42:11.028,2026-07-20 22:06:22.043
baby-jogger-summit-x3,Baby Jogger,Summit X3,Baby Jogger Summit X3,"Baby Jogger’s real running stroller: 12""/16"" air tires, all-wheel suspension, hand-operated deceleration brake and lockable front wheel. 28.5 lb, one-hand fold, up to 75 lb. From birth with an infant seat.",,,,product_8981_1563137,https://babylist.pxf.io/c/6560395/1160375/13580?prodsku=1563137&u=https%3A%2F%2Fwww.babylist.com%2Fgp%2Fbaby-jogger-summit-x3-double-stroller%2F11862%2F1563137&intsrc=APIG_8981,799.99,https://images.ctfassets.net/50gzycvace50/f650f8f45e1290dc892021c0307240397667b31c2b5308445d0604037555de9c/acc787cf8883191fdd26977138853e86/f650f8f45e1290dc892021c0307240397667b31c2b5308445d0604037555de9c.png?fl=progressive&fm=jpg&bg=rgb:fafafa&w=620&h=620,2026-06-15 20:33:14.735,2026-07-20 22:06:22.051
cmqx8d2qs000113kpyh2zxwjx,Baby Jogger,Summit X3 Double,Baby Jogger Summit X3 Double,"A true all-terrain jogging double — air-filled tires, all-wheel suspension, hand-operated deceleration brake and a lockable front wheel for runs. One-hand fold, 50 lb per seat.",,,,public_catalog_babyjogger|summitx3double,https://babylist.pxf.io/c/6560395/1160375/13580?prodsku=1563137&u=https%3A%2F%2Fwww.babylist.com%2Fgp%2Fbaby-jogger-summit-x3-double-stroller%2F11862%2F1563137&intsrc=CATF_8981,799.99,https://images.ctfassets.net/50gzycvace50/f650f8f45e1290dc892021c0307240397667b31c2b5308445d0604037555de9c/acc787cf8883191fdd26977138853e86/f650f8f45e1290dc892021c0307240397667b31c2b5308445d0604037555de9c.png?fl=progressive&fm=jpg&bg=rgb:fafafa&w=620&h=620,2026-06-28 03:29:41.668,2026-07-20 22:06:22.058
cms532d390000fa3sxcfko9z9,Baby Jogger,Summit X3 Single,Baby Jogger Summit X3 Single,,,,,,,,,2026-07-28 20:03:15.526,2026-07-28 20:03:15.526
cmqpqqx5f00087qll6393izdt,Baby Jogger,Summit X3 Single Jogging,Baby Jogger Summit X3 Single Jogging,"Baby Jogger’s real running stroller: 12""/16"" air tires, all-wheel suspension, hand-operated deceleration brake and lockable front wheel. 28.5 lb, one-hand fold, up to 75 lb. From birth with an infant seat.",,,,product_8981_1563136,https://babylist.pxf.io/c/6560395/1160375/13580?prodsku=1563136&u=https%3A%2F%2Fwww.babylist.com%2Fgp%2Fbaby-jogger-summit-x3-single-stroller%2F11309%2F1563136&intsrc=CATF_8981,549.99,https://images.ctfassets.net/50gzycvace50/fc316b3b4446142c6cebef532cab7a3a55fe3a10dcce26f56eba0e9e83c817bd/97fc712c00e8062a5acb44e5b324a04f/fc316b3b4446142c6cebef532cab7a3a55fe3a10dcce26f56eba0e9e83c817bd.png?fl=progressive&fm=jpg&bg=rgb:fafafa&w=620&h=620,2026-06-22 21:42:11.283,2026-07-20 22:06:22.074
cmqpqqx7s00097qllgw33pm0i,Baby Trend,Expedition 2-in-1,Baby Trend Expedition 2-in-1,"Baby Trend’s convertible stroller wagon: a hideaway pull handle flips it between push and pull, with built-in seating for two, a UPF 50+ ratcheting canopy and a compact flat fold. 55 lb per seat (110 lb total). Note: it starts at 6 months — riders must sit up unassisted, so this is not a from-birth stroller.",,,,product_8981_1103802,https://babylist.pxf.io/c/6560395/1160375/13580?prodsku=1103802&u=https%3A%2F%2Fwww.babylist.com%2Fgp%2Fbaby-trend-expedition-2-in-1-stroller-wagon-plus%2F24777%2F1103802&intsrc=CATF_8981,324.99,https://images.ctfassets.net/50gzycvace50/f733a490607cea1675f5c7cd466f2967d0ec1b765cbc8a70dd562f7c34d32b3f/87047b75722253cd4d23fa28b1fb794b/f733a490607cea1675f5c7cd466f2967d0ec1b765cbc8a70dd562f7c34d32b3f.png?fl=progressive&fm=jpg&bg=rgb:fafafa&w=620&h=620,2026-06-22 21:42:11.369,2026-07-20 22:06:22.085
cmqx8m2mu000010nue3nlua93,Baby Trend,Expedition Zero Flat Jogger with LED Lights,Baby Trend Expedition Zero Flat Jogger with LED Lights,"Baby Trend’s budget flat-fold jogger: Zero Flat never-go-flat all-terrain bicycle tires, a locking swivel front wheel, multi-position recline, LED side lights and a trigger fold. Holds up to 50 lb (or 42"" tall), and takes a Baby Trend infant seat from birth. A capable jogger that won’t break the bank.",,,,public_catalog_babytrend|expeditionzeroflatjoggerwithledlights,https://babylist.pxf.io/c/6560395/1160375/13580?prodsku=2214107&u=https%3A%2F%2Fwww.babylist.com%2Fgp%2Fbaby-trend-expedition-zero-flat-jogger-with-led-lights%2F64700%2F2214107&intsrc=CATF_8981,179.99,https://images.ctfassets.net/50gzycvace50/90855a21b1ed720aa9f41c5f9a6dff041b5950028ae9e55fab54f34afbeed785/16a9b5ce7d624a77206539632b1a53dc/90855a21b1ed720aa9f41c5f9a6dff041b5950028ae9e55fab54f34afbeed785.png?fl=progressive&fm=jpg&bg=rgb:fafafa&w=620&h=620,2026-06-28 03:36:41.431,2026-07-20 22:06:22.095
cmqx8d2y6000413kpljiz2u0c,Bellini,Juno Auto-Folding,Bellini Juno Auto-Folding,"Bellini’s auto-folding compact: folds and unfolds with one hand and auto-locks when closed, at just 17 lb, on airless puncture-proof wheels with 4-wheel suspension. Two caveats worth knowing — it starts at 9 months (not from birth), and the basket is rated for only 3 lb.",,,,public_catalog_bellini|junoautofolding,https://babylist.pxf.io/c/6560395/1160375/13580?prodsku=2214395&u=https%3A%2F%2Fwww.babylist.com%2Fgp%2Fbellini-juno-compact-auto-folding-stroller%2F64777%2F2214395&intsrc=CATF_8981,479.99,https://images.ctfassets.net/50gzycvace50/4fccdbe37b04b9a9db2e56c822ac47306d04e6bb00da332087ffe833244a94d5/d8d2b3541007c42cfc7f0aa708c44497/4fccdbe37b04b9a9db2e56c822ac47306d04e6bb00da332087ffe833244a94d5.png?fl=progressive&fm=jpg&bg=rgb:fafafa&w=620&h=620,2026-06-28 03:29:41.934,2026-07-20 22:06:22.105
bob-alterrain-pro,BOB,Alterrain Pro,BOB Alterrain Pro,"BOB’s premium all-weather jogger: SmoothShox suspension, air-filled tires and a water-repellent canopy, 32.3 lb and up to 75 lb. The plushest ride BOB makes, for parents who actually run.",,,,,,,,2026-06-13 20:48:32.697,2026-07-20 22:06:22.122
bob-rambler,BOB,Rambler,BOB Rambler,"The lightest, most affordable way into BOB: 25 lb, up to 75 lb, air-filled tires and a locking front wheel. Fewer bells than the Revolution, same jogging bones.",,,,,,,,2026-03-22 17:19:43.856,2026-07-20 22:06:22.129
bob-renegade-wagon,BOB,Renegade Wagon,BOB Renegade Wagon,"BOB’s all-terrain stroller wagon: push or pull, 55 lb per seat and 165 lb total including cargo, on a rugged 40 lb frame. Built for trailheads and long park days — riders need to sit up on their own, so it is not from birth.",,,,,,,,2026-03-22 17:19:43.856,2026-07-20 22:06:22.141
bob-revolution-flex-3,BOB,Revolution Flex 3.0,BOB Revolution Flex 3.0,"The benchmark running stroller: 28 lb, up to 75 lb, air-filled tires, adjustable handlebar and a locking swivel front wheel you flip open for runs. Takes an infant car seat with an adapter, so it works from birth.",,,,,,,,2026-03-22 17:19:43.856,2026-07-20 22:06:22.15
bob-revolution-flex-duallie-3,BOB,Revolution Flex 3.0 Duallie,BOB Revolution Flex 3.0 Duallie,"BOB’s side-by-side jogging double: air-filled tires, adjustable suspension, a hand brake for hills and the same trail-ready build as the single. 50 lb per seat, and it still fits through a standard doorway.",,,,,,,,2026-03-22 17:19:43.856,2026-07-20 22:06:22.158
bob-wayfinder,BOB,Wayfinder,BOB Wayfinder,"BOB’s newer jogger with independent dual suspension and air-filled tires, 31.1 lb and up to 75 lb. A smoother, more modern take on the Revolution formula.",,,,,,,,2026-03-22 17:19:43.856,2026-07-20 22:06:22.164
cmrdx44lf00001sxj80plzl5e,Bombi,Bēbee Twin V2,Bombi Bēbee Twin V2,"Bombi’s lightweight side-by-side double: one-hand fold, deep recline and 55 lb per seat (110 lb total), on a narrow frame built to clear standard doorways. A rare folding double that travels well.",,,,,,,https://bombigear.com/cdn/shop/files/Dual_Green_zipped_b661970f-ccdf-4cb9-9bf7-0570a89c97f7.jpg?height=1024&v=1773170721&width=1024,2026-07-09 19:46:53.379,2026-07-20 22:06:22.179
cmr4c3kvd0003n624f7jarr1e,Bombi,Bēbee V3,Bombi Bēbee V3,"A 16 lb compact that punches above its price: built-in newborn cocoon and a flat recline so it works from birth, one-hand fold, XXL canopy and up to 55 lb. Ships with a travel bag and is Disney-friendly — but it is too big for an airplane overhead bin.",https://www.amazon.com/Bombi-B%C4%93bee-V2-Lightweight-Stroller/dp/B0DX8BW2Z2?linkCode=ll1&tag=taylormadebab-20&language=en_US&ref_=as_li_ss_tl,,,,,,https://bombigear.com/cdn/shop/files/V3_black_zipped.png?height=1024&v=1775245744&width=1024,2026-07-03 02:48:40.297,2026-07-20 22:06:22.189
britax-b-clever,Britax,B-Clever,Britax B-Clever,"The narrower, more compact Britax: 21 lb, up to 50 lb, one-hand fold, ventilated seat and all-wheel suspension. Takes a B-Safe infant seat from birth.",,,,,,,,2026-06-15 20:33:14.735,2026-07-20 22:06:22.199
britax-b-lively,Britax,B-Lively,Britax B-Lively,"The everyday Britax workhorse: 20 lb, up to 55 lb, one-hand fold, all-wheel suspension and a big UV50+ canopy. Clicks straight onto a B-Safe infant seat, so it works from birth.",,,,,,,,2026-06-15 20:33:14.735,2026-07-20 22:06:22.206
cmqx8d30k000513kpwtvwppgv,Britax,Brook+ Modular Baby,Britax Brook+ Modular Baby,"Britax’s ultra-lightweight modular — four ways to stroll with a SafeWash insert, usable from birth up to 50 lb. The easy-living option in the modular line.",,,,,,,,2026-06-28 03:29:42.021,2026-07-20 22:06:22.214
cmqpqqxci000b7qllamksybtj,Britax,Grove Modular,Britax Grove Modular,"A lightweight modular with six ways to ride: CozyFit insert for the newborn stage, bumper bar, SafeWash fabrics and a 24 lb frame. Up to 50 lb.",,,,product_8981_1791046,https://babylist.pxf.io/c/6560395/1160375/13580?prodsku=1791046&u=https%3A%2F%2Fwww.babylist.com%2Fgp%2Fbritax-grove-modular-stroller%2F45771%2F1791046&intsrc=CATF_8981,379.99,https://images.ctfassets.net/50gzycvace50/03ed839eb8aa708b881fb6a29a22cd2fb5a5576d38f6411216eafd78132ec992/4ba1e021240648e98750140753328c43/03ed839eb8aa708b881fb6a29a22cd2fb5a5576d38f6411216eafd78132ec992.png?fl=progressive&fm=jpg&bg=rgb:fafafa&w=620&h=620,2026-06-22 21:42:11.539,2026-07-20 22:06:22.224
cmqx8d330000613kpkfkfo7ak,Britax,Juniper On-The-Go,Britax Juniper On-The-Go,"Britax’s on-the-go compact: under 15 lb with a FastPack system, one-hand RapidFold, built-in carry handle and a UPF 50+ water-resistant canopy. Up to 50 lb.",,,,,,,,2026-06-28 03:29:42.109,2026-07-20 22:06:22.236
cmqpqqxey000c7qll5fop3oe7,Britax,Prism Modular,Britax Prism Modular,"Britax’s full-size modular: six ways to ride, a one-step compact fold, telescoping handlebar, all-wheel suspension and an all-season insert so it works from birth. 24.4 lb, up to 50 lb.",,,,product_8981_3316787,https://babylist.pxf.io/c/6560395/1160375/13580?prodsku=3316787&u=https%3A%2F%2Fwww.babylist.com%2Fgp%2Fbritax-prism-modular-stroller%2F83869%2F3316787&intsrc=CATF_8981,479.99,https://images.ctfassets.net/50gzycvace50/909bf1a26d9e0e37bd7eb32303999ae6d4a4de90ddc7feeaab6cae6e3ca3aa94/f5399a243a3adbb7c2992a691f8a5ece/909bf1a26d9e0e37bd7eb32303999ae6d4a4de90ddc7feeaab6cae6e3ca3aa94.png?fl=progressive&fm=jpg&bg=rgb:fafafa&w=620&h=620,2026-06-22 21:42:11.627,2026-07-20 22:06:22.244
bugaboo-ant,Bugaboo,Ant,Bugaboo Ant,"Bugaboo’s lightest, most compact: 15.8 lb, folds to 20.6 x 14.9 x 9.1"" — small enough for an overhead bin — with a 6.6 lb under-seat basket plus an 11 lb rear luggage basket. Up to 50 lb; the seat starts at 6 months.",,,,,,,,2026-06-15 20:33:14.735,2026-07-20 22:06:22.254
bugaboo-butterfly,Bugaboo,Butterfly,Bugaboo Butterfly,"Bugaboo’s 16 lb cabin-size travel stroller: folds one-handed into an IATA carry-on-compatible package that genuinely fits an overhead bin. Up to 48 lb — but the seat starts at 6 months, so it is not a from-birth stroller.",,,,product_8981_2491084,https://babylist.pxf.io/c/6560395/1160375/13580?prodsku=2491084&u=https%3A%2F%2Fwww.babylist.com%2Fgp%2Fbugaboo-butterfly-2-complete-stroller%2F74320%2F2491084&intsrc=APIG_8981,599,https://images.ctfassets.net/50gzycvace50/2acab943619f5c06efcbab3ac3eb89fd798436018bfef59f68c7a86efa4cd68c/249ce3a4fb097da29329781713d9dcb9/2acab943619f5c06efcbab3ac3eb89fd798436018bfef59f68c7a86efa4cd68c.png?fl=progressive&fm=jpg&bg=rgb:fafafa&w=620&h=620,2026-03-22 03:02:28.613,2026-07-20 22:06:22.264
bugaboo-butterfly-2,Bugaboo,Butterfly 2,Bugaboo Butterfly 2,"Bugaboo’s 16 lb cabin-size travel stroller: folds one-handed into an IATA carry-on-compatible package that genuinely fits an overhead bin. Up to 48 lb — but the seat starts at 6 months, so it is not a from-birth stroller.",,,,product_8981_2491084,https://babylist.pxf.io/c/6560395/1160375/13580?prodsku=2491084&u=https%3A%2F%2Fwww.babylist.com%2Fgp%2Fbugaboo-butterfly-2-complete-stroller%2F74320%2F2491084&intsrc=APIG_8981,599,https://images.ctfassets.net/50gzycvace50/2acab943619f5c06efcbab3ac3eb89fd798436018bfef59f68c7a86efa4cd68c/249ce3a4fb097da29329781713d9dcb9/2acab943619f5c06efcbab3ac3eb89fd798436018bfef59f68c7a86efa4cd68c.png?fl=progressive&fm=jpg&bg=rgb:fafafa&w=620&h=620,2026-06-13 20:48:32.697,2026-07-20 22:06:22.271
cmqx8d37p000813kp2s8z32r8,Bugaboo,Donkey 5 Mono Single-to-Double,Bugaboo Donkey 5 Mono Single-to-Double,"Bugaboo’s single-to-double: starts as a roomy single with a bassinet, then slides out to side-by-side twin duty without changing the frame. About 33 lb with the seat, 48 lb per seat, and a cavernous basket.",,,,,,,,2026-06-28 03:29:42.278,2026-07-20 22:06:22.277
bugaboo-donkey-6,Bugaboo,Donkey 6,Bugaboo Donkey 6,"Bugaboo’s single-to-double: starts as a roomy single with a bassinet, then slides out to side-by-side twin duty without changing the frame. About 33 lb with the seat, 48 lb per seat, and a cavernous basket.",,,,product_8981_2903105,https://babylist.pxf.io/c/6560395/1160375/13580?prodsku=2903105&u=https%3A%2F%2Fwww.babylist.com%2Fgp%2Fbugaboo-donkey-6-stroller%2F80444%2F2903105&intsrc=APIG_8981,1699,https://images.ctfassets.net/50gzycvace50/23dbc164314c5b091f701514d8297ac07988fc1275e1bddfd4cec859e8523616/8f57ae576786d157d48a4e5c181418d7/23dbc164314c5b091f701514d8297ac07988fc1275e1bddfd4cec859e8523616.png?fl=progressive&fm=jpg&bg=rgb:fafafa&w=620&h=620,2026-03-22 03:02:28.613,2026-07-20 22:06:22.284
bugaboo-dragonfly,Bugaboo,Dragonfly,Bugaboo Dragonfly,"The city modular: bassinet and seat on a light 21 lb frame with a compact fold and a genuinely big 22 lb basket. Up to 48 lb, from birth with the included bassinet.",,,,,,,,2026-03-22 17:19:43.856,2026-07-20 22:06:22.295
cmr2vgyqo0006ea9ukrzht5sg,Bugaboo,Dragonfly Plus,Bugaboo Dragonfly Plus,"The city modular: bassinet and seat on a light 21 lb frame with a compact fold and a genuinely big 22 lb basket. Up to 48 lb, from birth with the included bassinet.",,,,,,,,2026-07-02 02:15:25.153,2026-07-20 22:06:22.303
bugaboo-fox-5,Bugaboo,Fox 5,Bugaboo Fox 5,"Bugaboo’s flagship all-terrain 2-in-1: bassinet and seat in the box, one-hand fold, big wheels and premium suspension. Around 24 lb, up to 50 lb on the seat. The plush, buy-once option.",,,,product_8981_2487974,https://babylist.pxf.io/c/6560395/1160375/13580?prodsku=2487974&u=https%3A%2F%2Fwww.babylist.com%2Fgp%2Fbugaboo-fox-5-renew-complete-stroller-bassinet%2F71205%2F2487974&intsrc=APIG_8981,1499,https://images.ctfassets.net/50gzycvace50/dd4dd311bededff89bbb5c33536a5964c205f4bfe8cdd5fe3ff6626aaee4ca22/439f099d850eefad9a85a8f663756ac2/dd4dd311bededff89bbb5c33536a5964c205f4bfe8cdd5fe3ff6626aaee4ca22.png?fl=progressive&fm=jpg&bg=rgb:fafafa&w=620&h=620,2026-03-22 03:02:28.613,2026-07-20 22:06:22.313
bugaboo-kangaroo,Bugaboo,Kangaroo,Bugaboo Kangaroo,Compact city stroller with adapter-based infant seat compatibility,,,,product_8981_2927288,https://babylist.pxf.io/c/6560395/1160375/13580?prodsku=2927288&u=https%3A%2F%2Fwww.babylist.com%2Fgp%2Fbugaboo-kangaroo-stroller%2F80467%2F2927288&intsrc=APIG_8981,1099,https://images.ctfassets.net/50gzycvace50/0e4bfd9708744716e634892649dc7dff768a8ab9c65d7adf039ee7f79dc0c81f/43311ca9b6c6871e2c717f396488f524/0e4bfd9708744716e634892649dc7dff768a8ab9c65d7adf039ee7f79dc0c81f.png?fl=progressive&fm=jpg&bg=rgb:fafafa&w=620&h=620,2026-06-13 20:48:32.697,2026-06-21 03:51:58.685
bumbleride-era,Bumbleride,Era,Bumbleride Era,"The reversible-seat city stroller that is ready from birth with no attachments — the seat itself lays flat and infant-safe. 27 lb, up to 55 lb, all-wheel suspension and air-filled tires.",,,,product_8981_2072902,https://babylist.pxf.io/c/6560395/1160375/13580?prodsku=2072902&u=https%3A%2F%2Fwww.babylist.com%2Fgp%2Fbumbleride-era-stroller%2F37542%2F2072902&intsrc=APIG_8981,949,https://images.ctfassets.net/50gzycvace50/cdae9ba2abf4318f6d8a086a757e0f693cb3e41d7326f1edea94f36109e890c8/2361f6b7fc644a1d815edbba8e8024f5/cdae9ba2abf4318f6d8a086a757e0f693cb3e41d7326f1edea94f36109e890c8.png?fl=progressive&fm=jpg&bg=rgb:fafafa&w=620&h=620,2026-03-22 17:19:43.856,2026-07-20 22:06:22.323
bumbleride-indie,Bumbleride,Indie,Bumbleride Indie,"Bumbleride’s all-terrain single: 24 lb, up to 55 lb, air-filled tires and all-wheel suspension, and rated for light jogging on level ground with the front wheel locked. Made with recycled, eco-certified fabrics.",,,,product_8981_2072906,https://babylist.pxf.io/c/6560395/1160375/13580?prodsku=2072906&u=https%3A%2F%2Fwww.babylist.com%2Fgp%2Fbumbleride-indie-twin-double-jogging-stroller%2F37545%2F2072906&intsrc=APIG_8981,1099,https://images.ctfassets.net/50gzycvace50/1246d768c804c28c0ce77ac09f547822345208d9b06e19bb51daa248fcc6957a/e22a4fc869a54ad03ea158d0fc456abc/1246d768c804c28c0ce77ac09f547822345208d9b06e19bb51daa248fcc6957a.png?fl=progressive&fm=jpg&bg=rgb:fafafa&w=620&h=620,2026-03-22 17:19:43.856,2026-07-20 22:06:22.33
cms532db50002fa3stwd6931e,Bumbleride,Indie Twin,Bumbleride Indie Twin,,,,,public_catalog_bumbleride|indietwin,https://babylist.pxf.io/c/6560395/1056628/13580?u=https%3A%2F%2Fwww.babylist.com%2Fgp%2Fbumbleride-indie-twin-double-jogging-stroller%2F37545%2F2072906&partnerpropertyid=7490466,1099,https://images.ctfassets.net/50gzycvace50/1246d768c804c28c0ce77ac09f547822345208d9b06e19bb51daa248fcc6957a/e22a4fc869a54ad03ea158d0fc456abc/1246d768c804c28c0ce77ac09f547822345208d9b06e19bb51daa248fcc6957a.png?fl=progressive&fm=jpg&bg=rgb:fafafa&w=1240&h=1240,2026-07-28 20:03:15.81,2026-07-28 20:03:15.81
bumbleride-speed,Bumbleride,Speed,Bumbleride Speed,"Bumbleride’s proper running stroller: 26 lb, up to 65 lb, with Speed3 steering (run, jog or walk), 16"" rear and 12"" front air-filled tires and all-wheel suspension. Built for longer distances.",,,,product_8981_2586974,https://babylist.pxf.io/c/6560395/1160375/13580?prodsku=2586974&u=https%3A%2F%2Fwww.babylist.com%2Fgp%2Fbumbleride-speed-stroller%2F13352%2F2586974&intsrc=APIG_8981,799,https://images.ctfassets.net/50gzycvace50/2add8708e307d8e1a42ce59d057710f535946042dfad1074a2cbbc73b110cb80/5fbc8df96cc518cfcb58476a1c07380e/2add8708e307d8e1a42ce59d057710f535946042dfad1074a2cbbc73b110cb80.png?fl=progressive&fm=jpg&bg=rgb:fafafa&w=620&h=620,2026-03-22 17:19:43.856,2026-07-20 22:06:22.345
cmqx8d3hx000c13kp688wv2ch,Chicco,BravoFor2 Standing/Sitting Double,Chicco BravoFor2 Standing/Sitting Double,"Chicco’s stand-and-ride double: one seat plus a rear bench and standing platform for a big sibling, and it still clicks a KeyFit infant seat on top for the newborn stage.",,,,,,,,2026-06-28 03:29:42.646,2026-07-20 22:06:22.363
cmqpqqxqf000h7qll9ocuir9z,Chicco,Bravo LE ClearTex Quick-Fold,Chicco Bravo LE ClearTex Quick-Fold,"The travel-system standard: 24.9 lb, up to 50 lb, a true one-hand quick fold and EVA flat-free tires. Clicks onto a KeyFit for the newborn stage — the reason it lands on so many registries.",,,,product_8981_1101933,https://babylist.pxf.io/c/6560395/1160375/13580?prodsku=1101933&u=https%3A%2F%2Fwww.babylist.com%2Fgp%2Fchicco-bravo-le-cleartex-quick-fold-stroller%2F24730%2F1101933&intsrc=CATF_8981,329.99,https://images.ctfassets.net/50gzycvace50/25a3a15d5d8ca9c6e9fa30e391c5cb90a17ef8c71ea95a0a0ad3d5c8d93e5a85/79c5ee23382826e7f79e8870daecaa6f/25a3a15d5d8ca9c6e9fa30e391c5cb90a17ef8c71ea95a0a0ad3d5c8d93e5a85.png?fl=progressive&fm=jpg&bg=rgb:fafafa&w=620&h=620,2026-06-22 21:42:12.04,2026-07-20 22:06:22.37
cmqpqqxss000i7qll83vvip4a,Chicco,Bravo Quick-Fold,Chicco Bravo Quick-Fold,"The travel-system standard: 24.9 lb, up to 50 lb, a true one-hand quick fold and EVA flat-free tires. Clicks onto a KeyFit for the newborn stage — the reason it lands on so many registries.",,,,product_8981_902324,https://babylist.pxf.io/c/6560395/1160375/13580?prodsku=902324&u=https%3A%2F%2Fwww.babylist.com%2Fgp%2Fchicco-bravo-quick-fold-stroller%2F22801%2F902324&intsrc=CATF_8981,299.99,https://images.ctfassets.net/50gzycvace50/04618d1319f91d04c159965532df6851be985cdf75c8fb3a1f7ea83a81845e3e/b11252d645ef865075e7e39cc4f0d4a1/04618d1319f91d04c159965532df6851be985cdf75c8fb3a1f7ea83a81845e3e.png?fl=progressive&fm=jpg&bg=rgb:fafafa&w=620&h=620,2026-06-22 21:42:12.124,2026-07-20 22:06:22.379
cmqpqqxv4000j7qllen33z5zg,Chicco,Corso Flex Convertible,Chicco Corso Flex Convertible,"Chicco’s modular: bassinet-style and parent-facing configurations plus a quick fold, on a 24.8 lb frame up to 50 lb. Clicks straight onto a KeyFit, so it covers newborn through toddler.",,,,product_8981_1800985,https://babylist.pxf.io/c/6560395/1160375/13580?prodsku=1800985&u=https%3A%2F%2Fwww.babylist.com%2Fgp%2Fchicco-corso-flex-convertible-stroller%2F45999%2F1800985&intsrc=CATF_8981,679.99,https://images.ctfassets.net/50gzycvace50/bb96341ad2ab4b02f3c3d3b7ff2f443bbd3b3047c6c1c5020cbc0804ad50d340/2acc2404f5dff2e353ae4044a1bee5b7/bb96341ad2ab4b02f3c3d3b7ff2f443bbd3b3047c6c1c5020cbc0804ad50d340.png?fl=progressive&fm=jpg&bg=rgb:fafafa&w=620&h=620,2026-06-22 21:42:12.209,2026-07-20 22:06:22.386
cmqpqqxxj000k7qllu7tqglok,Chicco,Corso Primo Modular,Chicco Corso Primo Modular,"Chicco’s modular: bassinet-style and parent-facing configurations plus a quick fold, on a 24.8 lb frame up to 50 lb. Clicks straight onto a KeyFit, so it covers newborn through toddler.",,,,product_8981_2764454,https://babylist.pxf.io/c/6560395/1160375/13580?prodsku=2764454&u=https%3A%2F%2Fwww.babylist.com%2Fgp%2Fchicco-corso-primo-modular-stroller%2F78231%2F2764454&intsrc=CATF_8981,599.99,https://images.ctfassets.net/50gzycvace50/de9b012bdd8702fd7c9b76cef09e6eb4ccfe80faa9e42e7a2b62299a3f1c1757/44d0da7148679587a96668da6b127c8e/de9b012bdd8702fd7c9b76cef09e6eb4ccfe80faa9e42e7a2b62299a3f1c1757.png?fl=progressive&fm=jpg&bg=rgb:fafafa&w=620&h=620,2026-06-22 21:42:12.295,2026-07-20 22:06:22.394
cmqx8d3ke000d13kpn6e6sfi5,Chicco,Cortina Together Double,Chicco Cortina Together Double,"Chicco’s side-by-side double built around the KeyFit — it takes two infant seats, so it works from birth for twins, with independent reclines and a full-length canopy.",,,,,,,,2026-06-28 03:29:42.734,2026-07-20 22:06:22.4
cmqx8d3fk000b13kppay9p7j9,Chicco,Presto Self-Folding,Chicco Presto Self-Folding,"Chicco’s self-folding compact — it collapses itself at the push of a button, for parents who are done wrestling a stroller at the curb.",,,,,,,,2026-06-28 03:29:42.56,2026-07-20 22:06:22.407
cmqx8d3mp000e13kpe38oel0w,Chicco,TRE,Chicco TRE,"Chicco’s jogger: flat-free pneumatic tires, a locking swivel front wheel, adjustable handle and a one-hand fold. 28.5 lb, up to 50 lb, and KeyFit-compatible from birth.",,,,public_catalog_chicco|tre,https://babylist.pxf.io/c/6560395/1160375/13580?prodsku=2123397&u=https%3A%2F%2Fwww.babylist.com%2Fgp%2Fchicco-tre-jogging-stroller%2F56823%2F2123397&intsrc=CATF_8981,499.99,https://images.ctfassets.net/50gzycvace50/3aeb37232994b0a2c5ac199de441e1d732ff54c24ad2c2c5598dced3505367ce/0d89d331c07a33be4c3e8b583d697f9b/3aeb37232994b0a2c5ac199de441e1d732ff54c24ad2c2c5598dced3505367ce.png?fl=progressive&fm=jpg&bg=rgb:fafafa&w=620&h=620,2026-06-28 03:29:42.817,2026-07-20 22:06:22.413
cmqpqqxzu000l7qllpiifamvz,Chicco,TRE Jogging,Chicco TRE Jogging,"Chicco’s jogger: flat-free pneumatic tires, a locking swivel front wheel, adjustable handle and a one-hand fold. 28.5 lb, up to 50 lb, and KeyFit-compatible from birth.",,,,product_8981_2123397,https://babylist.pxf.io/c/6560395/1160375/13580?prodsku=2123397&u=https%3A%2F%2Fwww.babylist.com%2Fgp%2Fchicco-tre-jogging-stroller%2F56823%2F2123397&intsrc=CATF_8981,499.99,https://images.ctfassets.net/50gzycvace50/3aeb37232994b0a2c5ac199de441e1d732ff54c24ad2c2c5598dced3505367ce/0d89d331c07a33be4c3e8b583d697f9b/3aeb37232994b0a2c5ac199de441e1d732ff54c24ad2c2c5598dced3505367ce.png?fl=progressive&fm=jpg&bg=rgb:fafafa&w=620&h=620,2026-06-22 21:42:12.378,2026-07-20 22:06:22.422
cmrcjac4h00044oz1n1r54ywi,Cybex,AVI,Cybex AVI,"Built for active families who want one stroller for neighborhood walks, trails, and serious jogging. The AVI Spin combines air-filled tires, a lockable swivel front wheel, and an ergonomic near-flat recline for everyday versatility without sacrificing running performance.",https://amzn.to/4ft6ymn,,https://m.media-amazon.com/images/I/71wg5OEdUaL._SL1500_.jpg,,,,https://www.anbbaby.com/cdn/shop/files/Cybex_AVI_One_Box_Jogging_Stroller-Pink_7.jpg?v=1752787340,2026-07-08 20:32:02.274,2026-07-28 20:43:18.381
cybex-balios-s-lux,Cybex,Balios S Lux,CYBEX Balios S Lux,"Cybex’s full-size family stroller: up to 55 lb, bassinet-compatible from birth, with a 22 lb shopping basket that actually holds a grocery run.",,,,product_8981_2847009,https://babylist.pxf.io/c/6560395/1160375/13580?prodsku=2847009&u=https%3A%2F%2Fwww.babylist.com%2Fgp%2Fcybex-balios-s-lux-stroller%2F22411%2F2847009&intsrc=APIG_8981,699.95,https://images.ctfassets.net/50gzycvace50/d165e8c1b584f05963f1a10248a1c281378205cd29ae3893805391a1e883087c/f421bc777e28ce707df4b29ec0b1d907/d165e8c1b584f05963f1a10248a1c281378205cd29ae3893805391a1e883087c.png?fl=progressive&fm=jpg&bg=rgb:fafafa&w=620&h=620,2026-03-22 03:02:28.613,2026-07-20 22:06:22.431
cybex-beezy,Cybex,Beezy,CYBEX Beezy,"Cybex’s value lightweight: a simple compact fold and full recline in a sub-15 lb frame. A grab-and-go second stroller, from 6 months.",,,,,,,https://m.media-amazon.com/images/I/51UJO9pSnfL._SL1000_.jpg,2026-03-22 17:19:43.856,2026-07-20 22:06:22.437
cybex-coya,Cybex,Coya,CYBEX Coya,"Cybex’s luxe cabin-size compact: 14.6 lb, carry-on friendly fold and a design-piece frame. Starts at 6 months, so it is a second stroller rather than a first.",,,,product_8981_2045289,https://babylist.pxf.io/c/6560395/1160375/13580?prodsku=2045289&u=https%3A%2F%2Fwww.babylist.com%2Fgp%2Fcybex-coya-stroller%2F82587%2F2045289&intsrc=APIG_8981,599.95,https://images.ctfassets.net/50gzycvace50/f7ce109bac16295f4f86d001d5ca178772c865f25b542e5bbe88d46c21d5010d/42cdcd8ebd5ebd58f878a3028468d8e2/f7ce109bac16295f4f86d001d5ca178772c865f25b542e5bbe88d46c21d5010d.png?fl=progressive&fm=jpg&bg=rgb:fafafa&w=620&h=620,2026-06-13 20:48:32.697,2026-07-20 22:06:22.447
cybex-eezy-s-twist,Cybex,Eezy S Twist,CYBEX Eezy S Twist,"The one with the 360° rotating seat — spin baby to face you or the world without unclipping anything, on a compact-folding frame up to 55 lb.",,,,,,,,2026-03-22 17:19:43.856,2026-07-20 22:06:22.454
cmr1etpr3000a13feaabfd815,Cybex,Eezy S Twist 2,Cybex Eezy S Twist 2,"The one with the 360° rotating seat — spin baby to face you or the world without unclipping anything, on a compact-folding frame up to 55 lb.",,,,,,,,2026-07-01 01:41:40.384,2026-07-20 22:06:22.461
cmqzur4x60001eqf6vwexlatz,Cybex,e-Gazelle S,Cybex e-Gazelle S,"The Gazelle S with electric assist — the same 20-plus modular configurations and single-to-double conversion, with motor help for hills and heavy loads.",https://amzn.to/3R3l0JG,,,public_catalog_cybex|egazelles,https://babylist.pxf.io/c/6560395/1160375/13580?prodsku=2134400&u=https%3A%2F%2Fwww.babylist.com%2Fgp%2Fcybex-egazelle-s-electronic-assist-stroller%2F56938%2F2134400&intsrc=CATF_8981,1199.95,https://images.ctfassets.net/50gzycvace50/b26b77e8e016a132a39b7630d629ef0a2a86b8c1f873e473f385ff82c7913e95/96a51790e9946f1672354a8fe42a0f6a/b26b77e8e016a132a39b7630d629ef0a2a86b8c1f873e473f385ff82c7913e95.png?fl=progressive&fm=jpg&bg=rgb:fafafa&w=620&h=620,2026-06-29 23:32:01.579,2026-07-20 22:06:22.472
cybex-eos,Cybex,Eos,CYBEX Eos,"Cybex’s full-size all-rounder: bassinet-ready from birth with a roomy seat and big basket, aimed at parents who want one stroller to do everything.",,,,,,,,2026-06-13 20:48:32.697,2026-07-20 22:06:22.479
cmrcjabwd00014oz1n5pe6vrv,Cybex,e-Priam,Cybex e-Priam,"Cybex’s flagship: 28.1 lb, up to 55 lb, with a bassinet option, one-hand fold and the design-forward build the brand is known for. The splurge of the Cybex line.",,,,public_catalog_cybex|epriam,https://babylist.pxf.io/c/6560395/1160375/13580?prodsku=3045863&u=https%3A%2F%2Fwww.babylist.com%2Fgp%2Fcybex-e-priam-stroller%2F81324%2F3045863&intsrc=CATF_8981,1599.95,https://images.ctfassets.net/50gzycvace50/ab467cd517a614114df978f8c843dfc8c5f2224e27d5840cb4fcad300e77a914/bd92c8ffe697aff9abb5f530b91681a3/ab467cd517a614114df978f8c843dfc8c5f2224e27d5840cb4fcad300e77a914.png?fl=progressive&fm=jpg&bg=rgb:fafafa&w=620&h=620,2026-07-08 20:32:01.982,2026-07-20 22:06:22.488
cybex-gazelle-s,Cybex,Gazelle S,CYBEX Gazelle S,"Cybex’s all-in-one: over 20 modular configurations, a second seat option that turns it into a double, a near-flat recline and a genuinely huge shopper basket. 28.4 lb, up to 50 lb.",,,,product_8981_2458469,https://babylist.pxf.io/c/6560395/1160375/13580?prodsku=2458469&u=https%3A%2F%2Fwww.babylist.com%2Fgp%2Fcybex-gazelle-s-stroller-1749563054%2F38515%2F2458469&intsrc=APIG_8981,899.95,https://images.ctfassets.net/50gzycvace50/24bf1300543e346ca0b34140fed82c14e6f6cedcd0ebfe1099d53ecf183cd16d/20c9134cc0068bef43b303ef44d31703/24bf1300543e346ca0b34140fed82c14e6f6cedcd0ebfe1099d53ecf183cd16d.png?fl=progressive&fm=jpg&bg=rgb:fafafa&w=620&h=620,2026-03-22 03:02:28.613,2026-07-20 22:06:22.495
cmqzur4sq0000eqf6f27jpm8y,Cybex,LIBELLE Ultra Travel,Cybex Libelle,"The 13.7 lb cabin-size travel stroller: folds tiny enough to go in the overhead bin and works with Cybex infant seats. Like most compact seats, it starts at 6 months — check your airline before you count on the bin.",,,,public_catalog_cybex|libelleultratravel,https://babylist.pxf.io/c/6560395/1160375/13580?prodsku=3142528&u=https%3A%2F%2Fwww.babylist.com%2Fgp%2Fcybex-libelle-ultra-lightweight-travel-stroller%2F81557%2F3142528&intsrc=CATF_8981,349.95,https://images.ctfassets.net/50gzycvace50/70b1305cad98831bc07eaf4701d7095cf3d90d96e20104e4294877372cb019d2/22b745fbe7f5d2da821f5a02d8b9c5f4/70b1305cad98831bc07eaf4701d7095cf3d90d96e20104e4294877372cb019d2.png?fl=progressive&fm=jpg&bg=rgb:fafafa&w=620&h=620,2026-06-29 23:32:01.418,2026-07-28 20:40:57.588
cybex-melio,Cybex,Melio,CYBEX Melio,"A 13 lb featherweight on a carbon-look frame, up to 55 lb, with a compact fold and full recline. Light enough to carry up stairs one-handed.",,,,,,,https://m.media-amazon.com/images/I/41Qh0C86jJL._SL1000_.jpg,2026-03-22 17:19:43.856,2026-07-20 22:06:22.509
cybex-mios,Cybex,Mios,CYBEX Mios,"The city-slim Cybex: 22.5 lb, up to 55 lb, with a compact one-hand fold, reversible seat and bassinet option. Built for tight sidewalks and small elevators.",,,,product_8981_3045829,https://babylist.pxf.io/c/6560395/1160375/13580?prodsku=3045829&u=https%3A%2F%2Fwww.babylist.com%2Fgp%2Fcybex-mios-stroller%2F81323%2F3045829&intsrc=APIG_8981,899.95,https://images.ctfassets.net/50gzycvace50/2840491b41b1d7af0f0c34ad02522e7f60df1a24d3a888406fe86779c82e1c6d/e740517ee93f26c00c022bc442e6ef5f/2840491b41b1d7af0f0c34ad02522e7f60df1a24d3a888406fe86779c82e1c6d.png?fl=progressive&fm=jpg&bg=rgb:fafafa&w=620&h=620,2026-03-22 17:19:43.856,2026-07-20 22:06:22.516
cmrcjac2400034oz1saq5gbos,Cybex,Priam,Cybex Priam Comfort,"Cybex’s flagship: 28.1 lb, up to 55 lb, with a bassinet option, one-hand fold and the design-forward build the brand is known for. The splurge of the Cybex line.",,,,public_catalog_cybex|priamcomfort,https://babylist.pxf.io/c/6560395/1160375/13580?prodsku=3045817&u=https%3A%2F%2Fwww.babylist.com%2Fgp%2Fcybex-priam-comfort-stroller%2F82563%2F3045817&intsrc=CATF_8981,999.95,https://images.ctfassets.net/50gzycvace50/aa26268ae65d85d36951787a0d185b5995094c74057ba539004547239bf43811/01751ec5b6aedc5c9dea14060d1ac492/aa26268ae65d85d36951787a0d185b5995094c74057ba539004547239bf43811.png?fl=progressive&fm=jpg&bg=rgb:fafafa&w=620&h=620,2026-07-08 20:32:02.188,2026-07-20 22:06:22.523
cmqx8d3tu000h13kp26xfy08m,Delta,Children - Baby Gap 2-In-1 Carriage,Delta Children - Baby Gap 2-In-1 Carriage,A budget 2-in-1 carriage: a pram-style bassinet mode for the newborn months that converts to a toddler seat later.,,,,,,,,2026-06-28 03:29:43.074,2026-07-20 22:06:24.409
cmqx8d3w4000i13kp1oasuckg,Delta,Children - BabyGap Classic,Delta Children - BabyGap Classic,"A simple, affordable everyday stroller — light, easy to fold and priced as a practical first or second stroller.",,,,,,,,2026-06-28 03:29:43.157,2026-07-20 22:06:24.419
cmqx8d3yh000j13kpa32mwzvz,Delta,Children - BabyGap Classic Side-by-Side Double,Delta Children - BabyGap Classic Side-by-Side Double,"A budget side-by-side double: two independent seats on a simple, light frame. The affordable answer for two under two.",,,,,,,,2026-06-28 03:29:43.241,2026-07-20 22:06:24.432
cmqx8d3p1000f13kpf0wm1btn,Delta,Gap Classic Umbrella,Delta Gap Classic Umbrella,"A classic umbrella stroller: barely-there weight, a simple fold and a price that makes it an easy second stroller for the car trunk or grandma’s house.",,,,,,,,2026-06-28 03:29:42.901,2026-07-20 22:06:24.442
cmqx8d3rc000g13kpah1z5xvr,Delta,Jeep Adventureglyde,Delta Jeep Adventureglyde,"A Jeep-branded glider stroller — the front wheels glide rather than jog, so it handles grass and gravel on a budget frame. Not a running stroller.",,,,,,,,2026-06-28 03:29:42.985,2026-07-20 22:06:24.451
cmrcjac6u00054oz1hrcyv105,Delta Children,BabyGap 2-in-1 Carriage,Delta Children BabyGap 2-in-1 Carriage,A budget 2-in-1 carriage: a pram-style bassinet mode for the newborn months that converts to a toddler seat later.,,,,,,,,2026-07-08 20:32:02.359,2026-07-20 22:06:24.345
cmqx8d40r000k13kpnsk722x3,Delta Children,Icon Ultra Everyday & Travel,Delta Children Icon Ultra Everyday & Travel,"Delta’s everyday-and-travel compact: a light frame and simple fold aimed at errands and trips, at an entry-level price.",,,,public_catalog_deltachildren|iconultraeverydayandtravel,https://babylist.pxf.io/c/6560395/1160375/13580?prodsku=2173513&u=https%3A%2F%2Fwww.babylist.com%2Fgp%2Fdelta-children-icon-ultra-compact-lightweight-everyday-travel-stroller%2F58010%2F2173513&intsrc=CATF_8981,199.99,https://images.ctfassets.net/50gzycvace50/4b8886b1b0f7ef39bb9468764e2be344a3a690fbdb007342f2b6978a34e81c60/50464b203d3ee4c991411495ce99131e/4b8886b1b0f7ef39bb9468764e2be344a3a690fbdb007342f2b6978a34e81c60.png?fl=progressive&fm=jpg&bg=rgb:fafafa&w=620&h=620,2026-06-28 03:29:43.324,2026-07-20 22:06:24.351
cmqpqqy70000o7qllnfye7xrc,Delta Children,Jeep Aries,Delta Children Jeep Aries,A budget-friendly Jeep all-terrain stroller — rugged looks and larger wheels without the specialist-jogger price tag.,,,,product_8981_2095382,https://babylist.pxf.io/c/6560395/1160375/13580?prodsku=2095382&u=https%3A%2F%2Fwww.babylist.com%2Fgp%2Fdelta-children-jeep-aries-stroller-wagon%2F55787%2F2095382&intsrc=CATF_8981,399.99,https://images.ctfassets.net/50gzycvace50/8c9ae2ef409cf9f7e61d8b751c9bc736b23e26079172f91218042fc7581c57ef/c588489178827b108a5a88e54d51d2c3/8c9ae2ef409cf9f7e61d8b751c9bc736b23e26079172f91218042fc7581c57ef.png?fl=progressive&fm=jpg&bg=rgb:fafafa&w=620&h=620,2026-06-22 21:42:12.637,2026-07-20 22:06:24.358
cmqx8d431000l13kp93f6chbi,Delta Children,Jeep Sport,Delta Children Jeep Sport,"Jeep-branded all-terrain jogger on a steel frame: big front wheel, up to 50 lb, at a price that undercuts the specialist joggers. A budget way into stroller running.",,,,public_catalog_deltachildren|jeepsport,https://babylist.pxf.io/c/6560395/1160375/13580?prodsku=2095384&u=https%3A%2F%2Fwww.babylist.com%2Fgp%2Fdelta-children-jeep-sport-all-terrain-stroller-wagon%2F55788%2F2095384&intsrc=CATF_8981,249.99,https://images.ctfassets.net/50gzycvace50/86498c51fe447fbdca5e16cf98e3817f2298c227756cdc609160700f9e81545d/e387ee8ed9e83fd1b0ae2790f8fb5242/86498c51fe447fbdca5e16cf98e3817f2298c227756cdc609160700f9e81545d.png?fl=progressive&fm=jpg&bg=rgb:fafafa&w=620&h=620,2026-06-28 03:29:43.405,2026-07-20 22:06:24.365
cmqpqqy9e000p7qlljwy5ov4t,Delta Children,Jeep Sport All-Terrain,Delta Children Jeep Sport All-Terrain,"Jeep-branded all-terrain stroller wagon: 33 lb, 55 lb per seat (110 lb total), a five-position leatherette handlebar that flips between push and pull, plus a canopy and a small mountain of storage. Riders need to sit up on their own, so it is not a from-birth stroller.",,,,product_8981_2095384,https://babylist.pxf.io/c/6560395/1160375/13580?prodsku=2095384&u=https%3A%2F%2Fwww.babylist.com%2Fgp%2Fdelta-children-jeep-sport-all-terrain-stroller-wagon%2F55788%2F2095384&intsrc=CATF_8981,249.99,https://images.ctfassets.net/50gzycvace50/86498c51fe447fbdca5e16cf98e3817f2298c227756cdc609160700f9e81545d/e387ee8ed9e83fd1b0ae2790f8fb5242/86498c51fe447fbdca5e16cf98e3817f2298c227756cdc609160700f9e81545d.png?fl=progressive&fm=jpg&bg=rgb:fafafa&w=620&h=620,2026-06-22 21:42:12.722,2026-07-20 22:06:24.373
cmqpqqybq000q7qll8vj2648r,Delta Children,Jeep Wrangler Deluxe 4 Seater,Delta Children Jeep Wrangler Deluxe 4 Seater,"The deluxe Jeep wagon: seating for two at 55 lb per seat (110 lb total) with dual leatherette handlebars for push or pull. A park-and-errands hauler, not a newborn stroller.",,,,product_8981_2095381,https://babylist.pxf.io/c/6560395/1160375/13580?prodsku=2095381&u=https%3A%2F%2Fwww.babylist.com%2Fgp%2Fdelta-children-jeep-wrangler-deluxe-4-seater-stroller-wagon%2F55786%2F2095381&intsrc=CATF_8981,599.99,https://images.ctfassets.net/50gzycvace50/d5835da4daf8dee4b9ce18e65407bdeafa19804eb1238697251b00fab6ed365c/048d853e62c593e455827692d1a5380a/d5835da4daf8dee4b9ce18e65407bdeafa19804eb1238697251b00fab6ed365c.png?fl=progressive&fm=jpg&bg=rgb:fafafa&w=620&h=620,2026-06-22 21:42:12.806,2026-07-20 22:06:24.384
cmqpqqye3000r7qll9geq88wn,DFY,R1,DFY R1,"Big-stroller features in a compact frame: a reversible seat, a magnetic pop-off back panel and the tallest telescopic handle on the market. 25 lb with the seat on, up to 48 lb, from birth. The basket is rated to 6.6 lb, so it is a diaper bag rather than a grocery run.",,,,product_8981_2473741,https://babylist.pxf.io/c/6560395/1160375/13580?prodsku=2473741&u=https%3A%2F%2Fwww.babylist.com%2Fgp%2Fdfy-r1-stroller%2F74206%2F2473741&intsrc=CATF_8981,650,https://images.ctfassets.net/50gzycvace50/876697f11e2f58076dab717c081f2d4ac56e420afdf3928121b0660a3689240f/b83dc389b1ea3e7f0df0333aab15ecd6/876697f11e2f58076dab717c081f2d4ac56e420afdf3928121b0660a3689240f.png?fl=progressive&fm=jpg&bg=rgb:fafafa&w=620&h=620,2026-06-22 21:42:12.892,2026-07-20 22:06:22.534
cmqpqqygi000s7qllluuleev1,Doona,Liki Trike S3,Doona Liki Trike S3,"A folding tricycle rather than a stroller: push it like a buggy while they are small, then let them pedal. The S3 tops out at 37 lb, so it is a toddler product with a short runway — not a from-birth ride.",,,,product_8981_1068633,https://babylist.pxf.io/c/6560395/1160375/13580?prodsku=1068633&u=https%3A%2F%2Fwww.babylist.com%2Fgp%2Fdoona-liki-trike-s3%2F24560%2F1068633&intsrc=CATF_8981,300,https://images.ctfassets.net/50gzycvace50/cf895c8ca22ebaa2a0690796dbe8ab95d23559115b97520404b13faaca111a9e/0a5d5b132c0dccf4800721249096ef03/cf895c8ca22ebaa2a0690796dbe8ab95d23559115b97520404b13faaca111a9e.png?fl=progressive&fm=jpg&bg=rgb:fafafa&w=620&h=620,2026-06-22 21:42:12.978,2026-07-20 22:06:24.081
egg-stroller,Egg,Egg,Egg Stroller,"A British design-led pram: sculpted styling, a carrycot from birth and a reversible seat, for parents shopping on looks as much as spec.",,,,,,,,2026-03-22 17:19:43.856,2026-07-20 22:06:24.089
cmqx8d45a000m13kp1zi0195v,Ergobaby,Metro 3,Ergobaby Metro 3,"The lightest of the Metros at 16.7 lb, up to 50 lb, with a one-hand fold, near-flat recline and an adjustable handlebar. Carry-on compatible for most airlines, and it works from birth with an infant insert or a car seat.",,,,public_catalog_ergobaby|metro3,https://babylist.pxf.io/c/6560395/1160375/13580?prodsku=2502876&u=https%3A%2F%2Fwww.babylist.com%2Fgp%2Fergobaby-metro-3-compact-stroller%2F74352%2F2502876&intsrc=CATF_8981,399,https://images.ctfassets.net/50gzycvace50/40d82377d07a8330a9c00b18691eb93241e87eeb32606e7c393b0ea785a096f8/53d028070cb3419d6c9bc6bccf0cf883/40d82377d07a8330a9c00b18691eb93241e87eeb32606e7c393b0ea785a096f8.png?fl=progressive&fm=jpg&bg=rgb:fafafa&w=620&h=620,2026-06-28 03:29:43.486,2026-07-20 22:06:22.547
cmqpqqyix000t7qll3hkoln8m,Ergobaby,Metro 3 Compact,Ergobaby Metro 3 Compact,"The lightest of the Metros at 16.7 lb, up to 50 lb, with a one-hand fold, near-flat recline and an adjustable handlebar. Carry-on compatible for most airlines, and it works from birth with an infant insert or a car seat.",,,,product_8981_2502876,https://babylist.pxf.io/c/6560395/1160375/13580?prodsku=2502876&u=https%3A%2F%2Fwww.babylist.com%2Fgp%2Fergobaby-metro-3-compact-stroller%2F74352%2F2502876&intsrc=CATF_8981,399,https://images.ctfassets.net/50gzycvace50/40d82377d07a8330a9c00b18691eb93241e87eeb32606e7c393b0ea785a096f8/53d028070cb3419d6c9bc6bccf0cf883/40d82377d07a8330a9c00b18691eb93241e87eeb32606e7c393b0ea785a096f8.png?fl=progressive&fm=jpg&bg=rgb:fafafa&w=620&h=620,2026-06-22 21:42:13.065,2026-07-20 22:06:22.565
cmqx8d47k000n13kpupmxgatb,Ergobaby,Metro 3 Deluxe Baby,Ergobaby Metro 3 Deluxe Baby,"The lightest of the Metros at 16.7 lb, up to 50 lb, with a one-hand fold, near-flat recline and an adjustable handlebar. Carry-on compatible for most airlines, and it works from birth with an infant insert or a car seat.",,,,,,,,2026-06-28 03:29:43.568,2026-07-20 22:06:22.585
cmqx8d49v000o13kp3v8chfjp,Ergobaby,Metro 3 Travel,Ergobaby Metro 3 Travel,"The lightest of the Metros at 16.7 lb, up to 50 lb, with a one-hand fold, near-flat recline and an adjustable handlebar. Carry-on compatible for most airlines, and it works from birth with an infant insert or a car seat.",,,,,,,,2026-06-28 03:29:43.652,2026-07-20 22:06:22.6
cmqx8d4ek000q13kp25vm8o1q,Ergobaby,Metro+ Deluxe,Ergobaby Metro+ Deluxe,"The travel stroller that folds down for overhead airplane storage: 18.1 lb, up to 50 lb, car-seat compatible and usable from birth with the newborn insert. Airline rules vary, so confirm with yours before you count on the bin.",,,,,,,,2026-06-28 03:29:43.821,2026-07-20 22:06:22.607
cmqx8d4c9000p13kp1a0v0vkk,Ergobaby,Metro+ Deluxe Baby,Ergobaby Metro+ Deluxe Baby,"The travel stroller that folds down for overhead airplane storage: 18.1 lb, up to 50 lb, car-seat compatible and usable from birth with the newborn insert. Airline rules vary, so confirm with yours before you count on the bin.",,,,,,,,2026-06-28 03:29:43.737,2026-07-20 22:06:22.616
cmqx8d4gz000r13kpem7fqdk9,Evenflo,Hummingbird Carbon Fiber,Evenflo Hummingbird Carbon Fiber,"A carbon-fiber lightweight built to be picked up one-handed — the featherweight end of the Evenflo line, for travel days and quick errands.",,,,public_catalog_evenflo|hummingbirdcarbonfiber,https://babylist.pxf.io/c/6560395/1160375/13580?prodsku=2243115&u=https%3A%2F%2Fwww.babylist.com%2Fgp%2Fevenflo-hummingbird-carbon-fiber-lightweight-stroller%2F67156%2F2243115&intsrc=CATF_8981,329.99,https://images.ctfassets.net/50gzycvace50/96fc63a49b1617de366960f5bf1adba69be403ce5f874fe93991548b6b1c4610/b288c97627d372ed45c2ff5c9f29e054/96fc63a49b1617de366960f5bf1adba69be403ce5f874fe93991548b6b1c4610.png?fl=progressive&fm=jpg&bg=rgb:fafafa&w=620&h=620,2026-06-28 03:29:43.907,2026-07-20 22:06:22.636
cmqpqqyl9000u7qllhgs1j0y9,Evenflo,Hummingbird Carbon Fiber Lightweight,Evenflo Hummingbird Carbon Fiber Lightweight,"A carbon-fiber lightweight built to be picked up one-handed — the featherweight end of the Evenflo line, for travel days and quick errands.",,,,product_8981_2243115,https://babylist.pxf.io/c/6560395/1160375/13580?prodsku=2243115&u=https%3A%2F%2Fwww.babylist.com%2Fgp%2Fevenflo-hummingbird-carbon-fiber-lightweight-stroller%2F67156%2F2243115&intsrc=CATF_8981,329.99,https://images.ctfassets.net/50gzycvace50/96fc63a49b1617de366960f5bf1adba69be403ce5f874fe93991548b6b1c4610/b288c97627d372ed45c2ff5c9f29e054/96fc63a49b1617de366960f5bf1adba69be403ce5f874fe93991548b6b1c4610.png?fl=progressive&fm=jpg&bg=rgb:fafafa&w=620&h=620,2026-06-22 21:42:13.15,2026-07-20 22:06:22.65
cmqpqqynm000v7qll5rryi9y4,Evenflo,Pivot Xpand Modular,Evenflo Pivot Xpand Modular,"The value single-to-double: starts as a single, adds a second seat when baby number two arrives, and takes 55 lb per seat on a 30.2 lb frame. Bassinet and car-seat ready from birth, at roughly half the price of the premium convertibles.",,,,product_8981_1465363,https://babylist.pxf.io/c/6560395/1160375/13580?prodsku=1465363&u=https%3A%2F%2Fwww.babylist.com%2Fgp%2Fevenflo-pivot-xpand-modular-stroller%2F25509%2F1465363&intsrc=CATF_8981,439.99,https://images.ctfassets.net/50gzycvace50/47e938028f7f5a092fe2bffbbe1834f40f605ea1ef2f4adb2bc43d8a52d40f09/d4975162eb08b44d8d2138c14b7d42e8/47e938028f7f5a092fe2bffbbe1834f40f605ea1ef2f4adb2bc43d8a52d40f09.png?fl=progressive&fm=jpg&bg=rgb:fafafa&w=620&h=620,2026-06-22 21:42:13.234,2026-07-20 22:06:22.658
cmqpqqypz000w7qllyukuzwt3,Evenflo,Pivot Xpand NXT,Evenflo Pivot Xpand NXT,"The value single-to-double: starts as a single, adds a second seat when baby number two arrives, and takes 55 lb per seat on a 30.2 lb frame. Bassinet and car-seat ready from birth, at roughly half the price of the premium convertibles.",,,,product_8981_3142526,https://babylist.pxf.io/c/6560395/1160375/13580?prodsku=3142526&u=https%3A%2F%2Fwww.babylist.com%2Fgp%2Fevenflo-pivot-xpand-nxt-stroller%2F81556%2F3142526&intsrc=CATF_8981,349.99,https://images.ctfassets.net/50gzycvace50/7533d9592e6849e8d8b03eff79f57e2efe7d728c93acb11f875a7b7ecc33e5d2/d2d52e792316fa73b68f55ac089c63e2/7533d9592e6849e8d8b03eff79f57e2efe7d728c93acb11f875a7b7ecc33e5d2.png?fl=progressive&fm=jpg&bg=rgb:fafafa&w=620&h=620,2026-06-22 21:42:13.32,2026-07-20 22:06:22.674
cmqx8d4jd000s13kpqrw1npfd,Evenflo,Pivot Xplore,Evenflo Pivot Xplore,"The all-terrain stroller wagon: 34.7 lb, seats two at 55 lb each, and pushes or pulls over grass and gravel. Riders need to sit unassisted — it starts around 6 months, not birth.",,,,public_catalog_evenflo|pivotxplore,https://babylist.pxf.io/c/6560395/1160375/13580?prodsku=495146&u=https%3A%2F%2Fwww.babylist.com%2Fgp%2Fevenflo-pivot-xplore-all-terrain-stroller-wagon%2F15595%2F495146&intsrc=CATF_8981,399.99,https://images.ctfassets.net/50gzycvace50/bad00124a89e8ae4931c19589ddd84e553bbd3d9447d8ab05c2806df752ef6a0/00891b8131321f147b8f6e41bfd436ac/bad00124a89e8ae4931c19589ddd84e553bbd3d9447d8ab05c2806df752ef6a0.png?fl=progressive&fm=jpg&bg=rgb:fafafa&w=620&h=620,2026-06-28 03:29:43.994,2026-07-20 22:06:22.743
cmqpqqysc000x7qlln9lo56v7,Evenflo,Pivot Xplore All-Terrain,Evenflo Pivot Xplore All-Terrain,"The all-terrain stroller wagon: 34.7 lb, seats two at 55 lb each, and pushes or pulls over grass and gravel. Riders need to sit unassisted — it starts around 6 months, not birth.",,,,product_8981_495146,https://babylist.pxf.io/c/6560395/1160375/13580?prodsku=495146&u=https%3A%2F%2Fwww.babylist.com%2Fgp%2Fevenflo-pivot-xplore-all-terrain-stroller-wagon%2F15595%2F495146&intsrc=CATF_8981,399.99,https://images.ctfassets.net/50gzycvace50/bad00124a89e8ae4931c19589ddd84e553bbd3d9447d8ab05c2806df752ef6a0/00891b8131321f147b8f6e41bfd436ac/bad00124a89e8ae4931c19589ddd84e553bbd3d9447d8ab05c2806df752ef6a0.png?fl=progressive&fm=jpg&bg=rgb:fafafa&w=620&h=620,2026-06-22 21:42:13.404,2026-07-20 22:06:22.824
cmqpqqyun000y7qllrfo62x6s,Evenflo,Shyft Intuiti+,Evenflo Shyft Intuiti+,"Evenflo’s modular travel system: a true pram mode for the newborn stage that converts to a toddler seat, up to 55 lb, paired with the rotating LiteMax NXT infant seat.",,,,product_8981_2419705,https://babylist.pxf.io/c/6560395/1160375/13580?prodsku=2419705&u=https%3A%2F%2Fwww.babylist.com%2Fgp%2Fevenflo-shyft-intuiti-stroller%2F73004%2F2419705&intsrc=CATF_8981,459.99,https://images.ctfassets.net/50gzycvace50/85054a89bba78723b771adacd9fca50cbd8f0c527a9dc7a8cc5b86da9f9c44b6/42ecbe4a1d67d2f1311cddea82e55649/85054a89bba78723b771adacd9fca50cbd8f0c527a9dc7a8cc5b86da9f9c44b6.png?fl=progressive&fm=jpg&bg=rgb:fafafa&w=620&h=620,2026-06-22 21:42:13.487,2026-07-20 22:06:22.853
cmqpqqyx1000z7qllrfqtanqt,Graco,FastAction Jogger LX,Graco FastAction Jogger LX,"The budget jogger: rubber tires, a locking front wheel and a genuine one-hand fold, up to 50 lb, and it clicks onto a Graco infant seat from birth. The cheapest honest way into stroller running.",,,,product_8981_1816452,https://babylist.pxf.io/c/6560395/1160375/13580?prodsku=1816452&u=https%3A%2F%2Fwww.babylist.com%2Fgp%2Fgraco-fastaction-jogger-lx-stroller%2F17833%2F1816452&intsrc=CATF_8981,219.99,https://images.ctfassets.net/50gzycvace50/e36aea08fc744d1f9a2cbbf9968da4f14ce13835ef4f75a91509233c1ee81014/6b46f2043bb3ebbec801e5b3b02fef50/e36aea08fc744d1f9a2cbbf9968da4f14ce13835ef4f75a91509233c1ee81014.png?fl=progressive&fm=jpg&bg=rgb:fafafa&w=620&h=620,2026-06-22 21:42:13.574,2026-07-20 22:06:22.914
cmqpqqyzg00107qll6evhebby,Graco,Merge,Graco Merge,"A slim, lightweight everyday Graco built for narrow aisles and quick errands rather than all-day outings.",,,,product_8981_2840203,https://babylist.pxf.io/c/6560395/1160375/13580?prodsku=2840203&u=https%3A%2F%2Fwww.babylist.com%2Fgp%2Fgraco-merge-stroller%2F79453%2F2840203&intsrc=CATF_8981,319.99,https://images.ctfassets.net/50gzycvace50/dcdc83158a7a99eccdfbe7fae04e62b477ece23deb21fa5bef3c69e550756d69/425af88e1064df39464629823fd21d97/dcdc83158a7a99eccdfbe7fae04e62b477ece23deb21fa5bef3c69e550756d69.png?fl=progressive&fm=jpg&bg=rgb:fafafa&w=620&h=620,2026-06-22 21:42:13.66,2026-07-20 22:06:22.929
cmqpqqz4600127qll8v8c0pgj,Graco,Modes Nest,Graco Modes Nest,"A modular full-size Graco with infant, bassinet and toddler modes on one frame, up to 50 lb. Covers newborn through preschool without buying a second stroller.",,,,product_8981_1317036,https://babylist.pxf.io/c/6560395/1160375/13580?prodsku=1317036&u=https%3A%2F%2Fwww.babylist.com%2Fgp%2Fgraco-modes-nest-stroller%2F17815%2F1317036&intsrc=CATF_8981,379.99,https://images.ctfassets.net/50gzycvace50/862577ecb8c224d1bd8945675a10b6059bc81c9f6d6b0b8b9979543b09be6bf0/b1ea57b8a06f00a0b9566680e0d973ba/862577ecb8c224d1bd8945675a10b6059bc81c9f6d6b0b8b9979543b09be6bf0.png?fl=progressive&fm=jpg&bg=rgb:fafafa&w=620&h=620,2026-06-22 21:42:13.83,2026-07-20 22:06:22.943
cmqpqqz1t00117qllit3afjt4,Graco,Modes Nest2Grow,Graco Modes Nest2Grow,"Graco’s single-that-becomes-a-double: infant, bassinet and toddler modes, then a second seat when you need it. 50 lb in the front seat and 45 lb in the rear — the affordable answer to the premium convertibles.",,,,product_8981_1111863,https://babylist.pxf.io/c/6560395/1160375/13580?prodsku=1111863&u=https%3A%2F%2Fwww.babylist.com%2Fgp%2Fgraco-modes-nest2grow-stroller%2F24872%2F1111863&intsrc=CATF_8981,479.99,https://images.ctfassets.net/50gzycvace50/660f1b1eb5ba0dac77f86c94b1540e1ffc8204786177097497968add1ad7b1fd/5db0d03120c8672557d23ddcdb811b73/660f1b1eb5ba0dac77f86c94b1540e1ffc8204786177097497968add1ad7b1fd.png?fl=progressive&fm=jpg&bg=rgb:fafafa&w=620&h=620,2026-06-22 21:42:13.745,2026-07-20 22:06:22.956
cmqpqqz6e00137qllmm7ab21k,Graco,Modes Pramette,Graco Modes Pramette,"The pram mode is the point: a true flat bassinet for the newborn months that converts to a toddler seat, up to 50 lb, at a fraction of what a European pram costs.",,,,product_8981_1317042,https://babylist.pxf.io/c/6560395/1160375/13580?prodsku=1317042&u=https%3A%2F%2Fwww.babylist.com%2Fgp%2Fgraco-modes-pramette-stroller%2F17829%2F1317042&intsrc=CATF_8981,249.99,https://images.ctfassets.net/50gzycvace50/666131b9d10a8712cba4c9371dd8f46aeb56695b314c3c1f4f6bbd98236185c7/24c5d2fb21ccfca2b2d11766fa5b3646/666131b9d10a8712cba4c9371dd8f46aeb56695b314c3c1f4f6bbd98236185c7.png?fl=progressive&fm=jpg&bg=rgb:fafafa&w=620&h=620,2026-06-22 21:42:13.91,2026-07-20 22:06:22.963
cmqpqqz8n00147qll7u8ik6vf,Graco,Outpace LX,Graco Outpace LX,"Graco’s all-terrain jogger — bigger wheels and a sturdier frame for gravel paths and running days, at a budget price.",,,,product_8981_1789490,https://babylist.pxf.io/c/6560395/1160375/13580?prodsku=1789490&u=https%3A%2F%2Fwww.babylist.com%2Fgp%2Fgraco-outpace-lx-stroller%2F45759%2F1789490&intsrc=CATF_8981,199.99,https://images.ctfassets.net/50gzycvace50/263696477fbd43809cdd9117458800124765973fb43fcf514327146bbed7a8f5/f8f0eb069e4e25e863a853d25b8c5834/263696477fbd43809cdd9117458800124765973fb43fcf514327146bbed7a8f5.png?fl=progressive&fm=jpg&bg=rgb:fafafa&w=620&h=620,2026-06-22 21:42:13.991,2026-07-20 22:06:22.973
cmqpqqzaw00157qllq4qua86s,Graco,Ready2Grow 2.0 Double,Graco Ready2Grow 2.0 Double,"The tandem workhorse: a dozen riding configurations including a bench and standing platform, 50 lb in front and 40 lb in back, on a 32.4 lb frame. Takes two infant seats, so it works from birth for twins.",,,,product_8981_666765,https://babylist.pxf.io/c/6560395/1160375/13580?prodsku=666765&u=https%3A%2F%2Fwww.babylist.com%2Fgp%2Fgraco-ready2grow-2-0-double-stroller%2F21208%2F666765&intsrc=CATF_8981,299.99,https://images.ctfassets.net/50gzycvace50/65a2a1ad0ad4edde39ae877134706270a0bdf9aedae5280cb1e5ae8c4a9109e7/9d8e8c1950dbe22594a55a4293634140/65a2a1ad0ad4edde39ae877134706270a0bdf9aedae5280cb1e5ae8c4a9109e7.png?fl=progressive&fm=jpg&bg=rgb:fafafa&w=620&h=620,2026-06-22 21:42:14.072,2026-07-20 22:06:22.98
cmqpqqzd900167qlludyh5ta6,Graco,Ready2Grow LX 2.0 Double,Graco Ready2Grow LX 2.0 Double,"The tandem workhorse: a dozen riding configurations including a bench and standing platform, 50 lb in front and 40 lb in back, on a 32.4 lb frame. Takes two infant seats, so it works from birth for twins.",,,,product_8981_666766,https://babylist.pxf.io/c/6560395/1160375/13580?prodsku=666766&u=https%3A%2F%2Fwww.babylist.com%2Fgp%2Fgraco-ready2grow-lx-2-0-double-stroller%2F21209%2F666766&intsrc=CATF_8981,329.99,https://images.ctfassets.net/50gzycvace50/9f6e0dc97904f4c5cfaf772eb581484dd99f6a42652973ee0de5e43a9573c015/0fce16d8bd2e07734490b96030c4a1fd/9f6e0dc97904f4c5cfaf772eb581484dd99f6a42652973ee0de5e43a9573c015.png?fl=progressive&fm=jpg&bg=rgb:fafafa&w=620&h=620,2026-06-22 21:42:14.157,2026-07-20 22:06:22.993
cmqx8d4ls000t13kpnjml7roe,Graco,Ready2Jet,Graco Ready2Jet,Graco’s travel compact: a small fold and light frame built for airports and car trunks rather than daily neighbourhood miles.,,,,public_catalog_graco|ready2jet,https://babylist.pxf.io/c/6560395/1160375/13580?prodsku=2022705&u=https%3A%2F%2Fwww.babylist.com%2Fgp%2Fgraco-ready2jet-compact-stroller%2F54551%2F2022705&intsrc=CATF_8981,189.99,https://images.ctfassets.net/50gzycvace50/58fec16f81092dcf03108503b6aa0c7a5357d2f2ea458679c1cd1d23cb65694d/bd0db0a624d7e84c1800e3375ed93c10/58fec16f81092dcf03108503b6aa0c7a5357d2f2ea458679c1cd1d23cb65694d.png?fl=progressive&fm=jpg&bg=rgb:fafafa&w=620&h=620,2026-06-28 03:29:44.08,2026-07-20 22:06:22.999
cmqpqqzfn00177qll3ou9gfkg,Graco,Ready2Jet Compact,Graco Ready2Jet Compact,Graco’s travel compact: a small fold and light frame built for airports and car trunks rather than daily neighbourhood miles.,,,,product_8981_2022705,https://babylist.pxf.io/c/6560395/1160375/13580?prodsku=2022705&u=https%3A%2F%2Fwww.babylist.com%2Fgp%2Fgraco-ready2jet-compact-stroller%2F54551%2F2022705&intsrc=CATF_8981,189.99,https://images.ctfassets.net/50gzycvace50/58fec16f81092dcf03108503b6aa0c7a5357d2f2ea458679c1cd1d23cb65694d/bd0db0a624d7e84c1800e3375ed93c10/58fec16f81092dcf03108503b6aa0c7a5357d2f2ea458679c1cd1d23cb65694d.png?fl=progressive&fm=jpg&bg=rgb:fafafa&w=620&h=620,2026-06-22 21:42:14.244,2026-07-20 22:06:23.007
cmqx8d4o5000u13kpbtkfe121,Guava Family,Roam,Guava Family Roam,"A jogger that folds like a travel stroller: the 3D nesting fold packs down about half the size of a normal running stroller without pulling the wheels off. 28.5 lb, up to 60 lb. It folds small, but it is too big to carry on — plan to gate-check it.",,,,public_catalog_guavafamily|roam,https://babylist.pxf.io/c/6560395/1160375/13580?prodsku=824315&u=https%3A%2F%2Fwww.babylist.com%2Fgp%2Fguava-family-roam-jogging-stroller%2F22302%2F824315&intsrc=CATF_8981,649.95,https://images.ctfassets.net/50gzycvace50/77a20ca132a150b7ee2281afd30d0d18059b22eb1b5d2d8297fd64394a2c1018/e0081d308e04c81bd6ab9993f50d2128/77a20ca132a150b7ee2281afd30d0d18059b22eb1b5d2d8297fd64394a2c1018.png?fl=progressive&fm=jpg&bg=rgb:fafafa&w=620&h=620,2026-06-28 03:29:44.165,2026-07-20 22:06:23.017
cmqpqqzhz00187qllpp2cly4t,Guava Family,Roam Jogging,Guava Family Roam Jogging,"A jogger that folds like a travel stroller: the 3D nesting fold packs down about half the size of a normal running stroller without pulling the wheels off. 28.5 lb, up to 60 lb. It folds small, but it is too big to carry on — plan to gate-check it.",,,,product_8981_824315,https://babylist.pxf.io/c/6560395/1160375/13580?prodsku=824315&u=https%3A%2F%2Fwww.babylist.com%2Fgp%2Fguava-family-roam-jogging-stroller%2F22302%2F824315&intsrc=CATF_8981,649.95,https://images.ctfassets.net/50gzycvace50/77a20ca132a150b7ee2281afd30d0d18059b22eb1b5d2d8297fd64394a2c1018/e0081d308e04c81bd6ab9993f50d2128/77a20ca132a150b7ee2281afd30d0d18059b22eb1b5d2d8297fd64394a2c1018.png?fl=progressive&fm=jpg&bg=rgb:fafafa&w=620&h=620,2026-06-22 21:42:14.328,2026-07-20 22:06:23.03
cmqpqqzkh00197qllrgn27fpl,Ingenuity,3DSuite Modular,Ingenuity 3DSuite Modular,"A budget modular: bassinet, infant-seat and toddler configurations on one frame, aimed at parents who want the convertible format without the convertible price.",,,,product_8981_3004828,https://babylist.pxf.io/c/6560395/1160375/13580?prodsku=3004828&u=https%3A%2F%2Fwww.babylist.com%2Fgp%2Fingenuity-3dsuite-modular-stroller-with-reversible-seat%2F81266%2F3004828&intsrc=CATF_8981,229.99,https://images.ctfassets.net/50gzycvace50/9cac018de581175a7d03a9b1cbc2f19231d4d40bf1ba657b2406dcfb28bbc288/e8445be5d32fe848c8f3253a48334fa7/9cac018de581175a7d03a9b1cbc2f19231d4d40bf1ba657b2406dcfb28bbc288.png?fl=progressive&fm=jpg&bg=rgb:fafafa&w=620&h=620,2026-06-22 21:42:14.417,2026-07-20 22:06:23.042
cmqpqqzmv001a7qllu2cdnmm6,Inglesina,Quid³,Inglesina Quid³,"Fourteen pounds, folds to roughly the size of a backpack and fits most overhead bins. Up to 50 lb, but it starts around 3 months rather than birth — a second stroller for travel, not a first stroller.",,,,product_8981_2514364,https://babylist.pxf.io/c/6560395/1160375/13580?prodsku=2514364&u=https%3A%2F%2Fwww.babylist.com%2Fgp%2Finglesina-quid-stroller%2F74915%2F2514364&intsrc=CATF_8981,399,https://images.ctfassets.net/50gzycvace50/3158edfea4c7d764213579480649c66000e589d53d9273615365d659a46c7a7d/dc39fa788c6be29c03e9fca5903a6573/3158edfea4c7d764213579480649c66000e589d53d9273615365d659a46c7a7d.png?fl=progressive&fm=jpg&bg=rgb:fafafa&w=620&h=620,2026-06-22 21:42:14.503,2026-07-20 22:06:23.055
cmqpqqzue001d7qlle1lf876r,Joie,Caraway Whirl,Joie Caraway Whirl,"Joie builds practical, well-priced everyday strollers — the sensible middle ground between bargain-bin and boutique.",,,,product_8981_2719337,https://babylist.pxf.io/c/6560395/1160375/13580?prodsku=2719337&u=https%3A%2F%2Fwww.babylist.com%2Fgp%2Fjoie-caraway-whirl-stroller%2F77688%2F2719337&intsrc=CATF_8981,299.99,https://images.ctfassets.net/50gzycvace50/1d26e75b80d8e486ca199b7205811f7d44f317a6e36f77304284d97578b4ad45/dd957a4787561aaa5b8bd331e3dd59a4/1d26e75b80d8e486ca199b7205811f7d44f317a6e36f77304284d97578b4ad45.png?fl=progressive&fm=jpg&bg=rgb:fafafa&w=620&h=620,2026-06-22 21:42:14.775,2026-07-20 22:06:23.065
cmqzur4zj0002eqf6kprqqkxh,Joie,Chive,Joie Chive,"A single that becomes a double with more than 20 seating modes, 50 lb per seat (100 lb total), and a 2-in-1 carry cot for the newborn stage. Note the rear seat drops to 35 lb when it faces you.",,,,public_catalog_joie|chive,https://babylist.pxf.io/c/6560395/1160375/13580?prodsku=2460587&u=https%3A%2F%2Fwww.babylist.com%2Fgp%2Fjoie-chive-single-to-double-stroller%2F74114%2F2460587&intsrc=CATF_8981,499.99,https://images.ctfassets.net/50gzycvace50/2767ca33f63bdb48d1dded94dddc8a372e31aa8cf0166650236aee23184a3a6b/088d437ff86be9aa7ff2aa2084d96ddd/2767ca33f63bdb48d1dded94dddc8a372e31aa8cf0166650236aee23184a3a6b.png?fl=progressive&fm=jpg&bg=rgb:fafafa&w=620&h=620,2026-06-29 23:32:01.663,2026-07-20 22:06:23.072
cmqpqqzwq001e7qlllftz668x,Joie,Chive Single to Double,Joie Chive Single to Double,"A single that becomes a double with more than 20 seating modes, 50 lb per seat (100 lb total), and a 2-in-1 carry cot for the newborn stage. Note the rear seat drops to 35 lb when it faces you.",,,,product_8981_2460587,https://babylist.pxf.io/c/6560395/1160375/13580?prodsku=2460587&u=https%3A%2F%2Fwww.babylist.com%2Fgp%2Fjoie-chive-single-to-double-stroller%2F74114%2F2460587&intsrc=CATF_8981,499.99,https://images.ctfassets.net/50gzycvace50/2767ca33f63bdb48d1dded94dddc8a372e31aa8cf0166650236aee23184a3a6b/088d437ff86be9aa7ff2aa2084d96ddd/2767ca33f63bdb48d1dded94dddc8a372e31aa8cf0166650236aee23184a3a6b.png?fl=progressive&fm=jpg&bg=rgb:fafafa&w=620&h=620,2026-06-22 21:42:14.858,2026-07-20 22:06:23.079
joie-ginger,Joie,Ginger,Joie Ginger,"Joie builds practical, well-priced everyday strollers — the sensible middle ground between bargain-bin and boutique.",,,,product_8981_2719299,https://babylist.pxf.io/c/6560395/1160375/13580?prodsku=2719299&u=https%3A%2F%2Fwww.babylist.com%2Fgp%2Fjoie-ginger-dlx-stroller%2F77672%2F2719299&intsrc=APIG_8981,399.99,https://images.ctfassets.net/50gzycvace50/7edf4e277890304b6fe001db8e12d5033856b7f8cee1463d20d9ec62e41e82a9/ab799463c346ea077acc1ed4c96529cf/7edf4e277890304b6fe001db8e12d5033856b7f8cee1463d20d9ec62e41e82a9.png?fl=progressive&fm=jpg&bg=rgb:fafafa&w=620&h=620,2026-03-22 17:19:43.856,2026-07-20 22:06:23.087
cmqpqqzz2001f7qll782dxn8x,Joie,Ginger DLX,Joie Ginger DLX,"Joie builds practical, well-priced everyday strollers — the sensible middle ground between bargain-bin and boutique.",,,,product_8981_2719301,https://babylist.pxf.io/c/6560395/1160375/13580?prodsku=2719301&u=https%3A%2F%2Fwww.babylist.com%2Fgp%2Fjoie-ginger-dlx-stroller%2F77672%2F2719301&intsrc=CATF_8981,399.99,https://images.ctfassets.net/50gzycvace50/2fa609494b6a150863e73bc4c0ddfa309f7ba04e5eb823e2076149579a8dd687/04a91ca79e0340cd5ad186f49df2a0f5/2fa609494b6a150863e73bc4c0ddfa309f7ba04e5eb823e2076149579a8dd687.png?fl=progressive&fm=jpg&bg=rgb:fafafa&w=620&h=620,2026-06-22 21:42:14.943,2026-07-20 22:06:23.094
joie-hazel,Joie,Hazel,Joie Hazel,"Joie builds practical, well-priced everyday strollers — the sensible middle ground between bargain-bin and boutique.",,,,,,,,2026-03-22 17:19:43.856,2026-07-20 22:06:23.101
joie-kava,Joie,Kava,Joie Kava,"Joie builds practical, well-priced everyday strollers — the sensible middle ground between bargain-bin and boutique.",,,,product_8981_2254719,https://babylist.pxf.io/c/6560395/1160375/13580?prodsku=2254719&u=https%3A%2F%2Fwww.babylist.com%2Fgp%2Fjoie-kava-stroller%2F68268%2F2254719&intsrc=APIG_8981,399.99,https://images.ctfassets.net/50gzycvace50/c90262be098e9fe0479109ba8690a65efe3813c8011ba1c0a1e25d12c6271aa5/afa9cba830b087a61aafb182d6481e84/c90262be098e9fe0479109ba8690a65efe3813c8011ba1c0a1e25d12c6271aa5.png?fl=progressive&fm=jpg&bg=rgb:fafafa&w=620&h=620,2026-03-22 17:19:43.856,2026-07-20 22:06:23.109
joie-nutmeg,Joie,Nutmeg,Joie Nutmeg,"Joie builds practical, well-priced everyday strollers — the sensible middle ground between bargain-bin and boutique.",,,,product_8981_2868251,https://babylist.pxf.io/c/6560395/1160375/13580?prodsku=2868251&u=https%3A%2F%2Fwww.babylist.com%2Fgp%2Fjoie-nutmeg-and-mint-latch%2F79578%2F2868251&intsrc=APIG_8981,499.99,https://images.ctfassets.net/50gzycvace50/dab6b6d543d9044559ec5e6301a814be6f0cc680c242084248cf9d4371906783/c542ef97061582694e72c7ffde448c87/dab6b6d543d9044559ec5e6301a814be6f0cc680c242084248cf9d4371906783.png?fl=progressive&fm=jpg&bg=rgb:fafafa&w=620&h=620,2026-03-22 17:19:43.856,2026-07-20 22:06:23.115
cmqpqr01g001g7qllq1h0gki6,Joie,Poppy Whirl,Joie Poppy Whirl,"Joie builds practical, well-priced everyday strollers — the sensible middle ground between bargain-bin and boutique.",,,,product_8981_2719308,https://babylist.pxf.io/c/6560395/1160375/13580?prodsku=2719308&u=https%3A%2F%2Fwww.babylist.com%2Fgp%2Fjoie-poppy-whirl%2F77676%2F2719308&intsrc=CATF_8981,449.99,https://images.ctfassets.net/50gzycvace50/d5e381710a1b4e138e599a92b0c8e3129c570c752c293229b093301e6109bb09/e1fb03620dbf57692ea35f5e6132c961/d5e381710a1b4e138e599a92b0c8e3129c570c752c293229b093301e6109bb09.png?fl=progressive&fm=jpg&bg=rgb:fafafa&w=620&h=620,2026-06-22 21:42:15.028,2026-07-20 22:06:23.121
joie-rosemary,Joie,Rosemary,Joie Rosemary,"Joie builds practical, well-priced everyday strollers — the sensible middle ground between bargain-bin and boutique.",,,,product_8981_2868254,https://babylist.pxf.io/c/6560395/1160375/13580?prodsku=2868254&u=https%3A%2F%2Fwww.babylist.com%2Fgp%2Fjoie-rosemary-double-stroller%2F68267%2F2868254&intsrc=APIG_8981,299.99,https://images.ctfassets.net/50gzycvace50/8beb80e3649e147748708bfb7ae5d8b20d23111dd3f510d6843b31bbad26cd12/01f7f1d70f4fc16ec946404843945fb2/8beb80e3649e147748708bfb7ae5d8b20d23111dd3f510d6843b31bbad26cd12.png?fl=progressive&fm=jpg&bg=rgb:fafafa&w=620&h=620,2026-03-22 17:19:43.856,2026-07-20 22:06:23.128
cmqpqr03q001h7qllcisvxenc,Joie,Rosemary Double,Joie Rosemary Double,"Joie’s side-by-side double: two independent seats on a frame narrow enough for most doorways, without the convertible-stroller price.",,,,product_8981_2254718,https://babylist.pxf.io/c/6560395/1160375/13580?prodsku=2254718&u=https%3A%2F%2Fwww.babylist.com%2Fgp%2Fjoie-rosemary-double-stroller%2F68267%2F2254718&intsrc=CATF_8981,299.99,https://images.ctfassets.net/50gzycvace50/dda05ccade0d5ed46d913096e6cd452e90630c98389fb82323551884dca9d189/0f2dfb0f1034629a6b1243087c57e937/dda05ccade0d5ed46d913096e6cd452e90630c98389fb82323551884dca9d189.png?fl=progressive&fm=jpg&bg=rgb:fafafa&w=620&h=620,2026-06-22 21:42:15.111,2026-07-20 22:06:23.15
joie-tansy,Joie,Tansy,Joie Tansy,"Joie builds practical, well-priced everyday strollers — the sensible middle ground between bargain-bin and boutique.",,,,product_8981_2038042,https://babylist.pxf.io/c/6560395/1160375/13580?prodsku=2038042&u=https%3A%2F%2Fwww.babylist.com%2Fgp%2Fjoie-baby-tansy-stroller%2F54927%2F2038042&intsrc=APIG_8981,99.99,https://images.ctfassets.net/50gzycvace50/8e4e7b882dcf100a31ed1f6ee382804c6af699a9de3bbe2c6d5e67435e016a03/215847de4304957b742b9856b4da2f22/8e4e7b882dcf100a31ed1f6ee382804c6af699a9de3bbe2c6d5e67435e016a03.png?fl=progressive&fm=jpg&bg=rgb:fafafa&w=620&h=620,2026-03-22 17:19:43.856,2026-07-20 22:06:23.171
joolz-aer-plus,Joolz,Aer+,Joolz Aer+,"13.2 lb, folds to cabin size and lands in the overhead bin on most airlines. Up to 50 lb, with an 11 lb basket, and a from-birth cot sold separately. The travel stroller people actually keep using at home.",,,,product_8981_2575186,https://babylist.pxf.io/c/6560395/1160375/13580?prodsku=2575186&u=https%3A%2F%2Fwww.babylist.com%2Fgp%2Fjoolz-aer2-stroller%2F75214%2F2575186&intsrc=APIG_8981,579,https://images.ctfassets.net/50gzycvace50/4646c3db168ffdfdf446be3363dc9dc01e090e720d56489f2f2ce6091b11cb2b/97c0100213449c03c6d3244b07391f3c/4646c3db168ffdfdf446be3363dc9dc01e090e720d56489f2f2ce6091b11cb2b.png?fl=progressive&fm=jpg&bg=rgb:fafafa&w=620&h=620,2026-03-22 17:19:43.856,2026-07-20 22:06:23.194
cmqpqr063001i7qllm67qnr96,Joolz,Aer2,Joolz Aer2,"13.2 lb, folds to cabin size and lands in the overhead bin on most airlines. Up to 50 lb, with an 11 lb basket, and a from-birth cot sold separately. The travel stroller people actually keep using at home.",,,,product_8981_3142547,https://babylist.pxf.io/c/6560395/1160375/13580?prodsku=3142547&u=https%3A%2F%2Fwww.babylist.com%2Fgp%2Fjoolz-aer2-stroller%2F75214%2F3142547&intsrc=CATF_8981,579,https://images.ctfassets.net/50gzycvace50/10684b303a9acd48c18478a4924b92a9f3563824b382a5eec89ae8fcc23c9c3f/8b6a542311e6a0e62321fb8d02c05eb0/10684b303a9acd48c18478a4924b92a9f3563824b382a5eec89ae8fcc23c9c3f.png?fl=progressive&fm=jpg&bg=rgb:fafafa&w=620&h=620,2026-06-22 21:42:15.195,2026-07-20 22:06:23.205
joolz-day,Joolz,Day,Joolz Day,"The Dutch pram silhouette with a bassinet included: 29.5 lb complete, up to 48 lb, big wheels and an upright seat height that brings baby closer to you. An 11 lb basket.",,,,product_8981_842284,https://babylist.pxf.io/c/6560395/1160375/13580?prodsku=842284&u=https%3A%2F%2Fwww.babylist.com%2Fgp%2Fjoolz-day-complete-stroller%2F22381%2F842284&intsrc=APIG_8981,1099,https://images.ctfassets.net/50gzycvace50/dbb1c876f0622cde93cd7eca710f3cc2a6938337029dce814ac4ef45b0bc1586/d91292409c6bee4fc8d7a36283aac654/dbb1c876f0622cde93cd7eca710f3cc2a6938337029dce814ac4ef45b0bc1586.png?fl=progressive&fm=jpg&bg=rgb:fafafa&w=620&h=620,2026-03-22 17:19:43.856,2026-07-20 22:06:23.213
cms532ddz0003fa3s5rdd7y8m,Joolz,Day+,Joolz Day+,,,,,public_catalog_joolz|day+,https://babylist.pxf.io/c/6560395/1160375/13580?prodsku=842287&u=https%3A%2F%2Fwww.babylist.com%2Fgp%2Fjoolz-day-complete-stroller%2F22381%2F842287&intsrc=CATF_8981,1099,https://images.ctfassets.net/50gzycvace50/4e1230691d5a95fcdd1750babd67ed8b4130622e0c05944ca283a169f2025c7e/1a0959a6bf29075c13f37a9e398636a0/4e1230691d5a95fcdd1750babd67ed8b4130622e0c05944ca283a169f2025c7e.png?fl=progressive&fm=jpg&bg=rgb:fafafa&w=620&h=620,2026-07-28 20:03:15.911,2026-07-28 20:03:15.911
cmqx8d4v9000x13kp4ryugipd,Joolz,Dot Ultra Travel,Joolz Dot Ultra Travel,"A compact Joolz built for travel days — small fold, light frame, easy to live with away from home.",,,,,,,,2026-06-28 03:29:44.421,2026-07-20 22:06:23.222
joolz-geo,Joolz,Geo,Joolz Geo,"The all-terrain Joolz and the one to pick if you actually load a stroller up: a 33 lb basket limit, bigger wheels, and a bassinet from birth. 28.7 lb, up to 48 lb, and it converts to a twin.",,,,product_8981_842284,https://babylist.pxf.io/c/6560395/1160375/13580?prodsku=842284&u=https%3A%2F%2Fwww.babylist.com%2Fgp%2Fjoolz-day-complete-stroller%2F22381%2F842284&intsrc=APIG_8981,1099,https://images.ctfassets.net/50gzycvace50/dbb1c876f0622cde93cd7eca710f3cc2a6938337029dce814ac4ef45b0bc1586/d91292409c6bee4fc8d7a36283aac654/dbb1c876f0622cde93cd7eca710f3cc2a6938337029dce814ac4ef45b0bc1586.png?fl=progressive&fm=jpg&bg=rgb:fafafa&w=620&h=620,2026-03-22 17:19:43.856,2026-07-20 22:06:23.231
cmr11h2gp00025u5o8yyyjpsy,Joolz,Hub2,Joolz Hub2,"Joolz sized for the city: 19.4 lb with a reversible seat, one-hand fold and an XL basket, slotting between a compact and a full-size pram.",,,,,,,,2026-06-30 19:27:55.322,2026-07-20 22:06:23.242
joovy-caboose-s,Joovy,Caboose S,Joovy Caboose S,"The sit-and-stand answer to two kids at different ages: a proper seat in front, a bench and standing platform behind. 29 lb, 45 lb per seat (90 lb total), and far narrower than a side-by-side.",,,,,,,,2026-06-15 20:33:14.735,2026-07-20 22:06:24.097
joovy-caboose-ultralight-graphite,Joovy,Caboose Ultralight Graphite,Joovy Caboose Ultralight Graphite,"The sit-and-stand answer to two kids at different ages: a proper seat in front, a bench and standing platform behind. 29 lb, 45 lb per seat (90 lb total), and far narrower than a side-by-side.",,,,,,,,2026-06-15 20:33:14.735,2026-07-20 22:06:24.104
joovy-qool,Joovy,Qool,Joovy Qool,"Configures as a single, double or triple — one of the few strollers that genuinely handles three kids. 30.6 lb, 55 lb per seat (135 lb total), with bassinet and car-seat options from birth.",,,,,,,,2026-06-15 20:33:14.735,2026-07-20 22:06:24.109
joovy-twin-roo-plus,Joovy,Twin Roo+,Joovy Twin Roo+,"A twin frame built to carry two infant car seats and nothing else — light, narrow and cheap next to a full twin travel system, for the newborn months only.",,,,,,,,2026-06-15 20:33:14.735,2026-07-20 22:06:24.116
cmqpqr0au001k7qll71z91bkj,Larktale,Caravan Coupe Quad,Larktale Caravan Coupe Quad,"The four-seater wagon: room for a whole crew at 65 lb per seat, with a one-hand compact fold that still fits a trunk. From 6 months, once riders can sit on their own.",,,,product_8981_1965831,https://babylist.pxf.io/c/6560395/1160375/13580?prodsku=1965831&u=https%3A%2F%2Fwww.babylist.com%2Fgp%2Flarktale-caravan-coupe-quad-stroller-wagon%2F52214%2F1965831&intsrc=CATF_8981,749.99,https://images.ctfassets.net/50gzycvace50/4508e0c54a6f25a4976b4a091621da86f7df48a68375e8d7e757f1c812bcbb32/3e4f670c2bc0ac6d095398cd106c0469/4508e0c54a6f25a4976b4a091621da86f7df48a68375e8d7e757f1c812bcbb32.png?fl=progressive&fm=jpg&bg=rgb:fafafa&w=620&h=620,2026-06-22 21:42:15.366,2026-07-20 22:06:23.251
cmqpqr0d4001l7qll72k5gj7h,Larktale,Caravan Coupe V2,Larktale Caravan Coupe V2,"A stroller-wagon hybrid that pushes like a stroller instead of dragging like a wagon: 65 lb per seat, 152 lb total, and a genuinely compact fold. From 6 months.",,,,product_8981_1965826,https://babylist.pxf.io/c/6560395/1160375/13580?prodsku=1965826&u=https%3A%2F%2Fwww.babylist.com%2Fgp%2Flarktale-caravan-coupe-v2-stroller-wagon%2F52213%2F1965826&intsrc=CATF_8981,649.99,https://images.ctfassets.net/50gzycvace50/e576240ac6c1d80052b5d3efa4202b6de2e38ca2792991828d7eabd0704dc162/40788596dfebb0838bc5b7d023cde3cd/e576240ac6c1d80052b5d3efa4202b6de2e38ca2792991828d7eabd0704dc162.png?fl=progressive&fm=jpg&bg=rgb:fafafa&w=620&h=620,2026-06-22 21:42:15.448,2026-07-20 22:06:23.258
cmqpqr0fr001m7qllwzvj6bnn,Larktale,Caravan Quad,Larktale Caravan Quad,"The four-seater wagon: room for a whole crew at 65 lb per seat, with a one-hand compact fold that still fits a trunk. From 6 months, once riders can sit on their own.",,,,product_8981_1965825,https://babylist.pxf.io/c/6560395/1160375/13580?prodsku=1965825&u=https%3A%2F%2Fwww.babylist.com%2Fgp%2Flarktale-caravan-quad-stroller-wagon%2F52212%2F1965825&intsrc=CATF_8981,849.99,https://images.ctfassets.net/50gzycvace50/05d40b42df29af96ebe22c75484ddf2b924f68d38cf8d271679d6e3353f956ec/05bc3fb1c123c70b3312518cb1a6a4af/05d40b42df29af96ebe22c75484ddf2b924f68d38cf8d271679d6e3353f956ec.png?fl=progressive&fm=jpg&bg=rgb:fafafa&w=620&h=620,2026-06-22 21:42:15.543,2026-07-20 22:06:23.268
cmqx8d4xj000y13kp8g65kbr1,Maxi-Cosi,Fame Modular,Maxi-Cosi Fame Modular,"A modular Maxi-Cosi built to take a bassinet and an infant seat on the same chassis, aimed at parents who want one frame to cover the whole stretch.",,,,,,,,2026-06-28 03:29:44.503,2026-07-20 22:06:23.281
maxi-cosi-lila,Maxi-Cosi,Lila,Maxi-Cosi Lila,"The all-in-one that grows sideways: 28 lb, up to 50 lb, and a Duo seat kit turns it into a double when baby number two arrives. Bassinet and car-seat ready from birth.",,,,,,,,2026-06-15 20:33:14.735,2026-07-20 22:06:23.288
cmqpqr0kg001o7qll8qrtlpwj,Maxi-Cosi,Oxford Cabin Travel,Maxi-Cosi Oxford Cabin Travel,"16 lb, one-hand fold, and sized to the IATA carry-on recommendation so it goes in the overhead bin on most airlines. Up to 50 lb and 45"" tall, so it lasts well past the travel-stroller years.",,,,product_8981_2848465,https://babylist.pxf.io/c/6560395/1160375/13580?prodsku=2848465&u=https%3A%2F%2Fwww.babylist.com%2Fgp%2Fmaxi-cosi-oxford-cabin-travel-stroller%2F79503%2F2848465&intsrc=CATF_8981,399.99,https://images.ctfassets.net/50gzycvace50/27c7482cf6c4917f671b3885f5b801aa9f8ec13761fd36356994a1e1ca161589/a87d72d9da0392cda644a22e1acd952d/27c7482cf6c4917f671b3885f5b801aa9f8ec13761fd36356994a1e1ca161589.png?fl=progressive&fm=jpg&bg=rgb:fafafa&w=620&h=620,2026-06-22 21:42:15.713,2026-07-20 22:06:23.294
maxi-cosi-tayla,Maxi-Cosi,Tayla,Maxi-Cosi Tayla,"A 5-in-1 modular: bassinet, infant seat and toddler modes on one 26.2 lb frame, up to 50 lb, with a 25 lb basket that handles a real grocery run. Covers birth through toddler without a second purchase.",,,,product_8981_1677207,https://babylist.pxf.io/c/6560395/1160375/13580?prodsku=1677207&u=https%3A%2F%2Fwww.babylist.com%2Fgp%2Fmaxi-cosi-tayla-max-modular-stroller%2F44325%2F1677207&intsrc=APIG_8981,499.99,https://images.ctfassets.net/50gzycvace50/00a9c04be12ef4c5b5655488ebaafabd8b6f7c8ab1b775a10b8a811b3a32764d/c3ba8e10ff94ec362249523de40901c7/00a9c04be12ef4c5b5655488ebaafabd8b6f7c8ab1b775a10b8a811b3a32764d.png?fl=progressive&fm=jpg&bg=rgb:fafafa&w=620&h=620,2026-06-15 20:33:14.735,2026-07-20 22:06:23.301
cmqpqr0mr001p7qll44id4ncr,Maxi-Cosi,Tayla Max Modular,Maxi-Cosi Tayla Max Modular,"A 5-in-1 modular: bassinet, infant seat and toddler modes on one 26.2 lb frame, up to 50 lb, with a 25 lb basket that handles a real grocery run. Covers birth through toddler without a second purchase.",,,,product_8981_1677207,https://babylist.pxf.io/c/6560395/1160375/13580?prodsku=1677207&u=https%3A%2F%2Fwww.babylist.com%2Fgp%2Fmaxi-cosi-tayla-max-modular-stroller%2F44325%2F1677207&intsrc=CATF_8981,499.99,https://images.ctfassets.net/50gzycvace50/00a9c04be12ef4c5b5655488ebaafabd8b6f7c8ab1b775a10b8a811b3a32764d/c3ba8e10ff94ec362249523de40901c7/00a9c04be12ef4c5b5655488ebaafabd8b6f7c8ab1b775a10b8a811b3a32764d.png?fl=progressive&fm=jpg&bg=rgb:fafafa&w=620&h=620,2026-06-22 21:42:15.796,2026-07-20 22:06:23.308
cmqx8d4zv000z13kphx33yzvr,Mercedes,Amg Gt² Single,Mercedes Amg Gt² Single,"A licensed Mercedes-branded stroller — design-led styling and premium finishes, aimed at parents who want the badge on the pram too.",,,,,,,,2026-06-28 03:29:44.588,2026-07-20 22:06:23.316
cmqx8d527001013kpg5wgthx0,Mercedes,Performance Single,Mercedes Performance Single,"A licensed Mercedes-branded stroller — design-led styling and premium finishes, aimed at parents who want the badge on the pram too.",,,,,,,,2026-06-28 03:29:44.671,2026-07-20 22:06:23.322
mima-creo,Mima,Creo,Mima Creo,Mima’s more practical modular: the design language of the Xari on a frame built around everyday use and a bassinet from birth.,,,,,,,https://www.macrobaby.com/cdn/shop/files/mima-creo-single-stroller-black_image_1_1200x.jpg?v=1776446687,2026-03-22 17:19:43.856,2026-07-20 22:06:23.33
cmqx8d54j001113kpk34atiq8,Mima,Miro,Mima Miro,"A lighter, city-sized Mima for parents who want the look without the full pram footprint.",,,,,,,,2026-06-28 03:29:44.755,2026-07-20 22:06:23.337
mima-xari,Mima,Xari,Mima Xari,"The sculpted one people buy on looks — and it earns it, with a bassinet that converts to a seat and a genuinely distinctive silhouette. 29.5 lb, but note the capacity tops out around 39 lb, lower than most rivals, so it ages out sooner.",,,,,,,,2026-03-22 17:19:43.856,2026-07-20 22:06:23.345
cmr11h31s00055u5ox2jhaz79,Mima,Xari Max,Mima Xari Max,"The sculpted one people buy on looks — and it earns it, with a bassinet that converts to a seat and a genuinely distinctive silhouette. 29.5 lb, but note the capacity tops out around 39 lb, lower than most rivals, so it ages out sooner.",,,,,,,https://www.macrobaby.com/cdn/shop/files/mima-xari-max-stroller-black-chassis-black-seat-box-black-starter-pack_image_1_1200x.jpg?v=1772352737,2026-06-30 19:27:56.08,2026-07-20 22:06:23.353
mima-xari-sport,Mima,Xari Sport,Mima Xari Sport,"The sculpted one people buy on looks — and it earns it, with a bassinet that converts to a seat and a genuinely distinctive silhouette. 29.5 lb, but note the capacity tops out around 39 lb, lower than most rivals, so it ages out sooner.",,,,,,,,2026-06-15 20:33:14.735,2026-07-20 22:06:23.36
mima-zigi,Mima,Zigi,Mima Zigi,"17.2 lb with a compact fold most airlines accept as cabin luggage, up to 48 lb. Mima styling in a travel frame — check with your airline before you count on the bin.",,,,,,,,2026-03-22 17:19:43.856,2026-07-20 22:06:23.37
cmqpqr0p5001q7qllhayemg9s,Mockingbird,Single,Mockingbird Single,"27 lb, up to 50 lb, with a reversible seat, bassinet mode and an XL basket rated to 25 lb — most of a boutique stroller’s feature list at roughly half the boutique price.",,,,product_8981_2715251,https://babylist.pxf.io/c/6560395/1160375/13580?prodsku=2715251&u=https%3A%2F%2Fwww.babylist.com%2Fgp%2Fmockingbird-single-stroller-3-0%2F77453%2F2715251&intsrc=CATF_8981,475,https://images.ctfassets.net/50gzycvace50/50bbc56ef8bba35ab523a5e8349ea5673a3f090418c67af0e5d753981b1428d0/2b6efbd35d6d481e91f03f513ff68954/50bbc56ef8bba35ab523a5e8349ea5673a3f090418c67af0e5d753981b1428d0.png?fl=progressive&fm=jpg&bg=rgb:fafafa&w=620&h=620,2026-06-22 21:42:15.882,2026-07-20 22:06:23.379
mockingbird-single-3,Mockingbird,Single 3.0,Mockingbird Single 3.0,"27 lb, up to 50 lb, with a reversible seat, bassinet mode and an XL basket rated to 25 lb — most of a boutique stroller’s feature list at roughly half the boutique price.",,,,product_8981_2715261,https://babylist.pxf.io/c/6560395/1160375/13580?prodsku=2715261&u=https%3A%2F%2Fwww.babylist.com%2Fgp%2Fmockingbird-single-to-double-stroller-3-0%2F77456%2F2715261&intsrc=APIG_8981,549,https://images.ctfassets.net/50gzycvace50/c5e08fc9bef590e06099e4839f2be139aa5dcbf0c9a3385f3524d30c3683ae79/0a67d83f04eccf76661fc4cb6deacea3/c5e08fc9bef590e06099e4839f2be139aa5dcbf0c9a3385f3524d30c3683ae79.png?fl=progressive&fm=jpg&bg=rgb:fafafa&w=620&h=620,2026-06-13 20:48:32.741,2026-07-20 22:06:23.387
cmqpqr0rg001r7qllv13t2jq2,Mockingbird,Single-to-Double,Mockingbird Single-to-Double,"The direct-to-consumer convertible: 44 configurations for one, two or three kids, 35 lb in double mode, and a 25 lb basket. 50 lb in single mode but 45 lb per seat once you add the second — worth knowing before you commit.",,,,product_8981_2715259,https://babylist.pxf.io/c/6560395/1160375/13580?prodsku=2715259&u=https%3A%2F%2Fwww.babylist.com%2Fgp%2Fmockingbird-single-to-double-stroller-3-0%2F77456%2F2715259&intsrc=CATF_8981,549,https://images.ctfassets.net/50gzycvace50/1e15788be8bb8b6d27678a2863f722295aa0c239011e99ac8bbddd6a7b873786/e36faec2b1343ba1e7bccf861498d1be/1e15788be8bb8b6d27678a2863f722295aa0c239011e99ac8bbddd6a7b873786.png?fl=progressive&fm=jpg&bg=rgb:fafafa&w=620&h=620,2026-06-22 21:42:15.964,2026-07-20 22:06:23.394
cmqzur5230003eqf6od8gh7ti,Momcozy,ChangeGo Baby,Momcozy ChangeGo Baby,"Momcozy’s take on the everyday stroller: budget-friendly, light, and built around quick one-hand folds for parents doing school runs and errands.",,,,public_catalog_momcozy|changegobaby,https://babylist.pxf.io/c/6560395/1160375/13580?prodsku=2317734&u=https%3A%2F%2Fwww.babylist.com%2Fgp%2Fmomcozy-changego-baby-stroller%2F69809%2F2317734&intsrc=CATF_8981,699.99,https://images.ctfassets.net/50gzycvace50/ec4796670b27d58f2d36e08c186023e656ed05a7efe8461595cbfd6b55e456bf/c5cafaae86e2698b8238eac935edeeb9/ec4796670b27d58f2d36e08c186023e656ed05a7efe8461595cbfd6b55e456bf.png?fl=progressive&fm=jpg&bg=rgb:fafafa&w=620&h=620,2026-06-29 23:32:01.755,2026-07-20 22:06:23.403
cmqx8d56v001213kp7kawkrby,Momcozy,Clickgo,Momcozy Clickgo,"Momcozy’s take on the everyday stroller: budget-friendly, light, and built around quick one-hand folds for parents doing school runs and errands.",,,,public_catalog_momcozy|clickgo,https://babylist.pxf.io/c/6560395/1160375/13580?prodsku=2317733&u=https%3A%2F%2Fwww.babylist.com%2Fgp%2Fmomcozy-clickgo-lightweight-stroller%2F69808%2F2317733&intsrc=CATF_8981,299.99,https://images.ctfassets.net/50gzycvace50/9eb205737bf12e5aebc58d3f44c7979056e74e0e1d681648a0680bb42ead3aba/d8d913bc8e6d5f072a2b90808b630918/9eb205737bf12e5aebc58d3f44c7979056e74e0e1d681648a0680bb42ead3aba.png?fl=progressive&fm=jpg&bg=rgb:fafafa&w=620&h=620,2026-06-28 03:29:44.84,2026-07-20 22:06:23.41
cmqpqr0vw001t7qll1dvnyq8b,Momcozy,ClickGo Lightweight,Momcozy ClickGo Lightweight,"Momcozy’s take on the everyday stroller: budget-friendly, light, and built around quick one-hand folds for parents doing school runs and errands.",,,,product_8981_2317733,https://babylist.pxf.io/c/6560395/1160375/13580?prodsku=2317733&u=https%3A%2F%2Fwww.babylist.com%2Fgp%2Fmomcozy-clickgo-lightweight-stroller%2F69808%2F2317733&intsrc=CATF_8981,299.99,https://images.ctfassets.net/50gzycvace50/9eb205737bf12e5aebc58d3f44c7979056e74e0e1d681648a0680bb42ead3aba/d8d913bc8e6d5f072a2b90808b630918/9eb205737bf12e5aebc58d3f44c7979056e74e0e1d681648a0680bb42ead3aba.png?fl=progressive&fm=jpg&bg=rgb:fafafa&w=620&h=620,2026-06-22 21:42:16.124,2026-07-20 22:06:23.416
cmqpqr0y5001u7qllrgz2wn4z,Mompush,Lithe Double,Mompush Lithe Double,"Mompush’s double: two seats on a frame that still folds down small, at a price well under the convertible-stroller bracket.",,,,product_8981_2536441,https://babylist.pxf.io/c/6560395/1160375/13580?prodsku=2536441&u=https%3A%2F%2Fwww.babylist.com%2Fgp%2Fmompush-lithe-double-stroller%2F74929%2F2536441&intsrc=CATF_8981,239.99,https://images.ctfassets.net/50gzycvace50/4a9f95bfde91cf710a1a55e7070ffee9bc66d09d5cf8afe45335abc9e64e47a3/b49edf7651bbd540e491205cccb800ec/4a9f95bfde91cf710a1a55e7070ffee9bc66d09d5cf8afe45335abc9e64e47a3.png?fl=progressive&fm=jpg&bg=rgb:fafafa&w=620&h=620,2026-06-22 21:42:16.206,2026-07-20 22:06:23.427
cmqpqr10h001v7qlltgc6ujeg,Mompush,Lithe V2,Mompush Lithe V2,"The lightweight of the range — a compact fold and low frame weight aimed at travel days, car trunks and airport terminals.",,,,product_8981_2536424,https://babylist.pxf.io/c/6560395/1160375/13580?prodsku=2536424&u=https%3A%2F%2Fwww.babylist.com%2Fgp%2Fmompush-lithe-v2-stroller%2F74925%2F2536424&intsrc=CATF_8981,179.99,https://images.ctfassets.net/50gzycvace50/3bae067734ef1f9642ef35441a21f3cb84f9db7c713bab9933a9350192029850/d92ad839b08dd2da80e456737c7c05cb/3bae067734ef1f9642ef35441a21f3cb84f9db7c713bab9933a9350192029850.png?fl=progressive&fm=jpg&bg=rgb:fafafa&w=620&h=620,2026-06-22 21:42:16.289,2026-07-20 22:06:23.435
cmqpqr12x001w7qll5v4zoqet,Mompush,Meteor 2,Mompush Meteor 2,"A 2-in-1 that includes the bassinet instead of selling it separately: pramette mode for the newborn stage, a reversible seat after, 22.3 lb and up to 50 lb. The basket is only rated to 10 lb, so it is a diaper-bag shelf rather than a grocery hauler.",,,,product_8981_2536432,https://babylist.pxf.io/c/6560395/1160375/13580?prodsku=2536432&u=https%3A%2F%2Fwww.babylist.com%2Fgp%2Fmompush-meteor-2-stroller%2F74926%2F2536432&intsrc=CATF_8981,189.99,https://images.ctfassets.net/50gzycvace50/2c557ed288bd866d0daf7da9a0d9a552812994058af04a8b99e2d51a57c06c27/b8376e78a8181a774c4d7717aa6acac1/2c557ed288bd866d0daf7da9a0d9a552812994058af04a8b99e2d51a57c06c27.png?fl=progressive&fm=jpg&bg=rgb:fafafa&w=620&h=620,2026-06-22 21:42:16.377,2026-07-20 22:06:23.442
cmqpqr157001x7qllwic3dr6g,Mompush,Ultimate 2 Seat,Mompush Ultimate 2 Seat,"Mompush’s double: two seats on a frame that still folds down small, at a price well under the convertible-stroller bracket.",,,,product_8981_2536439,https://babylist.pxf.io/c/6560395/1160375/13580?prodsku=2536439&u=https%3A%2F%2Fwww.babylist.com%2Fgp%2Fmompush-ultimate-2-seat-stroller%2F74928%2F2536439&intsrc=CATF_8981,329.99,https://images.ctfassets.net/50gzycvace50/82a934fb44d40ff674e11d98ae6b0880a7547b35fd3f198218361afbe8d0f05b/5835856f340e7cf09da2995a10f0d5a1/82a934fb44d40ff674e11d98ae6b0880a7547b35fd3f198218361afbe8d0f05b.png?fl=progressive&fm=jpg&bg=rgb:fafafa&w=620&h=620,2026-06-22 21:42:16.46,2026-07-20 22:06:23.449
cmqpqr17i001y7qllzy4rhcm4,Mompush,Velo Travel,Mompush Velo Travel,"The lightweight of the range — a compact fold and low frame weight aimed at travel days, car trunks and airport terminals.",,,,product_8981_2536412,https://babylist.pxf.io/c/6560395/1160375/13580?prodsku=2536412&u=https%3A%2F%2Fwww.babylist.com%2Fgp%2Fmompush-velo-travel-stroller%2F74923%2F2536412&intsrc=CATF_8981,299.99,https://images.ctfassets.net/50gzycvace50/bea5900413a79fadb1e495b36930637001080bf5846bbf3890961f09ffa1d885/da4d58d360a1a91c77b7c98b651a41b5/bea5900413a79fadb1e495b36930637001080bf5846bbf3890961f09ffa1d885.png?fl=progressive&fm=jpg&bg=rgb:fafafa&w=620&h=620,2026-06-22 21:42:16.543,2026-07-20 22:06:23.455
cmqpqr19z001z7qllvwvfvx5w,Mompush,Wiz,Mompush Wiz,"A 2-in-1 that includes the bassinet instead of selling it separately: pramette mode for the newborn stage, a reversible seat after, 22.3 lb and up to 50 lb. The basket is only rated to 10 lb, so it is a diaper-bag shelf rather than a grocery hauler.",,,,product_8981_2536419,https://babylist.pxf.io/c/6560395/1160375/13580?prodsku=2536419&u=https%3A%2F%2Fwww.babylist.com%2Fgp%2Fmompush-wiz-stroller%2F74924%2F2536419&intsrc=CATF_8981,159.99,https://images.ctfassets.net/50gzycvace50/c1d709f1198c9655da562c8d792d348fcf8c8f8173837676c1418ede595b4e57/ae9770de94e60ec04ea57c3c2b8d3f9f/c1d709f1198c9655da562c8d792d348fcf8c8f8173837676c1418ede595b4e57.png?fl=progressive&fm=jpg&bg=rgb:fafafa&w=620&h=620,2026-06-22 21:42:16.631,2026-07-20 22:06:23.463
cmqpqr1cb00207qllmlj0l2w2,Nuna,BMW x SWIV,Nuna BMW x SWIV,"The one with wheels that spin a full 360° — genuinely useful in tight shops and lifts. 21.8 lb, up to 50 lb, with a 22 lb basket.",,,,product_8981_2902970,https://babylist.pxf.io/c/6560395/1160375/13580?prodsku=2902970&u=https%3A%2F%2Fwww.babylist.com%2Fgp%2Fnuna-bmw-x-nuna-swiv-stroller%2F80435%2F2902970&intsrc=CATF_8981,1000,https://images.ctfassets.net/50gzycvace50/7d1756ae174f9c6f5cdf721dc4284a2097e505149d2be960cfc74029a7de760d/aed5a95335f9f155052e1b82aea2a5e6/7d1756ae174f9c6f5cdf721dc4284a2097e505149d2be960cfc74029a7de760d.png?fl=progressive&fm=jpg&bg=rgb:fafafa&w=620&h=620,2026-06-22 21:42:16.715,2026-07-20 22:06:23.474
cmqpqr1et00217qlluhtd1kgv,Nuna,DEMI icon,Nuna DEMI icon,"Nuna’s convertible flagship: starts single, takes a second seat, bassinet or rider board, and reconfigures for one, two or three kids. 26 lb, up to 50 lb, from birth.",,,,product_8981_3142525,https://babylist.pxf.io/c/6560395/1160375/13580?prodsku=3142525&u=https%3A%2F%2Fwww.babylist.com%2Fgp%2Fnuna-demi-icon%2F81555%2F3142525&intsrc=CATF_8981,900,https://images.ctfassets.net/50gzycvace50/b6f88e97835864f56839b37e8fca28e13b79880143e5a6fbf58c34a269996a04/a36a4ba3ec4ecfa3cdd27e608afaf659/b6f88e97835864f56839b37e8fca28e13b79880143e5a6fbf58c34a269996a04.png?fl=progressive&fm=jpg&bg=rgb:fafafa&w=620&h=620,2026-06-22 21:42:16.805,2026-07-20 22:06:23.483
nuna-demi-next,Nuna,DEMI next,Nuna DEMI next,"Nuna’s convertible flagship: starts single, takes a second seat, bassinet or rider board, and reconfigures for one, two or three kids. 26 lb, up to 50 lb, from birth.",,,,product_8981_1741072,https://babylist.pxf.io/c/6560395/1160375/13580?prodsku=1741072&u=https%3A%2F%2Fwww.babylist.com%2Fgp%2Fnuna-demi-next-stroller-1730394523%2F45001%2F1741072&intsrc=APIG_8981,1000,https://images.ctfassets.net/50gzycvace50/d2fbe41e08551d87663ff795bf859fe2a3eb6b148618c272c7b91259586c9321/4f926312f6440741b1a6cf9e37b03079/d2fbe41e08551d87663ff795bf859fe2a3eb6b148618c272c7b91259586c9321.png?fl=progressive&fm=jpg&bg=rgb:fafafa&w=620&h=620,2026-03-22 17:19:43.856,2026-07-20 22:06:23.489
cmrh1zd2600009qn3tkl0u19d,Nuna,FLEX,Nuna FLEX,,,,,public_catalog_nuna|flex,https://babylist.pxf.io/c/6560395/1056628/13580?u=https%3A%2F%2Fwww.babylist.com%2Fgp%2Fnuna-pipa-urbn-flex-system%2F77436%2F2699232&partnerpropertyid=7490466,,,2026-07-12 00:26:27.678,2026-07-12 00:26:27.678
nuna-mixx-next,Nuna,MIXX next,Nuna MIXX next,"The full-size Nuna: a flat-lay seat that works as a bassinet from birth, all-wheel suspension and a compact fold for a 28.3 lb frame. Up to 50 lb.",,,,product_8981_2210168,https://babylist.pxf.io/c/6560395/1160375/13580?prodsku=2210168&u=https%3A%2F%2Fwww.babylist.com%2Fgp%2Fnuna-nuna-x-bmw-mixx-next-stroller%2F63550%2F2210168&intsrc=APIG_8981,900,https://images.ctfassets.net/50gzycvace50/c3d244e71bda34f1e72facda8867f66d6e675ce1d3e7f4757872e46447a1fc53/3176fdfcec5b8168db61817d2471912a/c3d244e71bda34f1e72facda8867f66d6e675ce1d3e7f4757872e46447a1fc53.png?fl=progressive&fm=jpg&bg=rgb:fafafa&w=620&h=620,2026-03-22 03:02:28.613,2026-07-20 22:06:23.504
cmqx8d5bv001413kpjri9r4s9,Nuna,Mixx Next Bmw,Nuna Mixx Next Bmw,"The full-size Nuna: a flat-lay seat that works as a bassinet from birth, all-wheel suspension and a compact fold for a 28.3 lb frame. Up to 50 lb.",,,,,,,,2026-06-28 03:29:45.019,2026-07-20 22:06:23.51
cmqx8d5e9001513kpvy66jrkf,Nuna,Mixx Next With Magnetic Buckle,Nuna Mixx Next With Magnetic Buckle,"The full-size Nuna: a flat-lay seat that works as a bassinet from birth, all-wheel suspension and a compact fold for a 28.3 lb frame. Up to 50 lb.",,,,,,,,2026-06-28 03:29:45.105,2026-07-20 22:06:23.517
nuna-swiv,Nuna,SWIV,Nuna SWIV,"The one with wheels that spin a full 360° — genuinely useful in tight shops and lifts. 21.8 lb, up to 50 lb, with a 22 lb basket.",,,,product_8981_2902970,https://babylist.pxf.io/c/6560395/1160375/13580?prodsku=2902970&u=https%3A%2F%2Fwww.babylist.com%2Fgp%2Fnuna-bmw-x-nuna-swiv-stroller%2F80435%2F2902970&intsrc=APIG_8981,1000,https://images.ctfassets.net/50gzycvace50/7d1756ae174f9c6f5cdf721dc4284a2097e505149d2be960cfc74029a7de760d/aed5a95335f9f155052e1b82aea2a5e6/7d1756ae174f9c6f5cdf721dc4284a2097e505149d2be960cfc74029a7de760d.png?fl=progressive&fm=jpg&bg=rgb:fafafa&w=620&h=620,2026-06-13 20:48:32.697,2026-07-20 22:06:23.524
nuna-tavo-next,Nuna,TAVO next,Nuna TAVO next,"The no-adapter travel system: a Nuna PIPA seat clicks straight onto the frame with nothing extra to buy or lose. 23.2 lb, up to 50 lb.",,,,product_8981_663920,https://babylist.pxf.io/c/6560395/1160375/13580?prodsku=663920&u=https%3A%2F%2Fwww.babylist.com%2Fgp%2Fnuna-tavo-next-stroller-1730395458%2F21123%2F663920&intsrc=APIG_8981,700,https://images.ctfassets.net/50gzycvace50/748529c1b5d0833feb2cf88601b84dac4015b9d38eb606e3c9fbac2567ffd6d8/f00e36689a8307f8a60da83f7e9972c4/748529c1b5d0833feb2cf88601b84dac4015b9d38eb606e3c9fbac2567ffd6d8.png?fl=progressive&fm=jpg&bg=rgb:fafafa&w=620&h=620,2026-03-22 17:19:43.856,2026-07-20 22:06:23.531
cmqx8d5gq001613kp6pkqi29a,Nuna,Tavo Next Granite,Nuna Tavo Next Granite,"The no-adapter travel system: a Nuna PIPA seat clicks straight onto the frame with nothing extra to buy or lose. 23.2 lb, up to 50 lb.",,,,,,,,2026-06-28 03:29:45.195,2026-07-20 22:06:23.548
cmqscejzb0000ltzkwuczhvv1,Nuna,TRIV LX,Nuna TRIV LX,"The lightest of Nuna’s full-feature strollers at 18.4 lb, up to 50 lb, with a compact standing fold. City manoeuvrability without dropping to a bare travel stroller.",,,,product_8981_nuna-triv-lx,,,,2026-06-24 17:23:58.247,2026-07-20 22:06:23.566
nuna-triv-next,Nuna,TRIV next,Nuna TRIV next,"The lightest of Nuna’s full-feature strollers at 18.4 lb, up to 50 lb, with a compact standing fold. City manoeuvrability without dropping to a bare travel stroller.",,,,product_8981_2210167,https://babylist.pxf.io/c/6560395/1160375/13580?prodsku=2210167&u=https%3A%2F%2Fwww.babylist.com%2Fgp%2Fnuna-nuna-x-bmw-triv-next-stroller%2F63549%2F2210167&intsrc=APIG_8981,800,https://images.ctfassets.net/50gzycvace50/fc2e607dadff6113421be02d3fe5800c7f282160a04f63184296eeb64f3e13e2/b03e49f50d30be88ce236816a814a883/fc2e607dadff6113421be02d3fe5800c7f282160a04f63184296eeb64f3e13e2.png?fl=progressive&fm=jpg&bg=rgb:fafafa&w=620&h=620,2026-03-22 17:19:43.856,2026-07-20 22:06:23.575
cmqx8d5mh001813kpj7dt2y6v,Nuna,Triv Next Bmw,Nuna Triv Next Bmw,"The lightest of Nuna’s full-feature strollers at 18.4 lb, up to 50 lb, with a compact standing fold. City manoeuvrability without dropping to a bare travel stroller.",,,,,,,,2026-06-28 03:29:45.401,2026-07-20 22:06:23.585
cmqx8d5w0001c13kp4aatwr59,Nuna,Triv Next With Magnetic Buckle Caviar/Chocolate,Nuna Triv Next With Magnetic Buckle Caviar/Chocolate,"The lightest of Nuna’s full-feature strollers at 18.4 lb, up to 50 lb, with a compact standing fold. City manoeuvrability without dropping to a bare travel stroller.",,,,,,,,2026-06-28 03:29:45.745,2026-07-20 22:06:23.592
cmqx8d5ox001913kpewofgj0y,Nuna,Triv Next W Magnetic Buckle,Nuna Triv Next W Magnetic Buckle,"The lightest of Nuna’s full-feature strollers at 18.4 lb, up to 50 lb, with a compact standing fold. City manoeuvrability without dropping to a bare travel stroller.",,,,,,,,2026-06-28 03:29:45.489,2026-07-20 22:06:23.598
cmr49d9kl000fo2uo8bit0bst,Nuna,TRVL,Nuna TRVL,"13.6 lb and it folds itself at the press of a button, up to 50 lb. Despite the name, Nuna is clear that the folded size does not meet the IATA cabin standard — use it through the airport, then gate-check it in the included bag.",,,,,,,,2026-07-03 01:32:13.365,2026-07-20 22:06:23.605
cmr49dac4000ro2uo6vl42vul,Nuna,TRVL DUBL,Nuna TRVL DUBL,"The double version of Nuna’s self-folding compact — two seats side by side that still collapse with one hand. A gate-check stroller, not a carry-on.",,,,,,,,2026-07-03 01:32:14.356,2026-07-20 22:06:23.613
cmr49d8m40003o2uox4u071ll,Nuna,TRVL LX,Nuna TRVL LX,"13.6 lb and it folds itself at the press of a button, up to 50 lb. Despite the name, Nuna is clear that the folded size does not meet the IATA cabin standard — use it through the airport, then gate-check it in the included bag.",,,,,,,,2026-07-03 01:32:12.125,2026-07-20 22:06:23.624
cmqscek420001ltzkm4tqtb5v,Nuna,VIAA Cabn,Nuna VIAA Cabn,Nuna’s cabin-minded compact: a small fold and light frame built for families who fly often.,,,,product_8981_nuna-viaa-cabn,,,,2026-06-24 17:23:58.418,2026-07-20 22:06:23.63
cmqpqr1jj00237qllzjnymes5,Nuna,x BMW MIXX next,Nuna x BMW MIXX next,"The full-size Nuna: a flat-lay seat that works as a bassinet from birth, all-wheel suspension and a compact fold for a 28.3 lb frame. Up to 50 lb.",,,,product_8981_2210168,https://babylist.pxf.io/c/6560395/1160375/13580?prodsku=2210168&u=https%3A%2F%2Fwww.babylist.com%2Fgp%2Fnuna-nuna-x-bmw-mixx-next-stroller%2F63550%2F2210168&intsrc=CATF_8981,900,https://images.ctfassets.net/50gzycvace50/c3d244e71bda34f1e72facda8867f66d6e675ce1d3e7f4757872e46447a1fc53/3176fdfcec5b8168db61817d2471912a/c3d244e71bda34f1e72facda8867f66d6e675ce1d3e7f4757872e46447a1fc53.png?fl=progressive&fm=jpg&bg=rgb:fafafa&w=620&h=620,2026-06-22 21:42:16.975,2026-07-20 22:06:23.637
cmqpqr1lv00247qllwhlhf7mr,Nuna,x BMW TRIV next,Nuna x BMW TRIV next,"The lightest of Nuna’s full-feature strollers at 18.4 lb, up to 50 lb, with a compact standing fold. City manoeuvrability without dropping to a bare travel stroller.",,,,product_8981_2210167,https://babylist.pxf.io/c/6560395/1160375/13580?prodsku=2210167&u=https%3A%2F%2Fwww.babylist.com%2Fgp%2Fnuna-nuna-x-bmw-triv-next-stroller%2F63549%2F2210167&intsrc=CATF_8981,800,https://images.ctfassets.net/50gzycvace50/fc2e607dadff6113421be02d3fe5800c7f282160a04f63184296eeb64f3e13e2/b03e49f50d30be88ce236816a814a883/fc2e607dadff6113421be02d3fe5800c7f282160a04f63184296eeb64f3e13e2.png?fl=progressive&fm=jpg&bg=rgb:fafafa&w=620&h=620,2026-06-22 21:42:17.059,2026-07-20 22:06:23.645
orbit-baby-g5,Orbit Baby,G5,Orbit Baby G5,"The SmartHub rotates the seat a full 360° — face you, face out, or swing sideways for loading, without unclipping anything. From birth to 50 lb on an aerospace-grade aluminium frame. It is a heavy stroller; that build is the trade-off.",,,,,,,,2026-03-22 17:19:43.856,2026-07-20 22:06:23.653
cmqx8d65j001g13kpv68ufmt4,Orbit Baby,M+,Orbit Baby M+,Orbit Baby’s design-led approach to the everyday stroller — engineered frames and the brand’s signature rotating-seat thinking.,,,,,,,,2026-06-28 03:29:46.087,2026-07-20 22:06:23.661
cmr03hxw20003y6k2unrgw6d4,Peg Perego,City Loop,Peg Perego City Loop,"A modular built around air travel: 19.2 lb as chassis plus seat, and the frame alone is compact enough to make flying with a car seat genuinely workable.",,,,,,,,2026-06-30 03:36:49.106,2026-07-20 22:06:23.671
peg-perego-selfie,Peg Perego,Selfie,Peg Perego Selfie,"Peg Perego’s compact end: a small fold and light frame with the brand’s Italian build quality, aimed at city streets and travel days.",,,,,,,,2026-03-22 17:19:43.856,2026-07-20 22:06:23.677
cmqx8d67u001h13kpx46xmh0o,Peg Perego,Vivace,Peg Perego Vivace,"A full-featured reversible stroller at 20.72 lb, up to 50 lb — lighter than most full-size frames without giving up the seat recline or canopy.",,,,,,,,2026-06-28 03:29:46.17,2026-07-20 22:06:23.693
cmqx8d6cn001j13kpn0ratclf,Peg Perego,Vivace Single,Peg Perego Vivace Single,"A full-featured reversible stroller at 20.72 lb, up to 50 lb — lighter than most full-size frames without giving up the seat recline or canopy.",,,,,,,,2026-06-28 03:29:46.343,2026-07-20 22:06:23.701
cmqx8d6h6001l13kpc6k17hny,Peg Perego,Volo,Peg Perego Volo,"12 lb — among the lightest strollers you can buy — and it fits most airline overhead bins. Reclining seat, usable from birth up to 50 lb, so it is not just an umbrella stroller with a badge.",,,,,,,,2026-06-28 03:29:46.507,2026-07-20 22:06:23.709
cmqx8d6jh001m13kpkkzcdjnv,Peg Perego,Volo Ultra Carry On Compliant Travel,Peg Perego Volo Ultra Carry On Compliant Travel,"12 lb — among the lightest strollers you can buy — and it fits most airline overhead bins. Reclining seat, usable from birth up to 50 lb, so it is not just an umbrella stroller with a badge.",,,,,,,,2026-06-28 03:29:46.589,2026-07-20 22:06:23.723
cmqx8d6ey001k13kpwhpzefav,Peg Perego,Volo Ultra Carry On Compliant Travel Strolle,Peg Perego Volo Ultra Carry On Compliant Travel Strolle,"12 lb — among the lightest strollers you can buy — and it fits most airline overhead bins. Reclining seat, usable from birth up to 50 lb, so it is not just an umbrella stroller with a badge.",,,,,,,,2026-06-28 03:29:46.426,2026-07-20 22:06:23.73
peg-perego-ypsi,Peg Perego,YPSI,Peg Perego YPSI,"Italian-made and deceptively capable: 22.5 lb, up to 50 lb, and it takes a second seat to become a double. Reversible seat and a true from-birth setup with the Primo Viaggio.",,,,,,,,2026-03-22 17:19:43.856,2026-07-20 22:06:23.739
peg-perego-z4,Peg Perego,Z4,Peg Perego Z4,"Peg Perego’s compact end: a small fold and light frame with the brand’s Italian build quality, aimed at city streets and travel days.",,,,,,,,2026-03-22 17:19:43.856,2026-07-20 22:06:23.746
cmqx8d6lu001n13kpy1np1jfw,Radio Flyer,Voya XT Baby,Radio Flyer Voya XT Baby,"A stroller wagon with extra-tall sides, dual canopies and a push-or-pull handle, rated to 200 lb across two seats. Riders start at 6 months once they can sit unassisted — this is not a newborn stroller.",,,,,,,,2026-06-28 03:29:46.674,2026-07-20 22:06:23.755
romer-tura,Romer,Tura,Romer Tura,"Britax Römer’s European range — the same safety-first engineering as the Britax line, in a frame tuned for city streets.",,,,product_8981_2262736,https://babylist.pxf.io/c/6560395/1160375/13580?prodsku=2262736&u=https%3A%2F%2Fwww.babylist.com%2Fgp%2Fromer-tura-stroller%2F68661%2F2262736&intsrc=APIG_8981,949.99,https://images.ctfassets.net/50gzycvace50/9cc42645c74299b154217ffada96d37b73595d08ed3658e2b1b530705e61192e/9d0289564f276b8539d9ae962bbd6b8d/9cc42645c74299b154217ffada96d37b73595d08ed3658e2b1b530705e61192e.png?fl=progressive&fm=jpg&bg=rgb:fafafa&w=620&h=620,2026-03-22 17:19:43.856,2026-07-20 22:06:24.124
cmqx8d6qc001p13kpwpaqrlhn,Safety 1st,Disney Baby Character Umbrella,Safety 1st Disney Baby Character Umbrella,"A classic umbrella stroller with character styling — feather-light, simple to fold, and cheap enough to keep in a second car.",,,,,,,,2026-06-28 03:29:46.836,2026-07-20 22:06:23.765
cmqx8d6o2001o13kpyzgrfmfg,Safety 1st,Easy-Fold,Safety 1st Easy-Fold,"Safety 1st keeps it simple: a quick one-hand fold and a light frame at an entry-level price, for everyday errands rather than all-day outings.",,,,public_catalog_safety1st|easyfold,https://babylist.pxf.io/c/6560395/1160375/13580?prodsku=2214402&u=https%3A%2F%2Fwww.babylist.com%2Fgp%2Fsafety-1st-easy-fold-compact-stroller%2F64778%2F2214402&intsrc=CATF_8981,149.99,https://images.ctfassets.net/50gzycvace50/487f76faf530543e032810ff52a5fb0befa543e22857cfc6927d081262998347/bd07d601b3a075a5d502e12f173bcdd9/487f76faf530543e032810ff52a5fb0befa543e22857cfc6927d081262998347.png?fl=progressive&fm=jpg&bg=rgb:fafafa&w=620&h=620,2026-06-28 03:29:46.754,2026-07-20 22:06:23.776
cmqpqr1sw00277qll6soktcpa,Safety 1st,Easy-Fold Compact,Safety 1st Easy-Fold Compact,"Safety 1st keeps it simple: a quick one-hand fold and a light frame at an entry-level price, for everyday errands rather than all-day outings.",,,,product_8981_2214402,https://babylist.pxf.io/c/6560395/1160375/13580?prodsku=2214402&u=https%3A%2F%2Fwww.babylist.com%2Fgp%2Fsafety-1st-easy-fold-compact-stroller%2F64778%2F2214402&intsrc=CATF_8981,149.99,https://images.ctfassets.net/50gzycvace50/487f76faf530543e032810ff52a5fb0befa543e22857cfc6927d081262998347/bd07d601b3a075a5d502e12f173bcdd9/487f76faf530543e032810ff52a5fb0befa543e22857cfc6927d081262998347.png?fl=progressive&fm=jpg&bg=rgb:fafafa&w=620&h=620,2026-06-22 21:42:17.312,2026-07-20 22:06:23.784
cmqpqr1v700287qll8vh9n4zr,Safety 1st,Summit Quad Wagon,Safety 1st Summit Quad Wagon,"A budget four-seat stroller wagon for park days and school runs — the wagon format without the boutique price. From 6 months, once riders sit unassisted.",,,,product_8981_2177935,https://babylist.pxf.io/c/6560395/1160375/13580?prodsku=2177935&u=https%3A%2F%2Fwww.babylist.com%2Fgp%2Fsafety-1st-summit-quad-wagon-stroller%2F58023%2F2177935&intsrc=CATF_8981,349.99,https://images.ctfassets.net/50gzycvace50/d00b3be05c7d8ca9a4fad2addd8cd4d0aaeee56348c11f056b775f2b93a602d2/d5862fb46f4ffaf6e05e8b3fde47d3c8/d00b3be05c7d8ca9a4fad2addd8cd4d0aaeee56348c11f056b775f2b93a602d2.png?fl=progressive&fm=jpg&bg=rgb:fafafa&w=620&h=620,2026-06-22 21:42:17.395,2026-07-20 22:06:23.798
cmqx8d6v1001r13kpy9w26i27,Silver Cross,Breez,Silver Cross Breez,Silver Cross styling on a lighter everyday frame — an easy fold and city-sized footprint without stepping up to the full pram.,,,,,,,,2026-06-28 03:29:47.006,2026-07-20 22:06:23.809
silver-cross-clic,Silver Cross,Clic,Silver Cross Clic,"The compact of the range: a quick, small fold aimed at car boots, city flats and travel days.",,,,product_8981_2491095,https://babylist.pxf.io/c/6560395/1160375/13580?prodsku=2491095&u=https%3A%2F%2Fwww.babylist.com%2Fgp%2Fsilver-cross-clic-compact-stroller%2F74323%2F2491095&intsrc=APIG_8981,399.99,https://images.ctfassets.net/50gzycvace50/d0714ba136f374328c2c970d5364a258ab233d537906d7d88500e94d6b620dc3/4268a65d987243c06a2da52efa109ab4/d0714ba136f374328c2c970d5364a258ab233d537906d7d88500e94d6b620dc3.png?fl=progressive&fm=jpg&bg=rgb:fafafa&w=620&h=620,2026-06-13 20:48:32.697,2026-07-20 22:06:23.816
cmqpqr1xi00297qlld8p7uw3b,Silver Cross,Clic Compact,Silver Cross Clic Compact,"The compact of the range: a quick, small fold aimed at car boots, city flats and travel days.",,,,product_8981_2491095,https://babylist.pxf.io/c/6560395/1160375/13580?prodsku=2491095&u=https%3A%2F%2Fwww.babylist.com%2Fgp%2Fsilver-cross-clic-compact-stroller%2F74323%2F2491095&intsrc=CATF_8981,399.99,https://images.ctfassets.net/50gzycvace50/d0714ba136f374328c2c970d5364a258ab233d537906d7d88500e94d6b620dc3/4268a65d987243c06a2da52efa109ab4/d0714ba136f374328c2c970d5364a258ab233d537906d7d88500e94d6b620dc3.png?fl=progressive&fm=jpg&bg=rgb:fafafa&w=620&h=620,2026-06-22 21:42:17.479,2026-07-20 22:06:23.824
silver-cross-comet,Silver Cross,Comet,Silver Cross Comet,Silver Cross styling on a lighter everyday frame — an easy fold and city-sized footprint without stepping up to the full pram.,,,,,,,,2026-03-22 17:19:43.856,2026-07-20 22:06:23.832
cmqx8d6sq001q13kphzobb0wi,Silver Cross,Cove 2,Silver Cross Cove 2,Silver Cross styling on a lighter everyday frame — an easy fold and city-sized footprint without stepping up to the full pram.,,,,,,,,2026-06-28 03:29:46.922,2026-07-20 22:06:23.839
silver-cross-dune,Silver Cross,Dune,Silver Cross Dune,"Silver Cross’s all-terrain modular: a full carrycot from birth, bigger wheels for rough ground, and a seat that reverses. The British pram tradition with a trail-ready frame.",,,,,,,,2026-06-15 20:33:14.735,2026-07-20 22:06:23.846
silver-cross-dune-2,Silver Cross,Dune 2,Silver Cross Dune 2,"Silver Cross’s all-terrain modular: a full carrycot from birth, bigger wheels for rough ground, and a seat that reverses. The British pram tradition with a trail-ready frame.",,,,,,,,2026-03-22 17:19:43.856,2026-07-20 22:06:23.852
silver-cross-jet-5,Silver Cross,Jet 5,Silver Cross Jet 5,"Cabin-approved and genuinely from birth — it lies flat, takes a car seat, and folds into the included cover to go in the overhead locker. Up to 55 lb, so it outlasts most travel strollers.",,,,product_8981_2134387,https://babylist.pxf.io/c/6560395/1160375/13580?prodsku=2134387&u=https%3A%2F%2Fwww.babylist.com%2Fgp%2Fsilver-cross-jet-double-stroller%2F56937%2F2134387&intsrc=APIG_8981,799.99,https://images.ctfassets.net/50gzycvace50/09e12f7390fc7cf91a18f3660f539a1156ec7606cede52b5ccbe1782be198663/ff84578ce9fef06d5d957027b77b1477/09e12f7390fc7cf91a18f3660f539a1156ec7606cede52b5ccbe1782be198663.png?fl=progressive&fm=jpg&bg=rgb:fafafa&w=620&h=620,2026-03-22 03:02:28.613,2026-07-20 22:06:23.86
silver-cross-jet-double,Silver Cross,Jet Double,Silver Cross Jet Double,"A side-by-side that still folds small — the Jet thinking stretched to two seats, for parents who fly or live somewhere tight.",,,,product_8981_2134387,https://babylist.pxf.io/c/6560395/1160375/13580?prodsku=2134387&u=https%3A%2F%2Fwww.babylist.com%2Fgp%2Fsilver-cross-jet-double-stroller%2F56937%2F2134387&intsrc=APIG_8981,799.99,https://images.ctfassets.net/50gzycvace50/09e12f7390fc7cf91a18f3660f539a1156ec7606cede52b5ccbe1782be198663/ff84578ce9fef06d5d957027b77b1477/09e12f7390fc7cf91a18f3660f539a1156ec7606cede52b5ccbe1782be198663.png?fl=progressive&fm=jpg&bg=rgb:fafafa&w=620&h=620,2026-06-13 20:48:32.697,2026-07-20 22:06:23.873
cmqx8d6xc001s13kp99wk94m6,Silver Cross,Nia Travel,Silver Cross Nia,Silver Cross styling on a lighter everyday frame — an easy fold and city-sized footprint without stepping up to the full pram.,,,,,,,,2026-06-28 03:29:47.088,2026-07-20 22:06:23.88
silver-cross-reef,Silver Cross,Reef,Silver Cross Reef,"Silver Cross’s all-terrain modular: a full carrycot from birth, bigger wheels for rough ground, and a seat that reverses. The British pram tradition with a trail-ready frame.",,,,product_8981_2544371,https://babylist.pxf.io/c/6560395/1160375/13580?prodsku=2544371&u=https%3A%2F%2Fwww.babylist.com%2Fgp%2Fsilver-cross-reef-2-stroller%2F25564%2F2544371&intsrc=APIG_8981,1299.99,https://images.ctfassets.net/50gzycvace50/566c1a59494200adc0aa62a9164826d7860c0da61c806c70740e5d4582c99d33/eca630b271f8aedb7b684e6141610061/566c1a59494200adc0aa62a9164826d7860c0da61c806c70740e5d4582c99d33.png?fl=progressive&fm=jpg&bg=rgb:fafafa&w=620&h=620,2026-06-15 20:33:14.735,2026-07-20 22:06:23.886
silver-cross-reef-2,Silver Cross,Reef 2,Silver Cross Reef 2,"Silver Cross’s all-terrain modular: a full carrycot from birth, bigger wheels for rough ground, and a seat that reverses. The British pram tradition with a trail-ready frame.",,,,product_8981_2544371,https://babylist.pxf.io/c/6560395/1160375/13580?prodsku=2544371&u=https%3A%2F%2Fwww.babylist.com%2Fgp%2Fsilver-cross-reef-2-stroller%2F25564%2F2544371&intsrc=APIG_8981,1299.99,https://images.ctfassets.net/50gzycvace50/566c1a59494200adc0aa62a9164826d7860c0da61c806c70740e5d4582c99d33/eca630b271f8aedb7b684e6141610061/566c1a59494200adc0aa62a9164826d7860c0da61c806c70740e5d4582c99d33.png?fl=progressive&fm=jpg&bg=rgb:fafafa&w=620&h=620,2026-03-22 03:02:28.613,2026-07-20 22:06:23.893
silver-cross-wave,Silver Cross,Wave,Silver Cross Wave,"Built as a double from the start and sold as a single: the tandem seat and carrycot are in the box, and both seats take up to 55 lb. If a second baby is even a maybe, this is the one that already handles it.",,,,product_8981_2049266,https://babylist.pxf.io/c/6560395/1160375/13580?prodsku=2049266&u=https%3A%2F%2Fwww.babylist.com%2Fgp%2Fsilver-cross-wave-3-single-to-double-stroller%2F24664%2F2049266&intsrc=APIG_8981,1699.99,https://images.ctfassets.net/50gzycvace50/fd464c5bce6815b7707aa893c69578d935b12db6ede8751f3f5f726da8edfa45/c343f320709c3a172677695210c2f427/fd464c5bce6815b7707aa893c69578d935b12db6ede8751f3f5f726da8edfa45.png?fl=progressive&fm=jpg&bg=rgb:fafafa&w=620&h=620,2026-06-15 20:33:14.735,2026-07-20 22:06:23.899
silver-cross-wave-3,Silver Cross,Wave 3,Silver Cross Wave 3,"Built as a double from the start and sold as a single: the tandem seat and carrycot are in the box, and both seats take up to 55 lb. If a second baby is even a maybe, this is the one that already handles it.",,,,product_8981_2049266,https://babylist.pxf.io/c/6560395/1160375/13580?prodsku=2049266&u=https%3A%2F%2Fwww.babylist.com%2Fgp%2Fsilver-cross-wave-3-single-to-double-stroller%2F24664%2F2049266&intsrc=APIG_8981,1699.99,https://images.ctfassets.net/50gzycvace50/fd464c5bce6815b7707aa893c69578d935b12db6ede8751f3f5f726da8edfa45/c343f320709c3a172677695210c2f427/fd464c5bce6815b7707aa893c69578d935b12db6ede8751f3f5f726da8edfa45.png?fl=progressive&fm=jpg&bg=rgb:fafafa&w=620&h=620,2026-03-22 03:02:28.613,2026-07-20 22:06:23.906
cmqpqr1zv002a7qlltuhbvanr,Silver Cross,Wave 3 Single to Double,Silver Cross Wave 3 Single to Double,"Built as a double from the start and sold as a single: the tandem seat and carrycot are in the box, and both seats take up to 55 lb. If a second baby is even a maybe, this is the one that already handles it.",,,,product_8981_2049267,https://babylist.pxf.io/c/6560395/1160375/13580?prodsku=2049267&u=https%3A%2F%2Fwww.babylist.com%2Fgp%2Fsilver-cross-wave-3-single-to-double-stroller%2F24664%2F2049267&intsrc=CATF_8981,1699.99,https://images.ctfassets.net/50gzycvace50/fb211bb3f3382f8fced6202f3cb41467edd7702a927374ad33c5b6a550b569b1/1586f00d469f61689cbc54a6e71dbbc1/fb211bb3f3382f8fced6202f3cb41467edd7702a927374ad33c5b6a550b569b1.png?fl=progressive&fm=jpg&bg=rgb:fafafa&w=620&h=620,2026-06-22 21:42:17.564,2026-07-20 22:06:23.913
babyzen-yoyo-plus,Stokke,YOYO+,Babyzen YOYO+,"The stroller that defined the cabin-size category: a one-handed fold that goes in the overhead bin, up to 48 lb. Now sold under Stokke.",,,,,,,,2026-06-15 20:33:14.735,2026-07-22 22:12:54.391
stokke-yoyo3,Stokke,Yoyo 3,Stokke Yoyo 3,"The original cabin-size stroller and still the benchmark: folds one-handed into an overhead bin, up to 48 lb. The standard version starts at 6 months — the newborn pack is sold separately.",,,,product_8981_2072997,https://babylist.pxf.io/c/6560395/1160375/13580?prodsku=2072997&u=https%3A%2F%2Fwww.babylist.com%2Fgp%2Fstokke-yoyo-stroller-from-6-months%2F55557%2F2072997&intsrc=APIG_8981,499,https://images.ctfassets.net/50gzycvace50/4a8062916ab1ebcb981b6afc1c9b645b20a63eb5b133173c86a7c6983a1b3a08/345df7ebccab10d55f5e7e4904362b51/4a8062916ab1ebcb981b6afc1c9b645b20a63eb5b133173c86a7c6983a1b3a08.png?fl=progressive&fm=jpg&bg=rgb:fafafa&w=620&h=620,2026-06-13 20:48:32.741,2026-07-20 22:06:23.921
thule-glide-2,Thule,Glide 2,Thule Glide 2,"A lighter Thule for everyday use — three-wheel manoeuvrability and a one-hand fold, without the full jogger footprint.",,,,product_8981_2794251,https://babylist.pxf.io/c/6560395/1160375/13580?prodsku=2794251&u=https%3A%2F%2Fwww.babylist.com%2Fgp%2Fthule-urban-glide-3%2F47016%2F2794251&intsrc=APIG_8981,849.95,https://images.ctfassets.net/50gzycvace50/a2b95b828835a9d3e83e158d47a2ae6dd947bd8e0250e5ea66a8c512fc7663ba/a127f966fb7fbf66dff8c26666142c41/a2b95b828835a9d3e83e158d47a2ae6dd947bd8e0250e5ea66a8c512fc7663ba.png?fl=progressive&fm=jpg&bg=rgb:fafafa&w=620&h=620,2026-06-15 20:33:14.735,2026-07-20 22:06:23.93
cmr1etqjy000f13fej5cpcpyj,Thule,Shine,Thule Shine,,https://amzn.to/4fyKTuE,,https://m.media-amazon.com/images/I/71XTVOxaksL._AC_SX679_.jpg,,,,,2026-07-01 01:41:41.422,2026-07-31 16:05:14.616
thule-sleek,Thule,Sleek,Thule Sleek,"Thule’s city modular: bassinet from birth, a second seat option, and a smoother ride than the urban-stroller norm thanks to the brand’s outdoor engineering.",,,,,,,,2026-06-13 20:48:32.697,2026-07-20 22:06:23.936
cmqpqr2bw002f7qll0aapcmwl,Thule,Spring 2,Thule Spring 2,"A lighter Thule for everyday use — three-wheel manoeuvrability and a one-hand fold, without the full jogger footprint.",,,,product_8981_2846998,https://babylist.pxf.io/c/6560395/1160375/13580?prodsku=2846998&u=https%3A%2F%2Fwww.babylist.com%2Fgp%2Fthule-spring-2-stroller%2F79496%2F2846998&intsrc=CATF_8981,499.95,https://images.ctfassets.net/50gzycvace50/07ebaff86530bd9ccc719a802271a53bca9e4a55f8fbfe598a847408bbba0a5b/c5624c1e9aeb4c2cb83c53443f6ba38d/07ebaff86530bd9ccc719a802271a53bca9e4a55f8fbfe598a847408bbba0a5b.png?fl=progressive&fm=jpg&bg=rgb:fafafa&w=620&h=620,2026-06-22 21:42:17.997,2026-07-20 22:06:23.942
thule-urban-glide-2,Thule,Urban Glide 2,Thule Urban Glide 2,"The runner’s pick: full suspension, air-filled tyres and a locking swivel wheel, up to 49 lb per child (75 lb including cargo). Handles daily miles better than almost anything at the price.",,,,product_8981_2794251,https://babylist.pxf.io/c/6560395/1160375/13580?prodsku=2794251&u=https%3A%2F%2Fwww.babylist.com%2Fgp%2Fthule-urban-glide-3%2F47016%2F2794251&intsrc=APIG_8981,849.95,https://images.ctfassets.net/50gzycvace50/a2b95b828835a9d3e83e158d47a2ae6dd947bd8e0250e5ea66a8c512fc7663ba/a127f966fb7fbf66dff8c26666142c41/a2b95b828835a9d3e83e158d47a2ae6dd947bd8e0250e5ea66a8c512fc7663ba.png?fl=progressive&fm=jpg&bg=rgb:fafafa&w=620&h=620,2026-06-13 20:48:32.697,2026-07-20 22:06:23.949
thule-urban-glide-2-double,Thule,Urban Glide 2 Double,Thule Urban Glide 2 Double,"The runner’s pick: full suspension, air-filled tyres and a locking swivel wheel, up to 49 lb per child (75 lb including cargo). Handles daily miles better than almost anything at the price.",,,,product_8981_2687778,https://babylist.pxf.io/c/6560395/1160375/13580?prodsku=2687778&u=https%3A%2F%2Fwww.babylist.com%2Fgp%2Fthule-urban-glide-3-double%2F47017%2F2687778&intsrc=APIG_8981,999.95,https://images.ctfassets.net/50gzycvace50/4afcfde90df03ed24b81df9ae91d31b163486b56d71334d53791b39797c12251/98eeecc0f71884f75f79b7ac2302a8db/4afcfde90df03ed24b81df9ae91d31b163486b56d71334d53791b39797c12251.png?fl=progressive&fm=jpg&bg=rgb:fafafa&w=620&h=620,2026-06-13 20:48:32.697,2026-07-20 22:06:23.955
cmqpqr2gf002h7qlla8ckbqvv,Thule,Urban Glide 3,Thule Urban Glide 3,"The runner’s pick: full suspension, air-filled tyres and a locking swivel wheel, up to 49 lb per child (75 lb including cargo). Handles daily miles better than almost anything at the price.",,,,product_8981_2794251,https://babylist.pxf.io/c/6560395/1160375/13580?prodsku=2794251&u=https%3A%2F%2Fwww.babylist.com%2Fgp%2Fthule-urban-glide-3%2F47016%2F2794251&intsrc=CATF_8981,849.95,https://images.ctfassets.net/50gzycvace50/a2b95b828835a9d3e83e158d47a2ae6dd947bd8e0250e5ea66a8c512fc7663ba/a127f966fb7fbf66dff8c26666142c41/a2b95b828835a9d3e83e158d47a2ae6dd947bd8e0250e5ea66a8c512fc7663ba.png?fl=progressive&fm=jpg&bg=rgb:fafafa&w=620&h=620,2026-06-22 21:42:18.159,2026-07-20 22:06:23.962
cmqpqr2e6002g7qllsjri49z6,Thule,Urban Glide 3 Double,Thule Urban Glide 3 Double,"The runner’s pick: full suspension, air-filled tyres and a locking swivel wheel, up to 49 lb per child (75 lb including cargo). Handles daily miles better than almost anything at the price.",,,,product_8981_2687778,https://babylist.pxf.io/c/6560395/1160375/13580?prodsku=2687778&u=https%3A%2F%2Fwww.babylist.com%2Fgp%2Fthule-urban-glide-3-double%2F47017%2F2687778&intsrc=CATF_8981,999.95,https://images.ctfassets.net/50gzycvace50/4afcfde90df03ed24b81df9ae91d31b163486b56d71334d53791b39797c12251/98eeecc0f71884f75f79b7ac2302a8db/4afcfde90df03ed24b81df9ae91d31b163486b56d71334d53791b39797c12251.png?fl=progressive&fm=jpg&bg=rgb:fafafa&w=620&h=620,2026-06-22 21:42:18.078,2026-07-20 22:06:23.969
cmqx8m2rf000110nux9vv7skl,Thule,Urban Glide 4-wheel,Thule Urban Glide 4-wheel,"The runner’s pick: full suspension, air-filled tyres and a locking swivel wheel, up to 49 lb per child (75 lb including cargo). Handles daily miles better than almost anything at the price.",,,,public_catalog_thule|urbanglide4wheel,https://babylist.pxf.io/c/6560395/1160375/13580?prodsku=1883230&u=https%3A%2F%2Fwww.babylist.com%2Fgp%2Fthule-urban-glide-4-wheel-1764794124%2F47018%2F1883230&intsrc=CATF_8981,598.95,https://images.ctfassets.net/50gzycvace50/554c14356326b2a22b03a569075965695fa23444e1e617ec0dd5d6e41e6e25ee/8b13b46d3cac70e0dfe99bb8ead5e891/554c14356326b2a22b03a569075965695fa23444e1e617ec0dd5d6e41e6e25ee.png?fl=progressive&fm=jpg&bg=rgb:fafafa&w=620&h=620,2026-06-28 03:36:41.595,2026-07-20 22:06:23.975
cmqx8d76m001w13kpohpwn912,Thule,Urban Glide 4-Wheel Single Child,Thule Urban Glide 4-Wheel Single Child,"The runner’s pick: full suspension, air-filled tyres and a locking swivel wheel, up to 49 lb per child (75 lb including cargo). Handles daily miles better than almost anything at the price.",,,,,,,,2026-06-28 03:29:47.423,2026-07-20 22:06:23.982
uppababy-cruz-v2,UPPAbaby,Cruz V2,UPPAbaby Cruz V2,"The Vista’s one-child sibling: 26.5 lb, up to 50 lb, same build quality and bassinet compatibility on a narrower frame. The pick if you are confident you are stopping at one.",,,,product_8981_1052610,https://babylist.pxf.io/c/6560395/1160375/13580?prodsku=1052610&u=https%3A%2F%2Fwww.babylist.com%2Fgp%2Fuppababy-piggyback-for-cruz-v2%2F24414%2F1052610&intsrc=APIG_8981,149.99,https://images.ctfassets.net/50gzycvace50/3ead478d9cd0008bedc91972487abe5d5135fbdf4277be6ea6bf2beab8cca6a6/6555ab47694b021112820d7c1f444d40/3ead478d9cd0008bedc91972487abe5d5135fbdf4277be6ea6bf2beab8cca6a6.png?fl=progressive&fm=jpg&bg=rgb:fafafa&w=620&h=620,2026-03-22 03:02:28.613,2026-07-20 22:06:23.99
uppababy-cruz-v3,UPPAbaby,Cruz V3,UPPAbaby Cruz V3,"The Vista’s one-child sibling: 26.5 lb, up to 50 lb, same build quality and bassinet compatibility on a narrower frame. The pick if you are confident you are stopping at one.",,,,product_8981_2597102,https://babylist.pxf.io/c/6560395/1160375/13580?prodsku=2597102&u=https%3A%2F%2Fwww.babylist.com%2Fgp%2Fuppababy-cruz-v3-stroller%2F74891%2F2597102&intsrc=APIG_8981,899.99,https://images.ctfassets.net/50gzycvace50/997c6e45b6eb209bd03717b1298deb63196ac6859afa71b3c70e6d6356fee90f/9c641a5a7ad2caf6287ec3192fe29b25/997c6e45b6eb209bd03717b1298deb63196ac6859afa71b3c70e6d6356fee90f.png?fl=progressive&fm=jpg&bg=rgb:fafafa&w=620&h=620,2026-06-13 20:48:32.697,2026-07-20 22:06:23.996
cmqpqr2io002i7qll55aao8zt,UPPAbaby,G-LUXE,UPPAbaby G-LUXE,"UPPAbaby’s umbrella stroller: minimal weight, a simple fold and a proper recline — the grab-and-go option for holidays and second cars.",,,,product_8981_1473122,https://babylist.pxf.io/c/6560395/1160375/13580?prodsku=1473122&u=https%3A%2F%2Fwww.babylist.com%2Fgp%2Fuppababy-g-luxe-stroller%2F245%2F1473122&intsrc=CATF_8981,249.99,https://images.ctfassets.net/50gzycvace50/65287cdb50c73416b19c868a554d21f695f07283dbd35da59362c158da59fe35/6cebed0feb619a3c87ca388ffa2e649e/65287cdb50c73416b19c868a554d21f695f07283dbd35da59362c158da59fe35.png?fl=progressive&fm=jpg&bg=rgb:fafafa&w=620&h=620,2026-06-22 21:42:18.24,2026-07-20 22:06:24.005
cmqpqr2l2002j7qll3btqww1f,UPPAbaby,Minu Duo,UPPAbaby Minu Duo,"A side-by-side double that keeps the Minu’s compact fold — narrow enough for standard doorways, which most doubles are not.",,,,product_8981_2306148,https://babylist.pxf.io/c/6560395/1160375/13580?prodsku=2306148&u=https%3A%2F%2Fwww.babylist.com%2Fgp%2Fuppababy-minu-duo-stroller%2F69531%2F2306148&intsrc=CATF_8981,749.99,https://images.ctfassets.net/50gzycvace50/d6e09e3c43bf4c4cddad82ecacce4eaa7b3699534e4a9522cf11210f6bd12940/ed77a9a5921141fb09f338111a3f349a/d6e09e3c43bf4c4cddad82ecacce4eaa7b3699534e4a9522cf11210f6bd12940.png?fl=progressive&fm=jpg&bg=rgb:fafafa&w=620&h=620,2026-06-22 21:42:18.326,2026-07-20 22:06:24.012
uppababy-minu-v2,UPPAbaby,Minu V2,UPPAbaby Minu V2,"16.7 lb and IATA-compliant, so the folded size genuinely meets carry-on requirements rather than merely getting close. Full-size feel in a travel frame.",,,,product_8981_2306148,https://babylist.pxf.io/c/6560395/1160375/13580?prodsku=2306148&u=https%3A%2F%2Fwww.babylist.com%2Fgp%2Fuppababy-minu-duo-stroller%2F69531%2F2306148&intsrc=APIG_8981,749.99,https://images.ctfassets.net/50gzycvace50/d6e09e3c43bf4c4cddad82ecacce4eaa7b3699534e4a9522cf11210f6bd12940/ed77a9a5921141fb09f338111a3f349a/d6e09e3c43bf4c4cddad82ecacce4eaa7b3699534e4a9522cf11210f6bd12940.png?fl=progressive&fm=jpg&bg=rgb:fafafa&w=620&h=620,2026-03-22 03:02:28.613,2026-07-20 22:06:24.025
uppababy-minu-v3,UPPAbaby,Minu V3,UPPAbaby Minu V3,"16.7 lb and IATA-compliant, so the folded size genuinely meets carry-on requirements rather than merely getting close. Full-size feel in a travel frame.",,,,product_8981_2848467,https://babylist.pxf.io/c/6560395/1160375/13580?prodsku=2848467&u=https%3A%2F%2Fwww.babylist.com%2Fgp%2Fuppababy-minu-v3-stroller%2F70504%2F2848467&intsrc=APIG_8981,499.99,https://images.ctfassets.net/50gzycvace50/4dc1453999a254ac7fc893a1205e171ccdc024a223d06555de268d79d15d1ff4/5d7e378838e002fa56979731e0822d24/4dc1453999a254ac7fc893a1205e171ccdc024a223d06555de268d79d15d1ff4.png?fl=progressive&fm=jpg&bg=rgb:fafafa&w=620&h=620,2026-06-13 20:48:32.697,2026-07-20 22:06:24.032
uppababy-ridge,UPPAbaby,Ridge,UPPAbaby Ridge,"UPPAbaby’s all-terrain jogger: 29.2 lb, air-filled tyres and a hand brake for hills. Built for running and rough ground rather than supermarket aisles.",,,,product_8981_2839938,https://babylist.pxf.io/c/6560395/1160375/13580?prodsku=2839938&u=https%3A%2F%2Fwww.babylist.com%2Fgp%2Fuppababy-ridge-v2-stroller%2F79450%2F2839938&intsrc=APIG_8981,699.99,https://images.ctfassets.net/50gzycvace50/64d73d4471fcb9beb37cf623d87928cbcf54598c09f573d0e14027349646675b/efb177003c1e7dfa87eb4546b6467e54/64d73d4471fcb9beb37cf623d87928cbcf54598c09f573d0e14027349646675b.png?fl=progressive&fm=jpg&bg=rgb:fafafa&w=620&h=620,2026-06-13 20:48:32.741,2026-07-20 22:06:24.039
cmqpqr2nm002k7qllj1fowt14,UPPAbaby,Ridge V2,UPPAbaby Ridge V2,"UPPAbaby’s all-terrain jogger: 29.2 lb, air-filled tyres and a hand brake for hills. Built for running and rough ground rather than supermarket aisles.",,,,product_8981_2839938,https://babylist.pxf.io/c/6560395/1160375/13580?prodsku=2839938&u=https%3A%2F%2Fwww.babylist.com%2Fgp%2Fuppababy-ridge-v2-stroller%2F79450%2F2839938&intsrc=CATF_8981,699.99,https://images.ctfassets.net/50gzycvace50/64d73d4471fcb9beb37cf623d87928cbcf54598c09f573d0e14027349646675b/efb177003c1e7dfa87eb4546b6467e54/64d73d4471fcb9beb37cf623d87928cbcf54598c09f573d0e14027349646675b.png?fl=progressive&fm=jpg&bg=rgb:fafafa&w=620&h=620,2026-06-22 21:42:18.418,2026-07-20 22:06:24.046
uppababy-vista-v2,UPPAbaby,Vista V2,UPPAbaby Vista V2,"The default recommendation for a reason: bassinet included, takes up to three kids as your family grows, 27.6 lb, up to 50 lb per seat, and a 30 lb basket that genuinely swallows a shop. Expensive, and worth it if you are having more than one.",,,,product_8981_1473114,https://babylist.pxf.io/c/6560395/1160375/13580?prodsku=1473114&u=https%3A%2F%2Fwww.babylist.com%2Fgp%2Fuppababy-vista-v2-stroller%2F23220%2F1473114&intsrc=APIG_8981,759.99,https://images.ctfassets.net/50gzycvace50/4b1dd208a68ac7e2e783b3f10bd904377f2014c0fba0e66688330ceedcf25991/f76db3ffc1e3d7a373cc0acced076113/4b1dd208a68ac7e2e783b3f10bd904377f2014c0fba0e66688330ceedcf25991.png?fl=progressive&fm=jpg&bg=rgb:f9f9f9&w=620&h=620,2026-03-22 03:02:28.613,2026-07-20 22:06:24.056
uppababy-vista-v3,UPPAbaby,Vista V3,UPPAbaby Vista V3,"The default recommendation for a reason: bassinet included, takes up to three kids as your family grows, 27.6 lb, up to 50 lb per seat, and a 30 lb basket that genuinely swallows a shop. Expensive, and worth it if you are having more than one.",,,,product_8981_2597098,https://babylist.pxf.io/c/6560395/1160375/13580?prodsku=2597098&u=https%3A%2F%2Fwww.babylist.com%2Fgp%2Fuppababy-vista-v3-stroller%2F54909%2F2597098&intsrc=APIG_8981,899.99,https://images.ctfassets.net/50gzycvace50/59db5151f41ad59aabadcc1e47275e165adde60763e2cd089b40abbbf4e36085/b6db19e0728a1e7608eb7c0e25634633/59db5151f41ad59aabadcc1e47275e165adde60763e2cd089b40abbbf4e36085.png?fl=progressive&fm=jpg&bg=rgb:fafafa&w=620&h=620,2026-06-13 20:48:32.697,2026-07-20 22:06:24.063
cmqpqr2q1002l7qllrfy61aca,Veer,All-Terrain Cruiser,Veer All-Terrain Cruiser,"The wagon that pushes like a stroller: 55 lb per seat across two seats, all-terrain wheels and a handle that switches between push and pull. Riders need to sit unassisted, so plan on 6 months and up unless you add the infant accessories.",,,,product_8981_1428463,https://babylist.pxf.io/c/6560395/1160375/13580?prodsku=1428463&u=https%3A%2F%2Fwww.babylist.com%2Fgp%2Fveer-all-terrain-cruiser%2F16064%2F1428463&intsrc=CATF_8981,799,https://images.ctfassets.net/50gzycvace50/d81530ba8856e1cc923fa295615d238ee7b10ef88ad0358d68def54e9387e8ce/72037068219bedcb405c083a8ac48b18/d81530ba8856e1cc923fa295615d238ee7b10ef88ad0358d68def54e9387e8ce.png?fl=progressive&fm=jpg&bg=rgb:fafafa&w=620&h=620,2026-06-22 21:42:18.505,2026-07-20 22:06:24.133
cmqx8m2to000210nuqbjpz9i5,Veer,Cruiser,Veer Cruiser,"The wagon that pushes like a stroller: 55 lb per seat across two seats, all-terrain wheels and a handle that switches between push and pull. Riders need to sit unassisted, so plan on 6 months and up unless you add the infant accessories.",,,,public_catalog_veer|cruiser,https://babylist.pxf.io/c/6560395/1160375/13580?prodsku=53959&u=https%3A%2F%2Fwww.babylist.com%2Fgp%2Fveer-all-terrain-cruiser%2F16064%2F53959&intsrc=CATF_8981,699,https://images.ctfassets.net/50gzycvace50/e487263ac86eca904449b77361fb74cda129fd206e7ebc1863934552352216de/1e272265bcfe9828f53a97d054bde111/e487263ac86eca904449b77361fb74cda129fd206e7ebc1863934552352216de.png?fl=progressive&fm=jpg&bg=rgb:fafafa&w=620&h=620,2026-06-28 03:36:41.676,2026-07-20 22:06:24.139
cmqpqr2sf002m7qllr9yz4qzg,Veer,Cruiser City,Veer Cruiser City,"The wagon that pushes like a stroller: 55 lb per seat across two seats, all-terrain wheels and a handle that switches between push and pull. Riders need to sit unassisted, so plan on 6 months and up unless you add the infant accessories.",,,,product_8981_1883286,https://babylist.pxf.io/c/6560395/1160375/13580?prodsku=1883286&u=https%3A%2F%2Fwww.babylist.com%2Fgp%2Fveer-cruiser-city%2F47021%2F1883286&intsrc=CATF_8981,699,https://images.ctfassets.net/50gzycvace50/2128ac7dd5797efb9f52573389b1c32c1796ad2a18940b05752c05ffbfa83d76/dccb8d58aa1144916088c2757ef60971/2128ac7dd5797efb9f52573389b1c32c1796ad2a18940b05752c05ffbfa83d76.png?fl=progressive&fm=jpg&bg=rgb:fafafa&w=620&h=620,2026-06-22 21:42:18.592,2026-07-20 22:06:24.146
cmqpqr2uv002n7qlla8wick7v,Veer,Cruiser City XL Essentials,Veer Cruiser City XL Essentials,"The wagon that pushes like a stroller: 55 lb per seat across two seats, all-terrain wheels and a handle that switches between push and pull. Riders need to sit unassisted, so plan on 6 months and up unless you add the infant accessories.",,,,product_8981_2460431,https://babylist.pxf.io/c/6560395/1160375/13580?prodsku=2460431&u=https%3A%2F%2Fwww.babylist.com%2Fgp%2Fveer-cruiser-city-xl-essentials%2F74091%2F2460431&intsrc=CATF_8981,967,https://images.ctfassets.net/50gzycvace50/774d0f4cac592f231a2b69db79be3ec6f3e10b34e79bf5292394ea0a97d53351/6054bc37ca7864248e61a293af4ba3ec/774d0f4cac592f231a2b69db79be3ec6f3e10b34e79bf5292394ea0a97d53351.png?fl=progressive&fm=jpg&bg=rgb:fafafa&w=620&h=620,2026-06-22 21:42:18.679,2026-07-20 22:06:24.153
cmqpqr2xa002o7qll2zq1jk9u,Veer,Cruiser Wagon Comfort Seat for Toddlers,Veer Cruiser Wagon Comfort Seat for Toddlers,"The wagon that pushes like a stroller: 55 lb per seat across two seats, all-terrain wheels and a handle that switches between push and pull. Riders need to sit unassisted, so plan on 6 months and up unless you add the infant accessories.",,,,product_8981_307613,https://babylist.pxf.io/c/6560395/1160375/13580?prodsku=307613&u=https%3A%2F%2Fwww.babylist.com%2Fgp%2Fveer-cruiser-wagon-comfort-seat-for-toddlers%2F16067%2F307613&intsrc=CATF_8981,99,https://images.ctfassets.net/50gzycvace50/b1569cdaaae3e411cd3f23b998bfc28fcdec8dda780eaa061a79fe227c8edd90/1698490d2ad11ad58cc1a96fd0206f3b/b1569cdaaae3e411cd3f23b998bfc28fcdec8dda780eaa061a79fe227c8edd90.png?fl=progressive&fm=jpg&bg=rgb:fafafa&w=620&h=620,2026-06-22 21:42:18.766,2026-07-20 22:06:24.159
cmqpqr2zl002p7qll072jlg89,Veer,Cruiser Wagon XL Comfort Seat for Toddlers,Veer Cruiser Wagon XL Comfort Seat for Toddlers,"The wagon that pushes like a stroller: 55 lb per seat across two seats, all-terrain wheels and a handle that switches between push and pull. Riders need to sit unassisted, so plan on 6 months and up unless you add the infant accessories.",,,,product_8981_1428475,https://babylist.pxf.io/c/6560395/1160375/13580?prodsku=1428475&u=https%3A%2F%2Fwww.babylist.com%2Fgp%2Fveer-cruiser-wagon-xl-comfort-seat-for-toddlers%2F37766%2F1428475&intsrc=CATF_8981,109,https://images.ctfassets.net/50gzycvace50/078adfdee592d531947eb92e6a5707060d546b15f39b1cd07dcc4055a8248e19/0f2c2c0a6f6be72181f9bd4850d0aaad/078adfdee592d531947eb92e6a5707060d546b15f39b1cd07dcc4055a8248e19.png?fl=progressive&fm=jpg&bg=rgb:fafafa&w=620&h=620,2026-06-22 21:42:18.849,2026-07-20 22:06:24.167
cmqpqr31z002q7qllv0snz6ag,Veer,Cruiser XL Nap System,Veer Cruiser XL Nap System,"The wagon that pushes like a stroller: 55 lb per seat across two seats, all-terrain wheels and a handle that switches between push and pull. Riders need to sit unassisted, so plan on 6 months and up unless you add the infant accessories.",,,,product_8981_1428474,https://babylist.pxf.io/c/6560395/1160375/13580?prodsku=1428474&u=https%3A%2F%2Fwww.babylist.com%2Fgp%2Fveer-cruiser-xl-nap-system%2F37765%2F1428474&intsrc=CATF_8981,119,https://images.ctfassets.net/50gzycvace50/cab5609c7f2059eba29c09ac719008adeefd7c289a80222e98c08597cc7d3f7f/6d04b80805261c6f92ab2a4b4e6f4eeb/cab5609c7f2059eba29c09ac719008adeefd7c289a80222e98c08597cc7d3f7f.png?fl=progressive&fm=jpg&bg=rgb:fafafa&w=620&h=620,2026-06-22 21:42:18.935,2026-07-20 22:06:24.174
cmqx8d7fm002013kpwgdokqb5,Veer,Switch&Jog,Veer Switch&Jog,"Veer’s jogger: the Switch seat system on a running frame, so the same seat moves between wagon and stroller duty instead of buying twice.",,,,public_catalog_veer|switchandjog,https://babylist.pxf.io/c/6560395/1160375/13580?prodsku=2571242&u=https%3A%2F%2Fwww.babylist.com%2Fgp%2Fveer-switch-jog-jogging-stroller%2F75210%2F2571242&intsrc=CATF_8981,899,https://images.ctfassets.net/50gzycvace50/b5663178f43130bb4697098d8253538a17f2e79152f6ba82ca62be0790e6f13f/54048fd184a99d6ff4a15d693a8afd79/b5663178f43130bb4697098d8253538a17f2e79152f6ba82ca62be0790e6f13f.png?fl=progressive&fm=jpg&bg=rgb:fafafa&w=620&h=620,2026-06-28 03:29:47.746,2026-07-20 22:06:24.181
cmqpqr34e002r7qll3fzqhzdz,Veer,Switch&Jog Jogging,Veer Switch&Jog Jogging,"Veer’s jogger: the Switch seat system on a running frame, so the same seat moves between wagon and stroller duty instead of buying twice.",,,,product_8981_2571242,https://babylist.pxf.io/c/6560395/1160375/13580?prodsku=2571242&u=https%3A%2F%2Fwww.babylist.com%2Fgp%2Fveer-switch-jog-jogging-stroller%2F75210%2F2571242&intsrc=CATF_8981,899,https://images.ctfassets.net/50gzycvace50/b5663178f43130bb4697098d8253538a17f2e79152f6ba82ca62be0790e6f13f/54048fd184a99d6ff4a15d693a8afd79/b5663178f43130bb4697098d8253538a17f2e79152f6ba82ca62be0790e6f13f.png?fl=progressive&fm=jpg&bg=rgb:fafafa&w=620&h=620,2026-06-22 21:42:19.022,2026-07-20 22:06:24.188
cmqpqr36t002s7qllftxs8rjs,Veer,Switch&Roll,Veer Switch&Roll,"A stroller built around Veer’s swappable seat system — one seat, multiple bases, so the setup grows with how you actually get around.",,,,product_8981_3176756,https://babylist.pxf.io/c/6560395/1160375/13580?prodsku=3176756&u=https%3A%2F%2Fwww.babylist.com%2Fgp%2Fveer-switch-roll-stroller%2F74090%2F3176756&intsrc=CATF_8981,949,https://images.ctfassets.net/50gzycvace50/da492fec27b4e9711705dff67654ef6a4074e913bbe17a701afc53ec11b54e8c/963daa751a5c838f65a0fed5c4a8bf6d/da492fec27b4e9711705dff67654ef6a4074e913bbe17a701afc53ec11b54e8c.png?fl=progressive&fm=jpg&bg=rgb:fafafa&w=620&h=620,2026-06-22 21:42:19.109,2026-07-20 22:06:24.195
cmqpqr39a002t7qllgm23scrc,WonderFold,L2 Double,WonderFold Wagon L2 Double,"A two-seat stroller wagon with a proper push handle rather than a pull rope — 99 lb per bench, removable canopies, and a fold that still fits a car boot. From 6 months.",,,,product_8981_2426258,https://babylist.pxf.io/c/6560395/1160375/13580?prodsku=2426258&u=https%3A%2F%2Fwww.babylist.com%2Fgp%2Fwonderfold-wagon-l2-double-stroller-wagon%2F73053%2F2426258&intsrc=CATF_8981,799,https://images.ctfassets.net/50gzycvace50/e0bba5125748f4b3b02859879cb825ed423a38b5ba7826466252ffa33c66713f/40a8b74cdca190d5a0880702f42adacc/e0bba5125748f4b3b02859879cb825ed423a38b5ba7826466252ffa33c66713f.png?fl=progressive&fm=jpg&bg=rgb:fafafa&w=620&h=620,2026-06-22 21:42:19.198,2026-07-22 22:12:54.397
cmqx8d7oy002413kpusrmz1ec,WonderFold,L2 Double 2-Seater,WonderFold L2 Double 2-Seater,"A two-seat stroller wagon with a proper push handle rather than a pull rope — 99 lb per bench, removable canopies, and a fold that still fits a car boot. From 6 months.",,,,,,,,2026-06-28 03:29:48.082,2026-07-20 22:06:24.248
cmqpqr3bn002u7qlld5uxymyd,WonderFold,L4 Quad,WonderFold Wagon L4 Quad,"The four-seat hauler: 99 lb per bench and 300 lb total, with a push handle, canopies and enough room for a whole crew. Riders need to sit unassisted, so it starts around 6 months.",,,,product_8981_2426260,https://babylist.pxf.io/c/6560395/1160375/13580?prodsku=2426260&u=https%3A%2F%2Fwww.babylist.com%2Fgp%2Fwonderfold-wagon-l4-quad-stroller-wagon%2F73054%2F2426260&intsrc=CATF_8981,999,https://images.ctfassets.net/50gzycvace50/7a20f2a354cc6b17e8945f851e06c707b7f88570d42bde400f975db698404ee0/f52af25d2e8735bc31f694a36196f01d/7a20f2a354cc6b17e8945f851e06c707b7f88570d42bde400f975db698404ee0.png?fl=progressive&fm=jpg&bg=rgb:fafafa&w=620&h=620,2026-06-22 21:42:19.284,2026-07-22 22:12:54.401
cmqx8d7rb002513kpqd05x0iu,WonderFold,Volkswagon Special Edition Double,WonderFold Volkswagon Special Edition Double,"A two-seat stroller wagon with a proper push handle rather than a pull rope — 99 lb per bench, removable canopies, and a fold that still fits a car boot. From 6 months.",,,,,,,,2026-06-28 03:29:48.168,2026-07-20 22:06:24.255
cmqpqr3dz002v7qllt1am62qv,WonderFold,VW Edition Quad,WonderFold Wagon VW Edition Quad,"The four-seat hauler: 99 lb per bench and 300 lb total, with a push handle, canopies and enough room for a whole crew. Riders need to sit unassisted, so it starts around 6 months.",,,,product_8981_2181927,https://babylist.pxf.io/c/6560395/1160375/13580?prodsku=2181927&u=https%3A%2F%2Fwww.babylist.com%2Fgp%2Fwonderfold-wagon-vw-edition-quad-stroller-wagon-2-seater%2F58141%2F2181927&intsrc=CATF_8981,999,https://images.ctfassets.net/50gzycvace50/58b3ca50538606d471cef3f786343c6bfce0b40699cbf44cdfd153ea0f8e37bf/f0b78a0bac83b6fa636a8efd973f6b9b/58b3ca50538606d471cef3f786343c6bfce0b40699cbf44cdfd153ea0f8e37bf.png?fl=progressive&fm=jpg&bg=rgb:fafafa&w=620&h=620,2026-06-22 21:42:19.367,2026-07-22 22:12:54.418
cmqpqr3ga002w7qllvthvehzp,WonderFold,W2 Elite Pro,WonderFold Wagon W2 Elite Pro,"A two-seat stroller wagon with a proper push handle rather than a pull rope — 99 lb per bench, removable canopies, and a fold that still fits a car boot. From 6 months.",,,,product_8981_2351346,https://babylist.pxf.io/c/6560395/1160375/13580?prodsku=2351346&u=https%3A%2F%2Fwww.babylist.com%2Fgp%2Fwonderfold-wagon-w2-elite-pro-stroller-wagon%2F71174%2F2351346&intsrc=CATF_8981,599,https://images.ctfassets.net/50gzycvace50/d2a0d2dd2106ea60085d408ff63705549ffd964a1d292c422365239c50ec6ad9/754357c5ff99a1cf317a1124e0ac7a86/d2a0d2dd2106ea60085d408ff63705549ffd964a1d292c422365239c50ec6ad9.png?fl=progressive&fm=jpg&bg=rgb:fafafa&w=620&h=620,2026-06-22 21:42:19.45,2026-07-22 22:12:54.405
cmqx8d7tx002613kpml2b3weg,WonderFold,W2 Luxe Double,WonderFold W2 Luxe Double,"A two-seat stroller wagon with a proper push handle rather than a pull rope — 99 lb per bench, removable canopies, and a fold that still fits a car boot. From 6 months.",,,,,,,,2026-06-28 03:29:48.261,2026-07-20 22:06:24.262
cmqpqr3im002x7qll506zzahr,WonderFold,W2 Luxe Pro Double Seater,WonderFold Wagon W2 Luxe Pro Double Seater,"A two-seat stroller wagon with a proper push handle rather than a pull rope — 99 lb per bench, removable canopies, and a fold that still fits a car boot. From 6 months.",,,,product_8981_2351342,https://babylist.pxf.io/c/6560395/1160375/13580?prodsku=2351342&u=https%3A%2F%2Fwww.babylist.com%2Fgp%2Fwonderfold-wagon-w2-luxe-pro-double-seater-stroller-wagon%2F71171%2F2351342&intsrc=CATF_8981,699,https://images.ctfassets.net/50gzycvace50/0915bc162ea5ca39c942db39fd042cfb271d4e79fd659a053a92d02c361fc887/2be158d543b6c42d337c255f2fcc4284/0915bc162ea5ca39c942db39fd042cfb271d4e79fd659a053a92d02c361fc887.png?fl=progressive&fm=jpg&bg=rgb:fafafa&w=620&h=620,2026-06-22 21:42:19.535,2026-07-22 22:12:54.421
cmqpqr3l1002y7qll8v1j66mn,WonderFold,W4 Elite Pro,WonderFold Wagon W4 Elite Pro,"The four-seat hauler: 99 lb per bench and 300 lb total, with a push handle, canopies and enough room for a whole crew. Riders need to sit unassisted, so it starts around 6 months.",,,,product_8981_2351344,https://babylist.pxf.io/c/6560395/1160375/13580?prodsku=2351344&u=https%3A%2F%2Fwww.babylist.com%2Fgp%2Fwonderfold-wagon-w4-elite-pro-stroller-wagon%2F71173%2F2351344&intsrc=CATF_8981,699,https://images.ctfassets.net/50gzycvace50/fce3b8d7e8f83c7b7156a65d62a161780e0505ddfc4ad42b52f224aacafe07f4/c0bfe56a67bbda119d62cf1a597741b2/fce3b8d7e8f83c7b7156a65d62a161780e0505ddfc4ad42b52f224aacafe07f4.png?fl=progressive&fm=jpg&bg=rgb:fafafa&w=620&h=620,2026-06-22 21:42:19.621,2026-07-22 22:12:54.408
cmqpqr3nc002z7qllbrxqaram,WonderFold,W4 Luxe Pro,WonderFold Wagon W4 Luxe Pro,"The four-seat hauler: 99 lb per bench and 300 lb total, with a push handle, canopies and enough room for a whole crew. Riders need to sit unassisted, so it starts around 6 months.",,,,product_8981_2351340,https://babylist.pxf.io/c/6560395/1160375/13580?prodsku=2351340&u=https%3A%2F%2Fwww.babylist.com%2Fgp%2Fwonderfold-wagon-w4-luxe-pro-stroller-wagon%2F70613%2F2351340&intsrc=CATF_8981,899,https://images.ctfassets.net/50gzycvace50/fab5fea88ad5db160539d86c217397be246a672ed1c1fdb8fdb3d9620cf871c0/adf0f62744244f44e4ae5e6bbff8aa60/fab5fea88ad5db160539d86c217397be246a672ed1c1fdb8fdb3d9620cf871c0.png?fl=progressive&fm=jpg&bg=rgb:fafafa&w=620&h=620,2026-06-22 21:42:19.704,2026-07-22 22:12:54.411
cmqx8d7w8002713kp1d671s1a,WonderFold,W4 Luxe Pro Quad,WonderFold W4 Luxe Pro Quad,"The four-seat hauler: 99 lb per bench and 300 lb total, with a push handle, canopies and enough room for a whole crew. Riders need to sit unassisted, so it starts around 6 months.",,,,,,,,2026-06-28 03:29:48.345,2026-07-20 22:06:24.273
cmqpqr3pr00307qllcaal9ibq,WonderFold,W6 Luxe Pro,WonderFold Wagon W6 Luxe Pro,"The four-seat hauler: 99 lb per bench and 300 lb total, with a push handle, canopies and enough room for a whole crew. Riders need to sit unassisted, so it starts around 6 months.",,,,product_8981_2351337,https://babylist.pxf.io/c/6560395/1160375/13580?prodsku=2351337&u=https%3A%2F%2Fwww.babylist.com%2Fgp%2Fwonderfold-wagon-w6-luxe-pro-stroller-wagon%2F70612%2F2351337&intsrc=CATF_8981,1199,https://images.ctfassets.net/50gzycvace50/57b034842b0d698348a579b8e82008b097445ba8058130141e21308f6e3dd667/e414ee346b93b3f2f94b84038e581155/57b034842b0d698348a579b8e82008b097445ba8058130141e21308f6e3dd667.png?fl=progressive&fm=jpg&bg=rgb:fafafa&w=620&h=620,2026-06-22 21:42:19.792,2026-07-22 22:12:54.415
cmqpqr3ug00327qllcokcd299,Zoe,The Journey,Zoe The Journey,"Zoe builds light, packable strollers at prices that undercut the boutique travel brands — built for airports, holidays and small car boots.",,,,product_8981_2332505,https://babylist.pxf.io/c/6560395/1160375/13580?prodsku=2332505&u=https%3A%2F%2Fwww.babylist.com%2Fgp%2Fzoe-the-journey-stroller%2F69890%2F2332505&intsrc=CATF_8981,799,https://images.ctfassets.net/50gzycvace50/b604f8bb674ddfd378829143a1026e770c468b5e4ddd776d803b5e18ec97b31a/80d41c1d8083ed2cd3da94a996f44816/b604f8bb674ddfd378829143a1026e770c468b5e4ddd776d803b5e18ec97b31a.png?fl=progressive&fm=jpg&bg=rgb:fafafa&w=620&h=620,2026-06-22 21:42:19.96,2026-07-20 22:06:24.205
cmr3zkwod0003977ime4xp5lt,Zoe,Tour,Zoe Tour,"Zoe builds light, packable strollers at prices that undercut the boutique travel brands — built for airports, holidays and small car boots.",,,,,,,,2026-07-02 20:58:13.742,2026-07-20 22:06:24.212
cmrcjace500074oz1dejl3tdr,Zoe,Tourᵛ³ Single,Zoe Tourᵛ³ Single,"Zoe builds light, packable strollers at prices that undercut the boutique travel brands — built for airports, holidays and small car boots.",,,,public_catalog_zoe|tourv3single,https://babylist.pxf.io/c/6560395/1160375/13580?prodsku=3370950&u=https%3A%2F%2Fwww.babylist.com%2Fgp%2Fzoe-tour-single-stroller-1781549429%2F84181%2F3370950&intsrc=CATF_8981,299,https://images.ctfassets.net/50gzycvace50/0400651774263bafe96d5db1f6090d80f0ae38bc20fba0db17327f0a9477d6e1/5a6dadd8cb64f0257bcfb8584401bebf/0400651774263bafe96d5db1f6090d80f0ae38bc20fba0db17327f0a9477d6e1.png?fl=progressive&fm=jpg&bg=rgb:fafafa&w=620&h=620,2026-07-08 20:32:02.621,2026-07-20 22:06:24.219
cmqpqr3z500347qlllog8zixz,Zoe,Traveler,Zoe Traveler,"13 lb with a one-handed compact fold that slides into an overhead bin — and a 60 lb capacity, the highest of any travel stroller here, so it lasts years past the ones it competes with.",,,,product_8981_2417669,https://babylist.pxf.io/c/6560395/1160375/13580?prodsku=2417669&u=https%3A%2F%2Fwww.babylist.com%2Fgp%2Fzoe-traveler%2F56875%2F2417669&intsrc=CATF_8981,279,https://images.ctfassets.net/50gzycvace50/e2bfc382940c8324bb83f3e0905fa3c39712a8253b816fb9cff3668e767b6382/fd45b48f4e923b8eb27dba6d0d380905/e2bfc382940c8324bb83f3e0905fa3c39712a8253b816fb9cff3668e767b6382.png?fl=progressive&fm=jpg&bg=rgb:fafafa&w=620&h=620,2026-06-22 21:42:20.13,2026-07-20 22:06:24.225
cmr3zkwzx0007977ikgtihvzf,Zoe,Twin,Zoe Twin,"Zoe builds light, packable strollers at prices that undercut the boutique travel brands — built for airports, holidays and small car boots.",,,,,,,,2026-07-02 20:58:14.158,2026-07-20 22:06:24.232
cmrcjacgh00084oz1ca6s074p,Zoe,Twinᵛ³ Double,Zoe Twinᵛ³ Double,"Zoe builds light, packable strollers at prices that undercut the boutique travel brands — built for airports, holidays and small car boots.",,,,public_catalog_zoe|twinv3double,https://babylist.pxf.io/c/6560395/1160375/13580?prodsku=3362553&u=https%3A%2F%2Fwww.babylist.com%2Fgp%2Fzoe-twin-double-stroller-1781549466%2F84186%2F3362553&intsrc=CATF_8981,599,https://images.ctfassets.net/50gzycvace50/fd105dae2d2aa49abfd0942301ebf10d862cc64da0100336fc167aa7c7749c20/9f8597037969d69c3690c406c7c13608/fd105dae2d2aa49abfd0942301ebf10d862cc64da0100336fc167aa7c7749c20.png?fl=progressive&fm=jpg&bg=rgb:fafafa&w=620&h=620,2026-07-08 20:32:02.706,2026-07-20 22:06:24.239
